:0200000460009A
:100000004643464200000156000000000103030081
:1000100000000000000000000000000000000000E0
:1000200000000000000000000000000000000000D0
:1000300000000000000000000000000000000000C0
:1000400000000000010408000000000000000000A3
:100050000000800000000000000000000000000020
:100060000000000000000000000000000000000090
:100070000000000000000000000000000000000080
:10008000EB04180A063204260000000000000000FD
:10009000050404240000000000000000000000002F
:1000A0000000000000000000000000000000000050
:1000B0000604000000000000000000000000000036
:1000C0000000000000000000000000000000000030
:1000D00020041808000000000000000000000000DC
:1000E0000000000000000000000000000000000010
:1000F0000000000000000000000000000000000000
:10010000D8041808000000000000000000000000F3
:100110000204180804200000000000000000000095
:1001200000000000000000000000000000000000CF
:10013000600400000000000000000000000000005B
:1001400000000000000000000000000000000000AF
:10015000000000000000000000000000000000009F
:10016000000000000000000000000000000000008F
:10017000000000000000000000000000000000007F
:10018000000000000000000000000000000000006F
:10019000000000000000000000000000000000005F
:1001A000000000000000000000000000000000004F
:1001B000000000000000000000000000000000003F
:1001C000000100000010000001000000000000001D
:1001D000000001000000000000000000000000001E
:1001E000000000000000000000000000000000000F
:1001F00000000000000000000000000000000000FF
:10020000FFFFFFFFFFFFFFFFFFFFFFFFFFFFFFFFFE
:10021000FFFFFFFFFFFFFFFFFFFFFFFFFFFFFFFFEE
:10022000FFFFFFFFFFFFFFFFFFFFFFFFFFFFFFFFDE
:10023000FFFFFFFFFFFFFFFFFFFFFFFFFFFFFFFFCE
:10024000FFFFFFFFFFFFFFFFFFFFFFFFFFFFFFFFBE
:10025000FFFFFFFFFFFFFFFFFFFFFFFFFFFFFFFFAE
:10026000FFFFFFFFFFFFFFFFFFFFFFFFFFFFFFFF9E
:10027000FFFFFFFFFFFFFFFFFFFFFFFFFFFFFFFF8E
:10028000FFFFFFFFFFFFFFFFFFFFFFFFFFFFFFFF7E
:10029000FFFFFFFFFFFFFFFFFFFFFFFFFFFFFFFF6E
:1002A000FFFFFFFFFFFFFFFFFFFFFFFFFFFFFFFF5E
:1002B000FFFFFFFFFFFFFFFFFFFFFFFFFFFFFFFF4E
:1002C000FFFFFFFFFFFFFFFFFFFFFFFFFFFFFFFF3E
:1002D000FFFFFFFFFFFFFFFFFFFFFFFFFFFFFFFF2E
:1002E000FFFFFFFFFFFFFFFFFFFFFFFFFFFFFFFF1E
:1002F000FFFFFFFFFFFFFFFFFFFFFFFFFFFFFFFF0E
:10030000FFFFFFFFFFFFFFFFFFFFFFFFFFFFFFFFFD
:10031000FFFFFFFFFFFFFFFFFFFFFFFFFFFFFFFFED
:10032000FFFFFFFFFFFFFFFFFFFFFFFFFFFFFFFFDD
:10033000FFFFFFFFFFFFFFFFFFFFFFFFFFFFFFFFCD
:10034000FFFFFFFFFFFFFFFFFFFFFFFFFFFFFFFFBD
:10035000FFFFFFFFFFFFFFFFFFFFFFFFFFFFFFFFAD
:10036000FFFFFFFFFFFFFFFFFFFFFFFFFFFFFFFF9D
:10037000FFFFFFFFFFFFFFFFFFFFFFFFFFFFFFFF8D
:10038000FFFFFFFFFFFFFFFFFFFFFFFFFFFFFFFF7D
:10039000FFFFFFFFFFFFFFFFFFFFFFFFFFFFFFFF6D
:1003A000FFFFFFFFFFFFFFFFFFFFFFFFFFFFFFFF5D
:1003B000FFFFFFFFFFFFFFFFFFFFFFFFFFFFFFFF4D
:1003C000FFFFFFFFFFFFFFFFFFFFFFFFFFFFFFFF3D
:1003D000FFFFFFFFFFFFFFFFFFFFFFFFFFFFFFFF2D
:1003E000FFFFFFFFFFFFFFFFFFFFFFFFFFFFFFFF1D
:1003F000FFFFFFFFFFFFFFFFFFFFFFFFFFFFFFFF0D
:10040000FFFFFFFFFFFFFFFFFFFFFFFFFFFFFFFFFC
:10041000FFFFFFFFFFFFFFFFFFFFFFFFFFFFFFFFEC
:10042000FFFFFFFFFFFFFFFFFFFFFFFFFFFFFFFFDC
:10043000FFFFFFFFFFFFFFFFFFFFFFFFFFFFFFFFCC
:10044000FFFFFFFFFFFFFFFFFFFFFFFFFFFFFFFFBC
:10045000FFFFFFFFFFFFFFFFFFFFFFFFFFFFFFFFAC
:10046000FFFFFFFFFFFFFFFFFFFFFFFFFFFFFFFF9C
:10047000FFFFFFFFFFFFFFFFFFFFFFFFFFFFFFFF8C
:10048000FFFFFFFFFFFFFFFFFFFFFFFFFFFFFFFF7C
:10049000FFFFFFFFFFFFFFFFFFFFFFFFFFFFFFFF6C
:1004A000FFFFFFFFFFFFFFFFFFFFFFFFFFFFFFFF5C
:1004B000FFFFFFFFFFFFFFFFFFFFFFFFFFFFFFFF4C
:1004C000FFFFFFFFFFFFFFFFFFFFFFFFFFFFFFFF3C
:1004D000FFFFFFFFFFFFFFFFFFFFFFFFFFFFFFFF2C
:1004E000FFFFFFFFFFFFFFFFFFFFFFFFFFFFFFFF1C
:1004F000FFFFFFFFFFFFFFFFFFFFFFFFFFFFFFFF0C
:10050000FFFFFFFFFFFFFFFFFFFFFFFFFFFFFFFFFB
:10051000FFFFFFFFFFFFFFFFFFFFFFFFFFFFFFFFEB
:10052000FFFFFFFFFFFFFFFFFFFFFFFFFFFFFFFFDB
:10053000FFFFFFFFFFFFFFFFFFFFFFFFFFFFFFFFCB
:10054000FFFFFFFFFFFFFFFFFFFFFFFFFFFFFFFFBB
:10055000FFFFFFFFFFFFFFFFFFFFFFFFFFFFFFFFAB
:10056000FFFFFFFFFFFFFFFFFFFFFFFFFFFFFFFF9B
:10057000FFFFFFFFFFFFFFFFFFFFFFFFFFFFFFFF8B
:10058000FFFFFFFFFFFFFFFFFFFFFFFFFFFFFFFF7B
:10059000FFFFFFFFFFFFFFFFFFFFFFFFFFFFFFFF6B
:1005A000FFFFFFFFFFFFFFFFFFFFFFFFFFFFFFFF5B
:1005B000FFFFFFFFFFFFFFFFFFFFFFFFFFFFFFFF4B
:1005C000FFFFFFFFFFFFFFFFFFFFFFFFFFFFFFFF3B
:1005D000FFFFFFFFFFFFFFFFFFFFFFFFFFFFFFFF2B
:1005E000FFFFFFFFFFFFFFFFFFFFFFFFFFFFFFFF1B
:1005F000FFFFFFFFFFFFFFFFFFFFFFFFFFFFFFFF0B
:10060000FFFFFFFFFFFFFFFFFFFFFFFFFFFFFFFFFA
:10061000FFFFFFFFFFFFFFFFFFFFFFFFFFFFFFFFEA
:10062000FFFFFFFFFFFFFFFFFFFFFFFFFFFFFFFFDA
:10063000FFFFFFFFFFFFFFFFFFFFFFFFFFFFFFFFCA
:10064000FFFFFFFFFFFFFFFFFFFFFFFFFFFFFFFFBA
:10065000FFFFFFFFFFFFFFFFFFFFFFFFFFFFFFFFAA
:10066000FFFFFFFFFFFFFFFFFFFFFFFFFFFFFFFF9A
:10067000FFFFFFFFFFFFFFFFFFFFFFFFFFFFFFFF8A
:10068000FFFFFFFFFFFFFFFFFFFFFFFFFFFFFFFF7A
:10069000FFFFFFFFFFFFFFFFFFFFFFFFFFFFFFFF6A
:1006A000FFFFFFFFFFFFFFFFFFFFFFFFFFFFFFFF5A
:1006B000FFFFFFFFFFFFFFFFFFFFFFFFFFFFFFFF4A
:1006C000FFFFFFFFFFFFFFFFFFFFFFFFFFFFFFFF3A
:1006D000FFFFFFFFFFFFFFFFFFFFFFFFFFFFFFFF2A
:1006E000FFFFFFFFFFFFFFFFFFFFFFFFFFFFFFFF1A
:1006F000FFFFFFFFFFFFFFFFFFFFFFFFFFFFFFFF0A
:10070000FFFFFFFFFFFFFFFFFFFFFFFFFFFFFFFFF9
:10071000FFFFFFFFFFFFFFFFFFFFFFFFFFFFFFFFE9
:10072000FFFFFFFFFFFFFFFFFFFFFFFFFFFFFFFFD9
:10073000FFFFFFFFFFFFFFFFFFFFFFFFFFFFFFFFC9
:10074000FFFFFFFFFFFFFFFFFFFFFFFFFFFFFFFFB9
:10075000FFFFFFFFFFFFFFFFFFFFFFFFFFFFFFFFA9
:10076000FFFFFFFFFFFFFFFFFFFFFFFFFFFFFFFF99
:10077000FFFFFFFFFFFFFFFFFFFFFFFFFFFFFFFF89
:10078000FFFFFFFFFFFFFFFFFFFFFFFFFFFFFFFF79
:10079000FFFFFFFFFFFFFFFFFFFFFFFFFFFFFFFF69
:1007A000FFFFFFFFFFFFFFFFFFFFFFFFFFFFFFFF59
:1007B000FFFFFFFFFFFFFFFFFFFFFFFFFFFFFFFF49
:1007C000FFFFFFFFFFFFFFFFFFFFFFFFFFFFFFFF39
:1007D000FFFFFFFFFFFFFFFFFFFFFFFFFFFFFFFF29
:1007E000FFFFFFFFFFFFFFFFFFFFFFFFFFFFFFFF19
:1007F000FFFFFFFFFFFFFFFFFFFFFFFFFFFFFFFF09
:10080000FFFFFFFFFFFFFFFFFFFFFFFFFFFFFFFFF8
:10081000FFFFFFFFFFFFFFFFFFFFFFFFFFFFFFFFE8
:10082000FFFFFFFFFFFFFFFFFFFFFFFFFFFFFFFFD8
:10083000FFFFFFFFFFFFFFFFFFFFFFFFFFFFFFFFC8
:10084000FFFFFFFFFFFFFFFFFFFFFFFFFFFFFFFFB8
:10085000FFFFFFFFFFFFFFFFFFFFFFFFFFFFFFFFA8
:10086000FFFFFFFFFFFFFFFFFFFFFFFFFFFFFFFF98
:10087000FFFFFFFFFFFFFFFFFFFFFFFFFFFFFFFF88
:10088000FFFFFFFFFFFFFFFFFFFFFFFFFFFFFFFF78
:10089000FFFFFFFFFFFFFFFFFFFFFFFFFFFFFFFF68
:1008A000FFFFFFFFFFFFFFFFFFFFFFFFFFFFFFFF58
:1008B000FFFFFFFFFFFFFFFFFFFFFFFFFFFFFFFF48
:1008C000FFFFFFFFFFFFFFFFFFFFFFFFFFFFFFFF38
:1008D000FFFFFFFFFFFFFFFFFFFFFFFFFFFFFFFF28
:1008E000FFFFFFFFFFFFFFFFFFFFFFFFFFFFFFFF18
:1008F000FFFFFFFFFFFFFFFFFFFFFFFFFFFFFFFF08
:10090000FFFFFFFFFFFFFFFFFFFFFFFFFFFFFFFFF7
:10091000FFFFFFFFFFFFFFFFFFFFFFFFFFFFFFFFE7
:10092000FFFFFFFFFFFFFFFFFFFFFFFFFFFFFFFFD7
:10093000FFFFFFFFFFFFFFFFFFFFFFFFFFFFFFFFC7
:10094000FFFFFFFFFFFFFFFFFFFFFFFFFFFFFFFFB7
:10095000FFFFFFFFFFFFFFFFFFFFFFFFFFFFFFFFA7
:10096000FFFFFFFFFFFFFFFFFFFFFFFFFFFFFFFF97
:10097000FFFFFFFFFFFFFFFFFFFFFFFFFFFFFFFF87
:10098000FFFFFFFFFFFFFFFFFFFFFFFFFFFFFFFF77
:10099000FFFFFFFFFFFFFFFFFFFFFFFFFFFFFFFF67
:1009A000FFFFFFFFFFFFFFFFFFFFFFFFFFFFFFFF57
:1009B000FFFFFFFFFFFFFFFFFFFFFFFFFFFFFFFF47
:1009C000FFFFFFFFFFFFFFFFFFFFFFFFFFFFFFFF37
:1009D000FFFFFFFFFFFFFFFFFFFFFFFFFFFFFFFF27
:1009E000FFFFFFFFFFFFFFFFFFFFFFFFFFFFFFFF17
:1009F000FFFFFFFFFFFFFFFFFFFFFFFFFFFFFFFF07
:100A0000FFFFFFFFFFFFFFFFFFFFFFFFFFFFFFFFF6
:100A1000FFFFFFFFFFFFFFFFFFFFFFFFFFFFFFFFE6
:100A2000FFFFFFFFFFFFFFFFFFFFFFFFFFFFFFFFD6
:100A3000FFFFFFFFFFFFFFFFFFFFFFFFFFFFFFFFC6
:100A4000FFFFFFFFFFFFFFFFFFFFFFFFFFFFFFFFB6
:100A5000FFFFFFFFFFFFFFFFFFFFFFFFFFFFFFFFA6
:100A6000FFFFFFFFFFFFFFFFFFFFFFFFFFFFFFFF96
:100A7000FFFFFFFFFFFFFFFFFFFFFFFFFFFFFFFF86
:100A8000FFFFFFFFFFFFFFFFFFFFFFFFFFFFFFFF76
:100A9000FFFFFFFFFFFFFFFFFFFFFFFFFFFFFFFF66
:100AA000FFFFFFFFFFFFFFFFFFFFFFFFFFFFFFFF56
:100AB000FFFFFFFFFFFFFFFFFFFFFFFFFFFFFFFF46
:100AC000FFFFFFFFFFFFFFFFFFFFFFFFFFFFFFFF36
:100AD000FFFFFFFFFFFFFFFFFFFFFFFFFFFFFFFF26
:100AE000FFFFFFFFFFFFFFFFFFFFFFFFFFFFFFFF16
:100AF000FFFFFFFFFFFFFFFFFFFFFFFFFFFFFFFF06
:100B0000FFFFFFFFFFFFFFFFFFFFFFFFFFFFFFFFF5
:100B1000FFFFFFFFFFFFFFFFFFFFFFFFFFFFFFFFE5
:100B2000FFFFFFFFFFFFFFFFFFFFFFFFFFFFFFFFD5
:100B3000FFFFFFFFFFFFFFFFFFFFFFFFFFFFFFFFC5
:100B4000FFFFFFFFFFFFFFFFFFFFFFFFFFFFFFFFB5
:100B5000FFFFFFFFFFFFFFFFFFFFFFFFFFFFFFFFA5
:100B6000FFFFFFFFFFFFFFFFFFFFFFFFFFFFFFFF95
:100B7000FFFFFFFFFFFFFFFFFFFFFFFFFFFFFFFF85
:100B8000FFFFFFFFFFFFFFFFFFFFFFFFFFFFFFFF75
:100B9000FFFFFFFFFFFFFFFFFFFFFFFFFFFFFFFF65
:100BA000FFFFFFFFFFFFFFFFFFFFFFFFFFFFFFFF55
:100BB000FFFFFFFFFFFFFFFFFFFFFFFFFFFFFFFF45
:100BC000FFFFFFFFFFFFFFFFFFFFFFFFFFFFFFFF35
:100BD000FFFFFFFFFFFFFFFFFFFFFFFFFFFFFFFF25
:100BE000FFFFFFFFFFFFFFFFFFFFFFFFFFFFFFFF15
:100BF000FFFFFFFFFFFFFFFFFFFFFFFFFFFFFFFF05
:100C0000FFFFFFFFFFFFFFFFFFFFFFFFFFFFFFFFF4
:100C1000FFFFFFFFFFFFFFFFFFFFFFFFFFFFFFFFE4
:100C2000FFFFFFFFFFFFFFFFFFFFFFFFFFFFFFFFD4
:100C3000FFFFFFFFFFFFFFFFFFFFFFFFFFFFFFFFC4
:100C4000FFFFFFFFFFFFFFFFFFFFFFFFFFFFFFFFB4
:100C5000FFFFFFFFFFFFFFFFFFFFFFFFFFFFFFFFA4
:100C6000FFFFFFFFFFFFFFFFFFFFFFFFFFFFFFFF94
:100C7000FFFFFFFFFFFFFFFFFFFFFFFFFFFFFFFF84
:100C8000FFFFFFFFFFFFFFFFFFFFFFFFFFFFFFFF74
:100C9000FFFFFFFFFFFFFFFFFFFFFFFFFFFFFFFF64
:100CA000FFFFFFFFFFFFFFFFFFFFFFFFFFFFFFFF54
:100CB000FFFFFFFFFFFFFFFFFFFFFFFFFFFFFFFF44
:100CC000FFFFFFFFFFFFFFFFFFFFFFFFFFFFFFFF34
:100CD000FFFFFFFFFFFFFFFFFFFFFFFFFFFFFFFF24
:100CE000FFFFFFFFFFFFFFFFFFFFFFFFFFFFFFFF14
:100CF000FFFFFFFFFFFFFFFFFFFFFFFFFFFFFFFF04
:100D0000FFFFFFFFFFFFFFFFFFFFFFFFFFFFFFFFF3
:100D1000FFFFFFFFFFFFFFFFFFFFFFFFFFFFFFFFE3
:100D2000FFFFFFFFFFFFFFFFFFFFFFFFFFFFFFFFD3
:100D3000FFFFFFFFFFFFFFFFFFFFFFFFFFFFFFFFC3
:100D4000FFFFFFFFFFFFFFFFFFFFFFFFFFFFFFFFB3
:100D5000FFFFFFFFFFFFFFFFFFFFFFFFFFFFFFFFA3
:100D6000FFFFFFFFFFFFFFFFFFFFFFFFFFFFFFFF93
:100D7000FFFFFFFFFFFFFFFFFFFFFFFFFFFFFFFF83
:100D8000FFFFFFFFFFFFFFFFFFFFFFFFFFFFFFFF73
:100D9000FFFFFFFFFFFFFFFFFFFFFFFFFFFFFFFF63
:100DA000FFFFFFFFFFFFFFFFFFFFFFFFFFFFFFFF53
:100DB000FFFFFFFFFFFFFFFFFFFFFFFFFFFFFFFF43
:100DC000FFFFFFFFFFFFFFFFFFFFFFFFFFFFFFFF33
:100DD000FFFFFFFFFFFFFFFFFFFFFFFFFFFFFFFF23
:100DE000FFFFFFFFFFFFFFFFFFFFFFFFFFFFFFFF13
:100DF000FFFFFFFFFFFFFFFFFFFFFFFFFFFFFFFF03
:100E0000FFFFFFFFFFFFFFFFFFFFFFFFFFFFFFFFF2
:100E1000FFFFFFFFFFFFFFFFFFFFFFFFFFFFFFFFE2
:100E2000FFFFFFFFFFFFFFFFFFFFFFFFFFFFFFFFD2
:100E3000FFFFFFFFFFFFFFFFFFFFFFFFFFFFFFFFC2
:100E4000FFFFFFFFFFFFFFFFFFFFFFFFFFFFFFFFB2
:100E5000FFFFFFFFFFFFFFFFFFFFFFFFFFFFFFFFA2
:100E6000FFFFFFFFFFFFFFFFFFFFFFFFFFFFFFFF92
:100E7000FFFFFFFFFFFFFFFFFFFFFFFFFFFFFFFF82
:100E8000FFFFFFFFFFFFFFFFFFFFFFFFFFFFFFFF72
:100E9000FFFFFFFFFFFFFFFFFFFFFFFFFFFFFFFF62
:100EA000FFFFFFFFFFFFFFFFFFFFFFFFFFFFFFFF52
:100EB000FFFFFFFFFFFFFFFFFFFFFFFFFFFFFFFF42
:100EC000FFFFFFFFFFFFFFFFFFFFFFFFFFFFFFFF32
:100ED000FFFFFFFFFFFFFFFFFFFFFFFFFFFFFFFF22
:100EE000FFFFFFFFFFFFFFFFFFFFFFFFFFFFFFFF12
:100EF000FFFFFFFFFFFFFFFFFFFFFFFFFFFFFFFF02
:100F0000FFFFFFFFFFFFFFFFFFFFFFFFFFFFFFFFF1
:100F1000FFFFFFFFFFFFFFFFFFFFFFFFFFFFFFFFE1
:100F2000FFFFFFFFFFFFFFFFFFFFFFFFFFFFFFFFD1
:100F3000FFFFFFFFFFFFFFFFFFFFFFFFFFFFFFFFC1
:100F4000FFFFFFFFFFFFFFFFFFFFFFFFFFFFFFFFB1
:100F5000FFFFFFFFFFFFFFFFFFFFFFFFFFFFFFFFA1
:100F6000FFFFFFFFFFFFFFFFFFFFFFFFFFFFFFFF91
:100F7000FFFFFFFFFFFFFFFFFFFFFFFFFFFFFFFF81
:100F8000FFFFFFFFFFFFFFFFFFFFFFFFFFFFFFFF71
:100F9000FFFFFFFFFFFFFFFFFFFFFFFFFFFFFFFF61
:100FA000FFFFFFFFFFFFFFFFFFFFFFFFFFFFFFFF51
:100FB000FFFFFFFFFFFFFFFFFFFFFFFFFFFFFFFF41
:100FC000FFFFFFFFFFFFFFFFFFFFFFFFFFFFFFFF31
:100FD000FFFFFFFFFFFFFFFFFFFFFFFFFFFFFFFF21
:100FE000FFFFFFFFFFFFFFFFFFFFFFFFFFFFFFFF11
:100FF000FFFFFFFFFFFFFFFFFFFFFFFFFFFFFFFF01
:10100000D10020432914006000000000000000000F
:101010002010006000100060002C0560000000003F
:10102000000000600038050000000000FFFFFFFF27
:10103000FFFFFFFFFFFFFFFFFFFFFFFFFFFFFFFFC0
:10104000FFFFFFFFFFFFFFFFFFFFFFFFFFFFFFFFB0
:10105000FFFFFFFFFFFFFFFFFFFFFFFFFFFFFFFFA0
:10106000FFFFFFFFFFFFFFFFFFFFFFFFFFFFFFFF90
:10107000FFFFFFFFFFFFFFFFFFFFFFFFFFFFFFFF80
:10108000FFFFFFFFFFFFFFFFFFFFFFFFFFFFFFFF70
:10109000FFFFFFFFFFFFFFFFFFFFFFFFFFFFFFFF60
:1010A000FFFFFFFFFFFFFFFFFFFFFFFFFFFFFFFF50
:1010B000FFFFFFFFFFFFFFFFFFFFFFFFFFFFFFFF40
:1010C000FFFFFFFFFFFFFFFFFFFFFFFFFFFFFFFF30
:1010D000FFFFFFFFFFFFFFFFFFFFFFFFFFFFFFFF20
:1010E000FFFFFFFFFFFFFFFFFFFFFFFFFFFFFFFF10
:1010F000FFFFFFFFFFFFFFFFFFFFFFFFFFFFFFFF00
:10110000FFFFFFFFFFFFFFFFFFFFFFFFFFFFFFFFEF
:10111000FFFFFFFFFFFFFFFFFFFFFFFFFFFFFFFFDF
:10112000FFFFFFFFFFFFFFFFFFFFFFFFFFFFFFFFCF
:10113000FFFFFFFFFFFFFFFFFFFFFFFFFFFFFFFFBF
:10114000FFFFFFFFFFFFFFFFFFFFFFFFFFFFFFFFAF
:10115000FFFFFFFFFFFFFFFFFFFFFFFFFFFFFFFF9F
:10116000FFFFFFFFFFFFFFFFFFFFFFFFFFFFFFFF8F
:10117000FFFFFFFFFFFFFFFFFFFFFFFFFFFFFFFF7F
:10118000FFFFFFFFFFFFFFFFFFFFFFFFFFFFFFFF6F
:10119000FFFFFFFFFFFFFFFFFFFFFFFFFFFFFFFF5F
:1011A000FFFFFFFFFFFFFFFFFFFFFFFFFFFFFFFF4F
:1011B000FFFFFFFFFFFFFFFFFFFFFFFFFFFFFFFF3F
:1011C000FFFFFFFFFFFFFFFFFFFFFFFFFFFFFFFF2F
:1011D000FFFFFFFFFFFFFFFFFFFFFFFFFFFFFFFF1F
:1011E000FFFFFFFFFFFFFFFFFFFFFFFFFFFFFFFF0F
:1011F000FFFFFFFFFFFFFFFFFFFFFFFFFFFFFFFFFF
:10120000FFFFFFFFFFFFFFFFFFFFFFFFFFFFFFFFEE
:10121000FFFFFFFFFFFFFFFFFFFFFFFFFFFFFFFFDE
:10122000FFFFFFFFFFFFFFFFFFFFFFFFFFFFFFFFCE
:10123000FFFFFFFFFFFFFFFFFFFFFFFFFFFFFFFFBE
:10124000FFFFFFFFFFFFFFFFFFFFFFFFFFFFFFFFAE
:10125000FFFFFFFFFFFFFFFFFFFFFFFFFFFFFFFF9E
:10126000FFFFFFFFFFFFFFFFFFFFFFFFFFFFFFFF8E
:10127000FFFFFFFFFFFFFFFFFFFFFFFFFFFFFFFF7E
:10128000FFFFFFFFFFFFFFFFFFFFFFFFFFFFFFFF6E
:10129000FFFFFFFFFFFFFFFFFFFFFFFFFFFFFFFF5E
:1012A000FFFFFFFFFFFFFFFFFFFFFFFFFFFFFFFF4E
:1012B000FFFFFFFFFFFFFFFFFFFFFFFFFFFFFFFF3E
:1012C000FFFFFFFFFFFFFFFFFFFFFFFFFFFFFFFF2E
:1012D000FFFFFFFFFFFFFFFFFFFFFFFFFFFFFFFF1E
:1012E000FFFFFFFFFFFFFFFFFFFFFFFFFFFFFFFF0E
:1012F000FFFFFFFFFFFFFFFFFFFFFFFFFFFFFFFFFE
:10130000FFFFFFFFFFFFFFFFFFFFFFFFFFFFFFFFED
:10131000FFFFFFFFFFFFFFFFFFFFFFFFFFFFFFFFDD
:10132000FFFFFFFFFFFFFFFFFFFFFFFFFFFFFFFFCD
:10133000FFFFFFFFFFFFFFFFFFFFFFFFFFFFFFFFBD
:10134000FFFFFFFFFFFFFFFFFFFFFFFFFFFFFFFFAD
:10135000FFFFFFFFFFFFFFFFFFFFFFFFFFFFFFFF9D
:10136000FFFFFFFFFFFFFFFFFFFFFFFFFFFFFFFF8D
:10137000FFFFFFFFFFFFFFFFFFFFFFFFFFFFFFFF7D
:10138000FFFFFFFFFFFFFFFFFFFFFFFFFFFFFFFF6D
:10139000FFFFFFFFFFFFFFFFFFFFFFFFFFFFFFFF5D
:1013A000FFFFFFFFFFFFFFFFFFFFFFFFFFFFFFFF4D
:1013B000FFFFFFFFFFFFFFFFFFFFFFFFFFFFFFFF3D
:1013C000FFFFFFFFFFFFFFFFFFFFFFFFFFFFFFFF2D
:1013D000FFFFFFFFFFFFFFFFFFFFFFFFFFFFFFFF1D
:1013E000FFFFFFFFFFFFFFFFFFFFFFFFFFFFFFFF0D
:1013F000FFFFFFFFFFFFFFFFFFFFFFFFFFFFFFFFFD
:10140000884207D0904205D251F8043B40F8043B93
:101410008242F9D8704700BF884204D2002340F8C6
:10142000043B8142FBD87047664B4FF42A01664A61
:1014300066482DE9F0475A641864654A99639546F1
:10144000BFF34F8FBFF36F8F21F030F8614B08204F
:10145000614A6249C3F854016148FFF7D1FF614A0C
:1014600061496248FFF7CCFF61496248FFF7D4FF4A
:10147000614C62494FF470000023614A086044F8EF
:1014800023200133B02BFAD15E4B80215E4A03F852
:10149000011B9342FBD14F4D4FF080385B494FF019
:1014A000FF325B4B0026DFF8A4A1DFF8A4911C609B
:1014B000C5F80481C5F800A1C5F8F480C5F8F0901E
:1014C0000B68544F43F4E0230B60FB693D4923F064
:1014D0007F0343F04003FB617B6A23F07F0343F00B
:1014E00040037B628A66CA660A674A6720F0E4FFA7
:1014F000494A4A4B6320A2630321E363484A494BAC
:10150000106000F160401E6042F8041C00F6A170FB
:101510004549464AC3F8082D0B68454A43F0807395
:101520000B601368434943F00103136003680B60C9
:1015300021F012FAC5F804813F48C5F800A1C5F8AA
:10154000F480C5F8F09021F09FFBF96E3B4A41F41E
:1015500040513B4BF9661660C2F80861C2F8186149
:10156000C2F82861C2F838619A6BD20708D442F6F3
:101570001562344959651A659A6B42F001029A6303
:101580002F4A314C936843F00113936021F006F821
:1015900020F060FF21F060FB21F010FA20F088FFBE
:1015A0002368132BFCD921F097FA2368B3F5967FB3
:1015B000FBD320F07FFF21F037FB21F059FB30BF38
:1015C000FDE700BF00C00A40FFAAAAAA070020004A
:1015D0000000062000800D4078AA010000F802609B
:1015E00000000000C06200207CA204600000002017
:1015F00060680120DC8800200060002088ED00E0A9
:10160000D512010000E400E0A0E400E024ED00E0D9
:1016100008ED00E000C00F40292601002D26010042
:1016200014E000E018E000E0FCED00E00000202005
:10163000001000E02C6601200046C3230040084053
:1016400000400D400000C056306601201B101820DD
:101650000C0D11134FF48C72002121F001BB00BF5F
:1016600018B14FF48C7110F079BA7047C02A2DE987
:10167000F0473AD0B2F5807F33D0802A03D06FF0A4
:101680001F00BDE8F0870A239846036000F10803B5
:101690008446520900274CF8043F01EB870E11F8ED
:1016A000275001379EF802609EF8014097424FEAAA
:1016B00006469EF803E046EA042444EA050444EAA8
:1016C0000E644CF8044FE8D3B8F10C0F11D0B8F108
:1016D0000E0F00F08180B8F10A0F47D00020BDE85E
:1016E000F0870E2303609846D0E70C2303609846EA
:1016F000CCE76B4AC8300121964601E05EF8041F32
:101700005E69183353F8184CC6F3072702EB166CC2
:1017100052FA86F517449CF8288095F828C097F867
:101720002850C6F3074745EA08451744654097F82F
:10173000288053F8147C85EA0C6453F8105C84EA22
:101740000824614053F8084C4F40196053F80C1CB2
:101750007D405F6069409D604C40D96066401C617F
:101760005E619842CAD10020BDE8F0874C4A00F182
:10177000A80C0121964601E05EF8041FD8681033DA
:1017800053F8104CC0F3072702EB106852FA80F5AB
:10179000C0F30746174498F828A095F828901644F7
:1017A00097F8285096F8288045EA0A4553F80C6CBB
:1017B00053F8087C654085EA096484EA082461409E
:1017C0004E40196077405E6078409F60D860634506
:1017D000D2D10020BDE8F087314AE8304FF001084F
:1017E000964601E05EF8048FDF69203353F8201C31
:1017F000C7F3072502EB176652FA87F4154496F8EB
:1018000028C094F8284095F82860C7F3074546EAB1
:101810000C461544714095F828C053F81C6C81EAB9
:10182000046153F8185C81EA0C2484EA080484EA11
:1018300006011C6053F80C6C81EA0504596053F8EA
:10184000141C9C60614053F8104C53F8085C52FA29
:1018500081FC02EB1169C1F30728D9609CF828C00C
:10186000C1F3074199F8289090448CEA040402EBF4
:10187000010C98F8281084EA09649CF828C084EACE
:10188000012484EA0C414E40196175405E616F404D
:101890009D61DF619842A5D10020BDE8F08700BFBF
:1018A000E82C02602DE9F04FC9B005460C461646FB
:1018B00000214FF48C7202A821F0D2F905F108033F
:1018C000324621466B6002A8FFF7D0FE0190002847
:1018D0006DD1DDF8089005F1180A039A4FEA09184E
:1018E00009F1FF3CC5F8009052F8083002EB080EF1
:1018F000BCF1000FAB60AEF1100BDEF80430EB6012
:10190000DEF808302B61DEF80C306B613FDDAEF1A4
:10191000140E14352A4805F11004714651F8043F9D
:1019200050FA83F700EB1366C3F30722C3F30743B0
:1019300097F8287096F82860024400EB8707034464
:1019400000EB860692F82820D7F82871D6F828658B
:1019500000EB820293F828307740D2F8282900EB78
:1019600083037A40D3F8283D534045F8043FAC4206
:10197000D4D1BCF1010CAEF1100E2546CBD14FEA0B
:101980000919A8F11003C9F110099A44CB44DBF8F6
:101990000030CAF80030DBF80430CAF80430DBF855
:1019A0000830CAF80830DBF80C30CAF80C3002A84E
:1019B0004FF48C7110F0D2F8019849B0BDE8F08F67
:1019C000E82C026003682DE9F04F5B1089B0D1F874
:1019D0000080059242681846079302F110041368CC
:1019E00001388D68069488EA0308044693680290DB
:1019F000D1F804E05D405068002CD368D1F80CA009
:101A00008EEA000E12698AEA030B019240F32B82E0
:101A1000069F7046DFF858A429465FFA88F2C0F3A3
:101A200007254FEA1B63C1F3074E0AEB82020AEB5C
:101A30008303166B0AEB8505D3F83024CBB25FFA2B
:101A40008BF40AEB830372400AEB8E0E1B6B060EBF
:101A50000AEB840403934FEA1169D5F830380AEB96
:101A60008605246B5FFA80FC82EA0306DEF8303CD0
:101A70000AEB8909C0F307407340FE68D9F8309437
:101A80004FEA18627440C8F307260AEB8000C1F3DE
:101A900007210AEB860684EA09040AEB8C0CD0F8CD
:101AA00030ECD6F830980AEB8202DCF830C00AEB52
:101AB0008101786884EA0909019EC8F30748D2F8D1
:101AC00030248CEA00005E40CBF307235040039A99
:101AD0000AEB8304BB68D5F83054CBF3074B534073
:101AE000D4F83048D1F830180AEB88080AEB8B0B91
:101AF0005D4089EA0E024140DBF830CC6540D8F801
:101B0000300C5FFA86FE81EA0C01130E6840C2F3C6
:101B1000074CCDB20196C0F3074B0AEB8E0E0AEBD1
:101B20008303C1F30729340EDEF830E0D3F83034F4
:101B30000AEB8B0B0AEB85050AEB8C0CDBF8306C9F
:101B40004FEA1168D5F830B08EEA030EC0F30725CE
:101B5000DCF8303C0AEB84045FFA80FC0396D4F88E
:101B600030440AEB88080AEB8C0C04930AEB8909D1
:101B70008BEA040B0AEB8505C1F30741D9F83098CD
:101B8000000ED5F830580AEB8101D8F830340AEB52
:101B900080007E69DCF83040C2F3072C8BEA060B2C
:101BA000D2B2BE695C403B690AEB8C0C74400AEB14
:101BB0008202019E8EEA0303D0F830048BEA050509
:101BC00083EA0909126BDCF83038C6F3072C42406F
:101BD000C6F307465C400AEB8C0CFB690AEB8606F1
:101BE000DCF830085A40D1F8303CD6F8301C42407E
:101BF000039E0498614082EA030B029B57F8204F32
:101C000089EA0608013B85EA0000019402937FF40B
:101C100004AF6FF07843079A86460D461A44134680
:101C2000069A02EB43130693069B5FFA8EF7C5F301
:101C300007244FEA186259682E0EEBB2C5F3074528
:101C40005FFA8BF0CBF3072C02950AEB82020AEBCA
:101C500087050AEB8000D2F830242D6B0AEB86064C
:101C6000076B4FEA1E605540D6F830645FFA88F281
:101C70007E404FEA1B670AEB8202694004960AEB3A
:101C80008000166B0AEB83030AEB8702D0F830540E
:101C90001B6BC8F30727D2F830240AEB840406989C
:101CA0005D400AEB8C0386EA020CCEF30722039117
:101CB000049ECBF30741D3F830B80AEB8203C26825
:101CC0000AEB8707CEF3074E0AEB8109724086685C
:101CD00001980AEB8E0E0399C8F30748D7F83078BD
:101CE0008CEA000CD4F830480AEB8808D3F83008A6
:101CF00085EA0603029D4C40DEF830EC7A40D9F8C4
:101D0000301C0AEB850582EA0E02D8F8307C61406F
:101D100083EA0B03D5F8304C8CEA000C83EA070009
:101D2000524B8CEA040CC2F30744C2F30728C1F3F8
:101D3000072E1C4453FA8CF69E4403EB126901945F
:101D400003EB08049EF828E0C0F30747039453FA16
:101D500082F41F4453FA80F80494C0F3072596F8E0
:101D6000282003EB1060069E53FA81FB99F8289017
:101D700003EB1C6A36691D440790724097F82800EF
:101D8000019C03EB116782EA0962CCF3072694F801
:101D90002840C1F3074182EA0E22CCF3074C02949B
:101DA000194482EA00429C441E44039B1446069A4E
:101DB00093F828E0506998F828800190019B906979
:101DC0009BF828B09AF828A088EA000097F82870B5
:101DD0008BEA030BD2F81C90049B8BEA0A6B079AE0
:101DE00080EA076095F8285092F8288080EA0E274C
:101DF000059A8BEA052B93F82830A646147000202C
:101E0000029C83EA090996F828608BEA04449CF84E
:101E1000285089EA086391F82810147187EA054769
:101E200083EA06231646724683EA01433772110A93
:101E3000150C3373120E7170210AB570F2703A0CE2
:101E40007171390A250CB272240E71721A0CB571B7
:101E5000190AF4713F0EB2731B0E7173F772F373AC
:101E600009B0BDE8F08FDFF808A0DDE6E82C0260DD
:101E7000E03D02602DE9F047089E984607461C6841
:101E8000DDF82490DDF828A0B1B182B10AF1FF3A63
:101E9000154654B3315D621C19F8013B013D83EADC
:101EA00001030AF8013F335502F00F04F1D1C8F8DD
:101EB00000400020BDE8F087002AF8D0154674B134
:101EC000335D611C19F8012B013D83EA02030AF816
:101ED000013B325501F00F04E9D0002CF0D132461D
:101EE00031463846FFF76EFDEAE73246314638465E
:101EF000FFF768FDCEE700BF002A45D02DE9F04787
:101F000086B01C46894682460F9B164603F101089F
:101F10000E9B5F1C19E017F8012C23788DF8142014
:101F2000534008F8013CDDF80500013EDDF80910DA
:101F300008F10108DDF80D2007F10107DDF8113087
:101F400020606160A260E3601AD0206801AD616822
:101F5000A268E3680FC5224621465046FFF732FDCE
:101F6000B9F1000FD7D02278B9F1010F17F8013C71
:101F700083EA020308F8013C08BF8DF81430D2E769
:101F8000002006B0BDE8F087002070472DE9F04F33
:101F9000156883B00F2DDDF830B0DDF83480DDF842
:101FA00038902AD81F460E468246019271B19DB1E3
:101FB0001BF80510013E18F8012B05F1010582EA16
:101FC000010205F00F0509F8012BF0D1019B00205B
:101FD0001D6003B0BDE8F08F5A4639465046FFF702
:101FE000F1FC07F1100212F8014D0134E4B2147053
:101FF000002CDDD19742F6D1DAE76FF02000E8E758
:102000002DE9F04F03688BB0D1F804805B10089283
:1020100042680993013B02F110041068029307948F
:102020001C465368D1F800E0002C88EA03038F684F
:102030008EEA000EC96890681E46D368126987EA66
:10204000000783EA0103019240F34082DDF81C900F
:10205000B446DFF884A41C465FFA8EF0C4F307216F
:102060004FEA1C62C7F30743FEB20AEB80000AEB9B
:102070008202D0F828010AEB8606D2F828250AEB5E
:1020800081015FFA8CF580EA020BD6F828010AEB91
:10209000830303900AEB8505D1F828094FEA1E61F6
:1020A000D3F8283D5FFA84F88BEA00000AEB81013F
:1020B000D5F828513A0E80EA030BD9F80430D1F84C
:1020C0002805CEF307215D40CEF307430AEB810ECE
:1020D000D9F80C100AEB8808C7F3072704910AEB1C
:1020E000820201990AEB8707D8F82881260E8BEA2D
:1020F000010B0499D2F82825C4F3074488EA0101AA
:10210000D7F828795540DEF828294840CCF3072E27
:102110006A400AEB8606039D0AEB8E0E7840D9F8DA
:102120000870DEF828190AEB840485EA070ED6F851
:102130002865D4F8284D0AEB83038EEA0606CCF313
:10214000074C6240D3F8285D0AEB8C0C7140130EEB
:102150006940DCF8287D5FFA8BF47840C1F3074CC6
:102160000AEB8303CBF307275FFA82FEC0F307284D
:10217000D3F828350AEB8C0C0AEB8404C0F307462D
:1021800003930AEB8E0EDCF8283D0AEB8808D4F89E
:1021900028410AEB8707DEF828C1050E0194C0B27A
:1021A000D8F828890AEB860604930AEB8505D7F848
:1021B0002879C2F30724D6F8286DC2F307420597A1
:1021C0000AEB8007039B0AEB840401980AEB820266
:1021D00006964340D5F82865D9F810000D0ED2F8C0
:1021E000282D43400AEB8505C8B2C1F30721D5F875
:1021F000285583EA08030AEB800E8CEA050C4FEAA7
:102200001B60DEF828510AEB81010AEB8000CBF35A
:10221000074B6E40049D0AEB8B0B83EA050ED9F841
:102220001450D4F828398CEA050CD9F81850D7F88E
:1022300028416E40059FD0F828558CEA070C5E4077
:10224000069B6C40D1F828098CEA030CD9F81C10C5
:1022500059F8203F4C40DBF8287D0193029B444015
:102260007740013B84EA020402937FF4F5AE6FF0FD
:10227000784209996646234611440A46079901EBBC
:10228000421207925FFA8EF5B146340EC7F3072863
:102290000AEB8505C3F3072CF0B2C7F30746390EE6
:1022A000CEF3072B0296FAB2D5F828611D0E0AEB81
:1022B0008404CEF307470AEB80000AEB8101D4F8CF
:1022C00028450AEB8202D0F828010AEB8505D1F8EF
:1022D0002815D2F828217440D5F8285541404FEAF6
:1022E0001E660397D8B26A40019D0AEB86060AEB88
:1022F0008000C3F307436C40079DD0F828710AEBB8
:102300008C00D6F828650AEB880E6D68C9F307487B
:1023100087EA060C029E0195C9F307250AEB86079A
:10232000079E0AEB8509019D0AEB8303D0F8280973
:102330006940B56801930AEB8B0B02950AEB88089C
:10234000029B4440DEF828595A40039BDBF8286979
:102350000AEB830E079BD7F8287D7140DB687C4031
:10236000D9F828B98CEA030C019B82EA0B02D3F856
:10237000280D8CEA0506D8F8283D4840C4F307210B
:102380005E40544BDEF828EDC0F307271944C6F32E
:10239000072A82EA0E0553FA80F211F8C81CDF19E9
:1023A00003EB156812F8C82C02919A44079953FA66
:1023B00084F918F8C88C03EB106C4969C6F3074B15
:1023C0000397C5F3074E4A4053FA85F703EB1661AE
:1023D0001AF8C8AC82EA0862C0F3074003EB14683D
:1023E000C5F30725C4F30744CDF804A0184419F831
:1023F000C8AC9B441CF8C89C9E4411F8C8CC1D4432
:10240000079953FA86F62344079C0490A46902981E
:1024100017F8C87C096982EA002267400398079C84
:102420008AEA010116F8C86C87EA0C6710F8C8AC94
:1024300081EA09610198E46987EA0A2A1BF8C8BCA5
:1024400081EA002118F8C88C6640049882EA0B42A1
:102450001EF8C8EC86EA086610F8C84C002081EA2D
:102460000E4E15F8C85C13F8C8CC089986EA052604
:102470008AEA0C4A0A710D4681F800E04FEA1E21F3
:1024800086EA044385F808A04FEA1E446970110AE1
:102490002B73AC70140C6971120E4FEA1A21AC71D7
:1024A0004FEA1E6EEA714FEA1A4469721A0C85F8F7
:1024B00003E0190AAC724FEA1A6AAA731B0E697319
:1024C00085F80BA0EB730BB0BDE8F08FDFF808A028
:1024D000D8E600BFD84E0260E82C026010B4012993
:1024E00014461A46214603D05DF8044BFFF788BD19
:1024F0005DF8044BFFF766BA2DE9F047160784B084
:102500000C9C0D9D59D1174680468A461E4669BBD4
:1025100042B303F1FF392068EE466168A268E368C0
:10252000AEE80F002B46002122464046FFF7D6FFBB
:102530006B1E494605F10F0E13F8010F11F8012F1C
:10254000734582EA00021A70F6D1EE46103F04F19C
:10255000100405F11005BEE80F0030607160B26034
:10256000F360D8D1002004B0BDE8F087002AF9D08C
:10257000013C03F1FF3949466A1E04F1100E14F8BC
:10258000010F11F8013F744583EA000302F8013F8F
:10259000F5D12B462A4651464046FFF79FFF286853
:1025A0006968103FAA6805F1100555F8043C3060D1
:1025B0007160B260F360DED1D4E76FF02100D2E742
:1025C000FFF700BAFFF71CBD2DE9F04FF7B000216F
:1025D000202283460DF1600A884620ACDFF8A891DE
:1025E000504620F03DFB30A84FF48C72414620F05D
:1025F00037FB4FEA680708F00106BD1CAD01BBF1CF
:10260000000F07D05A4A29465A48002E08BF4A46AA
:1026100020F032FB00232A46514630A82360636035
:10262000A360E36066BBFFF73DF9534B03EB07176D
:1026300010F1230F01D1C02D28D068B942F21075D6
:1026400002E0013D00F09D8123462246314630A83C
:10265000FFF744FF0028F4D00346BBF1000F04D07D
:102660004648049320F0E4FA049B30A84FF48C71A0
:1026700004930FF073FA049B184677B0BDE8F08F0F
:10268000FEF7F4FF3E4B03EB0717D1E73D4820F080
:10269000CFFA08F10108B8F1060FAAD1BBF1000F7B
:1026A00040F05A8100230DF120090CAE0493049BE5
:1026B0005F1003F00108BD1CAD01BBF1000F09D094
:1026C0002B4A2946304B3148B8F1000F08BF1A4653
:1026D00020F0D2FA00232A46514630A8C9F800302B
:1026E000C9F80430C9F80830C9F80C303360736099
:1026F000B360F36023606360A360E360B8F1000F30
:102700002ED0FEF7B3FF224B03EB0713059310F116
:10271000230F01D1C02D41D000289DD142F2107568
:1027200014AFB8F1000F40F01F8101944B460094A4
:102730001022414630A8FFF7DFFE00288CD1013D72
:10274000EFD105991022204620F0BEFA002840F073
:102750005781BBF1000F24D00E4820F069FA20E029
:10276000FFF7A0F80C4B03EB07130593CFE700BF6F
:102770005C11002060110020504F0260D011002039
:10278000804F02607811002058110020881100202D
:10279000E04F026080110020B04F0260994820F0A5
:1027A00047FA049B0133062B049380D1BBF1000F41
:1027B00040F00D8100277D1007F0010605F10208A9
:1027C0004FEA8818BBF1000F08D08F4A41468F4B63
:1027D0008F48002E08BF1A4620F04EFA8D4B0FCBC3
:1027E00089E80F008C4B4FEAD802504603EB4511A5
:1027F00020F022FA00234246514630A80793FEF704
:1028000035FF10F1230F03D1B8F1C00F00F0A880FD
:1028100000287FF421AF002E40F0C1807F4BA646F8
:1028200003EB851503F1380805F5D4750FCDAEE837
:102830000F000FCDAEE80F000FCDAEE80F0095E80A
:102840000F008EE80F0002943146019407ABCDF8DB
:102850000090402230A8FFF70DFB00287FF4FCAE6B
:1028600041464022204620F02FFA002840F0C88040
:10287000BBF1000F40F0BC800137062F9BD1BBF1AC
:10288000000F40F0B980654B00260DF1400905931B
:10289000751006F00108BBF1000F08D05A495B4BD8
:1028A0005F48B8F1000F08BF194620F0E5F94FEA7C
:1028B000051E059B5B490022734407928E4403F575
:1028C0001A73A1F526770FCB89E80F009EE80F0059
:1028D0008AE80F008022514630A8FEF7C7FE034663
:1028E00000287FF4BAAE07EB8507204605EB4505C7
:1028F000D7F8C8723A46B8F1000F6CD12D014A4B97
:10290000591990331D4420F097F914AA4B460294AC
:102910003946009230A8019407AAFFF737FB034617
:1029200000287FF49AAE04903A462946204620F0CB
:10293000CBF9002864D1049BBBF1000F53D10136C1
:10294000062EA5D1BBF1000F3FF48FAE0A200493F1
:1029500020F09EF9049B88E60A2020F099F9A1E670
:10296000284820F065F987E796E80F0087E80F0010
:1029700094E80F0086E80F0097E80F0084E80F0046
:10298000D3E639461022204620F09EF9C0BBBBF1A9
:10299000000F3FF47EAE254820F04AF979E6DFF8D3
:1029A00090E0A446BEE80F00ACE80F00BEE80F00C0
:1029B000ACE80F00BEE80F00ACE80F000EF5A07801
:1029C0009EE80F0008EB85188CE80F003BE70A2013
:1029D00020F05EF9EEE62901134B5D18903319449F
:1029E00020F02AF991E7114820F022F9049BA6E78C
:1029F0000E4820F01DF93FE70A2020F049F942E790
:102A000001232AE6781100205C11002058110020D3
:102A1000A01100201050026020500260D84E0260C9
:102A2000B811002070510260AC510260801100208A
:102A3000104F02600368F0B5CD1A002D43DD1C78FD
:102A4000260608D45E1C06601C781460891BA1420F
:102A500039D30020F0BD04F07F04013C032C35D8AD
:102A6000DFE804F02A201302042D2CDD9F785E1D80
:102A700093F801E03F041D79DC7847EA0E632B43AD
:102A800043EA042414600660E0E7032D1BDD9C7814
:102A90001E1D5D782402DB7844EA05441C43146063
:102AA0000660D3E7022D0EDD5C78DE1C9B7843EADE
:102AB000042414600660C9E7012D04D05C789E1CD4
:102AC00014600660C2E76FF05F00F0BD6FF0630056
:102AD000F0BD00BF70B404680E1B002E0BDD26781D
:102AE0009E4204D10134046070BCFFF7A3BF6FF0B5
:102AF000610070BC70476FF05F00FAE770B5056861
:102B000082B04C1B002C06DD2C78012C07D06FF016
:102B1000610002B070BD6FF05F0002B070BD0135A2
:102B2000164601AA04460560FFF784FF0028F0D18D
:102B3000019B012B09D1236813F8011B003118BF39
:102B400001213160236002B070BD6FF06300E0E7E7
:102B50000368F0B5CC1A83B0002C06DD1C78022C7B
:102B600007D06FF0610003B0F0BD6FF05F0003B0FD
:102B7000F0BD0133174601AA06460360FFF75AFF6E
:102B80000028F0D1019B013B032B13D8316891F948
:102B90000020002A0EDB04463860019311F8015B27
:102BA000013B45EA04245A1C01933C603160F5D195
:102BB00003B0F0BD6FF06300D5E700BFF8B5036860
:102BC000CF1A002F05DD1F78032F05D06FF06100AD
:102BD000F8BD6FF05F00F8BD013304460E46036098
:102BE000FFF728FF0028F3D113681546002BF0D01B
:102BF0002268013B2B601278072A2A710CD82268C0
:102C000001322260AA60226813449E4223600CBFF6
:102C100000206FF06500F8BD6FF06300F8BD00BFE5
:102C200070B505684C1B002C05DD2C78032C05D0F5
:102C30006FF0610070BD6FF05F0070BD013504463C
:102C40000560FFF7F7FE0028F4D113681646012B44
:102C500003F1FF32326005D923685A1C22601B78C9
:102C6000002BE7D06FF0670070BD00BF2DE9F04387
:102C700099460368164683B0CA1A002A08DD1A78F6
:102C8000302A0BD06FF06108404603B0BDE8F083F6
:102C90006FF05F08404603B0BDE8F083013301AA3E
:102CA00005460F460360FFF7C5FE80460028EBD1BE
:102CB0002A68019B13449F421FD19742A7EB02034E
:102CC00016D91178002B3160E2DD13789945D9D1FE
:102CD000541C3946321D28462C60FFF7ABFED8B98C
:102CE0002B687268B3602B681A4497422A6007D831
:102CF0000023F3602B689F42C6D06FF06508C3E7DE
:102D0000102101201FF0D8FFF060064608B12A68A4
:102D1000D3E76FF06908B7E78046B5E770B5056897
:102D200082B04C1B002C06DD2C78022C07D06FF0F3
:102D3000610002B070BD6FF05F0002B070BD013580
:102D4000164601AA04460560FFF774FE0028F0D17C
:102D5000019A3046216801F037F92268019B13443B
:102D6000236002B070BD00BF2DE9F041066882B05B
:102D7000C6EB010EBEF1000F0ADD96F800E0BEF1D1
:102D8000300F0BD06FF06106304602B0BDE8F08125
:102D90006FF05F06304602B0BDE8F0810136904624
:102DA00001AA044606600D461F46FFF743FE06468D
:102DB0000028E9D12368ED1A002DE9DD019D1A787C
:102DC000002DC8F80020E3DD1A78062ADAD11D4468
:102DD000013308F10402204623602946FFF72AFE4A
:102DE00006460028D0D12368D8F80420C8F8083057
:102DF00021688B189D4223601ED08E5C01333A46B9
:102E00002946204642F8046B2360FFF713FE70B991
:102E100022687B68BA60226813449D4223600CBF1D
:102E200000266FF06506304602B0BDE8F081064628
:102E3000304602B0BDE8F08138460C210EF08EFE1F
:102E4000A2E700BF10B584B0002401AB0294019446
:102E50000394FFF789FF48B9019B052B00D03BB9CC
:102E6000029B002B14BF6FF06700002004B010BD60
:102E70006FF06700FAE700BF70B5044670B10E4608
:102E8000154601E0A4694CB16368AB42FAD12A4609
:102E90003146A0681FF018FF0028F3D1204670BD0E
:102EA00068B110B5044680681FF012FF60691FF01A
:102EB0000FFF20462021BDE810400EF04FBE7047A6
:102EC00038B504685CB10546A36920462B60FFF75E
:102ED000E7FF20461FF0FCFE2C68002CF4D138BD23
:102EE0007F2A0346F0B40AD80468611A00296ADD13
:102EF000611E0120196004F8012CF0BC7047FF2A04
:102F000010D80468611A01295DDD651E8121022047
:102F10001D6004F8012C1A68541E1C6002F8011C84
:102F2000F0BC7047B2F5803F1FD3B2F1807F28D24A
:102F30000468611A032946DD601E160A150C8321F8
:102F40001860042004F8012C1A68541E1C6002F852
:102F5000016C1A68541E1C6002F8015C1A68541E49
:102F60001C6002F8011CF0BC70470468611A022959
:102F700029DD661E150A822103201E6004F8012C3B
:102F8000E7E70068411A04291DDD441E160A150CE6
:102F900084211C60140E00F8012C05201A68571EAD
:102FA0001F6002F8016C1A68561E1E6002F8015C70
:102FB0001A68551E1D6002F8014C1A68541E1C60E8
:102FC00002F8011C99E76FF06B0096E70368591A45
:102FD000002909DD012110B45C1E0460084603F8D5
:102FE000012C5DF8044B70476FF06B010846704789
:102FF00038B505688D420CD36C1A9C4209D31C4627
:1030000003461146281B224618601FF015FE204675
:1030100038BD6FF06B0038BDF8B5054610460E465A
:10302000174600F0CBFF2968B1422ED38B1B044614
:1030300098422AD8091A02463846296000F0FAFF59
:10304000A0B93B68012B12D0224631462846FFF733
:1030500047FF00280ADB2B6801349E1B002E14DD7D
:10306000591E02222044296003F8012CF8BD2B6868
:1030700093F90020002AE7DA9A1B002A05DD5A1E80
:1030800001342A6003F8010CDEE76FF06B00F8BD35
:1030900002680346501A002812DD002010B4541EA6
:1030A0001C6002F8010C1A68511A81420BDD541E93
:1030B000052102201C6002F8011C5DF8044B7047DA
:1030C0006FF06B0070476FF06B005DF8044B70475A
:1030D000F8B50568A94202D86C1AA34203D96FF06B
:1030E0006B042046F8BD0746E81A1C460E463860B9
:1030F00011461A461FF0A0FD002CF2DB2246314695
:103100003846FFF7EDFE00280CDB3B680134991BC5
:103110000029E4DD591E062204443960204603F8E4
:10312000012CF8BD04462046F8BD00BFF8B5069D49
:103130008DB90468661A002E27DD661E066004F845
:10314000015C0468651A002D1FDD671E0526022537
:10315000076004F8016C0C460646FFF7B9FF00282B
:1031600015DB0544214630462A46FFF7B9FE002804
:103170000DDB336801351C1B002C06DD591E302287
:103180002844316003F8012CF8BD6FF06B00F8BDE6
:10319000F8B505686E1A002E1BDD131C05F1FF370C
:1031A0004FF00102044618BF012307600E465B4240
:1031B00005F8013CFFF794FE002809DB2368991B02
:1031C000002906DD591E01220230216003F8012C7E
:1031D000F8BD6FF06B00F8BD036870B55C1A002C89
:1031E0001EDD5C1E002A046003F8012C04DD036868
:1031F00093F90020002A16DB012632460C460546CC
:10320000FFF76EFE00280ADB2B680136191B002928
:1032100006DD591E02223044296003F8012C70BDDE
:103220006FF06B0070BD5A1A002AF9DD5C1E002297
:103230000226046003F8012CDFE700BFF8B505683B
:10324000A94202D86C1AA34203D96FF06B0420463E
:10325000F8BD0746E81A1C460E46386011461A4665
:103260001FF0EAFC002CF2DB224631463846FFF71D
:1032700037FE00280CDB3B680134991B0029E4DD94
:10328000591E132204443960204603F8012CF8BD6E
:1032900004462046F8BD00BFF8B50568A94202D82B
:1032A0006C1AA34203D96FF06B042046F8BD0746A1
:1032B000E81A1C460E46386011461A461FF0BCFC40
:1032C000002CF2DB224631463846FFF709FE002883
:1032D0000CDB3B680134991B0029E4DD591E1622E2
:1032E00004443960204603F8012CF8BD044620460A
:1032F000F8BD00BF2DE9F84313F00704066818BFB6
:1033000001248E4204EBD3042DD30F4604F10109AE
:10331000711A494527D38046301B11462246C8F80A
:1033200000001D461FF088FCD8F80060C5EBC40300
:103330004A46751E39464046C8F8005006F8013C1A
:10334000FFF7CEFD00280CDBD8F800300234DF1B7D
:10335000002F08DD591E03222044C8F8001003F88E
:10336000012CBDE8F8836FF06B00BDE8F88300BF67
:10337000F8B50568A94202D86C1AA34203D96FF0C8
:103380006B042046F8BD0746E81A1C460E46386016
:1033900011461A461FF050FC002CF2DB2246314643
:1033A0003846FFF79DFD00280CDB3B680134991B74
:1033B0000029E4DD591E042204443960204603F844
:1033C000012CF8BD04462046F8BD00BF2DE9F047AA
:1033D00082B0074600681E46894690460A9DFFF760
:1033E0004BFDF0B1036904469D4209D8AEB12A46AF
:1033F000314660691FF020FC204602B0BDE8F0872E
:10340000294601201FF058FC074640B360691FF0B1
:103410005FFC67612561002EE9D1204602B0BDE85E
:10342000F087202101201FF047FC0446B8B1C0F806
:103430000480414601201FF03FFC8246A06080B11D
:10344000424649461FF0F8FB2561294601201FF03E
:1034500033FC606150B13B683C60A361C6E700206B
:10346000CBE720461FF034FC5046C6E7019050469B
:103470001FF02EFC20461FF02BFC019B1846BCE7DA
:103480002DE9F04F099D4D4CA4FB0554099D64089E
:1034900004EB440B5D4518BF0134B4F1804F80F05C
:1034A0008580A400013400287BD08C4294BF002189
:1034B0000121002975D1BBF1000F6FD08946DD1CB9
:1034C000041D3F4915F803EC09F1030915F8027CC6
:1034D0002B4615F8016C4FEA0E184FEA870CCB45C6
:1034E00008F0300801EB961A0CF03C0C4FEAAE0ED7
:1034F00001EB171706F03F0611F80EE005F1030582
:1035000017F808708E5D1AF80C80A44604F8037C46
:1035100004F1040404F808EC04F8068C04F8056CC3
:10352000D0D8099949451FD909F10109099C197891
:103530004C4522D95B780E01214D89109C0006F084
:10354000300605EB13136F5C04F03C019C5D0CF13D
:103550000303695C8CF801408CF802108CF8007051
:103560003D2103F1010C1970C0EB0C000023106029
:1035700018468CF80030BDE8F08F0C01104D891012
:103580003D2604F030040CF103036F5C295D8CF8D8
:1035900000708CF801108CF80260E1E7D94684468F
:1035A000BFE714606FF02900BDE8F08F4FF0FF33E4
:1035B0006FF029001360BDE8F08F00BFABAAAAAA84
:1035C000CC52026030B4029C0CB130BC58E72046AB
:1035D000146030BC704700BF2DE9F047DDF820E0F3
:1035E0009146BEF1000F00F09E8000229C46DFF85D
:1035F0005CA1904617461CF807300CEB07053C46CB
:10360000202B04D07DE015F8016F202E04D1013469
:10361000A645A4EB0703F6D8A6451DD0C4EB0E05BE
:10362000012D1CF8045001D90D2D5BD00A2D0FD0AF
:10363000002B5ED13D2D60D02E065AD4554495F80E
:1036400040307F2B55D00AB13F2B52D908F10108E9
:10365000671CBE45CFD8BE46B8F1000F63D008F056
:1036600007034FEAD80803EB430308EB48085B0065
:10367000C2EB4808073308EBD30300285DD08B4228
:1036800094BF00210121002957D1BEF1000F52D073
:1036900007460326E6440C46DFF8B0802A4D0EE0CC
:1036A0004244013492F8403003F03F02402B08BFFF
:1036B000013E042C42EA811125D0E6450CD01CF8CD
:1036C000012BA2F10A03DBB2162BE9D825FA03F38A
:1036D000DB07E5D5E645F2D1381AC9F8000000202D
:1036E000BDE8F087671C1CF807600A2EB1D0002BDC
:1036F000A4D06FF02B00BDE8F0870132022A9DD9DB
:10370000F7E7002388E766B10B0C012E3B7007D06A
:103710000B0A022E7B700BD0B97000240337CCE764
:1037200001370024C9E70020C9F80000BDE8F08790
:1037300002370024C1E77046CFE7C9F800306FF0C8
:103740002900BDE8F08700BF09004000CC520260AC
:1037500010B54024A4B058B92B4B03AA04A8009478
:103760008021FFF78DFED8B10124204624B010BD82
:1037700026481FF081FA03AA04A80094224B802156
:10378000FFF77EFE28B9582204A921481FF09CFAB1
:1037900000B301241F481FF04BFA204624B010BD8F
:1037A000582204A91A481FF08FFA0028DCD15820AB
:1037B00003AA174B8021009004A8FFF70DFF0028F3
:1037C000D2D1224604A910481FF07EFA04460028F0
:1037D000CAD1CAE710481FF04FFA582103AA0C4B70
:1037E000009104A88021FFF7F7FE0028D1D12246DE
:1037F00004A905481FF068FA04460028C9D1074803
:103800001FF016FAB1E700BF8C530260D8110020F8
:10381000CC530260D0110020F411002014120020BB
:1038200050B30023F0B5A1F1040E15461E462F68D3
:103830000136FC1A2C605EF8041F8C42A4EB0104D4
:103840002CBF4FF0000C4FF0010C45F8044B9F4289
:103850002CBF63460CF10103B042E8D102EB8002B9
:103860004BB111689942A1EB030134BF012300233E
:1038700042F8041BF5D3F0BD704700BFF0B5864693
:1038800087B00020BEF10F0F0391029201930590C3
:1038900040F2D080F446ACF1100C03980299059ADE
:1038A000019B50F8044B4FF000050E68E3FB042524
:1038B000B71845F1000241F8047B50F8044B4FF073
:1038C00000050E68E3FB0425B71845F1000241F836
:1038D000047B50F8044B4FF000050E68E3FB042511
:1038E000B71845F1000241F8047B50F8044B4FF043
:1038F00000050E68E3FB0425B71845F1000241F806
:10390000047B50F8044B4FF000050E68E3FB0425E0
:10391000B71845F1000241F8047B50F8044B4FF012
:1039200000050E68E3FB0425B71845F1000241F8D5
:10393000047B50F8044B4FF000050E68E3FB0425B0
:10394000B71845F1000241F8047B50F8044B4FF0E2
:1039500000050E68E3FB0425B71845F1000241F8A5
:10396000047B50F8044B4FF000050E68E3FB042580
:10397000B71845F1000241F8047B50F8044B4FF0B2
:1039800000050E68E3FB0425B71845F1000241F875
:10399000047B50F8044B4FF000050E68E3FB042550
:1039A000B71845F1000241F8047B50F8044B4FF082
:1039B00000050E68E3FB0425B71845F1000241F845
:1039C000047B50F8044B4FF000050E68E3FB042520
:1039D000B71845F1000241F8047B50F8044B4FF052
:1039E00000050E68E3FB0425B71845F1000241F815
:1039F000047B50F8044B4FF000050E68E3FB0425F0
:103A0000B71845F1000241F8047B50F8044B4FF021
:103A100000050E68E3FB0425B71845F1000241F8E4
:103A2000047B059202910390BCF10F0F3FF633AF78
:103A30000EF00F0EBEF1070F68D90EF0070E0398B7
:103A40000299059A019B50F8044B4FF000050E684F
:103A5000E3FB0425B71845F1000241F8047B50F858
:103A6000044B4FF000050E68E3FB0425B71845F141
:103A7000000241F8047B50F8044B4FF000050E683B
:103A8000E3FB0425B71845F1000241F8047B50F828
:103A9000044B4FF000050E68E3FB0425B71845F111
:103AA000000241F8047B50F8044B4FF000050E680B
:103AB000E3FB0425B71845F1000241F8047B50F8F8
:103AC000044B4FF000050E68E3FB0425B71845F1E1
:103AD000000241F8047B50F8044B4FF000050E68DB
:103AE000E3FB0425B71845F1000241F8047B50F8C8
:103AF000044B4FF000050E68E3FB0425B71845F1B1
:103B0000000241F8047B059202910390BEF1000F80
:103B100015D003980299059A019B50F8044B4FF079
:103B200000050E68E3FB0425B71845F1000241F8D3
:103B3000047B059202910390BEF1010EE9D1029936
:103B4000059A0B68134441F8043B059A934234BF2D
:103B5000012200220592F4D307B0F0BDF0B44E6804
:103B60001EB38F68002307EB860656F8044D250C1C
:103B7000B742A4B245EA0343B3FBF2F502FB1533A7
:103B800044EA0343B3FBF2F402FB1433EDD10968BA
:103B9000002903DB03600020F0BC7047002BF9D044
:103BA000D31AF0BC0360002070473346F2E700BF31
:103BB00020B100230122836080E80C00704700BF21
:103BC00080B110B50446806830B1616889000DF09D
:103BD000C5FFA0681FF07CF800230122A36084E8E1
:103BE0000C0010BD704700BF42F21073994223D8F9
:103BF0002DE9F0414668B14202D80020BDE8F081CD
:103C00000C460546042120461FF056F88046B0B108
:103C1000AF685FB1B600394632461FF00DF838463E
:103C200031460DF09BFFA8681FF052F86C60002031
:103C3000C5F80880BDE8F0816FF00F0070476FF0A5
:103C40000F00BDE8F08100BF2DE9F04146688E42CB
:103C50002ED9731E05460C460CD081689A0051F887
:103C6000230048BB0A4403E052F8040D18B90B4680
:103C7000591EF9D101239C424FF0040138BF1C4664
:103C800020461FF019F88046C0B1AF6857B1A200B6
:103C900039461EF0D1FF3846B1000DF05FFFA8682D
:103CA0001FF016F86C600020C5F80880BDE8F081B0
:103CB000BDE8F041FFF798BF3346DCE76FF00F0037
:103CC000BDE8F08188423AD08A68F0B50E4683B0EC
:103CD000002A36D04D6807466B1E0BD052F82310D1
:103CE0009C0041B9224403E052F8045D05BB234621
:103CF0005C1EF9D101257A683368AA423B600FD374
:103D0000521BB868AD000021920028441EF0A8FFA5
:103D10002A46B168B8681EF08FFF002003B0F0BDDE
:103D200029463846FFF760FF0028F7D1AD00EFE7DE
:103D30001D467A683368AA423B60E1D2F0E7002072
:103D400070470192FFF73CFF019A1046E6E700BF7B
:103D5000F0B585B005460C46006801AB6968AA68F5
:103D60001E46D4F800C0D4F804E0A768C5F800C027
:103D7000C5F804E0AF6007C307CE20606160A260B1
:103D800005B0F0BD2DE9F0410C4649681646804665
:103D9000FFF72AFF98BB73422568D8F8001046EA5F
:103DA00003026368C2F3C012C2F1010705FB02F50A
:103DB00001FB0751C8F8001083B1A668D8F80810B5
:103DC000043E01EB830E56F8045F0C6805FB02F518
:103DD00004FB075441F8044B8E45F4D1D8F8041085
:103DE0008B420CD2D8F8082002EB830302EB81014E
:103DF0001A6807FB02F243F8042B9942F8D1BDE898
:103E0000F08100BF88423BD0F8B50C4649681546A2
:103E10000646FFF7E9FE00B1F8BD71682046FFF7DE
:103E2000E3FE0028F8D16A423168206815437368C0
:103E3000C5F3C015C5F1010705FB01FE07FB01F144
:103E400000FB05113160226802FB07E22260ABB182
:103E5000A268B168043A01EB83060B6852F8040FBC
:103E600007FB03F405FB03F300FB054041F8040BDB
:103E7000B142106800FB07331360EED10020F8BD9B
:103E80000020704770B50E4601210546FFF7ACFED5
:103E9000044688B96A680146A86892001EF0E0FEF0
:103EA000002E86EAE671AA68B4BF4FF0FF33012303
:103EB000A1EBE67111602B60204670BD4368B1EB49
:103EC000431F0AD283684A0901F01F0053F82230C9
:103ED00023FA00F000F0010070470020704700BF97
:103EE000012A22D8F8B5436805464F091646B1EBBA
:103EF000431F0C4602D392B91046F8BD04F01F01CF
:103F0000AD680124002055F8273006FA01F204FAC2
:103F100001F123EA01031A4345F82720F8BD791C73
:103F2000FFF762FE0028E9D0F8BD6FF0030070478C
:103F300003464068A0B170B49D680026043D314638
:103F400055F8044F002203E0202A01F1010108D0B6
:103F500024FA02F3013213F00103F5D0084670BCD5
:103F600070470136B042EBD11846F8E74368DBB141
:103F7000013B1ED080689A0050F82310B1B902446A
:103F800002E052F8041D89B9013BFAD101682023EF
:103F900000204FF0004202E00130202803D00A4206
:103FA0004FEA5202F8D01B1A184670475B012033C3
:103FB000EEE7826820231168EAE700BF08B5FFF743
:103FC000D5FF0730C00808BDF8B50C4612F0030154
:103FD0004368174618BF0121064601EB92059D4232
:103FE0000BD0FFF7EDFD0023012229463046736018
:103FF0003260B360FFF7F8FDD0B900213046FFF71B
:1040000041FFB0B99FB1B268E1190546EB0011F864
:10401000014DAE08013503F01803AF4204FA03F373
:1040200052F8264043EA040342F82630EED1F8BDA8
:10403000F8BDF8BDF8B514460D460746FFF796FFE4
:104040000730C608B44217D32246002128461EF086
:1040500007FE7EB12A1900239808B968DC000133F5
:1040600051F8205004F01804B34225FA04F402F881
:10407000014DF1D10020F8BD6FF00700F8BD00BF81
:10408000F8B50D460646FFF771FF72682B186C09EC
:1040900005F01F05B3EB421F34D8DCB173689C42B6
:1040A0003CD26FF04042B0681A4400EB840700EB4A
:1040B0008303121B00EB820252F8041943F8041D1B
:1040C000BB42F9D1234600EB8303002243F8042DC1
:1040D0009842FBD1A5B17068844211D2B268002128
:1040E000C5F1200602EB840302EB8004186800FA95
:1040F00005F20A4320FA06F143F8042B9C42F5D15D
:104100000020F8BD13F01F01304618BF012101EB5C
:104110005311FFF769FD0028BFD0F8BD002BD9D09F
:10412000B068D0E7F0B443684D099D4205D8CA068F
:1041300001F01F0605D09D4203D10021F0BCFFF71E
:10414000A1BECDB15A1B0BD08468214604EB850477
:1041500001EB820754F8045B41F8045BB942F9D1E2
:10416000934209D98168002401EB820201EB8301AB
:1041700042F8044B9142FBD18EB183B18468C6F101
:104180002005002004EB830353F8041D21FA06F2F6
:104190009C4242EA000201FA05F01A60F4D10020C4
:1041A000F0BC7047436870B473B16FF040448268EC
:1041B0001C4452F8245002EB84021DB11BE052F85B
:1041C000044DC4B9013BFAD14A68002A46D06FF0C9
:1041D00040448D68144455F8243005EB84011BB12C
:1041E0003EE051F8044D94B9013AFAD1181C18BFB9
:1041F000012070BC70474A684AB36FF040448D6834
:10420000144455F8246005EB8401002EECD09A424A
:104210001DD39A421ED8BBB16FF0404481681C4444
:10422000A20051F8240055F8244011442A44844245
:104230000DD307D90EE051F8044D52F8040D844215
:1042400005D807D3013BF6D1184670BC7047012052
:1042500070BC70474FF0FF3070BC70471046C8E725
:104260000023D6E72DE9F04F5C6887B00134119D3B
:10427000AC4272D8129C2668002E6ED01F460C46A7
:1042800093468246AA003046002102931EF0E8FCC5
:104290002368D7F80480129A4345126828BF434622
:1042A00004920393B8F1000F54D008F101030026E3
:1042B00015469B00019602EB03090593019E2A46D1
:1042C000DAF80830DBF8001053F8264033460F6860
:1042D0002E680133039807FB0467109E0193234661
:1042E000FFF7CCFA06FB07F702992A463B46404601
:1042F0008968FFF7C3FA002345F8044B49F8043FE7
:10430000019B9845DAD1059B049A043B1A44049218
:10431000059A0499DAF808001EF08EFC029C5046BB
:104320002146FFF73FFF002809DB4046DAF8082066
:10433000A168FFF775FA002007B0BDE8F08F129B67
:104340004046DAF808101A68FFF76AFA002007B04A
:10435000BDE8F08F04230593DAE76FF00300EBE785
:10436000436870B473B16FF0404482681C4452F8E3
:10437000245002EB84021DB11EE052F8044DDCB95A
:10438000013BFAD14A6882B16FF040448E68144410
:1043900056F8243006EB84041BB150E054F8045D59
:1043A000BDB9013AFAD11BB91A46104670BC704724
:1043B000026870BC104670474A68002AF8D06FF057
:1043C00040448E68144456F8245006EB8404002DB3
:1043D000E7D09A42ECD39A4225D802680968002AAD
:1043E00001DD002929DB002901DD002A22DB002B69
:1043F000DAD06FF0404480681C44A10050F824508B
:1044000056F8244008443144AC42CED307D90FE0DB
:1044100050F8045D51F8044DA542C6D808D3013BBD
:10442000F6D11A46C1E70A68524270BC104670477E
:104430005242BAE74FF0FF32B7E70122B5E7002357
:10444000C9E700BF0B4610B583EAE37284B0002BC6
:104450004FF00104A2EBE37201A9B4BF4FF0FF33A8
:10446000234602940092CDF80CD00193FFF778FF19
:1044700004B010BD90422DE9F041074664D0884257
:10448000144603D0FFF71EFC0646C8B90123656831
:104490003B6075B16FF04042A3682A4453F8221084
:1044A00003EB820319B10EE053F8041D59B9013D25
:1044B000FAD138460021BDE8F041FFF795BB06462A
:1044C0003046BDE8F08129463846FFF78DFB0646A9
:1044D0000028F5D1A068B6463446B968043800E033
:1044E000C6460B680EF1010850F8042FE418144476
:1044F0002CBF0123002341F8044BA24294BF1C4669
:104500005C1C45450A46EBD8002CD9D00EF10205BB
:104510004FEA88080BE01368013508F104082344CA
:10452000A34242F8043B34BF01240024C8D26B1ECE
:1045300079689942EFD829463846FFF755FB00289D
:10454000BDD1BA684244E6E70C469FE72DE9F04149
:10455000884684B00546114640461746FFF722FEBE
:10456000002838DB00230122AF4201AE0192029302
:10457000039325D0A84505D041462846FFF7A2FB66
:104580000446B0B9012378682B6010B36FF0404344
:10459000B968034451F8232001EB83031AB104E006
:1045A00053F8042D0AB90138FAD1AA680024FFF79C
:1045B00037F93046FFF704FB204604B0BDE8F08130
:1045C00039463046FFF77EFB04460028F1D13746D6
:1045D000D0E7B968E9E76FF00900EEE7F8B50E68D3
:1045E0000746136803FB06F3002B04DBFFF742FFCB
:1045F00000B93E60F8BD0D46114614462846FFF747
:10460000D1FD002807DB224629463846FFF79EFFEA
:104610000028EED0F8BD2A4621463846FFF796FF1F
:104620000028E7D176423E60F8BD00BFF8B50E68BD
:104630000746136803FB06F3002B0EDD0D461146FB
:1046400014462846FFF7AEFD00280CDB224629461B
:104650003846FFF77BFF20B1F8BDFFF70BFF0028BE
:10466000FAD13E60F8BD2A4621463846FFF76EFF74
:104670000028F1D176423E60F8BD00BF134630B548
:10468000002B85B083EAE3744FF0010501AACDF851
:104690000CD0A4EBE374B4BF4FF0FF332B4602956C
:1046A00000940193FFF79AFF05B030BD134630B573
:1046B000002B85B083EAE3744FF0010501AACDF821
:1046C0000CD0A4EBE374B4BF4FF0FF332B4602953C
:1046D00000940193FFF7AAFF05B030BD2DE9F04F1C
:1046E000074689B0002301208F4291460290059031
:1046F00003930493069307935ED002AB884601931D
:104700004F450DF1140B60D0D8F804507DB16FF017
:104710004042D8F808302A4453F8221003EB8203B1
:1047200019B104E053F8042D0AB9013DFAD1D9F8C2
:1047300004407CB16FF04042D9F80830224453F86D
:10474000221003EB820319B104E053F8042D0AB9D7
:10475000013CFAD129193846FFF746FA824648B19A
:104760005846FFF72DFA0198FFF72AFA504609B08C
:10477000BDE8F08F01463846FFF784FB82460028EB
:10478000EED18CB16FF040462644B600D9F808301F
:104790002846BA689B593244D8F80810FFF76EF8DB
:1047A000013CA6F10406F1D1D8F80020D9F8003078
:1047B00003FB02F33B60D3E702A80190FFF782FA04
:1047C000824658B9DDF804809AE739465846FFF723
:1047D00079FA82460028C3D1D94695E70DF1140B2A
:1047E000BEE700BF8B1E0E2B00F2D3802DE9F04FE9
:1047F0000C468BB04FF00009012605461046924644
:104800000F460496CDF81490CDF818901EF058FA83
:10481000102C804632D049462846FFF733FB01462C
:1048200000283DD1B8F1000F00F0AD8083460DF1B6
:104830001009BBF1000F00F0AF801AF80B20A2F1B5
:104840003004A2F14101E0B2092888BFFF24052904
:10485000A2F1610198BFA2F13704052998BFA2F126
:104860005704A7421FD86FF0050148460191FFF792
:10487000A7F9019908460BB0BDE8F08FB0F1804F61
:1048800080F084808100284611F01C0F14BF33464D
:104890004B4603EB5111FFF7A7F90146002831D031
:1048A0000DF11009E1E703AB294607AA4846079630
:1048B000089609930397FFF711FF01460028D4D10A
:1048C0002B6807AA4946012B10D003AB2846039456
:1048D000079608960993FFF7A9FE01460028C4D160
:1048E0000BF1010BD845A4D10021BEE70793284660
:1048F000089303AB03940993FFF770FE0146002869
:10490000EED0B2E72846FFF7BDFA01460028C7D12E
:10491000B8F1000F37D00AEB080301938300B8F118
:10492000010F4FEAD00608F1FF3803F01C033CD01A
:10493000019A013012F801ED0192AEF13002AEF1B0
:104940004109AEF1610C5FFA82FBBBF1090F88BF30
:10495000FF22B9F1050F98BFAEF13702BCF1050F88
:1049600098BFAEF15702944202FA03F302D80DF158
:10497000100978E7AA6852F826703B4342F82630BF
:10498000B8F1000FCAD10DF11009ADE76FF00300C7
:1049900071E76FF0030070479AF800202D2A7FF42A
:1049A0004CAF4FF0FF322A609AE79AF800202D2A88
:1049B000BED14FF0FF330DF110092B6055E700BF5A
:1049C00000B585B00123009201AA01930293CDF8AE
:1049D0000CD0FFF783FE05B05DF804FB2DE9F04F26
:1049E000A7B04FF0010B0024814620AE019118467C
:1049F00023A91D4617462094CDF88CB0CDF890B071
:104A00002596FFF7ADFC00286FD029463846CDF833
:104A100050B015941694CDF85CB018941994CDF854
:104A200068B01B941C94CDF874B01E941F94CDF8FC
:104A300080B021942294FFF7B5FBA04220DB0DF15A
:104A4000500839460DF15C0A4046FFF73BF9044631
:104A500080B31AAB0DF1740B00934046FFF7B0F82A
:104A60005046FFF7ADF80098FFF7AAF85846FFF751
:104A7000A7F83046FFF7A4F8204627B0BDE8F08F2E
:104A8000B9F1000F05D021464846FFF7FBF904466F
:104A900038B9019B2BB339460198FFF713F9044647
:104AA000F8B11AAB0DF150080DF15C0A0DF1740B61
:104AB0000093D2E729465046FFF704F90446002840
:104AC000C7D11AAB7968CDF85CB0023118460093B3
:104AD000CDF850B0FFF788F8044648B10DF1740BDB
:104AE000BBE7002027B0BDE8F08F6FF00B00C4E7F4
:104AF00001460098FFF7C6F90DF1740B0446002833
:104B0000ABD102215846FFF76FF804460028A4D124
:104B100003213046FFF768F8044600289DD150462F
:104B2000FFF724FA00F01F001F2800F0C280C0F138
:104B30001F03404619460793FFF7A2FA04460028D0
:104B40008BD107995046FFF79BFA0446002884D181
:104B5000159B5046189A0293013B0392013A049325
:104B60009B1A05925A010A9311460692FFF788FA9A
:104B7000044600287FF471AF0A9B9B001C460BE0A3
:104B8000DDF870E05EF8043001334EF80430FFF7D2
:104B90004DFD002840F08F8051464046FFF7E0FB76
:104BA0000028524641464046EADA06995046FFF749
:104BB000B9FA044600287FF450AF05986FF04042E0
:104BC0006FF078438F4980000E94CDF83C900A90A6
:104BD000029810970244034401440A98119504383E
:104BE0008900CDF808A00C9003980391121A1B1AA3
:104BF00092005B0114460693049B059A934240F28F
:104C0000AE80039B16990433199A0A980D93125893
:104C1000CB581C9D9342C0F085804FF0FF332B5141
:104C20002B5913AF039A0133DDF83490043ADDF8C1
:104C300008A02B510B922DE0199B0C9A9A580A99B7
:104C4000026023AA5B5859461C9D436058462B5965
:104C500001252597239513932495FFF73FFD0146E2
:104C600058BB3046FFF70EF928BB049A229BAA4294
:104C7000169D01D00B9AA858039A314618605846E1
:104C8000AA585A6055F809209A60FFF769FB002876
:104C900015DD1C9D2B5900215846013B2B51FFF778
:104CA000F1F840B9059B1F98002BC5D1059A199BB7
:104CB000C5E707944CE70446CFE60446CDE61C9BC7
:104CC0000125514623AA1B595846CDF808A0239523
:104CD000139324952597FFF701FD002840F08D8060
:104CE00006995846FFF7CCF9002840F086805A46CE
:104CF00041464046FFF79AFC00287ED1139023A935
:104D00004046239524952597FFF72AFB00285FDB73
:104D1000049B043C013B0493069B203B06930B9BA6
:104D2000039369E703982F190858AAB10993002340
:104D30000893DDE9089A4B4649EA0009484651467E
:104D40001DF0B2FF00234FF0FF328B4208BF8242BA
:104D500000D21046386063E74FF0FF30FAE7DDF825
:104D60003C900E9C109F119DDDF808A0B9F1000F3A
:104D70000BD000994846FEF7A5FF00289BD12B6871
:104D80003A6803FB02F3C9F80030019B002B3FF4A3
:104D900064AE07994046FFF7C5F900288BD13B6800
:104DA0004146019F14933846FEF78CFF002882D1BC
:104DB000012513AB139023A93846239524952593F9
:104DC000FFF7CEFA00287FF448AE3D60044644E683
:104DD00002995846FEF776FF78B906995846FFF7CC
:104DE0004FF950B95A4641464046FFF7F7FB20B904
:104DF0001C9A1359013B13518AE7DDF808A00446B9
:104E00002BE600BFFEFFFF3F70B51C4684B00126B5
:104E100084EAE475002C01AB0296A5EBE475B4BFFF
:104E20004FF0FF343446CDF80CD000950194FFF7D5
:104E3000D5FD04B070BD00BF2DE9F04184B0002560
:104E4000012604468846104601A917460296CDF869
:104E50000CD08DE86000FFF783FAA8422ADB4246B7
:104E600028463B462146FFF7B9FD00BB054602E058
:104E7000FFF7B4FBD8B901A920460296CDF80CD0B3
:104E80008DE86000FFF76CFA00283A46214620467C
:104E9000EEDB02E0FFF7CAFB48B939462046FFF7D0
:104EA0005FFA00283A4621462046F3DA002004B093
:104EB000BDE8F0816FF00900F9E700BF131E15D0BF
:104EC00017DB012B30B4044604D0022B06D030BCD3
:104ED000FEF744BE0020206030BC70478B68002085
:104EE0001B6803F00103236030BC70476FF00B00B8
:104EF00070476FF0090070478B1E0E2B44D82DE9C8
:104F0000F04186B0164607460C460A46014601A8FF
:104F1000FFF7D4FF20BB4FF0010802AD014603AB01
:104F20003A4638460294CDF80C80CDF810800595AD
:104F3000FFF754FD034698B903A938460293CDF80C
:104F40000C80CDF810800595FFF70AFAA0B9019BF7
:104F5000092B08D9326837330020511C3160137097
:104F600006B0BDE8F081326830330020511C31605A
:104F7000137006B0BDE8F081214638463246FFF78F
:104F8000BBFF0028E3D0EBE76FF00300704700BFE2
:104F90002DE9F0438C1E85B00E2C00F282800C4669
:104FA00080461D461646FEF7E1FF032C25DC431C18
:104FB000033003F001031844A84275D8D8F8002044
:104FC000002301210096013202930191039360D0E6
:104FD000102C17D001AF41463846FEF773FE054648
:104FE00000283FD1019B013358D021466A463846FC
:104FF000FFF782FF054658B334E04008102C08BF85
:105000004008D4E7D8F8041009B36FF040400027F7
:10501000DFF8A0E00844800004235D1ED8F80820D3
:10502000CC184FEAC50C135823FA0CF303F00F0CFD
:1050300013F0FF034FEA23131BD1D7B9022C18D06A
:105040002B46002DE9D10139A0F10400E4D101AFD4
:10505000009B0022591C154600911A70009B9E1B54
:105060000C9B1E603846FEF7ABFD284605B0BDE838
:10507000F083009A01271EF8033002EB07091EF89F
:105080000C40CDF800901370009BDA1900921C7050
:10509000D6E772182D230092337099E7012301930C
:1050A000A3E76FF00300E1E70C9B18606FF00700C7
:1050B000DCE700BF1811002083681B68DB0729D5D7
:1050C0002DE9F04186B00546144F03240DF1080880
:1050D000012608E0FFF7F2FEA0B9019BABB157F83B
:1050E000044F002C0EDD03A9284602940396049673
:1050F000CDF81480FFF734F900282246294601A88C
:10510000E8DC012006B0BDE8F0816FF00D0006B0CC
:10511000BDE8F0816FF00D00704700BF28540260B9
:105120002DE9F04FA7B04FF0000801259A4617ACC3
:105130000590079118461AA90692CDF85C801A9539
:105140001B951C94FFF70CF94045309E40F3E88016
:10515000DAF808301F68FA0740F1E2801AA90698C9
:10516000CDF85C801A951B951C94FFF7F9F8002880
:10517000C0F2D680BD1C03236D0005F008053D4438
:1051800005FB07F2013BC2F1020202FB05F5F7D174
:105190004FF0010B194630221AA80F931DAC109343
:1051A0001293139315931693CDF838B0CDF844B0FD
:1051B000CDF850B01DF054FDDAF80430059803EB3B
:1051C0000B084146FEF710FD8146F0B111AF0DF11D
:1051D00050082046FEF7F4FC2046FEF7F1FC384666
:1051E000FEF7EEFC4046FEF7EBFC2EB1B3681BB1B8
:1051F000484627B0BDE8F08F0DF1380B5846FEF752
:10520000DFFC484627B0BDE8F08F41462046FEF758
:10521000EBFC11AF814610B10DF15008D9E74FEA10
:1052200048013846FEF7E0FC81460028F4D1079B90
:105230000DF150081B680893013374D0002E00F064
:10524000B980B368002B7BD00DF1380B30687168E2
:105250005B46B26807C3DDF81C9051464846FFF72D
:105260007FF80028C0F28180494652462046FFF769
:10527000E3FD81460028ACD16B42129813A91A466F
:1052800007930291534600920FA9019010AA20465D
:10529000FEF7E8FF814600289BD159460598FEF7A6
:1052A00011FD8146002894D113A926AA129B0DA8AE
:1052B000029101250799DDF814B0009118A942F870
:1052C000340D5846019353460B920D95179518953A
:1052D000FEF7C8FF814600287FF47BAF5A4603469D
:1052E00006980832406809925A46CB46A1460432D5
:1052F00004460A92BBF1000F00F097800BF1FF3BD0
:10530000069A926852F8245025FA0BF505F001052B
:1053100085F00102002B63D1002A61D00023E9E768
:105320006FF0030065E707994046FEF7CBFC814626
:1053300000287FF44EAFCDF81C80CDF850B07DE74B
:105340000DF1380B01215846FEF79CFD8146A8B1AE
:105350002046FEF735FC2046FEF732FC3846FEF7C5
:105360002FFC4046FEF72CFC40E707992046FEF74D
:10537000A9FC814600287FF42CAF7DE7DAF8041001
:1053800058468901FEF77CFE814600287FF421AF54
:10539000524659465846FFF74FFD814600287FF494
:1053A00018AF002E3FF457AF5B4607CB30607160FB
:1053B000B26050E70DF1380B01215846FEF762FD4F
:1053C00081460028DAD02046FEF7FAFB2046FEF799
:1053D000F7FB3846FEF7F4FB4046FEF7F1FB0DE71E
:1053E000012B00D132BB129813AA0799534602929F
:1053F00000910190099A0A990598FEF733FF38BB8E
:105400006900129A13AB0598294401921AAA079DC4
:105410000293534602EB8101009501F10802043129
:10542000FEF720FFA0B9012364E7A4B1013C4FF0CF
:105430001F0B65E7129813AA079953460292009131
:105440000190099A0A990598FEF70CFF0028EAD006
:105450004C468146BDE613A9129B4FF0010E0DADDF
:1054600002914C46079901935346009118A90B9A53
:1054700005981995CDF834E0CDF85CE0CDF860E002
:10548000FEF7F0FE814600287FF4A3AE089B0133AF
:105490007FF49FAE069A5368002B3FF49AAE936850
:1054A0001B68DB077FF595AE059A089910461160D9
:1054B0005146FFF793F881468BE600BFB1F5007FB8
:1054C0001BD870B5ADF5007D154606460A460C465C
:1054D00018466946A847054640B168464FF4007132
:1054E0000CF03CFB28460DF5007D70BD2246304691
:1054F0006946FEF769FD0546EFE76FF00300704768
:105500002DE9F04F00239BB00124054609938846FE
:105510000A9301460C9391460D9317AA0F9308A87E
:105520001093129313931593169307AB08940B944F
:105530000E94119414940794179418941993FFF7E8
:1055400075F88346002837D1099F8FB10A9E01461E
:10555000043E56F8044F002203E0202A01F1010125
:1055600025D024FA02F3013213F00103F5D00F46DF
:105570000BAE08A93046FEF7A5FB834618B314AB63
:1055800011AC0DF1380A029308A8FEF719FB30465A
:10559000FEF716FB5046FEF713FB2046FEF710FB06
:1055A0000298FEF70DFB58461BB0BDE8F08F0130A6
:1055B000B842CED11F46DBE714AB0BAE11AC0DF1F8
:1055C000380A0293E0E739463046FEF7ABFD8346E2
:1055D0000028D4D12846FEF7C9FC40F21353984264
:1055E00016D840F25133984200F2C88040F2892325
:1055F000984200F2C680B0F5AF7F80F0CD80F928E8
:1056000000F2CD80962834BF1B231223049301E0BF
:1056100002230493002311AC0397059369684B465A
:10562000424620468900FFF749FF8346002840F0A4
:105630009D8008A92046FEF793FE002810DB204637
:10564000FEF794FC824608A8FEF790FC0AF10101DF
:10565000091A2046FEF766FD8346002840F0868042
:10566000139A4FF0200A039F136843F0030313605B
:1056700069684B46424620468900FFF71FFF002815
:1056800073D12046FEF772FC834608A8FEF76EFC35
:10569000834563D8BAF1010A08A920466BD0FEF70A
:1056A0005FFE0028E4DA012317A920460793179329
:1056B000189307AB1993FEF753FE0028D8DD14ABFF
:1056C000039714AF3246009321462B46204602979B
:1056D000FFF726FD834600284AD108A92046FEF799
:1056E0003FFE002850D0012317A9204607931793A7
:1056F000189307AB1993FEF733FE002844D0039BA1
:10570000012B50D94FF0010A039F19E00EA8FEF7B4
:10571000E5FF2A460EA9002859D12046FFF78CFB49
:1057200017A9002853D101232046079317931893F4
:1057300007AB1993FEF714FE002833D0574531D03C
:105740000EAB08A920460AF1010A0393FEF708FEF2
:10575000224621460028D9D1039729E0C0EB0B014E
:105760002046FEF7DFFC002894D0834614AB02935A
:105770000DF1380A08E76FF00D0015E703230493D5
:1057800048E70423049345E7059B049A01339A42B2
:1057900005937FF443AFEBE7082304933AE70C2328
:1057A000049337E7039708A92046FEF7D9FD58B9B7
:1057B000012317A9204607931793189307AB199352
:1057C000FEF7CEFD0028DFD16FF00D0BD0E7DDF83E
:1057D0000CA08346D8E600BF2DE9F0478EB0002329
:1057E0000124074605A815460294059408940393DE
:1057F00004930693079309930A93FEF763FA70B133
:10580000824608AC02A8FEF7DBF905A8FEF7D8F936
:105810002046FEF7D5F950460EB0BDE8F08708AC3B
:1058200029462046FEF74EFA82460028EAD1DDF8E6
:1058300018E0BEF1000F00F0D780079E0146043E3D
:1058400056F8045F002204E0202A01F1010100F073
:105850009E8025FA02F3013213F00103F4D0099E71
:10586000C6B10A9B4FF0000CA3F1040E60465EF82F
:10587000045F002204E0202A00F1010000F08D8086
:1058800025FA02F3013213F00103F4D0814228BF5C
:1058900001460E46314605A8FEF744FC8246002824
:1058A000B0D131462046FEF73DFC82460028A9D102
:1058B000012381460DF104081D46089305930BA9A9
:1058C00005A8CDF804900B950C95CDF83480FEF723
:1058D00047FD00287AD00699A1B1079B4FF0000A36
:1058E000A3F1040C50465CF804EF002203E0202AE8
:1058F00000F1010040D02EFA02F3013213F001034F
:10590000F5D0014605A8FEF70DFC824600287FF47D
:1059100079AF099991B10A9B8646A3F1040A5AF816
:1059200004CF002203E0202A0EF1010E2AD02CFA27
:1059300002F3013213F00103F5D071462046FEF761
:10594000F1FB824600287FF45DAF214605A8FEF7F3
:1059500007FD002828DB05A922460846FEF7F6FDCC
:10596000824600287FF44EAF012105A8FEF7DAFB3E
:1059700082460028A3D045E70AF1010A5145B2D179
:105980001946BFE701308842C9D11946D6E7013030
:1059900086457FF455AF194661E70CF1010CB4451B
:1059A0007FF465AF1E4675E705AA21462046FEF73F
:1059B000CDFD824600287FF425AF01212046FEF769
:1059C000B1FB824600283FF47AAF1BE73146204600
:1059D000FEF756FB824600287FF414AF3846214676
:1059E000FEF770F982460DE7714638E72DE9F04F72
:1059F000A5B001270E4614461EAD009021A9104601
:105A00001E97219722972395FEF7AAFC002840F3C2
:105A1000148100232246314606A80A930B930D9366
:105A20000E93109311931393149307930893169363
:105A3000179319931A931C931D931F9320930997FF
:105A40000C970F9712970697159718971B971E9705
:105A5000FFF7C2FE034660B30DF1240A0CAE0DF150
:105A600054080DF160090FAA0DF1480B01921BAF0C
:105A700050460093FEF7A4F83046FEF7A1F80198CF
:105A8000FEF79EF85846FEF79BF806A8FEF798F832
:105A90004046FEF795F84846FEF792F83846FEF77E
:105AA0008FF82846FEF78CF8009B184625B0BDE815
:105AB000F08F05AB21A906A805972197229723937C
:105AC000FEF74EFC10B16FF00D03C5E70DF1240A8F
:105AD000314622460CAE5046FFF7AEF90346002889
:105AE000BDD151463046FEF7EDF80DF1540803469E
:105AF0000028B6D121464046FEF7E4F80DF16009D2
:105B000003460028AFD121464846FEF7DBF803469E
:105B10000028A8D10FAB39460DF1480B1846019368
:105B2000FEF7B0F903460028A1D101465846FEF71A
:105B3000A9F91BAF034600289AD101463846FEF763
:105B4000A1F90346002893D101212846FEF79AF9CE
:105B5000034600288CD10394019C02900E9B1B6885
:105B6000DA0726D46CE0FEF7DDFA42463946002813
:105B700061D11D9B38461B68DB0703D4209B1B6843
:105B8000DB070AD5FEF72AFD52462946002852D1E6
:105B90002846FEF74BFD00284DD101213846FEF77F
:105BA000C1FA0121002846D12846FEF7BBFA002899
:105BB00041D11A9B012148461B68DB07D3D54946D2
:105BC0003046FEF7CDFB002864DB4A4631463046BE
:105BD000FEF72CFD00282ED13A4621462046FEF73E
:105BE00025FD40BB2A4659465846FEF71FFD10BB0F
:105BF000029B21A93046059301232193229305ABF3
:105C00002393FEF7ADFB0028A8D1039C0290029BD2
:105C100021A93846059301232193229305AB2393B1
:105C2000FEF79EFB002822463946384624DAFEF766
:105C3000D5FC0028EBD003461AE76FF0030035E7E8
:105C400001213046FEF76EFA0028F4D1119B1B6843
:105C5000D80735D4149B1B68D90731D401212046BD
:105C6000FEF760FA0028E6D101215846FEF75AFAFD
:105C700000283FF473AFDEE721463846FEF770FB9D
:105C8000002822463946384629DBFEF7CFFC00289B
:105C9000F2D0D0E7324649464846FEF7C7FC002816
:105CA000C9D1224639463846FEF7C0FC0028C2D189
:105CB0005A4629462846FEF7B9FC002898D0BAE78C
:105CC000424621462046FEF789FC0028B3D15246C1
:105CD00059465846FEF7AAFC0028BFD0ABE700980B
:105CE000FDF7F0FF0346C3E62DE9F04188B04668B2
:105CF00080680124002301AD0F46049005A902A885
:105D00009046039602940594069401930795FEF736
:105D100027FB38B305A902A80194059406940795BA
:105D2000FEF71EFBF0B1022305A902A80594069414
:105D300007950193FEF714FB18B9002008B0BDE8E1
:105D4000F08102A8FFF7B8F920B10128F5D008B01A
:105D5000BDE8F0814246394602A8FFF7D1FB08B002
:105D6000BDE8F0816FF00D00E8E700BF2DE9F04FCE
:105D700040F6FD77A1F1030E8DB0BE45169E00F2F0
:105D8000C68011F01F0A02924FF001021D464FF02B
:105D90000003044618BF92468B4607930AEB511A3C
:105DA0000893DFF890914FEA8A0706924FEA4A1A61
:105DB000A7F104080197C1EB0A03039333462A466F
:105DC00001992046FFF77AFBB0B9A36853F8082081
:105DD0004A45F3D9D3451AD3D3F800E03246029F9F
:105DE00029464EF0010C2046C3F800C0BFB9FFF7AA
:105DF0007BFF10F10E0FE1D0034606AF384601934A
:105E0000FDF7DEFE019B18460DB0BDE8F08F03994B
:105E10002046FEF787F90028EED1A368DCE74EF0B4
:105E200003070322214604A81F60FDF797FE0346DF
:105E300000286AD1049B002B6CD0012B55D006AFF3
:105E400021463846FDF73EFF03460028D6D1012102
:105E50003846FEF767F903460028CFD14FF00C0A09
:105E60004FF001080DF1140922E013F10E0F09AAF9
:105E700021462046C2D1CDF814A0CDF82480CDF81B
:105E80002880CDF82C90FEF7A9FB03460028B5D159
:105E9000062309AA394638460593CDF82480CDF863
:105EA0002880CDF82C90FEF799FB03460028A5D159
:105EB0002046FFF701F903460028D6D13846FFF700
:105EC000FBF803460028D0D1324629462046FFF78A
:105ED00017FB03460028C8D1324629463846FFF74B
:105EE0000FFB03460028C0D188E74FF0040E05AF32
:105EF00009AA2146204609930A93CDF814E00B978E
:105F0000FEF76CFB0346002899D006AF76E76FF0EA
:105F1000030079E70820012305AF09AA059021466F
:105F2000204609930A930B97FEF758FB0346002877
:105F3000EBD184E733F304B52DE9F04F9FB0002394
:105F4000012482467E4A06A81021069409940C94E6
:105F50000F94129415941894079308930A930B9333
:105F60000D930E9310931193139314931693179309
:105F700019931A93FEF736FC20B3834609AC0CAD97
:105F80000FAE15AF0DF160080DF14809BAF1000F21
:105F90002AD106A8FDF714FE2046FDF711FE28467B
:105FA000FDF70EFE3046FDF70BFE4846FDF708FEF6
:105FB0003846FDF705FE4046FDF702FE58461FB085
:105FC000BDE8F08F09AC5F4A10210CAD2046FEF70A
:105FD00009FC834640B30FAE15AF0DF160080DF11B
:105FE0004809BAF1000FD4D0594657481CF044FE76
:105FF00006A8FDF7E5FD2046FDF7E2FD2846FDF782
:10600000DFFD3046FDF7DCFD4846FDF7D9FD38469B
:10601000FDF7D6FD4046FDF7D3FD0A201CF038FE03
:1060200058461FB0BDE8F08F484A102128460FAEF1
:10603000FEF7D8FB834628B115AF0DF160080DF1CE
:106040004809A3E72A4606A9304615AFFEF746FBE6
:10605000834620B10DF160080DF1480996E73C4AEE
:1060600010213846FEF7BEFB83460028F2D1BAF174
:10607000000F19D139463046FEF772F938B10DF1EB
:1060800060080DF1480906A84FF0010B82E70DF1F9
:1060900048092B4606AA30464946FEF79FFC834630
:1060A00020B30DF1600874E72A481CF0E5FD39467D
:1060B0003046FEF755F948B10DF160080DF1480979
:1060C00025481CF0B5FD4FF0010B8DE70DF1480997
:1060D00022481CF0ADFD2B46494606AA3046FEF785
:1060E0007DFC834608B30DF160087DE71C4A102152
:1060F0003846FEF777FB83460028D2D10DF16008C1
:10610000184A10214046FEF76DFB834600287FF4B5
:106110003DAFBAF1000F40F0B18039463046FEF78E
:106120001FF908B34FF0010B33E70D4A1021384631
:10613000FEF758FB83460028E0D00DF1600825E704
:106140001C120020A01200206C1500202413002037
:106150008813002068140020D01100208011002036
:1061600084140020A814002041464846FEF7F8F8A1
:10617000002888D1CDF800A02B46224606A930463B
:10618000FEF7CEFF834600287FF403AF724A10214A
:106190003846FEF727FB834600287FF4FAAE3946DF
:1061A0003046FEF7DDF800287FF46DAF2A4606A9D9
:1061B0003046FFF71BFC834600287FF4EAAE674AAF
:1061C00010213846FEF70EFB834600287FF4E1AE2F
:1061D00039463046FEF7C4F800287FF454AF604BD0
:1061E0000022C346B8462F4625461C46029254F864
:1061F000081C3046FDF746FE0346002840F0A58007
:1062000054F8041C4846FDF73DFE4A460346314615
:10621000002840F09A8006A8FFF7DEFA1BA9034683
:10622000002840F0928022680123039006A882EAA9
:10623000E27E002A1C9305ABAEEBE27EB4BF4FF0CA
:10624000FF3201221D93CDF814E00C341B92FEF7AF
:1062500087F8039B00286BD1029A0132032A02922D
:10626000C5D12C463D464746D8469B46BAF1000F5D
:106270003FF48FAE3B481CF0DBFCB9E63A481CF01B
:10628000FBFC39463046FEF76BF800287FF418AF68
:1062900041464846FEF764F8834600287FF410AF75
:1062A00030481CF0C5FCCDF800B02B46224606A9AC
:1062B0003046FEF735FF834600287FF495AE264A28
:1062C00010213846FEF78EFA834600287FF45EAE32
:1062D00026481CF0D1FC39463046FEF741F800282C
:1062E0007FF4EEAE1F481CF0A3FC2A4606A93046F8
:1062F000FFF77CFB834600287FF476AE174A102117
:106300003846FEF76FFA834600287FF43FAE184800
:106310001CF0B2FC39463046FEF722F800287FF424
:10632000CFAE10481CF084FC12481CF0A5FC56E7C8
:106330002C463D464746D846BAF1000F3FF4A3AE7F
:1063400002990D481CF098FCBDE62C463D46474698
:10635000D8469B461AE600BF94150020F41500208D
:10636000D05602608011002008150020241500205E
:1063700040150020581600205C1500202DE9F00380
:106380000B680468496840686340214D4840C3F386
:10639000074705EB136155FA83F605EB10682F44A8
:1063A00091F80011C3F3072C96F8006298F80033B7
:1063B00055FA80F897F8009346EA0166C0F307277C
:1063C00098F80011C0F3074846EA09462F4441EA0D
:1063D000036115F8083015F80C0041EA034197F8FD
:1063E000003246EA0020146841EA032380EA336160
:1063F000506883EA314381EA3321634080EA010532
:1064000083EA312182E82200BDE8F003704700BF33
:10641000EC5602604FF48A7200211CF021BC00BFD0
:1064200018B14FF48A710BF099BB70472DE9F04F0A
:10643000C5B01646041D0746019240220D460021B4
:106440000DEB02001CF00CFC20464FF4887200217A
:106450001CF006FCC02E00F01B82B6F5807F00F019
:106460001782802E04D06FF0230045B0BDE8F08F76
:1064700003234FF004094FF0150810263B6000235A
:1064800002936A1E0DF13F010023013312F8010F40
:10649000B34201F8010FF8D3019BC02B00F0038237
:1064A000744904AD4FF0CC0C4FF07F0E66279E234D
:1064B0000020CDF80CC04FF08B0BF4464FF0900A43
:1064C000BE463B222F46A026054608461946CC2349
:1064D0000CE0067A0830417890F802E090F803C0AA
:1064E0000279437990F806A090F807B009040837BC
:1064F0001B0441EA066604A943EA026346EA0C0269
:1065000043EA0B0342EA0E2243EA0A2341F835200C
:10651000013547F8043C062DDBD14022002120A89C
:106520001FAD1CF09DFB0DF161060DF141000378DC
:10653000043010F8051C1B0410F8022C43EA016318
:1065400010F8031CB04243EA020343EA012345F872
:10655000043FECD120A924A851F8043BCA68814229
:1065600083EA0203CB61F7D104A92AAA28A827ADA0
:10657000FFF704FF2AA806A928AAFFF7FFFE29466D
:106580002BA851F8042F51F8203C884283EA0203DB
:106590000B60F6D12AAA08A928A8FFF7EFFE28AABF
:1065A0002AA80AA9FFF7EAFE019B802B12D923A98A
:1065B00051F8042F0B698D4283EA02030B62F7D175
:1065C0000CA92EAA2CA8FFF7D9FE2CAA2EA80EA93A
:1065D000FFF7D4FE029B0121219A0DF1C00E4FEA74
:1065E000031A254B0D46319203EB0A07209B239A91
:1065F00076463093229B33923293C5EB05130135D7
:10660000E1B103F01F033199309AC3F120009A40A1
:10661000C1404A403261319A32999A40C1404A4061
:106620007261329A33999A40C1404A40B261309ABD
:106630003399C24001FA03F35340F361052D06F18B
:1066400010060AD017F8011FC5EB05130135002904
:10665000D7D1052D06F11006F4D1029943AF8B0076
:106660001A4603937346511800224FEA011B03494F
:10667000594407E0EC5A02601C5B02603C5B02601C
:1066800011F9012F561C02D0186844F822009F42CD
:1066900003F10403F4D1019B802B42D9249B0AF11E
:1066A000040C8649764630930F25269B8C44259A08
:1066B0003293279B3192339305F01F031CF8012B73
:1066C0000F35C3F12001C2B13098319A9840CA40C9
:1066D000424032613198329A9840CA4042407261D9
:1066E0003298339A9840CA404240B2613398309A07
:1066F00000FA03F3CA405340F3614B2D06F1100634
:10670000DAD10BF113016E4A44A87346114411F912
:10671000012F551C02D01D6844F8225004339842C2
:10672000F5D1289B0AF1090C644D0122299976467E
:106730002A98AC44309315462B9B31913393C5EB8B
:10674000051332900135E2B103F01F033199309AFD
:10675000C3F120009A40C1404A403261319A3299D7
:106760009A40C1404A407261329A33999A40C1407E
:106770004A40B261309A3399C24001FA03F3534060
:10678000F361052D06F110060AD01CF8012BC5EBAC
:1067900005130135002AD7D1052D06F11006F4D1D5
:1067A0000BF12802464973460A4401E012F9019FA1
:1067B000B9F1FF3F02D0196844F829109F4203F154
:1067C0000403F3D1019B802B43D92C9B0AF10C05C8
:1067D0003A4977462D9A0F260D4430932E992F9BD8
:1067E00031923291339306F01F0315F8012B0F36C7
:1067F000C3F12001C2B13098319A9840CA4042405A
:106800003A613198329A9840CA4042407A6132984F
:10681000339A9840CA404240BA613398309A00FA9D
:1068200003F3CA405340FB614B2E07F11007DAD146
:106830000BF13B02224B44A81A4412F9013F591CA8
:1068400003D0DEF8001044F823100EF1040E70455A
:10685000F3D10298039A430011461A4A03440144B3
:106860001B0102EB810203F1D0008033204423445A
:1068700001E012F9018FB8F1FF3F02D054F828105F
:10688000196004339842F4D1002045B0BDE8F08F80
:106890000423019A4FF0FF394FF019083B600123A0
:1068A000D6080293EDE50DF14F030DF1570113F8F2
:1068B000012FD2438B421A72F9D1F1E51C5B0260C1
:1068C0003C5B0260DC5B02602DE9F041C6B00C4627
:1068D000154600214FF48A72804601A81CF0C0F9C9
:1068E0002A46214601A8FFF7A1FD0746002842D10C
:1068F000019B02A808F1140E08F11C02A3F1040682
:10690000C8F80030B6FA86F67609F31CF6009B014B
:1069100006F1160100EB030CC358DCF80400ACF1DF
:106920000805C8F80430ACF11003C8F80800DCF81A
:106930000840DCF80C00C8F80C40C8F810009C684F
:106940000139D86802F1080242F8104CA3F108039B
:1069500042F80C0CF3D17342153605EBC3030EEB72
:10696000C606A3F1B800A83B07C853F8043CB060C2
:10697000F1603261736101A84FF48A710BF0EEF897
:10698000384646B0BDE8F0812DE9F04192F805C0E7
:106990001D4692F804E084B0547A4FEA0C4792F80E
:1069A000088000F1140647EA0E6C5178240492F82E
:1069B00007E0537B090444EA08674CEA0E0E947919
:1069C0001B0492F800C092F80C804EEA042E41EAB3
:1069D0000C6C8168D47A43EA08638EEA010ED17B9D
:1069E0003C43977A0B43D17844EA0724C7684CEAC2
:1069F000010192F80EC092787C4043EA0C230769AB
:106A000041EA022142687B40076881EA020CCDF826
:106A100004E002940393CDF800C0002F4BD034461D
:106A2000B84619E0206B40340099019A0840039B56
:106A300082EAF072019254F80C0C1043484002991B
:106A4000009054F8042C1A434A40029254F8081C4F
:106A50000A4083EAF273039302AA2146684608F1CA
:106A6000FF38FFF78BFC6A4604F1080102A8FFF724
:106A700085FC02AA04F110016846FFF77FFC6A4614
:106A800004F1180102A8FFF779FC02AA04F1200121
:106A90006846FFF773FC6A4604F1280102A8FFF775
:106AA0006DFCB8F1000FBDD106EB8716029C039B6D
:106AB000103E9DE800503268002084EA02070297E9
:106AC0003C0E726853400393B168F2688CEA01018E
:106AD000EB718EEA0202EF704FEA116EE9720E0C52
:106AE000EA73090A85F808E06E724FEA126E160C16
:106AF000A972120A85F80CE0190E6E73AA731E0CA7
:106B000029711B0A390C6E713A0AAB712C706970CD
:106B1000AA7004B0BDE8F0812DE9F047160784B0F3
:106B20000C9C0D9D59D1174680468A461E4669BB6E
:106B300042B303F1FF392068EE466168A268E3685A
:106B4000AEE80F002B46002122464046FFF71CFF0F
:106B50006B1E494605F10F0E13F8010F11F8012FB6
:106B6000734582EA00021A70F6D1EE46103F04F136
:106B7000100405F11005BEE80F0030607160B260CE
:106B8000F360D8D1002004B0BDE8F087002AF9D026
:106B9000013C03F1FF3949466A1E04F1100E14F856
:106BA000010F11F8013F744583EA000302F8013F29
:106BB000F5D12B462A4651464046FFF7E5FE2868A8
:106BC0006968103FAA6805F1100555F8043C30606B
:106BD0007160B260F360DED1D4E76FF02500D2E7D8
:106BE0002DE9F047089E9A4681461C68DDF824800E
:106BF0000A9FA9B17AB1013F15465CB3315D621CB1
:106C000018F8013B013D83EA010307F8013F3355C2
:106C100002F00F04F1D1CAF800400020BDE8F0876F
:106C2000002AF8D0154674B1335D611C18F8012BA9
:106C3000013D83EA020307F8013B325501F00F04DE
:106C4000E9D0002CF0D13346324601214846FFF707
:106C50009BFEE9E73346324601214846FFF794FEA2
:106C6000CCE700BF2DE9F84FDDF828909346146873
:106C70000B9FDDF8308089B182461E460D4694B1E7
:106C800019F80420013D17F8013B04F1010483EADF
:106C9000020304F00F0408F8013BF0D1CBF80040E8
:106CA0000020BDE8F88F32464B4601215046FFF7E1
:106CB0006BFE06F1100212F8013D0133DBB21370D6
:106CC000002BDDD19642F6D1DAE700BF2DE9F04F77
:106CD0004FF0000AFDB02022069051461FA80DF18A
:106CE0002C0B0DF13C091BF0BBFF4FEA6A06069B1B
:106CF0000AF00107B41C002B40F046814FEA8418CB
:106D0000E30000240593B04B03EB8615C03303EB7F
:106D100046130793059A29461FA81BF08DFF42468C
:106D20001FA937A8002F40F00C81FFF7CDFD079B6E
:106D3000DC46A64A234402EB040E186859684E4606
:106D40009A681034DB682035ACE80F00DEF80000EC
:106D5000DEF80410DEF80820DEF80C300FC65A46C4
:106D6000394627AB37A8FFF70FFE1022494627A860
:106D70001BF0AAFF002840F06181202CCAD1069B9D
:106D8000002B40F01C810AF1010ABAF1060FACD1C8
:106D9000069B002B40F0708100230893089B5C1039
:106DA00003F001030593A51C069B002B40F0FB801C
:106DB000AE01874B0FCB8BE80F00854B0FCB89E8DB
:106DC0000F00844BEA001FA803EB44111BF034FFB3
:106DD000059B32461FA937A8002B40F0E180FFF742
:106DE00073FD04EB440400267B4B03EB0413344691
:106DF00007937A4B5F46079A5D4603EB040C059BAD
:106E000002EB040A4E46CDF82490002B40F0A380FC
:106E100013AD9BE80F0085E80F00DAF80000DAF800
:106E20000410DAF80820DAF80C300FC7DCF800009C
:106E3000DCF80410DCF80820DCF80C300FC627ABB7
:106E40001022059937A8019313ABCDF800B0103488
:106E5000FFF762FE1022494627A81BF035FF0028E5
:106E600040F0EC80302CC4D1069B0546002B40F04E
:106E7000EC80089B0133062B08938FD1069B002BD7
:106E800040F0068100274FF01009DFF878B13C464A
:106E90004E46DDF818A0059507F001085048013767
:106EA000BAF1000F07D04F494F4BB8F1000F08BFA0
:106EB00019461BF0E1FE250100224C490DF15C0E44
:106EC0000BEB05030A920D4403F5F1630FCB8EE83B
:106ED0000F0095E80F001FAD85E80F00294604EB71
:106EE0004405802237A8FFF7A1FA414B2D01324615
:106EF00027A87C105919B8F1000F40F085801BF0CD
:106F00009BFE27AB1BAA3146029337A8019317AB10
:106F100000920AAAFFF7A6FE364B324627A8591957
:106F20001BF0D2FE002840F08980BAF1000F40F03B
:106F30009080062F0BEB840300F09380D3F8086950
:106F4000AAE742461FA937A8FFF770FA1F4BDC4695
:106F5000079A2344EFE699E80F0013AE86E80F0086
:106F6000DCF80000DCF80410DCF80820DCF80C3059
:106F70000FC5DAF800004D46DAF80410DAF80820F8
:106F8000DAF80C300FC55AE7174B4FEA8418154A48
:106F900041461948002F08BF1A461BF06DFEAFE6A8
:106FA000FFF744FA1DE70599AE010F4B0D4A134850
:106FB000002908BF1A4631461BF05EFEF9E610486C
:106FC0001BF036FEDFE600BF045C0260245D026059
:106FD000445D0260545D0260B45D0260445E026024
:106FE000B01600205C11002058110020A45E026041
:106FF000D45E0260645F0260781600209416002060
:1070000080110020EC560260234B324627A8591904
:107010001BF012FE27AB1BAA3146029337A801933F
:1070200017AB00920AAAFFF71DFE1C4B324627A899
:1070300059191BF049FE00283FF477AF069BFBB9B6
:10704000012528467DB0BDE8F08F15481BF0F0FD06
:107050000FE713481BF0ECFD062F0BEB84037FF4C6
:107060006DAF069B059D002BEBD00A201BF010FE98
:1070700028467DB0BDE8F08F0A201BF009FE8BE6A4
:10708000012508481BF0D4FD28467DB0BDE8F08FEF
:107090000A201BF0FDFDF5E6645F0260D45E02602D
:1070A00080110020D01100202DE9F04F9BB00793F4
:1070B0002A9B0390022BDDF89890289E00F099817E
:1070C000102B00F296812A9BDB0700F19281249B12
:1070D000073B062B00F28D81B9F57F4F00F28981C5
:1070E0002A9BB9F1000F9DF890409246A3F102024D
:1070F0008B4608BF0023C4F10E0118BF402352087D
:10710000C4F10F041AAF43EAC2030DF13900CAB249
:107110000799E4B215460992249A2B43C5F10F054D
:10712000089407F8303D04951BF086FD791912AAE2
:107130005346279D02F8013D8A424FEA1323F9D1B5
:107140002795002B40F055810DF137011A4612ACFE
:107150009E46084606910DF147011293139305913F
:107160001493159301E014F801EF10F8013F013278
:107170008EEA0303102A01F8013FF4D112AB0DA8E7
:10718000279500901946039800F0F4FC0446002867
:1071900040F00C81B9F1000F71D04B46C9F30728BC
:1071A0000E940DF13A000E2B7C60BC6028BF0E23BC
:1071B000FC6025991A460A938DF839908DF838802D
:1071C0001BF03AFD059B22463846279D194601E0F3
:1071D00010F8018F13F8014F013288EA0404102AD5
:1071E00001F8014FF4D10DAB2795039D009312AB2D
:1071F0002846194600F0BEFC002840F0D7800A9AC5
:10720000B9EB020319463AD01346259ACDF828B0B7
:1072100004461344CDF82CA028960DF15708994642
:10722000AB46DDF818A00E46102E354649463846C6
:1072300028BF10253C607C602A46BC60FC601BF0C7
:10724000FBFC5046059911F8012F10F8013F41450C
:1072500083EA02030B70F6D10DAB1022584600935F
:1072600012AB194600F086FC002840F09F80761B88
:10727000A944D9D1DDF828B0DDF82CA0289E9DF8CE
:1072800024300DF1680907990DF15900249A09F885
:10729000103D1BF0D1FC249B0021089A581C484447
:1072A0001BF0DEFC01238DF86730BAF1000F58D0D7
:1072B0000DF15708279D5446102C28BF1024BBF110
:1072C000000F21D1294622463846C7F800B0C7F83A
:1072D00004B0C7F808B0C7F80CB01BF0ADFC0698B6
:1072E000059911F8012F10F8013F414583EA020387
:1072F0000B70F6D10DAB10220398009312AB194618
:1073000000F038FC002851D10DAB102249460398FB
:1073100000933B4600F02EFC002847D103461AAAF2
:10732000295C1A44013312F8302CDBB24A409C42EB
:1073300032541846F3D8BBF1010F3AD0049B2644CF
:107340002544C4EB0A0A1AAA09EB030112F8013D0D
:107350000133DBB213700BB99142F7D1BAF1000FD0
:10736000A9D1049B00224B4419461AAB03F8012D06
:107370009942FBD10DAB49460398102200933B463E
:1073800000F0F8FB90B90DF15701059B069813F832
:10739000014F10F8012F994282EA04021A70F6D1C7
:1073A0002A9A12A929981BF047FC00201BB0BDE8BF
:1073B000F08F00233146224638463B607B60BB603D
:1073C000FB601BF039FC0698059911F8012F10F8A5
:1073D000013F414583EA02030B70F6D10DAB102249
:1073E0000398009312AB194600F0C4FB0028A5D007
:1073F000DCE76FF00C001BB0BDE8F08F40220021ED
:107400001BF02EBC2DE9F041054617460846012227
:1074100019461E4600F0A6FAA8B143690446102B8F
:1074200011D1284600F0B6FA2146284600F0C2FAEB
:1074300008B1BDE8F0813246394628460123BDE84F
:10744000F04100F0E3BA6FF00C00BDE8F08100BF3E
:1074500010B5044600F09EFA40212046BDE81040D9
:107460000AF07CBB30B589B0119D9DB106951C46D4
:107470000E9D13460A46109903950D9D05910295A0
:107480000F990C9D049100218DE83000FFF70CFE50
:1074900009B030BD6FF00C00FAE700BFF0B589B05D
:1074A0000F9E119C0E9F109D02960494139E129C99
:1074B000009313460A46002101970395059406960A
:1074C000FFF7F2FD09B0F0BD2DE9F0418CB0884620
:1074D0000121129F08AD139E159C01970296149FDF
:1074E000179E00931346059542460397049406960B
:1074F000169DFFF7D9FD80B996B1014603460CAA47
:10750000695C1A44013312F8102CDBB24A409E42E7
:10751000194640EA0200F2D820B90CB0BDE8F0816B
:107520003046FAE7204641460AF018FB6FF00E009D
:10753000F3E700BFF0B50A9C05AD95E8E0401CB14B
:10754000BDE8F040FFF7C0BF6FF00C00F0BD00BF1A
:107550002DE9F04FA5B040220021814614A81BF070
:107560007FFB14A88023534A0221FFF74BFF00BB87
:10757000514F082304264FF0010A089307F10C032A
:1075800007F130053446099307F118034FF0070B54
:10759000B8460A9307F124030B93B9F1000F67D1A2
:1075A00096B9B9F1000F7FD10124204625B0BDE87E
:1075B000F08FB9F1000FF7D0012440481BF05CFBBD
:1075C000204625B0BDE8F08F0CAF3D4B0899224610
:1075D00003933B19029114A83A49059301910021A4
:1075E0000696CDF800B00497374BFFF75DFD0028F5
:1075F000D7D1A219294638461BF066FB0028D0D106
:107600002A19089805965B462E4E2146019014A82B
:107610000492A6F12402039702950096FFF754FF07
:107620000028BED122463846A6F118011BF04CFBBB
:1076300004460028B5D1B9F1000F31D1BAF1030FDA
:1076400005F120051BD0099B0AF1010A58F804BF77
:107650001A4652F8043F08930A9B099253F8044FC4
:107660000A930B9B53F8046F0B93B9F1000F97D05B
:10767000514616481BF000FB002E92D0A4E714A838
:1076800000F088F914A840210AF068FAB9F1000F57
:107690008BD00A201BF0FCFA204625B0BDE8F08F05
:1076A0000B481BF0C5FAC9E70A4801241BF0C0FAD1
:1076B0007BE700BF0060026010600260CC16002013
:1076C000AC600260C4600260A0600260E01600204E
:1076D00080110020D0110020891A0BD030B4002472
:1076E000CDB2234601330444DBB2A55499421C4673
:1076F000F8D830BC704700BF48B3F0B4B2FA82F497
:10770000640934BB431813F8016CB6FA86F38F1B77
:107710005B091760B14238BF43F0010389B10138FA
:107720002246974210F8014F02F101028CBF00255A
:1077300001257440914214FB05F443EA0403DBB2D3
:10774000EFD1002B044808BF0020F0BC704703486D
:1077500070470248F9E700BF009EFFFF009FFFFF50
:10776000891A8023012983540BD930B401240025C0
:10777000234601330444DBB2A55499421C46F8D891
:1077800030BC704770B48D1A012D0AD90124013A1A
:107790000026234601330444DBB2A6549D421C4616
:1077A000F8D8084400F8015C70BC704740B3F0B4EE
:1077B000B2FA82F464092CBB4D1E475DB7FA87F319
:1077C000CE1B5B091660B9422CBF194643F001017C
:1077D00085B1013823469E4210F8014F03F10103A1
:1077E0008CBF002201229D4214FB02F241EA0201F9
:1077F000C9B2F0D10029044808BF0020F0BC70478E
:10780000024870470148F9E7009EFFFF009FFFFF15
:107810008A4206D202440144002302F8013B8A4214
:10782000FBD1704728B1B2FA82F0400908B9116063
:1078300070470148704700BF009FFFFF20B3F0B4BE
:10784000B2FA82F56D090DBB1560D9B146182F4605
:10785000802016F8014D0139002C0CBF3C4647F042
:10786000010484EA0703274601FB03F4254315605E
:10787000347814FB03F34340D8B20029E9D108B9A6
:10788000F0BC70470248FBE7024870470148F7E741
:10789000009EFFFF009FFFFFE0B170B4B2FA82F5D7
:1078A0006D09CDB9156091B108442E4610F8013D1F
:1078B000002B0CBF334646F0010383EA06041E4644
:1078C00001FB04F3013945EA03051560EED1002000
:1078D00070BC7047014870470048F9E7009FFFFF00
:1078E000094803686BB9094A094913782BB141F873
:1078F000043B12F8083F002BF9D1002201230A6053
:1079000003600348704700BF2466012070A902602D
:107910006067012070B578B1084C656855B10646BE
:1079200001E0656835B13146A86808341BF09CF960
:107930000028F6D1284670BD0546FBE770A9026015
:10794000074B5A6852B11978814204D106E013F806
:10795000081F814202D0DA68002AF8D11046704729
:1079600070A9026030B4084C636853B19D69083453
:107970002D788542F8D15D688D42F5D15D789542CC
:10798000F2D1184630BC704770A902604022002135
:107990001BF066B968B110B50446C06B18B1236816
:1079A0009B691B6A984720464021BDE810400AF0B9
:1079B000D5B87047E9B170B5B0FA80F406466409ED
:1079C000ACB90D46402221461BF04AF9AB69DB6990
:1079D0009847F06378B16B783560022B01D0204670
:1079E00070BD064A2046064BF260336170BD054803
:1079F00070BD04487047044870BD00BFD976006070
:107A0000F9760060009FFFFF809EFFFFF0B130B469
:107A10000468C4B12569AD0712D5012B4260037219
:107A200009D06578033D022D05D963B9A369C06B00
:107A30009B6930BC1847A369C06B5B6930BC1847B1
:107A400065689542E9D0024830BC704700487047ED
:107A5000009FFFFF0346002827D002685278022AC1
:107A600023D1042923D8DFE801F0080E141A0300FB
:107A70000020104AD8601A6170470F4900200F4A51
:107A8000D9601A6170470E4900200E4AD9601A6108
:107A900070470D4900200D4AD9601A6170470C49A2
:107AA00000200C4AD9601A6170470B4870470B4898
:107AB000704700BF25780060D9760060F9760060D5
:107AC000617700603D78006085770060AD77006089
:107AD0001178006099780060009FFFFF809FFFFF92
:107AE000C8B138B50368A3B199B1102A0FD81C6981
:107AF000E4070AD4DD68AA420BD304462A4628309C
:107B00001BF09AF8A563002038BD1546F5E7034839
:107B100038BD034838BD0248704700BF809FFFFF53
:107B2000009FFFFF28B103681BB100234362184682
:107B300070470148704700BF009FFFFFB0B1036866
:107B4000A3B15B78062B01D00020704730B51546F5
:107B500083B00C46836B90F9081000F12802C06BCB
:107B60008DE8300005F03CFC03B030BD00487047A4
:107B7000009FFFFF2DE9F04F85B00E9D002800F01B
:107B800082800F4604460168002D7CD01646B1FA6B
:107B900081F25209002A76D148782A600128D1F86A
:107BA000149024D0062800F08780B9F1000F00F06F
:107BB000D0809F4298465ED0022826D0032800F04D
:107BC0008480052874D1896904F11402E06B04F102
:107BD0002803CDF808808DE8840004F124020C69A4
:107BE0003146A04700B92E6005B0BDE8F08F4E4584
:107BF0007ED189693A462E604D68E06B94F9081091
:107C0000AC4605B0BDE8F04F604794F90830002B52
:107C10003BD0012B606A03D1C0EB09039E423CD3E9
:107C2000002867D1002E45D0B6FBF9FA09FB1A6A85
:107C3000BAF1000F00F08480CAEB0606524604F148
:107C40001400B9191AF0F8FF636A53446362002EF6
:107C500030D094F90810226804F12803E06B94698D
:107C600032468DE88001A468A0470028BCD12B686B
:107C70001E442E60B8E7636A2BB9B6FBF9F309FB23
:107C80001363002B98D03448AEE7E368606A002B9A
:107C9000C2D0C0EB09039E42C2D8204432463946C6
:107CA00014301AF0C9FF636A00201E4466629BE725
:107CB0002A4899E7002097E73A463146E06B2E6064
:107CC00005B0BDE8F04F05F051BCD1F818E004F163
:107CD000280294F9081004F12403E06B8DE8840174
:107CE0003246DEF80C40A04700287FF47DAF7AE7EB
:107CF0001B4879E7C0EB090A204439465246143044
:107D00001AF09AFFA64694F9081004F128035EF8C9
:107D100014CB4A46E06BDCF818C0CDF800E0CDF893
:107D20000480DCF808B0D84700287FF45DAF2B68EA
:107D3000C8445744CAEB06064B442B60606271E7A7
:107D400094F90810002986D1E368002B83D0CA4635
:107D500072E7044848E700BF009FFFFF809FFFFFD6
:107D6000809DFFFF809CFFFF002872D02DE9F0412D
:107D7000046882B0002A6ED0B4FA84F35B09002B49
:107D800069D165781360EB1E042B1DD9A5F1090399
:107D9000B3FA83F35B09BBB92678483E012E17D9A5
:107DA000012D3DD0022D52D10E4690F90810074604
:107DB000154601290ED06269436A9A4238D0C268DA
:107DC000002A42D1002B40D1002002B0BDE8F08152
:107DD0001846FAE7C3681BB3816B00F11408002949
:107DE00031D07A6A404698473B68F86B99695A697E
:107DF0008C6897F90810019607F12803CDF80080E8
:107E0000A0470028E1D197F90830BBB939683B6930
:107E100001B149692A46304602B0BDE8F041184731
:107E2000436A0E48002B08BF002002B0BDE8F08175
:107E3000A36907F11408C06B9C68DCE73B6803B1D9
:107E40005B692B60C0E7E168CBE70448BDE7044805
:107E5000BBE7044870470348B7E700BF809DFFFFBA
:107E6000809FFFFF009FFFFFB8B130B404688CB162
:107E7000B1FA81F35B096BB990F90850012D09D172
:107E80006478062C02D0184630BC7047C06B30BCFA
:107E900005F0E4BB024830BC70470148704700BFA2
:107EA000009FFFFF60B330B5046885B034B390F92C
:107EB00008501DBB6478062C02D0002005B030BDF0
:107EC000102A1BD80C46C06B6946154605F0C6FB48
:107ED0000028F3D1002DF0D021466C464A1911F844
:107EE000015B14F8013B914283EA050340EA030079
:107EF000C0B2F4D10028E0D00248DFE70248DDE755
:107F000001487047009DFFFF009FFFFF30B585B01F
:107F10001D460446FFF7E4FD60B9F4B12368E3B100
:107F20000A9B2946606220460093089A099BFFF746
:107F300021FE08B105B030BD0A9B204603AA19688E
:107F4000099B1944FFF710FF0028F3D10A9B1A6818
:107F5000039B13440A9A1360ECE7014805B030BD57
:107F6000009FFFFF2DE9F0431D4603689046079EE2
:107F70005B78089F062B099CDDF828E00B9ADDF85A
:107F800030C0DDF8349016D0082B11D1C06B4346B9
:107F900014600A46CDF830902146CDF82CC0CDF8BB
:107FA00028E0099708960795BDE8F043FFF75ABA0D
:107FB0000B48BDE8F083C06B0B46146001212246DC
:107FC000CDF834C0CDF83090CDF82CE00A97099662
:107FD0000895CDF81C80BDE8F04305F0CDBB00BF8F
:107FE000809FFFFF30B51C46036887B05B78062B87
:107FF0001ED0082B19D113460E9AC06B15460C9A49
:108000002A600A460D9D109903950B9D05910295D6
:108010000F990A9D04910C998DE83000FFF78AFAB8
:1080200010F10F0F1CD007B030BD0E4807B030BDA7
:1080300013460E9AC06B15460C9A2A600A46109D8C
:108040000D9903950F9D059102950B990A9D049139
:108050000C998DE8300005F0B7FB10F1120FE2D15A
:108060000148E0E7809FFFFF009DFFFFFAF736BA67
:1080700010B45DF8044BFAF73FBA00BF30B430BC1F
:10808000F9F7F8BE30B430BCF9F780BFF9F70ABC95
:10809000F9F7ECBA13460A46022105F0F1B800BF21
:1080A00013460A460221FFF7ADB900BFFEF76CBCCC
:1080B00010B45DF8044BFEF72FBD00BF30B430BCE8
:1080C000FEF78EBD30B430BCFEF7CCBDFEF7FCBB76
:1080D000FEF7ACB913460A46052105F0D1B800BF3A
:1080E00013460A460521FFF78DB900BF11461A460F
:1080F00000F0EEB811461A4600F062BA10B45DF80E
:10810000044B00F001BA00BF10B45DF8044B00F05E
:10811000A9BC00BF00F0BCBE00F0B4BE00F020BFA0
:1081200000F00EBF00F072BF00F060BF10B5044653
:1081300000F090F82046BDE810401AF0C9BD00BF1D
:1081400010B5044600F07AF82046BDE810401AF059
:10815000BFBD00BF10B50446FFF77AF92046BDE861
:1081600010401AF0B5BD00BF10B5044605F064FB21
:108170002046BDE810401AF0ABBD00BF10B5044664
:10818000FEF74EF92046BDE810401AF0A1BD00BF31
:1081900010B50446F9F764FA2046BDE810401AF01D
:1081A00097BD00BF10B54FF4C07101201AF084FDD7
:1081B000044608B100F048F8204610BD10B58021F3
:1081C00001201AF079FD044608B100F033F820468A
:1081D00010BD00BF10B5402101201AF06DFD04460E
:1081E00008B1FFF70BF9204610BD00BF10B54FF4E2
:1081F000C47101201AF060FD044608B105F03AF898
:10820000204610BD10B54FF48A7101201AF054FDBC
:10821000044608B1FEF7FEF8204610BD10B54FF435
:108220008C7101201AF048FD044608B1F9F712FAE2
:10823000204610BD802200211AF012BD10B180210D
:1082400009F08CBC704700BF4FF4C07200211AF0D7
:1082500007BD00BF18B14FF4C07109F07FBC704773
:10826000431E0549073013F8012F520883428A5CE8
:108270001A70F8D1704700BFA4B0026010B4431E5A
:10828000084C073013F8012F5108615C914205D169
:108290009842F7D100205DF8044B704701205DF84B
:1082A000044B7047A4B0026070B5084C054604F159
:1082B000800608222046294614441AF005FD18B10C
:1082C000B442F6D1002070BD012070BD24B102601F
:1082D0002DE9F04F91F805C000F110074D7890306E
:1082E0004FEA0C4691F800E02D0491F804C0CC79D7
:1082F00046EA0C6C8E7845EA0E6ECD784CEA0404A2
:1083000091F806C04EEA05057E4B44EA0C2C45EA7E
:1083100006258CEA151101F00F3185EA01148CEA6B
:10832000010C8CEA144189B28CEA010684EA01410D
:1083300081EA960C0CF0333C81EA0C0186EA8C0C45
:1083400081EA1C2404F0FF148CEA042C61404FEAFB
:10835000FC7581EA050C0CF0AA3C81EA0C0185EA67
:108360000C0C4FEAF17457F8101C103757F81C6CBE
:108370008CEA010E57F8185C86EA3C1657F8141C74
:108380000EF03F0BCEF3052906F03F0ACEF3054869
:1083900003EB8B0BCEF3056E03EB8A0AB842DBF8D6
:1083A00000B103EB8909DAF800A203EB8808D9F8D9
:1083B000009303EB8E0E8BEA0A0BD8F800A4C6F3E9
:1083C0000528DEF800E58BEA090BC6F3054903EB47
:1083D0008808C6F305668BEA0A0B03EB8909D8F80F
:1083E00000A603EB86068BEA0E0ED9F80087D6F8B6
:1083F00000688EEA0A0E8EEA080E8EEA060684EA05
:10840000060485EA040581EA3411C5F3052905F05F
:108410003F08C5F3054AC5F3056503EB890901F07B
:108420003F0E03EB8808C1F30526D9F8009303EB50
:108430008A0AD8F8008103EB8505DAF800A403EB7B
:108440008E0E89EA0808D5F80055C1F30549C1F335
:10845000056188EA0C0CDEF800E203EB81018CEA8E
:108460000A0803EB8606D1F800C803EB890988EAFD
:108470000508D6F80066D9F8005788EA0E0181EAA7
:10848000060181EA050181EA0C0C7FF46CAF4FEA2A
:108490007C0C002084EA0C0303F0AA3384EA030175
:1084A0008CEA030C4FEA71048CEA142303F0FF13E7
:1084B00084EA03218CEA030C8CEA910303F0333342
:1084C0008CEA030C81EA830383EA1C4189B28CEABB
:1084D00001444B4083EA141101F00F314B4084EA10
:1084E00001110C0ED1701E0ED3710D0C1470090AFF
:1084F00016711C0C55701B0A917054719371BDE874
:10850000F08F00BFA4B002602DE9F043560783B09E
:108510000A9C0B9D51D1012916460746994628D041
:108520001AB303F1FF3820686B4661682A4603C31B
:1085300021463846FFF7CCFE6A1E434605F1070E7A
:1085400012F8010F13F8011F724581EA0001117042
:10855000F6D16B46083E04F1080405F1080503CB8B
:10856000C9F80000C9F80410DDD1002003B0BDE84F
:10857000F083002AF9D0013C03F1FF3841466A1E1E
:1085800004F1080E14F8010F11F8013FA64583EA23
:10859000000302F8013FF5D12A462946384608353E
:1085A000FFF796FE55F8082C55F8043C083EC9F82C
:1085B0000020C9F80430E1D1D7E76FF03100D5E7EA
:1085C0002DE9F04F96464B794A7883B006460D78F0
:1085D000120401901B0400F1100A087942EA0565B3
:1085E000CA7806F1900C43EA0060CB792A438D7873
:1085F0000343887942EA0525AF4C43EA002383EA26
:10860000151101F00F314B4085EA011283EA124146
:1086100089B283EA010082EA014181EA900303F012
:108620003333594080EA830381EA132202F0FF12B8
:1086300083EA022351404FEAF37281EA020303F016
:10864000AA33594053404FEAF1715AF8100C0AF11D
:10865000100A5AF81C5C58405AF8186C85EA331511
:108660005AF8142C00F03F0BC0F3052705F03F0823
:10867000C0F3054904EB8B0BC0F3056004EB8808DD
:10868000D445DBF800B104EB8707D8F8008204EB8F
:108690008909D7F8007304EB80008BEA0808D9F841
:1086A00000B4C5F3052988EA0708D0F8007504EB83
:1086B000890988EA0B00C5F30548C5F3056580EA1A
:1086C000070004EB8808D9F8007604EB850580EAFA
:1086D0000700D8F80077D5F8005880EA070080EA4C
:1086E000050081EA000181EA06004FEA3115C0F376
:1086F000052800F03F06C0F3054782EA050204EBB7
:108700008808C0F3056004EB8606D8F8008304EB04
:108710008707D6F8006104EB8000D7F8009402F0D8
:108720003F0788EA0608D0F80005C2F3052604EBE7
:10873000870788EA0303C2F30548D7F8007204EB01
:10874000860683EA090304EB8808D6F80066C2F3BC
:10875000056283EA0003D8F8000704EB820283EA8B
:108760000703D2F8002883EA060383EA000383EABA
:1087700002037FF46AAF019A02F5887A01E04FEABA
:1087800031155CF80C2C0CF1100C5CF8200C5540E9
:108790005CF8186C48405CF8142C05F03F08E24582
:1087A00000F03F0BC0F3052704EB8808C0F3054930
:1087B00004EB8B0BC0F3056004EB8707D8F800824D
:1087C000DBF800B104EB8909D7F8007304EB8000F3
:1087D0008BEA0808D9F800B4C5F3052988EA070828
:1087E000D0F8007504EB890988EA0B00C5F3054849
:1087F000C5F3056580EA070004EB8808D9F8007620
:1088000004EB850580EA0700D8F80077D5F8005812
:1088100080EA070080EA050083EA000383EA060095
:108820004FEA3315C0F3052800F03F06C0F30547B3
:1088300082EA050204EB8808C0F3056004EB8606B3
:10884000D8F8008304EB8707D6F8006104EB8000BA
:10885000D7F8009402F03F0788EA0608D0F8000530
:10886000C2F3052604EB870788EA0101C2F3054835
:10887000D7F8007204EB860681EA090104EB880848
:10888000D6F80066C2F3056281EA0001D8F8000755
:1088900004EB820281EA0701D2F8002881EA06018E
:1088A00081EA000181EA02017FF469AF019A1E4664
:1088B00002F5C87004E000BFA4B002604FEA3615AC
:1088C0005AF80C3C0AF1100A5AF8207C5D405AF81C
:1088D000182C77405AF8143C05F03F09504507F032
:1088E0003F0BC7F3052804EB8909C7F3054C04EBDC
:1088F0008B0BC7F30567D9F8009204EB8808DBF807
:1089000000B104EB8C0CD8F8008304EB87078BEAEA
:10891000090BDCF80094C5F3052CD7F800758BEA39
:10892000080BC5F3054804EB8C0CC5F305658BEA11
:10893000090B04EB8808DCF800C604EB85098BEA18
:10894000070BD8F80057D9F800788BEA0C0888EAAA
:10895000050585EA070581EA050182EA010283EA45
:108960003113C2F3052802F03F0CC2F30549C2F3EC
:10897000056204EB880803F03F0704EB8C0CC3F39B
:108980000525D8F8008304EB8909DCF800C104EB65
:108990008202D9F8009404EB870788EA0C0CD2F81D
:1089A0000025C3F30548C3F305638CEA0606D7F830
:1089B000007204EB830386EA090C04EB8505D3F807
:1089C000006804EB88088CEA020CD5F80056D8F849
:1089D00000278CEA070383EA050383EA020386EA99
:1089E00003067FF46BAF4FEA7603002081EA0304AD
:1089F00004F0AA3461405C404FEA710284EA122319
:108A000003F0FF1382EA03215C4084EA910303F040
:108A100033335C4081EA830383EA144292B284EAEE
:108A20000241534083EA111202F00F32534081EAAF
:108A30000212110E8EF803201D0E8EF80730140C52
:108A40008EF80010120A8EF80450190C8EF80140AE
:108A50001B0A8EF802208EF805108EF8063003B03F
:108A6000BDE8F08F2DE9F043560783B00A9C0B9DBB
:108A700051D1012916460746994628D01AB303F169
:108A8000FF3820686B4661682A4603C32146384692
:108A9000FFF796FD6A1E434605F1070E12F8010F17
:108AA00013F8011F724581EA00011170F6D16B467F
:108AB000083E04F1080405F1080503CBC9F80000DD
:108AC000C9F80410DDD1002003B0BDE8F083002A0E
:108AD000F9D0013C03F1FF3841466A1E04F1080E4B
:108AE00014F8010F11F8013FA64583EA000302F8CC
:108AF000013FF5D12A46294638460835FFF760FD83
:108B000055F8082C55F8043C083EC9F80020C9F86F
:108B10000430E1D1D7E76FF03100D5E72DE9F04F10
:108B200091F801E008304A7900250F784FEA0E43AA
:108B30000C79120443EA076ECB79CF7842EA0462DB
:108B40008C794EEA07071A4391F802E042EA0424BE
:108B5000CB4E47EA0E2383EA141202F00F32534041
:108B600084EA021283EA020101F010314B405140C5
:108B7000C1F3436E0A0F03F00F04C3F3036C06EB5B
:108B8000820206EB8E0ED2F8408906EB840406EBD7
:108B90008C0CDEF840E95F0FD4F80099C1F3430272
:108BA000DCF8004906EB87074EEA081CC1F3432EA8
:108BB00006EB8208C3F3032244EAC904D7F80099FC
:108BC00006EB8E0ED8F8407944EA091406EB8202CF
:108BD000DEF84099C1F3434E4CEAC708D2F80029A9
:108BE000C3F3034C06EB8E0E44EA820748EA89047D
:108BF000DEF8408906EB8C02C1F3031EC3F3431C6D
:108C000044EA480406EB8E0ED2F80029DEF84089CB
:108C100047EA4202C1F3033E06EB8C07C3F3433C31
:108C2000C1F30351D7F80079C3F3435306EB8C0C1F
:108C300006EB8E0E42EAC717DCF8009906EB8303B9
:108C4000DEF8402944EAC81406EB8101D3F800C9D4
:108C500044EA821447EA8913D1F8402943EA4C13C5
:108C600044EA421223F0704322F07042082D18BFEC
:108C7000012D40F3FA800F2D00F0F7809C0E910E2D
:108C800044EA830341EA820223F0704322F07042F7
:108C9000D90302F400771E0102F480791C0701F069
:108CA000005C4FEA434B06F0105604F080544FEA44
:108CB000833A0BF0805B4FEA834826439C024BEAE1
:108CC0000C0C0AF0006A04F0006E46EA09094CEA4E
:108CD000070C9F0549EA0A0908F002784CEA0E0CD5
:108CE00007F080664FEA930E49EA08084FEA831AB4
:108CF0004CEA06070EF000794FEA432B5E000AF0BB
:108D0000807A47EA09074FEAC32C48EA0A0A06F0C4
:108D1000807E0BF400181E044FEA530B47EA0E0E38
:108D20004AEA080806F400160BF4801B04F48024B9
:108D30004EEA060E4FEAC30948EA0B0B0CF4801CFE
:108D40004FEA830801F400314BEA040B4EEA0C0CA5
:108D500008F4003609F4002E9F0A01354FEA9319F2
:108D60004BEA06084CEA0E0C07F48037560B09F460
:108D7000802948EA07074FEA12184CEA090906F465
:108D800000564FEA131C08F480583E4349EA01019B
:108D90000CF4803C4FEA821E970846EA08080EF45D
:108DA000006E41EA0C0107F400575608140248EA25
:108DB0000E0839434FEA923E06F4806604F480546C
:108DC00040F608090EF4007748EA06060C430EEA5E
:108DD00009094FEA52184FEA522C3E4344EA09016E
:108DE00008F02008970A0CF4806C4FEAC21E46EA8D
:108DF000080607F010074FEAD20941EA0C010EF409
:108E0000807E4FEAD21A46EA070841EA0E0E09F0C0
:108E10000806970C0AF0200A48EA060809F011092A
:108E200007F00407960E4EEA0A0E940048EA070778
:108E300006F002064EEA090E04F00404510D3E430A
:108E40004EEA0404C2F3006701F00201102D46EA65
:108E5000070600F1080041EA040140F8106C40F8F0
:108E60000C1C7FF403AFBDE8F08FDC0ED10E44EA9A
:108E7000430341EA420223F0704322F0704207E7C5
:108E8000A4B0026008B5FFF749FE002008BD00BF8E
:108E900038B50446FFF742FE04F140052046221D86
:108EA00023469C6F083052F8041C083B42F8044CDF
:108EB0000832D3F88440C3F8801050F8041C40F8FE
:108EC000044CA842C3F88410EBD1002038BD00BF89
:108ED000F8B515460C4607461146FFF71FFE05F18B
:108EE000080104F18000FFF719FE3B46A646214623
:108EF00038460022856FAEF1080E0838083344F872
:108F000022500831D0F8845041F8045CDEF800515A
:108F100053F8046C9D67DEF80451DD6757F8225062
:108F2000C3F8FC60C3F8F85054F82260023251F8DC
:108F3000045C202AC1F8F860C1F8FC50DAD1F8BD11
:108F400000B5E1B00A466946FFF7C2FF68464FF434
:108F5000C07108F003FE002061B05DF804FB00BFA3
:108F600000B5E1B00A4601466846FFF7B1FF684622
:108F70004FF4C07108F0F2FD002061B05DF804FB11
:108F800070B516460D4604461146FFF7C7FD05F1BC
:108F9000800006F10801FFF7C1FD06F1100104F59C
:108FA0008070FFF7BBFD29462046A4F180052346CB
:108FB0000A46D3F87841083B083908301460083273
:108FC000D3F8844142F8044CD1F800418467D1F8C9
:108FD0000441C467D3F88040C2F8F840D3F8844015
:108FE0009D42C2F8FC40E4D170BD00BF00B5E1B0C5
:108FF0000A466946FFF7C4FF68464FF4C07108F09F
:10900000ADFD002061B05DF804FB00BF00B5E1B02C
:109010000A4601466846FFF7B3FF68464FF4C07141
:1090200008F09CFD002061B05DF804FB0021802267
:109030002DE9F04FADF5697D0E468246DFF82C93A1
:1090400008A802ACDFF8288319F00AFE28A84FF41C
:10905000C072314619F004FE771006F0010BBAF128
:10906000000F0FD07A1C002FBC48C2EBC2020CBF0D
:1090700020213321BBF1000F0CBF4B464346D200E9
:1090800019F0FAFDB64A731E92E8030084E8030063
:10909000042B00F29080DFE813F089007D0071005E
:1090A0000500400188AD28A9AE4A2846FFF768FFB1
:1090B00028464FF4C07108F051FD42F2107503E0EC
:1090C000FFF706F9013D0BD02246214608A8002FE4
:1090D000F6D02246214628A8FFF772FA013DF3D1C7
:1090E000BBF1000F40F000819F490822204601EBB0
:1090F000C70119F0E9FD002840F00981BAF1000F1D
:1091000040F0F4800136062EA6D1BAF1000F40F0EF
:1091100020814FF0000B0DF1180804AD4FEA6B07EA
:109120000BF00109BAF1000F10D07A1C002F8F4B01
:10913000C2EBC2028E4E0CBF202133218D48B9F103
:10914000000F18BF3346D20019F096FD8A4A0BF182
:10915000FF3392E80300503A88E8030085E80300F3
:1091600092E8030084E80300042B00F2AC80DFE8FF
:1091700013F0A500AF0072002700E40088AD28A816
:10918000784A2946FFF7A4FE28464FF4C07108F03C
:10919000E5FC92E788AD28A9724A2846FFF798FEB9
:1091A00028464FF4C07108F0D9FC86E76D4908A83D
:1091B000FFF7B4FC81E76B4908A8FFF769FE7CE77D
:1091C00088AE28A9674A3046FFF7DAFE30464FF4EA
:1091D000C07108F0C3FCB9F1000F4AD142F2107619
:1091E00004E00094FFF790F9013E0FD043460822B7
:1091F000394608A80194002FF3D043460094082272
:10920000002128A8FFF72EFC013EEFD15B49082280
:10921000204601EBC70119F057FD002877D1BAF1BC
:10922000000F40F086800BF1010BBBF1060F7FF4BD
:1092300075AFBAF1000F40F0A98008A8802108F0AE
:109240008DFC28A84FF4C07108F088FC50460DF53D
:10925000697DBDE8F08F88AE28A8424A3146FFF705
:1092600037FE30464FF4C07108F078FCB9F1000FBA
:10927000B4D042F2107988AE11E00094FFF744F9BF
:10928000B9F1010995E8030086E8030094E80300BA
:1092900085E8030096E8030084E803002AD04346EB
:1092A0000822012108A80194002FE6D0434600942B
:1092B0000822012128A8FFF7D5FBE1E7294908A8E2
:1092C000FFF72CFC87E7274908A8FFF7E1FD82E7B5
:1092D00088AE28A9234A3046FFF7FAFD30464FF4FE
:1092E000C07108F03BFC76E72549FEE6254819F0F9
:1092F0009FFC07E795E80300234B082284E803005E
:1093000003EBC701204619F0DFFC002887D0BAF133
:10931000000F41D14FF0010A8FE788AD28A8114A0C
:109320002946FFF72DFE28464FF4C07108F016FCC1
:10933000C3E6144819F07CFC75E788AE28A8094AF2
:109340003146FFF71DFE30464FF4C07108F006FCB1
:1093500041E70A2019F09CFCDBE600BF7C190020E5
:1093600024BA02602CBA026044BA0260581100208C
:109370005C1100209419002074BA026094BA026053
:109380005CBA0260801100207CBA02600A204FF0B3
:10939000000A19F07DFC50E702484FF0010A19F06D
:1093A00047FC4AE7D01100200B6870B5D41A012C95
:1093B00015DD1C789E1C5B78921B0E6043EA04242A
:1093C00094420CDC0D4622463146FAF7FDFD18B9F1
:1093D0002B681C442C6070BDA0F5445070BD014842
:1093E00070BD00BF80CFFFFF70B586B006460D464A
:1093F0006846FAF7DDFB03A8FAF7DAFB68460221B4
:10940000FAF740FD044640B16846FAF7D9FB03A8D5
:10941000FAF7D6FB204606B070BD2946022203A803
:10942000FBF744F904460028EED169463046FAF7C6
:1094300097FF002805DB304603A9FAF791FF0028C3
:10944000E2DD014CE0E700BF80CFFFFF7C2200217E
:1094500019F006BC2DE9F041061D05460C461746DD
:109460003046FFF7A1FF18B103461846BDE8F0816A
:109470003A46214605F11000FFF796FF0028F3D188
:1094800005F134083A4621464046FFF78DFF002893
:10949000EAD140463146FFF7A7FF044608B103462C
:1094A000E3E73046FAF78AFD23462860DDE700BF90
:1094B0002DE9F04F041D87B006468B46204600215B
:1094C00017469846FAF7BEFF00283DD006F11C0962
:1094D0004FF00C0A119B5946109A4846FBF7EEFFD5
:1094E00018B129E0FAF71EFE30BB21464846FAF7CC
:1094F00037FF00284FF001014846F3DABAF1010ABC
:1095000020D02146FFF770FF0028E3D106F14C037D
:1095100006F1280A06F1100B054600934A4650460C
:1095200059462346FBF7FCFD30B921465046FFF76C
:109530005BFF58B1054601E0A0F54655284607B047
:10954000BDE8F08F264DF9E7264DF7E7BB1C204616
:109550000293FAF733FD81465846FAF72FFD029041
:109560005046FAF72BFD4A460390B91C2046FAF7FD
:1095700061FD0028E0D1BB1C4FEA192287F8019059
:1095800058464B443A70029A991C05930491FAF795
:1095900051FD059B0028CFD10299BC1C0498039A69
:1095A00000EB010B090A504604F809100BF1020AFE
:1095B0009DF8084051465C70FAF73CFD0028BBD18D
:1095C000039802998244020A049BC7EB0A075A5483
:1095D0008BF80100C8F80070C6F80090AEE700BF35
:1095E00080CEFFFF80CFFFFF002A18BF0029F8B50B
:1095F0001AD0C8B1071D054616463846FAF762FB71
:10960000044618B1A4F556542046F8BD314605F17C
:109610001000FAF757FB04460028F3D13846FAF752
:10962000CDFC28602046F8BD004CEDE780CFFFFF61
:1096300068B162B110B50468A24206D83430FAF7B6
:10964000C3FC18B1A0F5485010BD024810BD014838
:10965000704700BF80CFFFFF2DE9F04F83B0002897
:1096600053D0B3FA83F46409002C4ED10568AB42A1
:109670004BD8051D06468846214628461F46934678
:10968000FAF7E0FE002840D006F11C044FF00C0968
:109690000D9B41460C9A2046FBF710FF18B12EE0B7
:1096A000FAF740FD58BB29462046FAF759FE002834
:1096B0004FF001012046F3DAB9F101092BD0294618
:1096C000FFF792FE82460028E2D106F14C0306F134
:1096D0002808224606F11001009340462B46FBF76E
:1096E0001FFD60B929464046FFF77EFE08B182465D
:1096F00007E03A4659464046FAF79CFC08B1A0F507
:109700004A5A504603B0BDE8F08FDFF810A050462B
:1097100003B0BDE8F08FDFF808A0F2E780CFFFFFCD
:1097200080CDFFFF2DE9F04F87B000286ED0046890
:1097300094426BD8061D00F1340904460F46484692
:1097400031469846FFF750FE20B10446204607B048
:10975000BDE8F08F03A8FAF72BFA109B002B00F05E
:10976000908004F11C0A04F1700550462946FAF76E
:10977000F7FD00283CD104F1580501212846FAF7ED
:1097800061FE002840F0A5804FF00C0B3046FAF740
:1097900015FC119B0146109A2846FBF78FFE18B165
:1097A0002BE0FAF7BFFC40BB31462846FAF7D8FD5C
:1097B00000284FF001012846F3DABBF1010B00F05D
:1097C000A880FAF73FFE0028E0DD04F1640B324682
:1097D00029465846FCF70AF978B904F14C0033469B
:1097E0005246594600905846FBF79AFC00B304E0F5
:1097F00028465146FAF766FA50B1A0F54C5403A832
:10980000FAF7DEF9204607B0BDE8F08F424C9DE73D
:1098100004F1580501212846FAF734FB0028ECD161
:1098200004F1640B01215846FAF72CFB0028E4D11F
:109830002A46494603A8FAF751FF0028DDD103A9BB
:1098400032460846FBF7F8FA0028D6D104F1400565
:109850004C34524633460094284603A9FBF760FC7B
:109860000028CAD15A4629462846FAF737FF002869
:10987000C3D1324629462846FBF7DEFA0028BCD180
:1098800013E0494603A8FAF71DFA0028B5D104F100
:109890004C0104F14005334604F11C0200912846B6
:1098A00003A9FBF73DFC0028A7D12846FAF786FB61
:1098B000024639462846C8F80020FAF7BBFB0446A2
:1098C00003A8FAF77DF9002C3FF440AFA4F54C54FF
:1098D0003CE72A4629462846FAF700FF00288CD1A3
:1098E000324629462846FBF7A7FA002885D104F11D
:1098F000640B5A4659465846FAF7F0FE00287FF4A2
:109900007CAF324659465846FBF796FA00288FD06E
:1099100073E7024C73E700BF80CFFFFFF2CCFFFF7D
:1099200010B504467030FAF74BF904F16400FAF709
:1099300047F904F15800FAF743F904F14C00FAF73B
:109940003FF904F14000FAF73BF904F13400FAF76B
:1099500037F904F12800FAF733F904F11C00FAF79B
:109960002FF904F11000FAF72BF9201DFAF728F966
:1099700020467C21BDE8104008F0F0B82DE9F04108
:109980008EB006460C4608A8059205F0B7FF05996B
:1099900019B1631813F8013C63B32144302306AABC
:1099A00007A80794F9F796F8B0B1A0F54E5508A8A6
:1099B00006F07AF94DB928460EB0BDE8F08110F5F1
:1099C000845F53D008A806F06FF93046FFF7A8FF70
:1099D00028460EB0BDE8F081079C371D069B07A8FE
:1099E0003A461C442146F9F799F9054698B1A5F580
:1099F0004E55DCE705AA0193009308A8029223467E
:109A00001B4A1C4905F080FF05460028D7D109995B
:109A1000089C0591C1E706F11002214607A8F9F755
:109A20007DF905460028E2D1079B9C4216D00BA881
:109A3000FAF7BEF80BAA214607A8F9F76FF9804696
:109A40000BA8FAF7BDF8B8F1000F02D0A8F54E55F3
:109A5000ADE7079B9C4201D0074DA8E73846FAF7CF
:109A6000ADFA306008A806F01FF9A4E7059994E75D
:109A7000AC190020C81900201ACCFFFF10B5A0B007
:109A800004467C22002101A819F0EAF86CB9FB22F7
:109A90000F4901A8FFF772FF041C18BF012401A899
:109AA000FFF73EFF204620B010BD0A4819F0E4F849
:109AB000FB22074901A8FFF761FF044620B10648D1
:109AC000012419F0B5F8EAE7044819F0B1F8E6E71F
:109AD000ACBA0260E8190020D01100201412002056
:109AE00002F09EB92DE9F0418CB016460546884635
:109AF00003A81F4601F074F93146284601F0AAFD7B
:109B0000044630B103A801F093F920460CB0BDE83B
:109B1000F081139B2846129A03A9019333460092C1
:109B20003A4602F095F804460028EBD103A801F06C
:109B300043FC28B9404603A9FAF7C4F80446E1E714
:109B4000004CDFE780B0FFFF4FF49A72002119F05C
:109B500087B800BF08B310B5044601F079F904F1E5
:109B6000880001F065F904F1AC0001F061F904F13D
:109B7000E00001F05DF904F5827001F059F904F19B
:109B80007C00FAF71DF804F1D000FAF719F804F593
:109B90009470BDE81040FAF713B870472DE9F04310
:109BA00085B0002837D0856D0446002D33D000F1F4
:109BB000880699460D9B90460F463246009300F169
:109BC0007C010C9B02F02CF9054618B1284605B023
:109BD000BDE8F0834B46424602A9204601F014FD41
:109BE00020B10546284605B0BDE8F083029B31460A
:109BF000D4F8DC20204608EB0306C3EB090403ABD2
:109C00000194009601F0BCFC0028EAD1029A039B63
:109C100013443B60DAE7014DD8E700BF80B0FFFF97
:109C200070B515460A680C460646AA1A01F0C0FC33
:109C300000B170BD2368224606F1AC013046EB1A34
:109C4000BDE8704001F082BC70B5144605460E4672
:109C500001F058F948B9012C10D0BCB906F18801BF
:109C600005F1880001F036F900B170BD06F17C0104
:109C700005F17C00BDE87040FAF724B806F18801D0
:109C800005F1AC00BDE8704001F024B90048ECE7F4
:109C900080B0FFFF2DE9F04182B01E46DDF824E0E0
:109CA000089BE8B1876D0446D7B100F188071546D7
:109CB0008846CDF800E000F17C013A4602F0B0F8A9
:109CC00010B102B0BDE8F081D4F8DC20434639463B
:109CD00020460996089502B0BDE8F04101F050BC5D
:109CE0000048EEE780B0FFFF30B583B0019170B15E
:109CF00015460C46134600F1AC0101AA01F026FC02
:109D000018B90199091B8D4201D103B030BD01483A
:109D1000FBE700BF80B0FFFF2DE9F04182B0DDF826
:109D200020E0DDF824C040B300F1D0081D461746FE
:109D30000E46CDF804C000F17C03CDF800E04146AA
:109D400000F1AC020446FFF7CDFE10B102B0BDE851
:109D5000F0814046FAF732F9A8420ED8A26D394692
:109D6000404612F0070318BF012303EBD202326012
:109D700002B0BDE8F041FAF75DB90148E6E700BF7F
:109D800080B0FFFFF8B5C46D05460E46084607349F
:109D90001146E4089C4228BF1C462246FAF714F9F3
:109DA0000746C0B9E400E96D8C420DD84C35304609
:109DB0002946FAF7D5FA00280DDB2A463146304607
:109DC000BDE8F840FAF732BC611A3046FAF7AAF952
:109DD0000028EBD007463846F8BD00BF2DE9F04F0C
:109DE000456D97B0DDF88C80002D00F0CA800C46E0
:109DF00005460121184699469346FAF723FB0028A9
:109E000045DB05F14C0648463146FAF7A9FA002829
:109E10003DDA0C230DA8029300F0E2FF04A8F9F745
:109E2000C7FE07A8F9F7C4FE0AA8F9F7C1FECDF8E6
:109E30008C80B046239E0C2702E0FAF703FB50BB50
:109E40000DAA04A900962846229B01F0E9FF42468C
:109E50000DA9D0B92046FAF7EFFFB0B9013F01468E
:109E60002046EAD1484B0DA8029300F0E1FF04A878
:109E7000F9F7A6FE07A8F9F7A3FE0AA8F9F7A0FECE
:109E8000029B184617B0BDE8F08F0346EBE73F484A
:109E900017B0BDE8F08F219B07A9209A2846FFF74D
:109EA00071FF03460028DED14FF01F0AEF6D3346E5
:109EB000229A0AA80737FF083946FBF7FFFA00285D
:109EC000E3D1E96D0AA8C1EBC701FAF72BF901212B
:109ED0000028DAD1BAF1010A0AA850D0FAF7B2FA8A
:109EE000002841460AA8E1DBFAF73AFA0028DDDA51
:109EF0004A4621465846FAF7F1FB03460028B2D1FC
:109F000007A95A460846FAF769FB03460028AAD172
:109F100007A90AAA0846FAF7E1FB03460028A2D1DE
:109F200004A90AAA0846FAF7D9FB034600289AD1E1
:109F3000424604A95846FBF759FD0346002892D132
:109F400007AA59465846FAF7C9FB034600288AD1A2
:109F5000424659465846FAF76FFF0346002882D119
:109F6000029A013A02923FF47DAF014603905846AF
:109F7000FAF768FA039B00283FF45DAF73E70248E5
:109F800080E703487EE700BF00B3FFFF80B3FFFF19
:109F900080B0FFFF2DE9F047B8B0064688469146ED
:109FA0009DF808011F46F46D04F080F9002841D0A7
:109FB0000734824604A8E408F9F7FAFD1FA803F065
:109FC000C5FE07A922463846FAF734F8054648B1D7
:109FD0001FA804F013F804A8F9F7F2FD284638B0DA
:109FE000BDE8F087419B04A9409A3046FFF7CAFEBE
:109FF00005460028ECD107AB224604A81919FAF748
:10A0000019F805460028E3D1630007AA51461FA8A6
:10A0100003F0F4FE084C419A1FAB4099304603937D
:10A020003B4601924A46009141460294FFF7D6FE14
:10A030000546CDE70148D2E7E9DF006080B0FFFFC9
:10A040002DE9F04399B005461F4688460FA8914672
:10A0500000F0C6FE03A8F9F7ABFD06A8F9F7A8FDC6
:10A0600009A8F9F7A5FD0CA8F9F7A2FD6B6D002B67
:10A0700000F0878001212098FAF7E4F9002807DB37
:10A0800005F14C0620983146FAF76AF9002813DBEF
:10A090003D4C0FA800F0CCFE03A8F9F791FD06A8EF
:10A0A000F9F78EFD09A8F9F78BFD0CA8F9F788FDE3
:10A0B000204619B0BDE8F08301212198FAF7C2F9D2
:10A0C0000028E5DB31462198FAF74AF90028DFDA63
:10A0D0003946284601F0BEFA04460028D9D14B463D
:10A0E000424603A92846FFF74DFE04460028D0D17A
:10A0F0003246219906A8FBF779FC04460028C8D10E
:10A1000006AA03A909A8FAF7E9FA04460028C0D16B
:10A1100009A932460846FAF78FFE04460028B8D14E
:10A1200006AA20990CA8FAF7D9FA04460028B0D15B
:10A130000CA932460846FAF77FFE04460028A8D14B
:10A140000CAA019705F12803284600920FA909AA35
:10A1500001F0E2FD044600289BD10FA801F02CF984
:10A16000002895D10FA932460846FAF765FE044645
:10A1700000288ED120990FA8FAF7F2F8002888D08D
:10A1800086E7024895E700BF00B2FFFF80B0FFFFFF
:10A19000F0B5A7B004460F4615461E4605A8F9F7C8
:10A1A00007FD08A8F9F704FD04F17C032046029797
:10A1B000019608AA009505A9FFF7ECFE044640B1F8
:10A1C00005A8F9F7FDFC08A8F9F7FAFC204627B026
:10A1D000F0BD0DF1950326AD08AA0BA945F8883D01
:10A1E0002846F8F719FF061E21DB05AA0BA9284609
:10A1F000F8F712FF002818DB06440BA92846324660
:10A20000F8F76EFE071E14DB0BA928463022F8F77C
:10A21000DDFE031E0FDB3E4404992C981E4432469B
:10A2200018F00AFD2D9B1E60CAE70446C8E73446B5
:10A23000C6E73C46C4E71C46C2E700BF70B584B021
:10A2400000249DF82450089E009313460A46294690
:10A25000019603940294FFF79BFF04B070BD00BF0A
:10A26000F0B58BB004460E461746109D04A8029325
:10A270001D44F9F79DFC07A8F9F79AFC294602A8A6
:10A28000302303AAF8F726FC50B9029A039B134423
:10A290009D4210D104AA294602A8F8F73FFD60B1FB
:10A2A000A0F59F4404A8F9F78BFC07A8F9F788FCF0
:10A2B00020460BB0F0BD0E4CF4E702A807AA2946D1
:10A2C000F8F72CFD0028EBD107AB20463A46314683
:10A2D000019304AB009304F18803FFF7B1FE044639
:10A2E0000028DFD1029A034B954218BF1C46D9E7DC
:10A2F0001AB0FFFF00B4FFFF70B582B015461E46CE
:10A30000044602F06DFE10B1012002B070BD00964F
:10A310002B4604F1880204F17C01204601F080FD07
:10A32000003018BF012002B070BD00BF70B50546F7
:10A330000E4600F0E7FD044638B906F17C0105F150
:10A340007C00F9F7BFFC044620B1284600F0B2FDBE
:10A35000204670BD06F1880105F1880000F0BAFDC5
:10A3600004460028F1D1F3E700F050BD00F0A2BD93
:10A3700038B54B6E0446A3B303680D46002B29DBAA
:10A380002046F9F7F3FDAB6DB0EB430F27D86B6EAA
:10A3900020469847E8B9043508E0FAF753F82A460A
:10A3A000214660B12046FAF719F990B923680021D7
:10A3B00020468B42F1DB02E0FAF7C8F848B929469B
:10A3C0002046F9F7CDFF00282A4621462046F3DA39
:10A3D000002038BD0021FAF735F80028D0D0044815
:10A3E00038BD0A1D0146BDE83840FAF725BD00BF5B
:10A3F00080B0FFFF2DE9F0410E4686B007460021F0
:10A4000006F118052846FAF71DF810B906B0BDE8A0
:10A41000F0816846F9F7CCFB03A8F9F7C9FB684659
:10A420003A1D2946FBF7E2FA044648B16846F9F7B7
:10A43000C7FB03A8F9F7C4FB204606B0BDE8F081CE
:10A440006A46694603A8FAF749F904460028EDD19F
:10A45000394603A8FFF78CFF04460028E6D1DFF851
:10A46000948003AA31463046D8F800300133C8F84A
:10A470000030FAF733F904460028D7D13946304680
:10A48000FFF776FF04460028D0D1D8F800300C360C
:10A4900003AA013331463046C8F80030FAF71EF9F6
:10A4A00004460028C2D139463046FFF761FF044612
:10A4B0000028BBD1D8F800306A4631463046013317
:10A4C000C8F80030FAF70AF904460028AED1394638
:10A4D0003046FFF74DFF04460028A7D1D8F80030DA
:10A4E000012128460B44C8F80030F9F7CBFC04469C
:10A4F0009CE700BF2462012070B584B0054601F1DD
:10A500000C04164601A8F9F753FB291D224601A8A1
:10A51000FAF78CF8054668B901462046F9F792FF2C
:10A5200001A900280CBF002206F001022046F9F71D
:10A5300029FC054601A8F9F743FB284604B070BD85
:10A540002DE9F04FBD4C8DB006468846236868461D
:10A55000154601332360F9F72BFB03A8F9F728FB15
:10A5600006A8F9F725FB09A8F9F722FBB369002B28
:10A5700000F0FA802A46294603A8FAF7AFF8044605
:10A5800078B16846F9F71CFB03A8F9F719FB06A890
:10A59000F9F716FB09A8F9F713FB20460DB0BDE843
:10A5A000F08F314603A8FFF7E3FE04460028E8D108
:10A5B000DFF88C92032203A96846D9F800300133F2
:10A5C000C9F80030FAF7FCF904460028D9D1371D44
:10A5D00004E0F9F7BBFF04460028D2D139466846AB
:10A5E000F9F7BEFE00283A4669466846F1DA06F1F8
:10A5F000100A00215046F9F725FF002840F032816B
:10A6000005F10C0A06A852465146FAF767F80446C7
:10A610000028B6D1314606A8FFF7AAFE0446002856
:10A62000AFD1D9F80030012106A80B44C9F8003099
:10A63000F9F726FD044628B1A3E7F9F787FF04469A
:10A6400000289ED1394606A8F9F78AFE06A90028F7
:10A650003A460846F1DA0A4603A82946FAF73EF8D0
:10A66000044600288DD1314603A8FFF781FE044639
:10A67000002886D1D9F80030012103A80B44C9F87D
:10A680000030F9F7FDFC044630B17AE7F9F75EFFD8
:10A69000044600287FF475AF394603A8F9F760FE39
:10A6A00003A900283A460846F0DA06AA09A8114686
:10A6B000FAF714F8044600287FF463AF314609A87E
:10A6C000FFF756FE044600287FF45BAFD9F8003050
:10A6D000012109A80B44C9F80030F9F7D1FC044660
:10A6E00030B14EE7F9F732FF044600287FF449AF56
:10A6F000394609A8F9F734FE09A900283A46084660
:10A70000F0DA6A46694606A8F9F7E8FF0446002829
:10A710007FF437AF314606A8FFF72AFE044600282B
:10A720007FF42FAFD9F8003006A903AA01330846F9
:10A73000C9F80030F9F77AFF044600287FF421AF0A
:10A74000069B002106A88B4280F2E980F9F77AFE89
:10A750003A4606A9002800F0E28006A8F9F73EFF75
:10A7600004460028ECD00CE705F1180203A81146B6
:10A77000F9F7B4FF044600287FF403AF314603A87D
:10A78000FFF7F6FD044600287FF4FBAEDFF8B0903B
:10A7900003AA294606A8D9F800300133C9F80030C9
:10A7A000F9F71CFF044600287FF4EBAE371D05E0E7
:10A7B000F9F7CCFE044600287FF4E3AE394606A83C
:10A7C000F9F7CEFD06A900283A460846F0DA03AAB2
:10A7D000294609A8F9F72AFF044660B1D1E6F9F73E
:10A7E00031FE3A4609A958B109A8F9F7F7FE04461F
:10A7F00000287FF4C6AE099B002109A88B42EEDB3E
:10A8000009AA06A903A8F9F769FF044600287FF4FE
:10A81000B8AE314603A8FFF7ABFD044600287FF42D
:10A82000B0AED9F80030032203A968460133C9F855
:10A830000030FAF7C5F8044650B1A2E6405B0120AB
:10A8400024620120F9F782FE044600287FF499AEC5
:10A8500039466846F9F784FD00283A466946684655
:10A86000F0DACDE605F1180203A81146F9F736FF34
:10A87000044600287FF485AE314603A8FFF778FD33
:10A88000044600287FF47DAED9F8003003AA06A85C
:10A89000DFF8E0B101331146C9F80030F9F71EFFC7
:10A8A000044600287FF46DAE314606A8FFF760FD30
:10A8B000044600287FF465AEDBF80030524606A956
:10A8C00003A80133CBF80030F9F708FF044600284D
:10A8D0007FF457AE314603A8FFF74AFD044600282F
:10A8E0007FF44FAEDBF8003003AA694668460133B7
:10A8F000CBF80030F9F772FE044630B141E6F9F7C3
:10A9000025FE044600287FF43CAE39466846F9F738
:10A9100027FD00283A4669466846F0DA70E606A93F
:10A9200003AA0846F9F782FE044600287FF429AE00
:10A93000069B002106A88B420BDAF9F783FD3A4605
:10A9400006A930B106A8F9F749FE04460028EFD061
:10A9500017E603A906AA0846F9F768FE0446002888
:10A960007FF40FAE039B002103A88B420BDAF9F7AB
:10A9700069FD3A4603A930B103A8F9F72FFE044652
:10A980000028EFD0FDE503A96A460846F9F7A6FEC0
:10A99000044600287FF4F5AD314603A8FFF7E8FC34
:10A9A000044600287FF4EDADD9F8003003A909AAC8
:10A9B00001330846C9F80030F9F738FE044600288C
:10A9C0007FF4DFAD039B002103A88B420BDAF9F77C
:10A9D00039FD3A4603A930B103A8F9F7FFFD044653
:10A9E0000028EFD0CDE505F11802514609A8F9F786
:10A9F00075FE044600287FF4C4AD314609A8FFF770
:10AA0000B7FC044600287FF4BCADD9F80030012122
:10AA100009A80B44C9F80030F9F732FB04460028B6
:10AA20007FF4AFAD394609A8F9F79AFC09A90028C7
:10AA30003A46084605DBF9F789FD04460028F1D0BF
:10AA40009FE506A94046F9F73DF9044600287FF442
:10AA500098AD03A908F10C00F9F734F90446002871
:10AA60007FF48FAD08F1180009A9F9F72BF9044616
:10AA700087E500BF246201202DE9F04F012A8DB047
:10AA8000019140F2138180460C211046144618F0C3
:10AA900013F905460090002800F00E8103A8F9F78D
:10AAA00087F806A8F9F784F809A8F9F781F8019E54
:10AAB000284631681831F9F705F98346002840F037
:10AAC000DC8005F10C0A7D4F012556F8042FAAF110
:10AAD0000C01504601351832DFF8E091F9F7FEFD20
:10AAE00041468346002840F0C88050460AF10C0ACF
:10AAF000FFF73EFC8346002840F0BF803A68AC4236
:10AB000002F101023A60E0D104EB4405009B08F138
:10AB1000040203A8AD00A5F10C011944FAF766FF81
:10AB20008346002840F0A980A5F11806019A009BF1
:10AB3000671E02EB840A4D461E44002F00F09680EB
:10AB4000324603A906A8F9F7C9FD8346002840F05C
:10AB50009480414606A8FFF70BFC8346002840F08E
:10AB60008C80D9F8003003A95AF8042C0133084628
:10AB70001832C9F80030F9F7B1FD834600287CD1BE
:10AB8000414603A8FFF7F4FB8346002875D12B68E4
:10AB900001332B6006AA09A81146F9F79FFD8346E9
:10ABA00000286AD1414609A8FFF7E2FB8346002846
:10ABB00063D1D9F8003009AA5AF8041C01330846B9
:10ABC000C9F80030F9F78AFD8346002855D141467F
:10ABD0005AF8040CFFF7CCFB834600284DD15AF8F5
:10ABE000041C09AA2B680C31013308462B60F9F7C5
:10ABF00075FD8346002840D15AF8040C41460C30BC
:10AC0000FFF7B6FB8346002837D15AF8041C06AA82
:10AC10002B680C31013308462B60F9F75FFD834642
:10AC200058BB5AF8040C41460C30FFF7A1FB834691
:10AC300018BB2B68D8F8081001335AF8040C2B60A5
:10AC4000F9F702F88346C0B95AF8040CD8F808108E
:10AC50000C30F8F7F9FF834678B95AF8040D0C3E2A
:10AC60001830F8F7ADFF47B1013F66E703A906A822
:10AC7000F9F728F8834600288CD003A8009EF8F73F
:10AC80009FFF06A8F8F79CFF09A80025F8F798FF92
:10AC900001353046F8F794FF0C36AC42F8D10098F5
:10ACA00018F016F858460DB0BDE8F08F0968FFF7A8
:10ACB000A1FB0DB0BDE8F08F0148F4E7246201204C
:10ACC00080B2FFFF2DE9F84F0E46994682461546A1
:10ACD000C3F3450701F10C084FF0000B5FFA8BF44A
:10ACE000294630460BF1010BE41BB4FA84F46409E5
:10ACF0002246F9F747F805F10C012246243570B9D0
:10AD00004046F9F73FF850B9BBF1020FE6D14FEAE0
:10AD1000D91231465046BDE8F84FFFF7EDBBBDE80C
:10AD2000F88F00BF00487047A8BB026070B40B4D9D
:10AD30002B6883B90A4E032204240A49304601E0F5
:10AD400014460A7B013300F8014B0C31002AF7D17D
:10AD50000121F2542960024870BC7047DC61012077
:10AD6000B45D0120A8BB026004280CD00323074A6D
:10AD700002E0834205D0137B0C32002BF9D1184638
:10AD80007047104670470148704700BFA8BB02607B
:10AD900018280DD00322074B03E05A88824205D0C1
:10ADA0001A7B0C33002AF8D11046704718467047BA
:10ADB00000487047A8BB026038B50546064C0748F6
:10ADC00003E014F80C0F30B1A068294617F04CFFCF
:10ADD0000028F6D1204638BDA8BB0260001A00202A
:10ADE00068B110B50446F8F7E3FE04F10C00F8F77B
:10ADF000DFFE04F11800BDE81040F8F7D9BE704737
:10AE000018B17C22002117F02BBF704778B17C224B
:10AE1000002110B5044617F023FF04F17C00F8F779
:10AE2000C7FE04F18800BDE81040FFF7D9BF7047A6
:10AE300068B110B50446F8F7C3FE04F10C00F8F74A
:10AE4000BFFE04F11800BDE81040F8F7B9BE704726
:10AE500070B3036E012B70B5044612D00430F8F7BE
:10AE6000AFFE04F11000F8F7ABFE04F11C00F8F798
:10AE7000A7FE04F12800FFF7DBFF04F14C00F8F710
:10AE80009FFE606F70B1A36F53B100252E4628441A
:10AE90000136FFF7CDFFA36F2435606FB342F6D8BC
:10AEA00017F016FF20467C21BDE8704006F056BE24
:10AEB000704700BF68B110B50446FFF7C9FF04F141
:10AEC0007C00F8F77DFE04F18800BDE81040FFF734
:10AED000AFBF704738B504460D46F8F7F3FE00B132
:10AEE00038BD05F10C0104F10C00F8F7EBFE002869
:10AEF000F6D105F1180104F11800BDE83840F8F763
:10AF0000E1BE00BF097802F06BB800BF10B50121A7
:10AF10000446F8F7B7FF00B110BD012104F10C00A1
:10AF2000F8F7B0FF0028F7D1014604F11800BDE89A
:10AF30001040F8F7A7BF00BF2DE9F04FDFF874E429
:10AF4000164697B08046DEF8002006F118040F463A
:10AF50000021013220461D46CEF80020F9F772FA92
:10AF6000002847D02B6A83B105F118090021484613
:10AF7000F9F768FA002844D02B6A33B1484601211A
:10AF8000F9F760FA002840F0DB8001A8F8F710FE1E
:10AF900004A8F8F70DFE07A8F8F70AFE0AA8F8F7C4
:10AFA00007FE0DA8F8F704FE10A8F8F701FE13A895
:10AFB000F8F7FEFD2246214601A8F9F78FFB8246ED
:10AFC00030B301A8F8F7FCFD04A8F8F7F9FD07A8CD
:10AFD000F8F7F6FD0AA8F8F7F3FD0DA8F8F7F0FD6D
:10AFE00010A8F8F7EDFD13A8F8F7EAFD504617B0E2
:10AFF000BDE8F08F29463846FFF76CFF17B0BDE873
:10B00000F08F31463846FFF765FF17B0BDE8F08F87
:10B01000414601A8FFF7ACF982460028D1D1DFF8FC
:10B020009093224601A904A8D9F800300133C9F849
:10B030000030F9F753FB82460028C2D1414604A8EC
:10B04000FFF796F982460028BBD1D9F8003001A954
:10B050002A4601330846C9F80030F9F73FFB82461B
:10B060000028AED1414601A8FFF782F982460028A8
:10B07000A7D1D9F8003004A905F10C020133084624
:10B08000C9F80030F9F72AFB8246002899D14146D9
:10B0900004A8FFF76DF98246002892D1D9F8003054
:10B0A00001A9324601330846C9F80030F9F7BEFA63
:10B0B0008246002885D108F104050BE0F9F7C2F9B2
:10B0C0002A4601A958B101A8F9F788FA8246002852
:10B0D0007FF477AF019B002101A88B42EEDB04A92E
:10B0E00006F10C0508462A46F9F7A0FA8246002820
:10B0F0007FF467AF08F1040B0BE0F9F7A3F95A46A8
:10B1000004A958B104A8F9F769FA824600287FF427
:10B1100058AF049B002104A88B42EEDB002101A85C
:10B12000F9F790F9014668B904A8F9F78BF90028F6
:10B1300075D1324639464046FFF702FA824640E76B
:10B140009A4854E7214601AA13A8F9F7C7FA82469C
:10B1500000287FF436AF414613A8FFF709F982466D
:10B1600000287FF42EAFD9F8003001AA07A8904C30
:10B1700001331146C9F80030F9F7B0FA82460028C9
:10B180007FF41FAF414607A8FFF7F2F88246002878
:10B190007FF417AF236801AA07A90AA80133236027
:10B1A000F9F79CFA824600287FF40BAF41460AA8C3
:10B1B000FFF7DEF8824600287FF403AF236807A973
:10B1C0003246013308462360F9F788FA82460028A0
:10B1D0007FF4F7AE414607A8FFF7CAF88246002879
:10B1E0007FF4EFAE2368022207A901A80133236090
:10B1F000F9F7E6FB824600287FF4E3AE08F1040489
:10B20000214601A8F9F7ACF801A900282246084612
:10B210000ADBF9F79BF982460028F1D0D1E63846DF
:10B22000FFF774FE8246CCE604AA0DA81146F9F792
:10B2300055FA824600287FF4C4AE41460DA8FFF7B8
:10B2400097F8824600287FF4BCAED9F800300DA9EB
:10B2500001AA01330846C9F80030F9F7E7F9824638
:10B2600000287FF4AEAE0D9B00210DA88B420BDAB7
:10B27000F9F7E8F822460DA930B10DA8F9F7AEF9B3
:10B2800082460028EFD09CE60DA90AAA0846F9F7E5
:10B29000CDF9824600287FF494AE0D9B00210DA8C5
:10B2A0008B420BDAF9F7CEF822460DA930B10DA882
:10B2B000F9F794F982460028EFD082E607A90DAA93
:10B2C0000846F9F7B3F9824600287FF47AAE079B67
:10B2D000002107A88B420BDAF9F7B4F8224607A938
:10B2E00030B107A8F9F77AF982460028EFD068E66E
:10B2F00007A904AA0846F9F7F1F9824600287FF465
:10B3000060AE414607A8FFF733F8824600287FF475
:10B3100058AED9F800300AA92A46254D013308460F
:10B32000C9F80030F9F7DAF9824600287FF449AE0F
:10B3300041460AA8FFF71CF8824600287FF441AE78
:10B340002B680AAA07A910A801332B60F9F76EF938
:10B35000824600287FF435AE109B002110A88B4256
:10B360000BDAF9F76FF8224610A930B110A8F9F7F7
:10B3700035F982460028EFD023E60DA93846F8F7C4
:10B38000A1FC824600287FF41CAE10A907F10C0036
:10B39000F8F798FC824600287FF413AE07F11800F6
:10B3A00013A9F8F78FFC82460BE600BF80B0FFFFC1
:10B3B00024620120D859012008B500211830F9F77E
:10B3C00041F8B0FA80F0400908BD00BF38B5044626
:10B3D0000D46F8F7C5FF70B905F10C0104F10C003A
:10B3E000F8F7BEFF38B905F1180104F11800F8F7B5
:10B3F000B7FF00B938BD014838BD00BF80B0FFFFBE
:10B4000070B51E4604460D46F9F7ECF900B170BD63
:10B410003246294604F10C00F9F7E4F90028F6D188
:10B4200004F118000121BDE87040F8F72BBD00BF02
:10B43000012A2DE9F843089FDDF824802FD80D4616
:10B44000814600211E4605F118001446F8F7FAFF60
:10B4500038B9B8F1000F38D0012338703360BDE837
:10B46000F88309F10400F8F7A9FD8146D4B9430037
:10B4700001339845336028D30423394602462846D1
:10B4800001F8013BF8F7D6FD50B909F1010105F1CA
:10B490000C004A463944BDE8F843F8F7CBBD0C48E8
:10B4A000BDE8F883431C984533600ED3002105F1B5
:10B4B0000C00F8F703FD3946831C4A46284601F87C
:10B4C000013BBDE8F843F8F7B5BD0248BDE8F88395
:10B4D00080B0FFFF00B1FFFF83B3F8B5147834B933
:10B4E000012B19D10846BDE8F840FFF70FBD1546FE
:10B4F00004301C460E46F8F761FD2B780746042BF6
:10B500001ED1430001339C4206D10246691C3046DD
:10B51000F8F75AFD10B1F8BD0A48F8BD791C3A4653
:10B5200006F10C002944F8F74FFD0028F3D106F18D
:10B5300018000121BDE8F840F8F7A4BC01487047A5
:10B540000148E8E780B0FFFF80B1FFFF012B12D96F
:10B5500070B414681646621C3260257845B15C1ED2
:10B56000A54205D854192B46346070BCFFF7B4BF10
:10B57000024870BC70470148704700BF80B0FFFFB1
:10B58000F0B583B0099C089E74B1013C771C1D4640
:10B5900001940097FFF74CFF20B92B6833702B689C
:10B5A00001332B6003B0F0BD0048FBE780B0FFFF24
:10B5B000022A21D90A68531C0B601378032B1BD174
:10B5C00030B4941CD51C0C6054780D60927842EA1B
:10B5D0000424182C0CD01946084B03E05A88A242C8
:10B5E00007D0197B0C330029F8D1054830BC7047CF
:10B5F000042130BC01F0F4BC02487047A8BB0260D3
:10B6000080B1FFFF80B0FFFF30B40578042D0CD06F
:10B6100003200E4C02E0854208D0207B0C34002829
:10B62000F9D1A0F59F4030BC7047084C0320022B95
:10B63000086008D91070002063881B0A5370638863
:10B64000937030BC70470248FBE700BFA8BB0260A4
:10B6500000B1FFFF2DE9F0410C4686B006460121FE
:10B6600004F11800F8F7EEFEB8BB336BCBB3F36B05
:10B67000BBB3014605462046F8F7E4FE00282CDB64
:10B6800004F10C0729463846F8F7DCFE002824DBD5
:10B6900006F1040820464146F8F762FE00281CDA4D
:10B6A00041463846F8F75CFE002816DA6846F8F797
:10B6B0007FFA03A8F8F77CFA3A4639466846F9F764
:10B6C0000DF8054688B16846F8F77AFA03A8F8F746
:10B6D00077FA284606B0BDE8F081474806B0BDE8D5
:10B6E000F081464806B0BDE8F08131466846FEF775
:10B6F0003FFE05460028E6D1414F2246214603A8D9
:10B700003B6801333B60F8F7E9FF05460028DAD1D2
:10B71000314603A8FEF72CFE05460028D3D13B682E
:10B72000B26901333B60002A47D003A906F1100239
:10B730000846F8F753FF05460028C4D104E0F8F79F
:10B7400005FF05460028BED1414603A8F8F708FECC
:10B7500003A9002842460846F1DA03A92246084612
:10B76000F8F7BCFF05460028ADD1314603A8FEF727
:10B77000FFFD05460028A6D13B6803A906F11C027F
:10B78000013308463B60F8F729FF054600289AD1A7
:10B7900002E0F8F7DBFE68BB414603A8F8F7E0FDDE
:10B7A00003A9002842460846F3DA6846124DF8F726
:10B7B000D7FD002808BF002585E703A90322084616
:10B7C000F8F774FF054600287FF47DAF0CE0F8F72A
:10B7D00039FE424603A90028BFD003A8F8F7FEFEB1
:10B7E000054600287FF46FAF039B002103A88B421E
:10B7F000EDDBB2E7054666E780B3FFFF80B0FFFFF1
:10B80000246201202DE9F04F8846CBB019461E4630
:10B8100091460546FFF71EFF0446002840F095803C
:10B82000286B00284ED0E86B00284BD004A805F107
:10B830004C0AF8F7BDF907A8F8F7BAF921465046BF
:10B84000F8F73CFB012840F08480EF6D24210220B2
:10B85000013717F031FA834601907F0800287AD02B
:10B860003146FFF737FB044600287CD10BF1240654
:10B8700059463046FFF72EFB044678B9002F76D0A4
:10B88000834601E05F4572D03246314628460BF1CF
:10B89000010BFEF755FE0028F4D00446019D284612
:10B8A000FFF7C6FA3046FFF7C3FA284617F010FA3A
:10B8B00004A8F8F785F907A8F8F782F94046FFF7DA
:10B8C000B7FA20464BB0BDE8F08FFEF739FE019A7B
:10B8D00010A9002840F02A811BF807302846FFF7FE
:10B8E000F1F910AB42464146002840F01F8128463E
:10B8F000FFF722FB002840F01981013F42464146F4
:10B9000028467B1CE1D110A8FFF792FA029A414623
:10B910002846FEF7F1FD04460028BFD141462846DF
:10B92000FEF768FD019D04462846FFF781FA304680
:10B93000FFF77EFA284617F0CBF904A8F8F740F98C
:10B9400007A8F8F73DF9002CB8D120464BB0BDE868
:10B95000F08FAC48B6E704A8AB4CF8F731F907A86C
:10B96000F8F72EF9AAE7019B03F1240696E70DF5F7
:10B97000947B012228464BF8C46D5946FFF77CF8AA
:10B98000044600288AD13346019A31462846FFF7FB
:10B99000D3FA0446002881D1012259462846199637
:10B9A000FFF76AF8044600287FF478AF014648465E
:10B9B000F8F784FA4946029004A8F8F783F9044698
:10B9C00000287FF46BAF4A46514607A8F8F72EFED1
:10B9D000044600287FF462AF029B07A904A813F174
:10B9E000FF3318BF01231A460293F8F7CBF9044638
:10B9F00000287FF453AF01467A1C584617F030F9FF
:10BA0000002F3BD00395DA465D4695F8009021461D
:10BA100004A8F8F753FA40EA0909391901344FFA32
:10BA200089F904A8F8F74AFAA74249EA400005F85C
:10BA3000010BEAD1039D00234FF0010E9AF801108B
:10BA40000EF1010E9AF800C081EA03020B4077451F
:10BA500002F0010154B281F001001CFB00F14CEA3C
:10BA6000C0104AB204EA020182EA040243EA010376
:10BA70008AF801200AF8010BDBB2DFD210A8FFF729
:10BA8000AFF94AAB019A41463B44284613F8C43CFF
:10BA9000FFF718F9044618B110A8FFF7C9F9FDE639
:10BAA00008F1180901214846F8F7ECF90446002886
:10BAB000F2D1549B002B3FF420AFAB6D2A1D0AA896
:10BAC0004FF00C0A07330392DB081C46F8F770F8B6
:10BAD0000DA8F8F76DF8559B2146549A0AA8F9F776
:10BAE000EDFC18B120E0F8F71DFBE8B903990AA8AE
:10BAF000F8F736FC00284FF001010AA8F3DABAF192
:10BB0000010A7CD0F8F79EFC0028E4DD0AAA494629
:10BB10004846F8F7E3FD044650B10AA8F8F750F894
:10BB20000DA8F8F74DF8B7E70446F6E70446B3E783
:10BB300048462946FEF71CFC04460028EDD1DFF8F4
:10BB4000D0900AAA0DA8D9F8003011460133C9F8DF
:10BB50000030F8F7C3FD04460028DED129460DA8C1
:10BB6000FEF706FC04460028D7D1D9F800300DAA0C
:10BB7000414640460133C9F80030F8F7AFFD0446AE
:10BB80000028CAD129464046FEF7F2FB04460028A9
:10BB9000C3D1D9F800300DA90AAA01330846C9F863
:10BBA0000030F8F79BFD04460028B6D129460DA8C1
:10BBB000FEF7DEFB04460028AFD1D9F8003008F1CB
:10BBC0000C0A0DAA013351465046C9F80030F8F767
:10BBD00085FD04460028A0D150462946FEF7C8FB43
:10BBE0000446002899D1D9F800300AA80133C9F8D1
:10BBF0000030F7F7E5FF0DA8F7F7E2FF7DE6034C0D
:10BC00004AE700BF80B0FFFF80B2FFFF00B3FFFF35
:10BC10002462012038B5036B93B1C36B83B10D4629
:10BC2000044601212846F8F70DFC00280ADB04F140
:10BC30004C012846F8F794FB002803DA002038BDB1
:10BC4000014838BD014838BD80B0FFFF80B3FFFF19
:10BC50002DE9F04705460F4603F1180001211C4667
:10BC60001646DDF82080DDF82490F8F7EBFB88B964
:10BC700031462846FFF7CEFF08B1BDE8F087CDF882
:10BC800024902346CDF82080324639462846BDE828
:10BC9000F047B7E50048F0E780B0FFFFF0B5074692
:10BCA00083B00D461046012114461E46F8F7CAFB24
:10BCB00058B34FF0FF312046F8F7C4FB78B14FF08E
:10BCC000000E2246334629463846CDF804E0CDF82A
:10BCD00000E0FFF7BDFF0446204603B0F0BD31464B
:10BCE0002846FFF7F7F804460028F5D10C35014641
:10BCF0002846F8F7A7FB0028EED0391D2A4628462B
:10BD000003B0BDE8F040F8F791BC3146284603B0D7
:10BD1000BDE8F040FFF7DEB8F0B5046B8BB0B4B10E
:10BD2000C46BA4B115461E46044601A80F46FFF792
:10BD300057F82A46334601A92046FFF7AFFF0546CC
:10BD400040B101A8FFF774F828460BB0F0BD0D48CC
:10BD50000BB0F0BD119B3946109A2046FFF79EFFAD
:10BD600005460028EDD13B4601AA39462046FFF79B
:10BD7000E3F805460028E4D139462046FEF73AFBB1
:10BD80000546DEE780B1FFFF2DE9F04F056B83B07C
:10BD9000DDF83080DDF83490B5B3C46BA4B3C76D63
:10BDA000144606461F25073700F14C0B0193FF0888
:10BDB00000914FEAC70A4B46424639462046F9F7FA
:10BDC0007DFB10BBF16D2046C1EB0A01F8F7AAF923
:10BDD0000121D0B9013D20461AD0F8F733FB0028E5
:10BDE00059462046E7DBF8F7BBFA0028E3DA009B68
:10BDF000224601993046CDF83490CDF8308003B01A
:10BE0000BDE8F04FFFF724BF034803B0BDE8F08F53
:10BE1000024803B0BDE8F08F80B0FFFF00B3FFFF22
:10BE200010B582B0049C009313460A4600F1280125
:10BE30000194FFF7A9FF02B010BD00BF70B50C461A
:10BE400082B00146154620461E4601F0C9F850B999
:10BE5000019604F18803009504F17C0204F12801A5
:10BE60002046FFF791FF02B070BD00BF0378002BA2
:10BE700044D00A789A4241D12DE9F04301F1880774
:10BE8000ABB00C46054639468830F8F769FA002809
:10BE90003DD104F1940805F194004146F8F760FAA9
:10BEA000002834D104F1A00905F1A0004946F8F7B3
:10BEB00057FA054658BB264602A8FEF791FF7C229A
:10BEC00029460BA816F0CCFE16F8281B0BA801F08B
:10BED00087F804F17C0233460195009502A90BA86E
:10BEE000FFF7B6FE044658B102A8FEF7A1FF0BA863
:10BEF000FEF7AEFF20462BB0BDE8F0830C4870473C
:10BF0000394602A8F8F72CFA28B1094CECE70848A2
:10BF10002BB0BDE8F083414605A8F8F721FA0028C8
:10BF2000F3D1494608A8F8F71BFA0028DCD0ECE763
:10BF300080B0FFFF2DE9F04FA24EC1B0054609AC1D
:10BF40000FCE0FC496E803007C2284E80300002192
:10BF500021A816F085FE0FA8FEF742FF18A8FEF7ED
:10BF60003FFF06A8F7F724FE21A8012101F038F8C9
:10BF70000446D0B9002D44D1022106A8F7F782FF6C
:10BF80000446002800F00F8121A8FEF761FF0FA8EA
:10BF9000FEF74EFF18A8FEF74BFF06A8F7F710FEB6
:10BFA000204641B0BDE8F08F0446002C17DAB5B149
:10BFB0002146854816F060FE21A8FEF749FF0FA82C
:10BFC000FEF736FF18A8FEF733FF06A8F7F7F8FDCF
:10BFD0000A2016F05DFE204641B0BDE8F08F21A892
:10BFE000FEF736FF0FA8FEF723FF18A8FEF720FF85
:10BFF00006A8F7F7E5FD002DEAD1204641B0BDE8DF
:10C00000F08F724816F038FE022106A8F7F73AFFC3
:10C0100004460028C9D12BAE0190009006AA3346F1
:10C0200018A921A8FFF714FE04460028BDD100235B
:10C03000DFF8A491DFF8A4811021654F06A8654AB6
:10C04000C9F80030C8F800303B60F8F7CBFB044675
:10C050000028AAD101903346009006AA0FA921A872
:10C06000FFF7F6FD044600289FD109ABD9F8002060
:10C070004FF0010A05939B4603923B68D8F80020D5
:10C080000493029200235BF8042F102106A8C9F83C
:10C090000030C8F800303B60F8F7A4FB3346044694
:10C0A00006AA0FA9002880D1019021A80094FFF7CB
:10C0B000CFFD044600287FF478AF474B039A1B68F6
:10C0C000934240F0B180454B029A1B68934240F086
:10C0D000AB803F4B049A1B68934240F0A5800AF165
:10C0E000010ABAF1060FCDD1002D7BD13A4B1021B8
:10C0F000384A06A81D60394B1D60354B1D60F8F7A6
:10C1000071FB044600287FF43FAF019518AB009502
:10C1100006AA0FA921A8FFF79BFD044600287FF47B
:10C1200033AFD9F800300126DFF8ACA00393D8F87C
:10C130000030DFF8A8B00293059C3B68049300230D
:10C1400054F8042F102106A8C9F80030C8F80030B0
:10C150003B60F8F747FB00287FF426AF019018AB4F
:10C16000009006AA0FA921A8FFF772FD00287FF40E
:10C170001BAFDAF80030039A93425ED1DBF800304F
:10C18000029A9A4259D1124B049A1B68934254D195
:10C190000136062ED3D10446002D3FF4F5AE1048EB
:10C1A00016F046FD08E72BAE0190009006AA334634
:10C1B00018A921A8FFF74CFD044600287FF4E4AE3F
:10C1C00035E700BFB80300206C1500200C1A0020D2
:10C1D00024620120401A0020D8590120405B012030
:10C1E00080110020194816F023FD194816F044FD6F
:10C1F000184B194A10211C6006A8184B1C60184BDC
:10C200001C60F8F7EFFA044600287FF4CEAE0190E8
:10C2100018AB009006AA0FA921A8FFF719FD044644
:10C2200000287FF4C2AE7CE70DB90124ACE651468C
:10C230000C4816F021FD0124BEE6002DF5D0314654
:10C24000084816F019FD0124B6E600BF8011002051
:10C25000841A0020D8590120401A0020405B012098
:10C2600024620120741A00202DE9F8430C210446B1
:10C27000F7F7BAFC002840F0C780A2680746646858
:10C2800002F1180C02F1200102EB8404664656F814
:10C29000185C043656F8043C7D191D442CBF012758
:10C2A000002746F81C5CAB4288BF01378E42EED1B6
:10C2B00002F1280502F1300E0023A84658F8286C38
:10C2C00008F1040858F8049C9B194B442CBF012624
:10C2D000002648F82C3C994594BF3346731CF04522
:10C2E000ECD13B4497684FF00008D668DB1997699A
:10C2F0002CBF4FF00109C1463B4419EB0606936081
:10C300002CBF4FF00109C146BB42D7692CBF0023A7
:10C3100001231E449E422CBF4B4609F101033E44BB
:10C32000BE4238BF0133D66051F8186C043151F861
:10C33000047C18EB06063E442CBF4FF001084FF07A
:10C34000000841F81C6CB74288BF08F101088D4213
:10C35000EAD19844A946002159F8207C09F1040942
:10C3600059F8043CC91919442CBF0126002649F884
:10C37000241C8B4294BF3146711CF145ECD11669E7
:10C380004144536902F110078919D2F820804FF017
:10C39000000E2CBF012600264144F31811612CBF6A
:10C3A0004FF001094FF000098845D2F8248094BF6E
:10C3B0000026012633449E4294BF494609F10101FB
:10C3C0004344434538BF013153613E6876443E6083
:10C3D0002B68334447F8043B55F8048B43452CBF86
:10C3E0000023012376452CBF9E4603F1010E6745CD
:10C3F000EBD102F11C0371449C42916104D90022EB
:10C4000043F8042B9C42FBD8BDE8F8832DE9F04F9C
:10C4100093B0064601250D2405AB0190342200217E
:10C42000184604930295039416F01AFC304618211E
:10C43000F7F7DAFB0090002840F02A82B3681C6806
:10C44000D3F830A05D6D54441E6DD86DA24505EB48
:10C4500004015A6894BF002401248D4288BF01342E
:10C4600071182CBF4FF0010E4FF0000E0F1A7444DC
:10C470001F60884294BF2146611E4C1C00F00C8254
:10C4800052182CBF4FF0010E4FF0000E4FFA8EFEE7
:10C49000596B9C6D0A449F68914288BF0EF1010E52
:10C4A0002244944288BF0EF1010E0244904288BF9C
:10C4B0000EF1010ECAEB020C924594BF7246AEF12A
:10C4C0000102C6EB0C0E664588BF013AC3F804E0D2
:10C4D00052B2002AC0F25382BA182CBF4FF0010C9E
:10C4E0004FF0000C4FFA8CFCD3F83890DF684A44C8
:10C4F000914588BF0CF1010C0244904288BF0CF1B9
:10C50000010CC1EB020E914294BF6246ACF10102F4
:10C51000C5EB0E0C754588BF013AC3F808C052B28E
:10C52000002AC0F22282BA182CBF4FF0010E4FF041
:10C53000000E4FFA8EFED3F83CC01F69624494454A
:10C5400088BF0EF1010E5244924588BF0EF1010ED4
:10C550003244964288BF0EF1010E2A44954288BFAC
:10C560000EF1010EC9EB0208914594BF7246AEF17F
:10C570000102C4EB080E444588BF013AC0EB0E0827
:10C58000704588BF013AC3F80C8052B2002AC0F24D
:10C59000E381BA182CBF012700277FB22A44D3F8C1
:10C5A00040E0D3F81480954288BF01372A44954271
:10C5B00088BF01377244964588BF01370A449142CB
:10C5C00088BF01375244924594BFBA4607F1010A29
:10C5D0003244964288BF0AF1010A2244944288BF3D
:10C5E0000AF1010ACCEB020B944594BF5246AAF122
:10C5F0000102C0EB0B07584588BF013AC0EB070AA0
:10C60000B84288BF013AC3F810A052B2002AC0F263
:10C61000998118EB02022CBF4FF0010A4FF0000A7B
:10C620004FFA8AFA22445F6CD3F81880944288BF8C
:10C630000AF1010A2244944288BF0AF1010A3A44ED
:10C64000974288BF0AF1010A4A44914588BF0AF11E
:10C65000010A0A44914288BF0AF1010A2A4495421C
:10C6600094BF51460AF1010182182CBF4FF0010B13
:10C670004FF0000BCEEB020A5944C3F814A09645C4
:10C6800094BF0A464A1E52B2002AC0F2538118EBE8
:10C6900002022CBF0121002149B20244D3F8488094
:10C6A000D3F81CA0904288BF01310244904288BF59
:10C6B00001314244904588BF01316244944588BFAE
:10C6C00001314A44914588BF0131A2182CBF4FF077
:10C6D000010B4FF0000BC7EB02095944C3F8189047
:10C6E000974294BF0A464A1E52B2002AC0F21881ED
:10C6F0001AEB02022CBF4FF0010A4FF0000A4FFA6A
:10C700008AFAD96CD3F820900A44914288BF0AF182
:10C71000010A7244964588BF0AF1010A62449445B1
:10C7200094BFD4460AF1010C82182CBF4FF0010BC4
:10C730004FF0000BC8EB020ADC44C3F81CA0904584
:10C7400088BFACF1010C4FFA8CFCBCF1000FC0F2B9
:10C75000DD8019EB0C0C2CBF4FF001094FF00009E4
:10C760004FFA89F9B4445A6A664588BF09F101094C
:10C77000BC44674588BF09F101091EEB0C0E2CBFB4
:10C780004FF0010A4FF0000AC1EB0E0CD144C3F880
:10C7900020C0714594BFCE46A9F1010E4FFA8EFE1E
:10C7A000BEF1000FC0F2A78012EB0E0C2CBF0122CD
:10C7B00000224FFA82FEAC449A6A654588BF0EF1AA
:10C7C000010EC444E04588BF0EF1010E17EB0C07C3
:10C7D0002CBF4FF001094FF00009C6EB070CCE4407
:10C7E000C3F824C0BE4294BF7746AEF101077FB2C2
:10C7F000002F76DB12EB070E2CBF0122002252B273
:10C80000A644DF6A744588BF01328E44714588BFF3
:10C81000013218EB0E082CBF4FF0010C4FF0000C4A
:10C82000C5EB080E6244C3F828E0454594BF1546A1
:10C83000551E6DB2002D4BDB7A192CBF0127002746
:10C840007FB20244019D904294BF3846781C324426
:10C850006D68964294BF0646461C89182CBF01227B
:10C8600000220F1B1644DF628C4294BF3446741EB4
:10C870000D2D64B224EAE4721A6307D903EB85052F
:10C880000022343343F8042B9D42FBD1002C0BDBF8
:10C89000009813B0BDE8F08FB2FA82FE013A4FEA79
:10C8A0005E1ECEF1000EF3E5039A6FF04043019E49
:10C8B00064421344049D324602A9304645F82340A1
:10C8C000F7F744FE0028E3D14FF0FF333360DFE792
:10C8D000C5F1000EEA1977454FF0FF3728BF002752
:10C8E000AFE7C7F1000C07EB020E62454FF0FF32D5
:10C8F00028BF002284E7CEF100090EEB020C4FF0B6
:10C90000FF3E4A4528BF4FF0000E54E7CCF1000A25
:10C91000CC44D1454FF0FF3928BF4FF0000921E743
:10C92000C2F100095244CA454FF0FF3A28BF4FF008
:10C93000000AE6E65142424488454FF0FF3128BFE5
:10C940000021AAE6C2F1000A4244D0454FF0FF3A66
:10C9500028BF4FF0000A65E6C2F100083A44474597
:10C960004FF0FF3728BF002718E6C2F1000E3A4407
:10C9700077454FF0FF3E28BF4FF0000EDBE5C2F1D8
:10C98000000C3A4467454FF0FF3C28BF4FF0000CC5
:10C99000AAE500BF2DE9F04F8FB006460125082417
:10C9A00006AB20220021039518460593049416F047
:10C9B00057F930460E21F7F717F90746002840F0DF
:10C9C000C080B3681968D3F81C90DA6A4945C9EB8E
:10C9D000010458682CBF00210121A24288BF013107
:10C9E000A41A49421C6049B2002940F0AE803C467E
:10C9F000D3F82080196B804588BF013CC8EB00004C
:10CA00009D68814288BF013C401A64B25860002C86
:10CA100040F0D9802046D3F824C05C6BAC4588BF79
:10CA20000138CCEB0505D3F80CA0AC4288BF013827
:10CA30002D1B40B29D60002840F0BD800190D3F8CE
:10CA400028E0D3F810B0D645CEEB090598BF0020FA
:10CA5000554488BF0120A94594BF4042C0F1010060
:10CA600012EB0509019DC3F80C9045EB000040B2A4
:10CA70000028C0F297801BEB00002CBF4FF0010B89
:10CA80004FF0000B4FFA8BFB8242C2EB08095D6945
:10CA900094BF002201224844804594BFC2F100089F
:10CAA000C2F1010808184BEB080818614FFA88F822
:10CAB000B8F1000F6DDB15EB08082CBF0125002530
:10CAC0006DB2C1EB0C0041459A6994BF0021012170
:10CAD0008044C44594BFC1F1000CC1F1010C14EBBA
:10CAE000080045EB0C0C58614FFA8CFCBCF1000FB0
:10CAF00046DB12EB0C0C2CBF0120002040B2C4EB33
:10CB00000E0264457168624494BF002401249A6156
:10CB1000964594BFC4F1000EC4F1010E0829864465
:10CB20004FFA8EFE2EEAEE72DA6107D903EB81022C
:10CB30002033002143F8041B9342FBD1BEF1000FC8
:10CB40000ADB38460FB0BDE8F08F4C42A04234BF3C
:10CB5000FF24002408444BE7049A6FF04044CEF1D0
:10CB60000003059D144403A93246304645F824309D
:10CB7000F7F7ECFC0028E4D14FF0FF333360E0E737
:10CB8000CCF10000944482424FF0FF3028BF0020D7
:10CB9000B5E7C8F10002A84495424FF0FF3528BF21
:10CBA00000258EE745425844AB454FF0FF3B28BF78
:10CBB0004FF0000B68E74542AA4534BFFF2500252A
:10CBC000824401953BE76042854234BFFF2000204C
:10CBD000254420E72DE9F04F8FB0054601260924B2
:10CBE00005AB24220021029618460493039416F004
:10CBF00037F828461021F6F7F7FF0190002840F09B
:10CC00009881AB681A68D3F82090D3F824804A44FE
:10CC1000D3F82CE01F6B914508EB020C586B94BFC6
:10CC200000240124CEEB0C029E6BE04588BF01344A
:10CC3000D11BE64588BF013C974294BF2246621E45
:10CC40000C1A884288BF013AC6EB040CA64294BF76
:10CC50001146511EC3F800C05A680029C0F26D8108
:10CC600051182CBF0122002252B24144D3F828C0EF
:10CC7000DC6B884588BF01326144D3F808A08C453D
:10CC800088BF0132C7EB010B8F4294BF1146511E82
:10CC9000C0EB0B02584588BF0139C6EB020B964228
:10CCA00094BF0A464A1EC4EB0B015C4594BF9346F1
:10CCB000A2F1010B59604FFA8BFBBBF1000FC0F2E0
:10CCC00086811AEB0B0B2CBF0121002149B2E344F2
:10CCD000D3F80CA0DC4588BF0131F344DE4588BFA2
:10CCE0000131C0EB0B02584588BF0139C6EB020B7E
:10CCF000964294BF0A464A1EC4EB0B015C4594BFA2
:10CD00009346A2F1010B99604FFA8BFBBBF1000F28
:10CD1000C0F254811AEB0B0B2CBF0121002149B248
:10CD2000F344D3F810A0DE4588BF0131F344DE455B
:10CD300088BF0131BB445F4588BF0131BB445F45BB
:10CD400088BF01318344584588BF0131C4EB0B02D1
:10CD50005C4588BF0139C9EB020B914594BF0A4677
:10CD60004A1EC8EB0B01D84588BF013AD96052B2C0
:10CD7000002AC0F219811AEB02022CBF4FF0010BFE
:10CD80004FF0000B4FFA8BFB3A445969974288BF2A
:10CD90000BF1010B3A44974288BF0BF1010B02449F
:10CDA000904288BF0BF1010B0244904288BF0BF107
:10CDB000010B3244964288BF0BF1010BC8EB020A0B
:10CDC000904594BF5A46ABF10102CCEB0A0BD44517
:10CDD00088BF013AC3F810B052B2002AC0F2DB801B
:10CDE0008A182CBF0121002149B20244D3F818A0AF
:10CDF000904288BF01310244904288BF01313244E1
:10CE0000964288BF01313244964288BF01312244A4
:10CE1000944288BF0131CCEB020B944594BF0A4683
:10CE20004A1ECEEB0B01DE4588BF013A596152B272
:10CE3000002AC0F2A7801AEB02022CBF4FF0010AB1
:10CE40004FF0000A4FFA8AFA3244D969964288BFF5
:10CE50000AF1010A3244964288BF0AF1010A2244CB
:10CE6000944288BF0AF1010A2244944288BF0AF121
:10CE7000010A3244964294BF56460AF10106024422
:10CE8000904288BF0136C9EB020A914588BF013E36
:10CE9000C8EB0A02D04594BFB046A6F101089A61DA
:10CEA0004FFA88F8B8F1000F62DB11EB08022CBFD3
:10CEB0000121002149B222446E68944288BF0131A9
:10CEC0002244944288BF01312244944294BF0C46CC
:10CED0004C1C4A44914594BFA14604F10109CCEB96
:10CEE0000201944594BFCC46A9F1010CCEEB01049C
:10CEF0008E4594BFE646ACF1010EE11BA74294BFFC
:10CF00007746AEF101070A1A884294BF3846781E68
:10CF1000DA61092E40B220EAE0721A6207D903EB07
:10CF200086060022243343F8042B9E42FBD10028BE
:10CF30000BDB01980FB0BDE8F08F4C421144A242C8
:10CF40004FF0FF3228BF00228FE6039A6FF0404473
:10CF50004342049E144402A92A46284646F8243037
:10CF6000F7F7F4FA0028E4D14FF0FF332B60E0E745
:10CF7000C8F1000608EB0102B1424FF0FF3128BFB3
:10CF8000002198E7514252448A454FF0FF3A28BFAA
:10CF90004FF0000A58E7C2F1000B0A4459454FF020
:10CFA000FF3128BF002120E7C2F1000B5244DA45CF
:10CFB0004FF0FF3B28BF4FF0000BE5E6CBF100013F
:10CFC000D3448A454FF0FF3128BF0021A8E6CBF1BA
:10CFD0000001D3448A454FF0FF3128BF002176E697
:10CFE000F8B50D460446FDF733FF6B1E2570032B85
:10CFF00065D8DFE803F0573A2D02334B0125334E55
:10D000000C2203F1300103F1600003F19007E360AB
:10D01000C03361626065201D2D492763E363666646
:10D020006560E561E564A562656325646564A26089
:10D0300022622265E262A263A164F6F797FFA0650F
:10D0400004F14C00F6F792FF2566E0650020F8BD7C
:10D05000204B0125204E082203F1200103F140005E
:10D0600003F16007E3608033D3E71C4B01251C4FBD
:10D07000082603F1200203F13C0103F15800E360AC
:10D0800074336262616507222063201D1049E363E7
:10D0900067666560E561E564A5626563256465644E
:10D0A000A660C5E70F4B01250F4E062203F11801BC
:10D0B00003F1300003F14807E3606033A9E720463D
:10D0C000FDF7C6FE0948F8BD8CBD02600DC40060C6
:10D0D000C45B0020ECBC0260D5CB00605CBC02608D
:10D0E00095C90060E4BB026069C2006080B1FFFFC7
:10D0F0002DE9F04F8E460F2191B01EF80FCF0F9201
:10D100000CEA01044FEA1C1C00EBC404CDE900AB9F
:10D11000D4E93023D4E9104525E01EF801CD0E9A5C
:10D12000534B0CF00F04CDF828804FEA1C1C53F829
:10D13000323000EBC4041B04DDE904670B93D4E92F
:10D140003023D4E9104556405F4032463B465646B0
:10D150005F4666406F4034463D46DDE90A6756400B
:10D160005F4032463B4626094FF000081709013957
:10D17000009604F00F06069700EBCC0C009F2C09DC
:10D18000CDF830804FEA027947EA05770194CDF86F
:10D1900020800097364F57F83660069F47EA03779E
:10D1A0001B09069707933304DDE90645DCE9306780
:10D1B0000D9374407D4026462F46DDE90CABDDE93A
:10D1C00000238AEA060A8BEA070B42EA080243EACE
:10D1D000090356465F46DCE9104562404C1C4FEAA5
:10D1E000161483EA05034FEA067504944FEA1214F5
:10D1F0000995029402F00F04029D0E9445EA03750E
:10D200000295049D45EA0B7504954FEA13150395A5
:10D210004FEA1715DDE908AB0595DDE902454AEA55
:10D22000040A4BEA050B7FF478AF0F9C390E3D0CD6
:10D23000E7704FEA172E21702746300EE671310C49
:10D24000E372E273360A65701D0E84F802E01C0C6E
:10D250003871180A7971130C110EBE71120A3D72E1
:10D260007C72B87239737B73BA7311B0BDE8F08FFA
:10D2700080BE02604FF4C472002115F0F1BC00BF03
:10D280002DE9F04F04468BB093460846012219461B
:10D290001D46FAF767FB002800F09C80D0F814A028
:10D2A0008046BAF1100F40F095802046FAF772FBE5
:10D2B00041462046FAF77EFB10B10BB0BDE8F08F77
:10D2C0002A46594601232046FAF7A0FB05460028C6
:10D2D000F3D105A906AB52462046009119460595A3
:10D2E0000695079508950995FAF744FC86460028A7
:10D2F0006CD1089B4FF0000A099D4FF0040E93FA81
:10D3000083FB079B95FA85FC069A1DBA5B4611BA0A
:10D310004FF0000B40EA0C0228434FF0030C04F5D9
:10D320008075C4E92023C5E90001C4E930ABC4E934
:10D3300010AB02F0010AC7075B084FEA3202490846
:10D340004FEA30004FEA4A1B002604EBCE053B4370
:10D35000CBEB0A0A32437040BCF1010C4FEA0A6978
:10D360004FEA6E0E81EA0901C5E91023C5E93001D3
:10D37000DFD1022704F1C00304F1400C4FF0030E8B
:10D380003D460293EA00029E604601230CEB020137
:10D3900032442F46D1E90089D2E900ABF6E90245D3
:10D3A000013384EA0A0485EA0B05BB42E2E902453F
:10D3B000F0E9024584EA080485EA0905E1E9024545
:10D3C000ECD1BEF1010E4FEA4305DBD170460BB044
:10D3D000BDE8F08F6FF013000BB0BDE8F08F00BF19
:10D3E0002DE9F04F00268DB00796DDF858A0DDF846
:10D3F0005C80002B00F0B68005461C4600F5B87B2B
:10D4000000F5B0730F469146002100F5A072002090
:10D41000C5F860610C2C5E609E60DE60C5F87061CE
:10D42000CBF80460CBF80860CBF80C60C5F88071CD
:10D43000C2E900012A46E2E95201039200F0848029
:10D44000E20005F25F11CDF814B09B46100E0F46B6
:10D450000491110C8DF82F20120ACDF85C80A8469B
:10D46000089609968DF82C008DF82D108DF82E2039
:10D470000A96102C26463D4609F1FF3028BF10269B
:10D48000394606F25F1EC64411F8012F10F8013F1D
:10D49000714583EA02030B70F6D15A46594640465D
:10D4A000B144FFF725FEA41BE3D12F465B4645465A
:10D4B000DDF814B0DDF85C8008AE0499204601E088
:10D4C00016F8014F11F8012F01306240102807F8BB
:10D4D000012FF5D11A46194628460493FFF708FE96
:10D4E000049B07A81946102205F5A873009028464A
:10D4F000FAF740FB28BB039BC5F848815860B8F198
:10D50000000F1DD005F26F14464623460AF1FF3185
:10D51000102E28BF102606F26F172F4413F8010FA4
:10D5200011F8012F9F4282EA00021A70F6D15A4682
:10D5300059462846B244FFF7DBFDB8EB0608E3D1B5
:10D5400000200DB0BDE8F08FD9F800400122D9F8D5
:10D550000400D9F80810C5F860415860996085F852
:10D560006F21BEE76FF01300EBE700BF2DE9F04F2E
:10D570009A4689B00023164692450546884603938D
:10D5800003D9C2EB0A038B4264D32C464FF00F0C35
:10D590006FF01F0BF4E9500110EB080241F100039A
:10D5A0009C4508BF934555D38B4208BF824251D357
:10D5B000C4E90023B8F1000F42D005F5B07B05F5B2
:10D5C000B87947464C4649461022102F28BF1027ED
:10D5D00011F8013D013A01330C2ADBB20B7001D97D
:10D5E000002BF5D003AB102259462846009304AB1C
:10D5F000FAF7C0FA28BB3146D5F880213E440DF138
:10D600000F0E0AF1FF301AB922780B7853402370BD
:10D610000B7801311EF8012F534000F8013FD5F877
:10D620008021012A10D0B14204F10104EBD14A4615
:10D6300049462846BA44FFF75BFDB8EB0708C0D15E
:10D64000002009B0BDE8F08F94F800C083EA0C0315
:10D650002370E8E76FF01300F3E700BF2DE9F04F08
:10D66000D0F84C31161FD0F8447187B04FEAC30888
:10D67000D0F84041FF00D0F848310C2E47EA5477EB
:10D6800048EA537875D88B464FEAC40900F5A8716B
:10D69000064658464FEAC30A154615F0CDFA59EA30
:10D6A000070306D15AEA080303D1002007B0BDE8FA
:10D6B000F08F4FEA184C8DF80B804FEA1A6E8DF8F8
:10D6C0000FA04FEA1A4206F26F144FEA18638DF862
:10D6D00013704FEA18288DF817904FEA1A2A8DF820
:10D6E00009C08DF80A804FEA176C4FEA17488DF889
:10D6F0000CE03F0A8DF80EA04FEA196E8DF80D2050
:10D700004FEA194A8DF810C04FEA192902A821469C
:10D7100001948DF808304FF0000C8DF811802246EE
:10D720008DF812708DF814E08DF815A08DF8169014
:10D7300001E010F8013F12F8017F0CF1010C7B4071
:10D74000BCF1100F01F8013FF3D106F5B872013DAD
:10D7500030461146FFF7CCFC0BF1FF30AB4410F81C
:10D76000012F14F8013F584583EA02030370F6D1F4
:10D770009BE76FF0130099E72DE9F04383B01E4655
:10D7800017460B9D32460C9C00950DAD0194044646
:10D790000A9BDDF8408095E86002FFF721FE10B19A
:10D7A00003B0BDE8F08333462A4639462046FFF7EA
:10D7B000DDFE0028F4D14A464146204603B0BDE8CC
:10D7C000F043FFF74BBF00BF2DE9F0418CB00E4690
:10D7D0000021139C0DF1200E129D159F01950294BE
:10D7E000169D179C009313460395324605970494A3
:10D7F000CDF818E0149DFFF7BFFF88B99FB107F17E
:10D80000FF386A1E0DF11F01454412F8017F11F81F
:10D81000013FAA4283EA070340EA0300F5D120B999
:10D820000CB0BDE8F0813846FAE72046314604F0F6
:10D8300095F96FF01100F3E710B50446FAF7AAF86E
:10D840004FF4C4712046BDE8104004F087B900BF12
:10D850002DE9F04FBF4BADF50D7D4FF0800A1393CE
:10D8600003F5907308901493CDF824A0099B00242D
:10D87000139AA3F1C003A2460A92B3FA83F35B0999
:10D880001593B54B1193149B98464FF4C472002125
:10D890002AA815F0E5F9089B002B40F0D481AF4B86
:10D8A00002212AA803EB44131A460B93099BFFF7A6
:10D8B000E7FC10F1230F034603D1159A002A40F02C
:10D8C000FA81002B40F0A381A54B16ACA5484FF080
:10D8D000100B53F82A7003F55273A34E4FEA8A09CE
:10D8E00053F82A1003F5D873069453F82A20A3F5A9
:10D8F000587300EB811100F5D87053F82A3000EB13
:10D900008212A0F5E47006EB831306F5527650F808
:10D910002A0056F82A600E9135460F961AAE1092DC
:10D920000D900191012103923A4600902AA8029598
:10D93000CDF814B004960C93FFF71EFF03460028A1
:10D9400040F0658112903A464146304615F0BCF9E8
:10D95000129B002840F0CC815A460A992046129327
:10D9600015F0B2F9002840F0C3812AA8FAF712F89E
:10D970004FF4C4712AA804F0F1F8089A002A40F084
:10D9800069814FF4C47208992AA815F069F9099BB6
:10D9900002210B9A2AA8FFF773FC0346002840F0E7
:10D9A00036810F9A01460D9D4FF0100B0E980C9B7F
:10D9B00002923A4601902AA806940496CDF80C806B
:10D9C0000095CDF814B0FFF7D7FE0346002840F0CD
:10D9D0001E813A461099304615F076F9002840F03D
:10D9E00087815A460A99204615F06EF98346002829
:10D9F00040F07E812AA8F9F7CDFF4FF4C4712AA820
:10DA000004F0ACF8089B002B40F035814FF4C47251
:10DA100008992AA815F024F9099B02210B9A2AA833
:10DA2000FFF72EFC0346002840F0F1800F9B0121F8
:10DA30000E9A2AA8019300920D9B0C9AFFF7D0FC36
:10DA40000346002840F0E380202F40F2D680109D4E
:10DA5000334620212AA82A46203FFFF787FD0346A8
:10DA6000002840F0D4802A4622AB39462AA820322A
:10DA7000FFF77CFD0346002840F0C98010222146B4
:10DA80002AA8FFF7EBFD0346002840F0C080344B86
:10DA90004146304653F809B05A4615F015F90028AA
:10DAA00040F0268110220A99204615F00DF907460C
:10DAB000002840F01D812AA8F9F76CFF4FF4C471CB
:10DAC0002AA804F04BF8089B002B40F0E4804FF4A8
:10DAD000C47208992AA815F0C3F8119B02211F4DA2
:10DAE0002AA81A68099B05EB4212FFF7C9FB0346F7
:10DAF000002840F08C8005F5816205F51C73014615
:10DB00002AA852F8097005F5227205F5846553F8C4
:10DB1000093002EB8717303A55F8095052F80920BE
:10DB20000097114F019507EB8212FFF759FC03464E
:10DB300000286CD1BBF1200F7BD93346424620210F
:10DB40002AA8FFF713FDABF12005034600285ED19C
:10DB50000CE000BF00BF026058CA0260A0C40260AF
:10DB600060C5026028C7026078C5026022AB294602
:10DB700008F120022AA8FFF7F9FC0346002846D145
:10DB8000102221462AA8FFF769FD034600283ED14E
:10DB90005E4B304653F80910A3F59F6353F80920F4
:10DBA00003F55E7303EB811115F08EF8002840F049
:10DBB0009F80204610220A9915F086F8002840F030
:10DBC00097802AA8F9F7E6FE4FF4C4712AA803F05B
:10DBD000C5FF089B002B40F08780119B0AF1010ACA
:10DBE0000A9A08F140080433BAF1060F02F1100254
:10DBF00011930A9262D01C6847E63346109A394660
:10DC00002AA8FFF7B3FC034600283FF437AF089A71
:10DC1000002A71D12AA80893F9F7BCFE2AA84FF46C
:10DC2000C47103F09BFF089B18460DF50D7DBDE800
:10DC3000F08F3346594642462AA8FFF797FC034621
:10DC400000289DD0E3E7324B52460999314815F040
:10DC500013F824E6304814F0EBFF129B4FF4C47223
:10DC60002AA8194614F0FCFF2C4B52460999294862
:10DC700015F002F88BE6284814F0DAFF59464FF405
:10DC8000C4722AA814F0ECFF214B5246099924488B
:10DC900014F0F2FFC0E6204814F0CAFF39464FF4F2
:10DCA000C4722AA814F0DCFF1C4B524609991C4888
:10DCB00014F0E2FF11E71B4814F0BAFF139A099B16
:10DCC000603240331392149AB3F5A07F099302F5A2
:10DCD000C07214927FF4CAAD089B9BB9002318460A
:10DCE0000DF50D7DBDE8F08F0B4814F0A1FF74E732
:10DCF000089A0123002A8DD00B48089314F098FF4E
:10DD0000089B87E70A2014F0C3FFE7E758CA0260C0
:10DD10005C110020E01B0020801100205811002021
:10DD2000FC1B002078110020D011002070B5064D9A
:10DD300014460B462E6834448119184614F07CFFB3
:10DD400000202C6070BD00BF3466012064220021D9
:10DD500014F086BF41657047016570478165704763
:10DD60002DE9F043884693B004460068914600F0E0
:10DD700009FB00230546B8F1000F3AD0B9F1000FB6
:10DD800037D002278DF8043004F10C0619E002A9FF
:10DD9000204600F0B9FB2A4602A9204600F02AFBE3
:10DDA0002A463146204600F09BFB3146204600F0D3
:10DDB000ABFB9DF804300133DBB2BB428DF804307D
:10DDC00014D2204600F0D6FB2A463146204600F009
:10DDD00087FB012201A9204600F082FB022FD6D149
:10DDE0004A464146204600F07BFBD0E713B0BDE831
:10DDF000F08301278DF80430C6E700BF2DE9F84312
:10DE000017460122984605460E4600F07BFA044666
:10DE1000B0B905F10C09304600F0B4FA02464946A3
:10DE2000284600F0E7FA304600F0ACFA012102463D
:10DE3000484614F015FF424639462846FFF790FF42
:10DE40002046BDE8F88300BFB2F5807F2DE9F041A0
:10DE5000E0B02BD8076DD319B3F5C07F26D80446A0
:10DE60000E46154600214FF4C072684614F0F8FEC5
:10DE70003A466946E36D206E98470746E0B9D4F804
:10DE8000508006B155B9424669462046FFF768FF03
:10DE90000123E364384660B0BDE8F0810DEB080073
:10DEA00031462A46A84414F0C7FEECE76FF0040799
:10DEB000384660B0BDE8F0816FF00807EAE700BFC0
:10DEC0002DE9F041904601221F4604460D4600F020
:10DED00019FA08B1BDE8F081284604F10C0500F0FC
:10DEE00051FA064629462046324600F083FA324669
:10DEF0002846012114F0B4FE42F21073142EC4F827
:10DF00005C802766A3650CD818231025236520465E
:10DF1000079A0699FFF798FF0028DBD12565BDE831
:10DF2000F0811C2E8BBF3023242320251825EDE7FC
:10DF30002DE9F84F1546064600680F469B46DDF86A
:10DF400028A000F01FFAB5F5806F49D8BAF5807F98
:10DF500042D8F36D814633B1736D012B34D0F26C2E
:10DF6000B36D9A4230DCBBF1000F07D0BAF1000F5D
:10DF700004D0524659463046FFF7F2FECDB106F1C5
:10DF80000C084D4530462C4628BF4C4600F0F2FAAE
:10DF90004A464146304600F0A3FA4146304600F07A
:10DFA000B3FA38462246414614F046FE2D1B27445C
:10DFB000E7D1304652465946FFF7D2FEF36C0020B7
:10DFC0000133F364BDE8F88F524659463046FFF7F7
:10DFD0003BFF18B98246D1E76FF00400BDE8F88F27
:10DFE0006FF00200BDE8F88F00B5002383B0009306
:10DFF000FFF79EFF03B05DF804FB00BF48B110B50A
:10E00000044600F065F964212046BDE8104003F0A5
:10E01000A5BD70472DE9F041B0B00446042000F0E2
:10E0200045F964220546002117A814F019FE7CB9B1
:10E03000694E2946019417A80094684B684A3460D9
:10E04000FFF73EFFE0B10125284630B0BDE8F08182
:10E0500000276448604E14F00FFE2946019717A868
:10E0600000975E4B5E4A3760FFF72AFF00287FD09B
:10E0700001255D4814F0DCFD284630B0BDE8F08194
:10E0800003AF4FF0010E009423463946502217A8E3
:10E09000CDF8B0E0FFF74CFF0028D4D10023502288
:10E0A000394617A80093FFF743FF00285DD150229F
:10E0B0004E49384614F008FE8046002855D117A86E
:10E0C00000F006F9642117A803F048FD17A800F036
:10E0D000FFF8642117A803F041FD002C58D16422F9
:10E0E000214617A814F0BCFD019400942946404B2A
:10E0F00017A83B4A3460FFF7E3FE0028A3D122466D
:10E10000214617A8FFF7A0FE00289CD1002350222B
:10E11000394617A80093FFF70BFF034628BB009072
:10E120005022394617A8FFF703FFF0B938465022AE
:10E13000304914F0C9FD0546B8B917A800F0C8F871
:10E14000642117A803F00AFD17A800F0C1F817A86A
:10E15000642103F003FD002C3FF476AF264814F051
:10E1600067FD0A2014F094FD6EE7002C80D16AE769
:10E1700003AF4FF0010E009003463946502217A816
:10E18000CDF8B0E0FFF7D4FE00287FF471AF85E74B
:10E19000194814F04DFD194814F06EFD64224146F3
:10E1A00017A814F05DFDCDF80480CDF80080294655
:10E1B0000F4B17A80A4AC6F80080FFF781FE002817
:10E1C0007FF456AF0246014617A8FFF73DFE002830
:10E1D0007FF44EAF9AE700BF3466012070CA026038
:10E1E0002DDD00601C1C0020D0110020A8CA026098
:10E1F000F8CA026020CB026080110020381C002089
:10E200000048704770CB0260002833D0014610B53B
:10E210000446194814F028FD20B32146174814F08D
:10E2200023FDE8B12146164814F01EFDC0B1214679
:10E23000144814F019FDB8B12146134814F014FD28
:10E24000A0B12146114814F00FFD88B121461048B5
:10E2500014F00AFD0F4C00280CBF2046002010BD12
:10E260000D4810BD0D4810BD0D4810BD0D4810BD26
:10E270000D4810BD704700BF541C00207C1D0020BD
:10E28000AC380020A01D002048310020743100204F
:10E29000181E002050CE026010CF026040CF0260F6
:10E2A000E0CE0260B0CE026080CE02600338C0B221
:10E2B000052803D8024B53F8200070470020704710
:10E2C000540500200023036043608360704700BF53
:10E2D000B8B10368ABB110B50446406808B15B6AD9
:10E2E0009847A06838B12368D968490003F036FC24
:10E2F000A06814F0EDFC20460C21BDE8104003F0AE
:10E300002DBC7047C9B1C0B1F8B505460B6A0C46C3
:10E31000164698470746686088B116B92C600020F9
:10E32000F8BDE168022014F0C7FCA8600028F5D110
:10E330003846636A98470348F8BD03487047014868
:10E34000F8BD00BF80AEFFFF00AFFFFF0122FFF767
:10E35000D9BF00BF78B1026869B162B10B6853B12F
:10E3600010B5D41A18BF01243CB9936A49684068B3
:10E370009847204610BD02487047014810BD00BFB5
:10E3800000AFFFFF00B1007A704700BF00B1007816
:10E39000704700BF00B14068704700BF20B10368FC
:10E3A00013B11B69406818470048704700AFFFFF72
:10E3B00020B1036813B15B69406818470048704793
:10E3C00000AFFFFF20B1036813B19B694068184795
:10E3D0000048704700AFFFFF40B130B40C46C5693C
:10E3E00011461A4620462B4630BC18470048704755
:10E3F00000AFFFFF00286ED003682DE9F04305460B
:10E4000091B0002B65D08668002E62D09046DA6805
:10E41000894642450ED21B69406898470446002849
:10E420003ED06F463846402103F098FB204611B09D
:10E43000BDE8F08313466F461A4636213046F4187D
:10E4400014F00EFC2B6820465C21DA6814F008FCFE
:10E45000B8F1000F15D009F1FF31601E06EB08027C
:10E46000334693F800E011F8014F8EEA040403F8F4
:10E47000014B9A4210F801EF0C788EEA0404047004
:10E48000EFD12B6868681B69984704460028C9D1FA
:10E490002B68314668685C69DA68A0470446C1E7C2
:10E4A0002B684246494668685B696F469847044650
:10E4B0000028B7D12B68694668689B69984704466D
:10E4C0000028AFD12B68E946AE68D3F80880DB6836
:10E4D000B2E70248ABE70148704700BF00AFFFFF5B
:10E4E00068B103685BB110B4846824B15B694068AB
:10E4F0005DF8044B184703485DF8044B704701482A
:10E50000704700BF00AFFFFF00282FD00368002B2B
:10E510002CD0F0B5866891B0002E25D004460D466B
:10E520009A6969464068DF68904708B111B0F0BD4C
:10E53000236860681B6998470028F7D12368F119A0
:10E5400060685E69DA68B0470028EFD123686946E1
:10E5500060685E699A68B0470028E7D12368294659
:10E5600060689B699847E1E70148DFE7004870472A
:10E5700000AFFFFFA8B103689BB170B5856875B1A6
:10E5800004461B694068984700B170BD236829465E
:10E5900060685C69DA682346BDE870401847024845
:10E5A000F3E70148704700BF00AFFFFF002831D0FC
:10E5B000F0B585B0002416460D460122014601A89B
:10E5C000029401941F460394FFF79CFE044628B171
:10E5D00001A8FFF77DFE204605B0F0BD3246294672
:10E5E00001A8FFF707FF04460028F1D1019B7BB18A
:10E5F000039A6AB15B6939460A9A029898470446B9
:10E600000028E5D10B9901A8FFF77EFF0446DFE75C
:10E61000014CDDE70048704700AFFFFF20B1036801
:10E6200013B1DB6A406818470048704700AFFFFF2E
:10E630005822002114F014BB10B1582103F08EBAF7
:10E64000704700BF08B5582214F0F6FA08BD00BFA5
:10E6500070B403460022064E064D1046064C07498C
:10E660009E60DD601C6159611A605A6070BC704721
:10E670000123456789ABCDEFFEDCBA9876543210A2
:10E680000369024600202DE9F04F1F4613465269E8
:10E6900095B08E46D34E11461A46DB6810911C4643
:10E6A000119287EA01039168DEF800200497234065
:10E6B00005922746049ACDF800E096466240109CE9
:10E6C000C94D2644009C12910D446468DFF888B35C
:10E6D0002146109C06EB010C009E6340C34CB668BB
:10E6E0000691744431462B44059E07910C440099D1
:10E6F0003344BF4DCE6807EB73633D443146009E03
:10E700001A4087EA030E366905EB010A0891019663
:10E710000199B84D0D4400994E6905EB0309314646
:10E72000049E009D7240B44EAD699444009A0295D7
:10E730000E4403EB3C5CD26909910EEA0C0E1146C3
:10E74000AE4D66448EEA070E029A0A918B44A644A7
:10E750000099154483EA0C020CEBFE3E009C1397D3
:10E7600002EA0E020F6A646A8CEA0E0839465340C8
:10E77000A34F7544009A534403940F440B91926A3B
:10E780000399A04C0C4411460EEBB3229E4B0C9106
:10E7900008EA02088EEA020A93440B4488EA0C084D
:10E7A0000099C844C96A02EB78680D910AEA080C1E
:10E7B00007EB080A8CEA0E0782EA080C3744934EEE
:10E7C00008EB37570E440CEA070E04EB070988EAFA
:10E7D00007048EEA02021544009A07EBF535116B27
:10E7E0002C4087EA050E03EB050C894B84EA0804EC
:10E7F00000910B4411465C44DFF860B205EBB42491
:10E800000EEA040806EB040E88EA070685EA040807
:10E81000576B56443A4604EB76660E9208EA0608B1
:10E820009F1988EA050384EA06087A4D4B44DFF80D
:10E8300030921544CA6B06EB33530F9208EA030873
:10E840001D4488EA040486EA0308A4448C6B03EBA5
:10E85000FC3C08EA0C0883EA0C0188EA0606B64488
:10E860006D4E0CEBBE2E264401EA0E018CEA0E081A
:10E8700066445940694B0F441344069A0EEB776780
:10E8800073449144029A08EA07088EEA0701B944E2
:10E8900088EA0C0C654407EB3555294087EA050CDE
:10E8A00081EA0E010E445E4905EBF63611440D9ADD
:10E8B0000CEA060C29448CEA070C5A4F63441744AF
:10E8C000059A06EBB32307EB060A574F86EA0308BF
:10E8D00017440E9A08EA050507EB0308099F7540DF
:10E8E000A944524D03EBF9693D4483EA090E0EEA4F
:10E8F000060605EB090E4E4D5E4031444D4E09EBC8
:10E90000F15189EA01071F400C9B87EA09071D4462
:10E91000574405EB010C0F9D01EBB74781EA070354
:10E9200003EA0909444B89EA01092B44019DC844C3
:10E9300003EB070A2E44414D07EB383887EA0803FA
:10E94000464419407940714408EBF16188EA0103BB
:10E950001F40039B87EA08071D44BC4405EB010EDA
:10E96000374D01EBFC5C089F254481EA0C0305EB65
:10E970000C0903EA08034B4053440CEBB3438CEA05
:10E98000030529402F4D81EA0C013D442E4F0E44D2
:10E9900005EB03080B9903EB36360F4483EA0605B3
:10E9A000374405EA0C055D40754406EBF56586EADB
:10E9B00005010B40254973401144079A994401EB26
:10E9C000050E234B05EBF9591344009A85EA09011A
:10E9D00003EB090C31401F4E6940414409EBB14142
:10E9E00040E000BF56B7C7E878A46AD7DB702024A0
:10E9F000EECEBDC1AF0F7CF52AC68747134630A8BF
:10EA0000D8988069AFF7448BB15BFFFFBED75C89B4
:10EA10002211906B937198FD8E4379A62108B44919
:10EA200040B340C0515A5E26AAC7B6E95D102FD642
:10EA300053144402C8FBD3E781E6A1D8E6CDE12117
:10EA4000D60737C3870DD5F4ED145A4505E9E3A978
:10EA5000F8A3EFFCD9026F67019546FD39D0D4D9F0
:10EA600062251EF689EA01031D400A9B85EA090515
:10EA70001E442F44D74D0E4401EB37371544099AF5
:10EA800081EA070305EB070803EA09034B407344D7
:10EA900007EBF36387EA03052940CF4D794015441E
:10EAA000019A8C4405EB030ECC4D03EBFC5C83EA2E
:10EAB0000C010F400B995F400D44C9493E44654429
:10EAC00021440CEBB647C74E8CEA070903EA090359
:10EAD00083EA0C0C0D9BE0441E44C34B07EB383813
:10EAE00006EB070A89EA080987EA08074144CE4489
:10EAF00008EB3E7E87EA0E0788EA0E082F44069D43
:10EB00000EEB77572B44B94D88EA070673448EEA1B
:10EB1000070E15445644059A3D4407EB36468EEAE7
:10EB2000060987EA060CB24F89440A9906EB79294F
:10EB30000F448CEA090C86EA090EB9190C9F9C4413
:10EB4000AC4B09EB3C7C3B44AB4F8EEA0C0E4B4488
:10EB500089EA0C09AE440E9D0CEB7E5E2F44A74D56
:10EB600089EA0E0967448CEA0E0C15448944A449CD
:10EB700075440EEB39498CEA090C8EEA09069C446F
:10EB8000089B09EB7C2C19449E4B86EA0C064944F1
:10EB900089EA0C093E44029F0CEB36763B4489EA35
:10EBA000060903EB0C07039B8CEA060C4D449B44BF
:10EBB00006EB7555B3448CEA050386EA050A009E08
:10EBC0000B449149DFF880C205EB334331448F4E4B
:10EBD0008AEA030A85EA030901EB050E0F9DBA4490
:10EBE0008B4916448B4F03EB7A2A2944079D89EA07
:10EBF0000A0983EA0A081944874BD9442B44874DF4
:10EC00000AEB3979534488EA09088AEA090A06EBCB
:10EC1000090B0A9EF0443544814E09EB78588AEA84
:10EC2000080A05EB080E89EA08098A447D49CDF8EF
:10EC300014E008EB3A4A2144099C01EB0A0E89EAE8
:10EC40000A092744784CCDF824E09944009A089B9F
:10EC50000AEB79291644754A9E4669EA0808134664
:10EC6000069A88EA0A08734407EB090E704FD844E5
:10EC70000893704B09EBB868CDF800E019460C9B7F
:10EC800068EA0A0ADFF8C4E11C440B460F998AEAD5
:10EC9000090A1344684ADFF8B8B1464406930B9B4F
:10ECA0001A44664B0B4466490D4602990F440E996F
:10ECB0004D1901990295634D4D190D998C44079991
:10ECC00001958E440599089D8A44039908EBBA5A28
:10ECD0008B4409996AEA0909554489EA0809894473
:10ECE00000990AEB794969EA08084C4488EA0A085D
:10ECF0008844069909EBF82868EA0A0A41448AEA36
:10ED0000090AB24408EBBA6A6AEA0909524489EA74
:10ED10000809A9440AEBB95969EA08084B4488EA8A
:10ED20000A08A04409EB784868EA0A0A47448AEAD4
:10ED3000090A8A44029908EBFA2A6AEA090901EBEE
:10ED40000A06019989EA08099144129A0AEBB969FD
:10ED500069EA080801EB090588EA0A08984409EB02
:10ED6000B85868EA0A0A0CEB08048AEA090ABA44A5
:10ED7000119F08EB7A4A6AEA09090EEB0A0189EA4F
:10ED800008094E440AEBF62666EA0808B34488EA06
:10ED90000A08454406EBB56565EA0A0A53198AEA8A
:10EDA000060ABB60109B544405EBB45464EA0606A3
:10EDB00023446E407B613144139E04EB714161EA50
:10EDC00005057218049E65403144AB44396102EB7D
:10EDD000FB233FE08A4C2A8D4239FAFF81F6718786
:10EDE0000C38E5FD22619D6D44EABEA4A9CFDE4B3F
:10EDF000604BBBF670BCBFBEC67E9B28FA27A1EA5B
:10EE00008530EFD4051D8804E599DBE6442229F41A
:10EE1000F87CA21F39A093FC6556ACC497FF2A4327
:10EE2000C3595B65A72394AB7DF4EFFF92CC0C8FA5
:10EE3000144301A3D15D84854F7EA86FE0E62CFECC
:10EE4000A111084E827E53F735F23ABDBBD2D72AC4
:10EE500091D386EBFB6015B0BDE8F08F2DE9F84348
:10EE60000368064614460D4603F03F0713449A42D2
:10EE7000C7F14008036002D9436801334360DFB142
:10EE8000A04519D806F118092946424609EB0700A2
:10EE900013F0D2FE49463046FFF7F2FB80B9C8EBCB
:10EEA0000404454407463F2C08D929463046403CD7
:10EEB0004035FFF7E5FB18B93F2CF6D814B92046CA
:10EEC000BDE8F88306F1180022462946384413F0BD
:10EED000B3FE0020BDE8F88302B1BFE710467047DB
:10EEE000F8B50446006880220D4600F03F0004F1AA
:10EEF00018062318013038281A764BD8C0F138028A
:10EF00000021304413F0ACFE236831466668204689
:10EF10005A0FDB0042EAC6021F0A84F85030160A74
:10EF200084F8542084F85170170C84F85560120E40
:10EF30001E0C84F856701B0E84F8572084F852601B
:10EF400084F85330FFF79CFB18BBA3682B70A368B1
:10EF50001B0A6B706389AB70E37AEB70E3682B710B
:10EF6000E3681B0A6B71E389AB71E37BEB71236987
:10EF70002B7223691B0A6B72638AAB72E37CEB72A0
:10EF800063692B7363691B0A6B73E38AAB73E37D5D
:10EF9000EB73F8BDC0F140020021304413F060FE75
:10EFA00031462046FFF76CFB0028F2D1014638229B
:10EFB000304613F055FEA7E730B40023054D064C4C
:10EFC0000649074A8560C46001614261036043608D
:10EFD00030BC70470123456789ABCDEFFEDCBA98A2
:10EFE0007654321002B9704738E700BFFFF778BF98
:10EFF000FFF746BB70B596B006460C461546002195
:10F000005822684613F02CFE0E480F490F4A104B49
:10F0100002900391049205935CB929466846FFF774
:10F020005FFF04466846582102F098FD204616B05E
:10F0300070BD224631466846FFF710FF044600289F
:10F04000F0D1EAE70123456789ABCDEFFEDCBA9842
:10F0500076543210FFF7CEBF2DE9F043DFF8A490CD
:10F06000804685B00125002409F11C0709F18C06B2
:10F07000B8F1000F1BD121466A4630465136FFF7E2
:10F08000B9FF394604461037102220BB684613F0FA
:10F090001BFE0446F0B9B8F1000F0DD1072D05F1A4
:10F0A000010510D059F8044FB8F1000FE3D02946FC
:10F0B000114813F0E1FDDEE7104813F0B9FD072D0C
:10F0C00005F10105EED1B8F1000F0ED1204605B0D3
:10F0D000BDE8F0830124B8F1000FF7D0084813F021
:10F0E000A7FD204605B0BDE8F0830A2013F0D0FD4F
:10F0F000204605B0BDE8F083581C00208011002098
:10F10000D01100208CCB0260FFF7A2BAFFF7E4BE5B
:10F11000FFF7E6BEFFF796BAFFF7B2BA05F0D8B828
:10F1200006F08ABA06F08CBA05F0CCB805F0ECB857
:10F13000012106F0F3BB00BF07F0C8B807F0CAB85A
:10F14000012307F0AFB900BF06F0E2BB06F02EBC0A
:10F15000002106F0E3BB00BF002307F0A3B900BF06
:10F16000012107F021BB00BF08F0C2BC08F0C4BCFD
:10F17000012308F00DBE00BF07F010BB07F0B8BBBD
:10F18000002107F011BB00BF002308F001BE00BF43
:10F1900010B50446FFF750FA2046BDE8104013F0C2
:10F1A00097BD00BF10B5044605F086F82046BDE8BF
:10F1B000104013F08DBD00BF10B5044606F0A2FB51
:10F1C0002046BDE8104013F083BD00BF10B50446D3
:10F1D00007F0DEFA2046BDE8104013F079BD00BF0D
:10F1E00010B55821012013F067FD044608B1FFF760
:10F1F0001FFA204610BD00BF10B55C21012013F09E
:10F200005BFD044608B105F053F8204610BD00BF71
:10F2100010B56C21012013F04FFD044608B106F033
:10F220006DFB204610BD00BF10B5D821012013F0A2
:10F2300043FD044608B107F0A7FA204610BD00BF01
:10F2400098B1092270B506464568084C084803E0A5
:10F2500054F8140F40B16268AA42F9D1B16813F0B2
:10F2600033FD0028F4D1204670BD704770CF026096
:10F270006C1C00202DE9F047566882B01EB930465C
:10F2800002B0BDE8F087904692682A4B0746147892
:10F290008946294AA3FB04535B0903EB8305A4EBCE
:10F2A000C504E4B2009413F0CBFC002837DB8145A1
:10F2B0008CBF0024012494BBD8F804E00744C0EBC1
:10F2C0000906BEF1010FDBD9D8F808C0022512E00B
:10F2D00013F0B6FC0028074421DBB042A6EB000681
:10F2E00034BF00240124D4B9D8F804E075451BD2FA
:10F2F000D8F808C001350CEB050331460F4A3846F3
:10F3000013F8013C03F07F0A13F0800F0AEBC414DA
:10F310002346DDD0AE4507D914F07E4FEAD06FF01A
:10F320000A0002B0BDE8F087C6EB090002B0BDE8F4
:10F33000F08700BFCDCCCCCC781C0020801C0020F6
:10F34000C0B10322F8B5064645680F460B4C0C4881
:10F3500003E054F8140F50B16268AA42F9D1B168C1
:10F3600013F0B2FC0028F4D123693B60F8BD6FF0C4
:10F370002D00F8BD6FF02D00704700BF88D00260EF
:10F38000841C0020C0B10322F8B5064645680F462C
:10F390000B4C0C4803E054F8140F50B16268AA42B9
:10F3A000F9D1B16813F090FC0028F4D123693B60D7
:10F3B000F8BD6FF02D00F8BD6FF02D00704700BF55
:10F3C00000D10260881C0020C0B10922F8B50646B1
:10F3D00045680F460B4C0C4803E054F8140F50B12D
:10F3E0006268AA42F9D1B16813F06EFC0028F4D12A
:10F3F000237C3B70F8BD6FF02D00F8BD6FF02D0041
:10F40000704700BF90D202608C1C0020012870B4AD
:10F4100015D00C4C0C4D04E01E7C864209D05C6972
:10F420001D4605F11403002CF6D16FF02D0070BCC1
:10F430007047AB690C600020136070BC70470923F3
:10F44000024CF7E7981C002090D202608C1C002030
:10F45000C0B10822F8B5064645680F460B4C0C486B
:10F4600003E054F8140F50B16268AA42F9D1B168B0
:10F4700013F02AFC0028F4D1237C3B70F8BD6FF018
:10F480002D00F8BD6FF02D00704700BFE0D2026084
:10F49000A01C0020012870B415D00C4C0C4D04E0C9
:10F4A0001E7C864209D05C691D4605F11403002CC0
:10F4B000F6D16FF02D0070BC7047AB690C60002076
:10F4C000136070BC70470823024CF7E7D00300209C
:10F4D000E0D20260A01C002038B50D461446FFF7AC
:10F4E000AFFE30B10346027C00205B7C2A702370A3
:10F4F00038BD6FF02D0038BD10B50C46FFF7A0FEEB
:10F5000018B1C3680020236010BD6FF02D0010BD3E
:10F5100070B40B4C01260B4D03E054F8145F5DB141
:10F52000667CB042F9D1267C8E42F6D1616800201B
:10F530001560196070BC70476FF02D0070BC70478B
:10F5400070CF02606C1C0020C0B10822F8B50646DE
:10F5500045680F460B4C0C4803E054F8140F50B1AB
:10F560006268AA42F9D1B16813F0AEFB0028F4D169
:10F57000237C3B70F8BD6FF02D00F8BD6FF02D00BF
:10F58000704700BF44D30260AC1C0020C0B1082209
:10F59000F8B5064645680F460B4C0C4803E054F896
:10F5A000140F50B16268AA42F9D1B16813F08CFB14
:10F5B0000028F4D1237C3B70F8BD6FF02D00F8BD1E
:10F5C0006FF02D00704700BFD0D30260B81C002040
:10F5D000C0B10822F8B5064645680F460B4C0C48EA
:10F5E00003E054F8100F50B16268AA42F9D1B16833
:10F5F00013F06AFB0028F4D1E3683B60F8BD6FF0BC
:10F600002D00F8BD6FF02D00704700BF48D4026098
:10F61000C41C0020032870B415D00C4C0C4D04E021
:10F620001E7C864209D05C691D4605F11403002C3E
:10F63000F6D16FF02D0070BC7047AB690C600020F4
:10F64000136070BC70470823024CF7E7D01C002001
:10F6500044D30260AC1C0020C0B10522F8B50646B8
:10F6600045680F460B4C0C4803E054F8140F50B19A
:10F670006268AA42F9D1B16813F026FB0028F4D1E0
:10F68000237C3B70F8BD6FF02D00F8BD6FF02D00AE
:10F69000704700BFB8D40260D81C0020F8B12DE933
:10F6A000F04106461746456888460A220D4C0E482A
:10F6B00003E054F8140F70B16268AA42F9D1B1683E
:10F6C00013F002FB0028F4D1227C637C88F8002030
:10F6D0003B70BDE8F0816FF02D00BDE8F0816FF068
:10F6E0002D007047F4D40260E01C0020F8B50C46F1
:10F6F000164605460021204613F0B2FA5FEA460E90
:10F7000022D0AE4429460BE0A2F137034208C007DD
:10F71000A05C58BF1B01714543EA0003A35413D0FA
:10F72000481B11F8012BA2F13003A2F14107DEB210
:10F73000092EEBD9052FA2F16106A2F15703E3D9F7
:10F74000052EE3D90148F8BD0020F8BD00EEFFFF0B
:10F750002DE9F0439BB080468946174604A81E4613
:10F76000FEF766FF04A8FEF773FF60B104466D461E
:10F7700004A8FEF761FF2846102102F0EFF92046A9
:10F780001BB0BDE8F083229A314604A8FFF7A4FB22
:10F79000044608B16D46EBE70822394604A86D46D9
:10F7A000FFF79AFB04460028E2D104A86946FFF758
:10F7B00097FB04460028DBD1B9F1100F35D99DE83D
:10F7C0000F0088E80F0004A8FEF742FF0446002857
:10F7D000CED1102269460DEB0200FFF77DFB0446F7
:10F7E0000028C5D13146229A04A8FFF775FB0446CC
:10F7F0000028BDD13946082204A8FFF76DFB044656
:10F800000028B5D1694604A8FFF76AFB0446002822
:10F81000AED1B9F11F0F08F11000694694BFA9F1EC
:10F820001002102213F008FAA2E74A464046694641
:10F8300013F002FA9CE700BF2DE9F041E8B01C4646
:10F8400005460F466E9E08A89046F8F7FDFC234635
:10F8500000962A4602A81821FFF77AFF044650B105
:10F8600008A8F8F7F7FC02A8182102F077F920465B
:10F8700068B0BDE8F08102A908A8F9F7C7FB044603
:10F880000028EDD1014601972B460097424608A873
:10F89000F9F7E8F80446E3E72DE9F041D0B0064671
:10F8A0000D461746579C0AA89846F1F7D3FE0094D8
:10F8B0003246569B294602A8FFF74AFF044650B13C
:10F8C0000AA8F1F7CDFE02A8294602F047F9204622
:10F8D00050B0BDE8F081EA0002A90AA8F1F7E2FF02
:10F8E00004460028ECD10146019733460097424672
:10F8F0000AA8F2F701FE0446E2E700BF0023036016
:10F9000043608360704700BF002800F099812DE9B3
:10F91000F0478046AAB0184689461F46164613F09F
:10F92000AFF90546002800F015813146384613F03E
:10F93000A7F90446002800F00D81854280F00A8175
:10F94000484613F0BDF92B5C0544202B00F0A6803F
:10F950000D2B00F0A0800A2B40F0FC8030466E1C7E
:10F9600013F0AEF9235C2218202B00F09D800D2BA4
:10F9700000F097800A2BA4EB0603349908BF0132EC
:10F98000152BA2EB07020A6049DC0025A946A64216
:10F9900080F0E4800021A41B334603AA00940846AB
:10F9A000F3F71AFE2C3072D0DDF80CA0012051467E
:10F9B00013F082F90746002800F040810094334696
:10F9C00003AA5146F3F708FE0446002840F0CA8017
:10F9D000B9F1000F6BD0329B002B00F03381252D45
:10F9E00000F0E280212D00F0F880052D00F0C980A4
:10F9F000062D00F0E580072D00F00581039902290E
:10FA000005D93B78302B02D17B78832B50D93846EF
:10FA100002F0A4F8384613F05BF9934838E0162258
:10FA20009249304613F050F90028AED1EB7D0D2BF2
:10FA300046D005F117090A2B40F0908009F1010624
:10FA4000A71B162F40DD17228949304613F03CF9D9
:10FA500000283BD109F11800231A0F2B40F3D9805D
:10FA6000082206A9FFF742FE002840F0D28009F1E3
:10FA700028062525A71B0D2F00F3ED8033780D2BCD
:10FA80007CD00A2B6AD101364FF001097FE7794813
:10FA90002AB0BDE8F0876B7801355CE76B780135FB
:10FAA00056E75378013265E7537801325FE70399EF
:10FAB0000020C8F80070C8F804102AB0BDE8F0872C
:10FAC00005F118092B7EB6E7112F16DD12226A49BF
:10FAD000304613F0F9F880B909F11300231A0F2BFF
:10FAE00040F39780082206A9FFF700FE002840F0A7
:10FAF000908009F123062125BCE70D2F3CDD0E2265
:10FB00005E49304613F0E0F8002835D1152F33DD7B
:10FB100016225B49304613F0D7F800284ED0162243
:10FB20005849304613F0D0F8002874D016225649B0
:10FB3000304613F0C9F8F8B9072506F11600231A64
:10FB40001F2B66DD102206A9FFF7D0FD002860D12B
:10FB5000363693E74D482AB0BDE8F0874C482AB0C6
:10FB6000BDE8F0870399384601F0F8FF384613F0F6
:10FB7000AFF8A4F588508BE7464889E773780136DB
:10FB80007FE733993A46039B019110213298009008
:10FB900006A8FFF781FE0446002C3FF42FAF38463D
:10FBA00013F096F8204673E7339906A8039A00915C
:10FBB0003946329BFFF740FE0446EDE70525BCE7DA
:10FBC00033993A463298019118210090039B0DEB2E
:10FBD0000100FFF761FE0446DEE70AA8039DF8F77F
:10FBE00029FB339B06AA04A800930821329BFFF748
:10FBF000AFFD044688B10AA8F8F720FB04A8082145
:10FC000001F0ACFFC8E733993A46039B01912021EC
:10FC1000BCE721483CE706258FE704A90AA8F9F7C5
:10FC200037F904460028E6D1019706AB00972A462B
:10FC300000210AA8F8F768FC0446DCE7174827E724
:10FC4000174870470399384601F088FF384613F08B
:10FC50003FF814481CE70E220849304613F034F8E8
:10FC600000287FF40BAF51E780ECFFFF4427002012
:10FC70005C270020D4EEFFFF742700208827002097
:10FC800098270020B0270020C827002080EFFFFF22
:10FC900000EFFFFF80EDFFFF00EEFFFF80EEFFFFB4
:10FCA00080EBFFFF00EDFFFF10B50446006818B1C0
:10FCB000616801F053FF206813F00AF8A06813F0A0
:10FCC00007F820460C21BDE8104001F047BF00BFF7
:10FCD0002DE9F04F8A4685B000210646009317466D
:10FCE00008461D46134603AADDF838B0F3F76AFC50
:10FCF000304612F0E5FF8146504612F0E1FF039CCA
:10FD0000631C03EB941399440F9B484498425CD8BE
:10FD1000002C4AD1A146214600953B4603AA4846FD
:10FD2000F3F750FC0446002848D1304612F0C8FFD3
:10FD300031460246584612F07FFF304612F0C0FFAF
:10FD4000039D0BEB0006ADB14F464FF00A08402D66
:10FD50002C463946304628BF402422462D1B12F03F
:10FD60006BFF3219631C2744039582F800801E4400
:10FD7000002DECD15046002412F0A2FF514602465D
:10FD8000304612F059FF504612F09AFF024648469C
:10FD9000531CB4541E44109BCBEB06061E6012F09D
:10FDA00097FF204605B0BDE8F08F2146012012F0F4
:10FDB00083FF81460028AED10648F3E7484612F09B
:10FDC00087FF204605B0BDE8F08F109B18606FF0EC
:10FDD0002900E7E780EEFFFF0138C0B2032803D80F
:10FDE000024B53F820007047002070477C0500202C
:10FDF00010B1002303604360704700BF60B1036827
:10FE000053B19B6A10B504464068984708212046C4
:10FE1000BDE8104001F0A2BE704700BF70B169B1EB
:10FE200070B5056845B904464B6A0E469847606050
:10FE300030B12660284670BD024870BD0148704749
:10FE4000014870BD80C1FFFF80C0FFFFF0B12DE908
:10FE5000F0470568BDB9DFF8489004461F46904654
:10FE6000D9F824308A4698470646606080B1089BDE
:10FE70002846C4F80090C6F800A0C6F80480B76011
:10FE8000F360BDE8F0870448BDE8F087024870479A
:10FE90000248BDE8F08700BF80C1FFFF80C0FFFFC0
:10FEA00030D5026020B1036813B19B6840681847E1
:10FEB0000020704720B1036813B1DB68084618477B
:10FEC000002070472DE9F047DDF82080DDF8249010
:10FED000D8B104460068C0B10E46174663B1056943
:10FEE000B5B160683A46CDF824903146CDF820800F
:10FEF000AC46BDE8F04760470846FEF7D7F920B1A9
:10FF0000FEF740FA03462068E9E70348BDE8F087BA
:10FF10000248BDE8F08700BF80C1FFFF00C1FFFFBE
:10FF20002DE9F04F89B00DF14809DDF8548099E8CA
:10FF3000000ED2B11568C5B11F46EB681446079094
:10FF40000E469847002845D0079A062A11D066B970
:10FF500053464A4639462046CDF84C80CDF848B045
:10FF600009B0BDE8F04FFFF7ADBF1B4809B0BDE8D1
:10FF7000F08F002EF9D0236833B19B6860689847F2
:10FF80000730B8EBD00F23D360680023CDF814B04E
:10FF9000D6F804E01A4635781946CDF80890CDF821
:10FFA00004A00097CDF810E0039503F0DFF90028D6
:10FFB000DCD1206820B18368606898470730C008AA
:10FFC000064B80458CBF1846002009B0BDE8F08F75
:10FFD0000348CBE70348C9E780C1FFFF00C7FFFF25
:10FFE00080BCFFFF00C1FFFF2DE9F04F81B00DF194
:10FFF000280898E8000F00B304460068E8B10E46F0
:02000004600199
:1000000017468BB14569E5B160683A463146AC4662
:10001000CDF834B0CDF830A0CDF82C90CDF82880B4
:1000200001B0BDE8F04F60470846FEF73FF920B148
:10003000FEF7A8F903462068E4E7034801B0BDE8ED
:10004000F08F0248FAE700BF80C1FFFF00C1FFFF49
:10005000F0B5DDF820E050B1046844B1A46924B1E2
:10006000A4464068BDE8F04060470248F0BD024841
:10007000F0BD00BF00C1FFFF80C1FFFFF0B5DDF89C
:1000800020E050B1046844B1E46924B1A44640685A
:10009000BDE8F04060470248F0BD0248F0BD00BF37
:1000A00000C1FFFF80C1FFFFB8B10268AAB1A1B1D2
:1000B0000B6893B130B41C6A8CB11D78052D06D045
:1000C0009A4207D123464968406830BC18471378E4
:1000D000012BF7D0034830BC7047034870470248F3
:1000E000F9E700BF00C1FFFF80C1FFFF50B108B5B5
:1000F00003684BB1DB6A1BB140689847002008BD1C
:10010000024808BD02487047014808BD00C1FFFF12
:1001100080C1FFFF18B103680BB1586870470148F0
:10012000704700BFE027002010B1006800B10078E0
:10013000704700BF062818BF01280CBF012000200F
:10014000704700BF08B502F0C1F8C00008BD00BF8D
:100150002DE9F04385B00E4691461F460D9C804622
:1001600002F0B4F8A04215D800230C9A0546CDF849
:1001700008900392404601971A460096194603F0EC
:10018000F3F920B9A0F56450A54228BF002005B0BE
:10019000BDE8F0830048FAE780BCFFFF2DE9F04F8F
:1001A00081B0934606460C460AAFDDF834801D4602
:1001B00097E8800602F08AF8CDF830B05146C9F8C9
:1001C00000004246304601230D970B950A9401B07A
:1001D000BDE8F04F03F034B82DE9F04F144681B07C
:1001E0000F46994606460A9DDDF82CB0DDF83080B2
:1001F000DDF834A002F06AF8A0420ED15246414622
:1002000030460123CDF834B0CDF830900B970A95E5
:1002100001B0BDE8F04F02F09FBE024801B0BDE85A
:10022000F08F00BF80BFFFFF2DE9F04F81B08946FE
:1002300017469B460BAC0A9D064694E8100502F053
:1002400045F8A04228600DD852464146304600236A
:10025000CDF830B0CDF82C900A9701B0BDE8F04F42
:1002600002F0D4BC014801B0BDE8F08F00BCFFFF34
:1002700002F088B830B4012300F10804054D1430B1
:10028000054A4D608C6048610A610B700B7330BC8D
:10029000704700BFEC270020F42700200238022816
:1002A0008CBF002001207047806D704710B582B070
:1002B00011461A46059C049B0094F9F7D1FF034BA5
:1002C00010F5984F08BF184602B010BD00C7FFFFD9
:1002D00070B470BCF9F75CBF70B5AEB0044615469B
:1002E0001E4603A8FAF740F8214603A8FAF71EF8BD
:1002F000044668B9339BA4F56454324629460093FA
:1003000003A8329BF9F7ACFF10F5984F18BF0446CD
:1003100003A8FAF72BF820462EB070BDF0B5B1B0A7
:1003200004460D46164605A81F46FAF71DF8214655
:1003300005A8F9F7FBFF30B1044605A8FAF716F84F
:10034000204631B0F0BD399B389A379936980393DF
:100350003B460292324601912946009005A8F9F7E2
:1003600017FF0446E9E700BFFBF780BD8830022293
:10037000024B88600A704B60704700BFFC2700206A
:10038000023801288CBF002001207047A0F1040032
:10039000B0FA80F040097047A0F10100B0FA80F097
:1003A0004009704708B5C36800689847C00008BD99
:1003B0002DE9F04F83B0934604460D461E460E9934
:1003C000DDF83080DDF83490C36800680191DDF815
:1003D0003CA0984727680123CDF838B05246C9F8A9
:1003E00000003846CDF83C800D960C95A468019924
:1003F000A44603B0BDE8F04F604700BF2DE9F047C9
:10040000154604461E46C36800688946089FDDF805
:1004100024809847A8420BD120684B46CDF8248011
:100420003A46089601216468A446BDE8F047604753
:100430000148BDE8F08700BF80BFFFFF10B504464C
:1004400003F0D4F82046BDE8104012F041BC00BFD4
:1004500010B50446FAF72EFD2046BDE8104012F014
:1004600037BC00BF10B50446F9F780FF2046BDE851
:10047000104012F02DBC00BF10B50446102101F051
:100480006DFB2046BDE8104012F022BC10B5AC2137
:10049000012012F011FC044618B10022114601F0AF
:1004A000C1FC204610BD00BF10B5AC21012012F0E8
:1004B00003FC044608B1FAF7A9FC204610BD00BFB2
:1004C00010B5AC21012012F0F7FB044608B1F9F792
:1004D0004BFF204610BD00BF1021012012F0ECBBE5
:1004E0002DE9F043CB68ADF50D7D074608680C4655
:1004F00098470546384601F0E9FEED00B5EBC00F20
:1005000028D104AD20222A2100262846904612F048
:10051000A7FBE368206898470CAA8146012320685E
:1005200031460295A46803923246CDF804800096C5
:10053000A04718B10DF50D7DBDE8F0830CAA01466A
:10054000CDF804904346009238462A46FFF700FE55
:100550000028EFD002480DF50D7DBDE8F08300BF07
:1005600000BEFFFF0048704700E1FFFF2DE9F04F9C
:10057000ADF51B7DDDF894B20390BBF1400F98BF41
:10058000402B029104929DF8980200F2F680802997
:10059000994694BF00240124002C40F0EE80FDF722
:1005A00085FE8046002800F0EA8007A8FDF78AFE55
:1005B0002246414607A8FDF7A5FE18B10DF51B7DA3
:1005C000BDE8F08F40463AADFDF7DCFE07469DF8EA
:1005D0009C121AA8212FAA4634BF402380231A4612
:1005E0001E46019312F03CFBB3455C465046A4996D
:1005F00028BF34462246A24412F01EFB361BF3D11C
:100600005AAC0597CA46DDF804B02746DDF81090CD
:10061000DA4556463846494628BF5E463246374494
:1006200012F00AFBBBEB060BF2D1029B0AAE059F50
:10063000002B00F0A6807AABDDF8A0B2049307A8E7
:10064000FDF7ACFE50BBDDF804901AA907A84A4696
:10065000FDF7AEFE10BB4A46294607A8FDF7A8FEE7
:10066000E0B94A46214607A8FDF7A2FEB0B93146D7
:1006700007A8FDF7A7FE88B9BBF1010F27D94FF0F6
:10068000010901E0D94522D033463A463146404679
:1006900009F10109FDF7A0FE0028F3D082462846A3
:1006A000802101F05BFA2046802101F057FA04987E
:1006B000802101F053FA3046402101F04FFA07A89B
:1006C000FDF706FE50460DF51B7DBDE8F08F029B41
:1006D0003146DDF80CE0BB4299467346704628BFB0
:1006E000B9464B444A46039312F0A6FA029BB3EB79
:1006F0000903029347D0049BCDF81480DDF804A0D1
:1007000098465745B9464046314628BFD1464A46E5
:10071000C84412F091FABAEB090AF2D1049A019B8B
:10072000DDF81480D0181946024600E039B112F8FD
:10073000013D01390133DBB21370002BF6D0019B70
:100740008646E918002311F801CD1EF8012D8D42CF
:10075000624413440B70C3F30723F4D1019BE118E7
:10076000002311F801ED10F8012D8C42724413445E
:100770000B70C3F30723F4D161E704481EE7044874
:100780001CE77AAB04934FF0000A88E780E0FFFF94
:1007900000E1FFFF2DE9F04F0027DBB005461046D2
:1007A00007919A460897659CF7F7CAF8002800F069
:1007B000C080802C0646D0F80480D0F80CB0099791
:1007C00000F2B58039464FF4817219A80A970B9749
:1007D00005F108090C9712F043FA2B68AF686A68B4
:1007E000302B17445BD104230BAA39464846F2F755
:1007F00071F9002842D0A0F5F45000283BD15CB13B
:10080000649B5A1E19AB03EB440012F8011F02331C
:1008100003F8011C9842F8D10134099A4FEAD8082C
:10082000012765000B9C0492414601942B460C9CC9
:1008300011A8CDF808A019AA03970094FFF796FE17
:10084000C8B9BBF1000F2ED10DAF19A8F7F79EF86C
:10085000314619A8F7F7AEF80446002837D011A89A
:10086000202101F07BF93846102101F077F919A811
:10087000F7F790F820465BB0BDE8F08FA9684846CE
:100880000B9B09AA0C910B443946AB60F2F760F957
:100890000028B0D1AB689F42B1D02748EBE727488A
:1008A0005BB0BDE8F08F099802220DAF0B9C2B4680
:1008B0000C9D0490594603923846CDF808A019AA19
:1008C00001940095FFF752FE0028D4D1BDE79DF9B1
:1008D0001C3011A94FEAC80219A8F7F797F8044687
:1008E0000028BCD1F268394619A8F7F7F9F8044690
:1008F0000028B4D119A8F7F715F904460028AED19D
:1009000008AB66A919A800930EC9F7F733F9044696
:100910000028A4D10899A4F5F054689B08AA19A846
:100920001944F7F721FA002808BF002497E7044884
:10093000A1E704489FE700BF1AE1FFFF1EE1FFFFA8
:1009400080E0FFFF00E1FFFF2DE9F04FA5B0044676
:100950000068904601930F46DDF8BC90DDF8C0A01A
:10096000FDF710FD0022012303928DF80F30BAF13C
:10097000000F67D0431E14AA064602EB030B424643
:1009800039462046FDF736FD00285CD12E9A2046D8
:100990000199FDF7A5FD002855D1042203A92046A1
:1009A000FDF79EFD00284ED114A92046FDF7ACFDB1
:1009B000002848D1324614A904A812F03DF9B9F133
:1009C000010F23D90125424639462046FDF712FD85
:1009D000002838D1324604A92046FDF781FD90BB9E
:1009E00004A92046FDF790FD68BB66B10DF14F01EB
:1009F0000DF10F0011F8012F10F8013F594583EA5E
:100A000002030B70F6D10135A945DCD156453546B8
:100A100014A9319828BF55462A46C5EB0A0A12F098
:100A20000BF9319B04A804212B44319310F8013DAC
:100A300001390133DBB203700BB90029F6D1BAF1E9
:100A4000000F9CD1002025B0BDE8F08F2DE9F043C8
:100A50008568BDB000244FF00409089506940794FA
:100A600009948DF8169081C830282F4415D11D4661
:100A700014460E4610AB0AAA394608A8F2F774F9D4
:100A800030B90B9A092A0CD068483DB0BDE8F08314
:100A9000A0F53C503DB0BDE8F08365483DB0BDE8F1
:100AA000F0830C99634812F00FF90028ECD1109AEA
:100AB000129B1199302A249303EB0108EDD14B4688
:100AC00017AA414624A8F2F705F8002845D0A0F55A
:100AD0003C500028D9D19DF81600FDF7E7FB804671
:100AE0000028D1D0394608A813AB0DAAF2F73CF97B
:100AF0000028CDD10DA80DF11701FEF7ADFD00289E
:100B0000C2D19DF81700F6F71BFF81460028BBD025
:100B10004368139ADB08042A07934ED1149AC368DA
:100B20009A424AD119A8FDF7CDFB2CA8F6F72EFF63
:100B3000149A159924A812F07FF8414619A80122A9
:100B4000FDF7E0FB0746002839D019A8FDF7C0FBE8
:100B50002CA8F6F71FFF384697E7249806AA179B9C
:100B600041461890034424A82493F1F7F1FF00288C
:100B7000ADD1249B9845AED007AA414624A8F1F7F1
:100B8000E7FF10F1620F01D00028A0D1249B984507
:100B9000A1D0414624A82CAAF2F754F9002896D1F6
:100BA0002CA80DF11601FEF7F1FC00287FF46CAFC4
:100BB000249B98458FD0204867E7204865E7079831
:100BC0002A462146069D179C0DF17008029019A82F
:100BD000189BCDF80C8001950094FFF7B5FE0746F1
:100BE0000028B2D149462CA8F6F7E4FE07460028B3
:100BF000ABD1079A73B241462CA8D200F6F706FF94
:100C000007460028A1D1469A09ABA7F5385724A971
:100C100001922CA8459A02930092449B149AF7F7EC
:100C200075F9002808BF00278FE700BF80D1FFFFBC
:100C30009ED0FFFF202800209AD0FFFF00D1FFFFA9
:100C40002DE9F04F9FB083460BA8FDF73BFB042036
:100C5000FDF72CFB00285BD0014601220BA8FDF715
:100C600051FB002854D1DFF8EC8004464FF0140902
:100C7000012308F1180208F1600708F5907608F5DD
:100C8000F075059208F130024FF0040A069208F15F
:100C9000480207920822BBF1000F2DD10EA9019343
:100CA000CDF800A02B4603910BA83146CDF8089053
:100CB000FFF74AFE01342835203682464A460EA9FF
:100CC00018BB3846203711F0FFFFF0B9BBF1000F19
:100CD00027D1062C2AD0059B069953F804AF58F863
:100CE000042F059351F8043F0691079951F8049F8A
:100CF0000791BBF1000FD1D0214613480993089208
:100D000011F0BAFF099B089AC8E7BBF1000F14D194
:100D10004FF0010A0BA8FDF7DBFA50461FB0BDE803
:100D2000F08F0A4811F084FF062CD4D1BBF1000FDC
:100D3000F0D00A2011F0ACFFECE705484FF0010AB3
:100D400011F076FFE6E700BF2C280020801100207C
:100D5000D011002020D602602DE9F0418AB09046E3
:100D60003023054609AA0E46F1F7B4FE00284ED1FD
:100D70002A68099B13449E4245D1022309AA3146A1
:100D80002846F1F7A7FE044620B1A0F56C500AB042
:100D9000BDE8F08129680346099A40460694059407
:100DA0000494039402940194009401F081F80028C3
:100DB00032D12C6809AA09980223314604442846F6
:100DC0002C60F1F787FE10BB2C680346099F024692
:100DD00004900146039002900190009040460697CF
:100DE000059401F065F8B8B92A684046099B134498
:100DF0002B6001F097F878B9404601F069FA58B9CC
:100E00002B689E42C3D005480AB0BDE8F081A0F52A
:100E10006C500AB0BDE8F0810148B8E79AC4FFFF02
:100E200000C5FFFFF0B58FB00C46154606460BA86F
:100E3000F2F7BEFE611909AA0AA830230A94F1F755
:100E400049FE20B1A0F5745420460FB0F0BD0A9FB2
:100E500008AA099B0AA81F443946F1F779FE002821
:100E6000F0D1089C002C40F0D480022309AA394616
:100E70000AA8F1F72FFE054680B10BA8F2F7A0FEF5
:100E80004FF680732B4033B1654C304602F0AEFB19
:100E900020460FB0F0BDA5F57454F6E7034606955D
:100EA0000595304604950395029501950095099A9C
:100EB0000A9900F0FDFF05460028DED10A9D0223B5
:100EC000099809AA394605440AA80A95F1F702FECD
:100ED00005460028D1D12B4609980A9D06901A464E
:100EE00005951946049330460393029301930093AA
:100EF00000F0DEFF05460028BFD10A9D02230998B5
:100F000009AA394605440AA80A95F1F7E3FD054602
:100F10000028B2D12B4609980A9D04901A460395E1
:100F2000194606933046059302930193009300F00F
:100F3000BFFF05460028A0D10A9D0223099809AAEF
:100F4000394605440AA80A95F1F7C4FD054600286C
:100F500093D10022099D0A9B3046009511460692C6
:100F60000592049203920292019200F0A1FF0546BD
:100F7000002882D10A9D09AA09980223394605440E
:100F80000AA80A95F1F7A6FD054600287FF475AF7B
:100F90002B4609980A9D02901A4601951946069318
:100FA0003046059304930393009300F081FF0546B8
:100FB00000287FF462AF0A9A3046099B13440A93D3
:100FC00000F0B0FF054600287FF457AF0BAA394662
:100FD0000AA8F1F7A3FE054600287FF44EAF0BAA3E
:100FE00039460AA8F1F79AFE054600287FF445AF76
:100FF0000AA80BAA3946F1F791FE054600287FF4AE
:101000003CAF0A9B9F4206D00BA8054CF2F7D8FDD7
:101010003BE7044C18E70BA8F2F7D2FD14E700BF3A
:1010200000C3FFFF80C2FFFF0368062BF0B50D462B
:10103000C1B000F0A480044602A8F9F7E1FE6846BA
:10104000A36821AA666800931E443146F1F780FD2B
:10105000002833D1219B013B022B00F23D8130233C
:101060003146684601AAF1F735FD044628B102A8C9
:10107000F9F7EEFE204641B0F0BD01990623009F2E
:1010800001AA68460F443946F1F724FD04460028BA
:10109000EDD1019A072A40F02181009C9349204616
:1010A00011F012FE002840F01981073439466846D5
:1010B00003AA0094F1F732FE002879D0A0F5745409
:1010C000002CD4D121A8F9F79BFEF9F72FFE037865
:1010D000064623B945E016F8013F002B41D021A870
:1010E000F9F7B6FE317821A8FBF77AFF044600280D
:1010F00057D1189A379B9A42EDD1199A389B9A4248
:10110000E9D122A903A8F3F72BF90028E3D125A9F7
:1011100006A8F3F725F90028DDD128A909A8F3F7D7
:101120001FF90028D7D134A915A8F3F719F9002819
:10113000D1D12BA90CA8F3F713F90028CBD131A9F1
:1011400012A8F3F70DF904460028C4D101460FA8F0
:10115000F2F7B4FE074621462EA8F2F7AFFE87420B
:10116000B9D121A8F9F774FE33788DF804303378BB
:10117000002B00F0B98002A8F9F76AFE05E001A98A
:10118000FEF766F9002840F0AB802B789DF804103C
:1011900013B18B4240F09E802846FBF721FF41B0FF
:1011A000F0BD21A8F9F754FE33788DF804305EE7DE
:1011B00003A8F2F7DBFE009B18909F4240F092805C
:1011C000302301AA31466846F1F784FC0446002822
:1011D0007FF44DAF01990423009C68460DEB030298
:1011E0000C442146F1F776FC00287FF467AF019AA2
:1011F00006A80099F2F7E8FE00287FF45FAF009F91
:101200000423019821460DEB03020744684600972A
:10121000F1F760FC00287FF451AF019A09A800990A
:10122000F2F7D2FE00287FF449AF009F0323019814
:1012300001AA2146074468460097F1F74BFC18B90C
:101240009DE80C0013440093009B9C424AD101AAE4
:10125000042331466846F1F73DFC00287FF42EAFA9
:1012600002A80CA99DE80C00FAF736F908B310F5AE
:101270009D4F31D1009B1B78023B012B2CD803A83A
:10128000F2F79CFE019B411C0246994224D1009931
:101290000CA80131F2F798FEF0B9009B0FA819785D
:1012A0000239F2F7EFFDB8B9012112A8F2F7EAFD11
:1012B00090B9009A3146019B6846134415AA0093E1
:1012C000F1F72CFD00287FF4F9AE15A8F2F74EFED9
:1012D0001990F7E60648CEE6054CC8E6054CC6E68A
:1012E0000548C8E6054CC2E6054CC0E64428002087
:1012F00000C3FFFF80C6FFFF00C6FFFF9AC2FFFFCB
:1013000080B1FFFF70B5002584B016461C461D60F5
:1013100001AA5D609D60F1F727FD18B1A0F56A5044
:1013200004B070BD01A83146FEF74EF868B93378B5
:10133000012BF5D12368052B00D043B9636805481C
:10134000002B08BF002004B070BD0348E8E7014847
:10135000E6E700BF80C5FFFF80C3FFFFF0B589B09F
:101360000C4605461144302303AA04A80494F1F75F
:10137000B1FB18B1A0F5745009B0F0BD049E02AAEB
:10138000039B04A81E443146F1F7E2FB0028F1D18B
:10139000029B012B4BD1042303AA314604A8F1F789
:1013A00099FB0028E6D105F17C07039A0499384699
:1013B000F2F70AFE044600283BD1049A039B13442B
:1013C0009E42049319D0A02303AA314604A8F1F742
:1013D00081FB044698B310F1620F2AD1049B9E4210
:1013E0000BD03146A12303AA04A8F1F773FB0446EE
:1013F000002845D010F1620F1BD105F188060024AA
:10140000314605F128033A46019428460094FAF73C
:101410001FFC044668B939462846FAF7FBFB044628
:101420000028A9D02846F9F745FD2046A4E72D4815
:10143000A2E72846F9F73EFDA4F574509CE7039A0D
:10144000049B002A03EB02044ADD1B78062B05935C
:1014500001D0302B42D106AA214604A8F1F73AFB6D
:1014600060BB049A069B079213449C4204932BD1C1
:10147000294605A8FFF7D8FD04460028AED0D1E7DD
:10148000049C03AA039B04A81C442146F1F7C8FB53
:1014900000287FF46FAF049A039B13449C4211D140
:1014A00005F18806A31A28463146FAF715F868B1FF
:1014B000049410F59D4FA2D00B485DE7B0F574542D
:1014C000B0D1D5E7094857E7084CABE73146284685
:1014D000FAF7C0F8049400289DD0EAE7044CA1E78D
:1014E000044C9FE780C2FFFF00C3FFFF9AC2FFFFCB
:1014F0009EC2FFFFA0C2FFFF70B50B4688B000245C
:1015000011440646049303AA04A830238DF807402B
:10151000F1F7E0FA20B1A0F57454204608B070BD90
:10152000049D02AA039B04A81D442946F1F710FB61
:101530000028F0D1029C1CB1264C204608B070BD9A
:101540000DF10702294604A805ABFFF7DBFE0028D2
:10155000E1D103AA294604A80423F1F7BBFA002825
:10156000D9D1039B3BB39DF80700FEF735FC00B3D0
:1015700001463046FEF752FCC8B99DF80730012BF2
:101580001BD0023B012B14D805A87168FFF74CFD56
:10159000034638B9039A04997068FFF7DFFE0346E3
:1015A0000028BAD030461C46FEF728FCB5E70446B2
:1015B000B3E7094CB1E7094CAFE7039A04997068A7
:1015C000FFF730FC044608B90024A6E73046FEF7D2
:1015D00015FCA2E780C2FFFF80C3FFFFA0C2FFFF90
:1015E000F0B591B0169C09911144002C2ED01E46E6
:1015F0000546302308AA09A8F1F76CFA18B1A0F53E
:10160000745011B0F0BD089A0DAB099F09A817449A
:101610000AAA3946F1F7A8FB0028F0D108AA3946F2
:1016200009A80423F1F756FA0028E8D10AA80DF119
:101630001E020DF11F01099FFEF730F840B10B9A11
:101640000A2A1AD0092A34D02548DAE72548D8E7EB
:1016500001940146089C0DA80096099E9DF81F3034
:101660009DF81E20049703940296FFF793F8D0B1DB
:1016700010F5F05FC5D11C48C3E70C991B4811F069
:1016800023FB01460028DFD123463246099C0DA8E2
:10169000089E02978DE85000FEF764FF0028B0D145
:1016A0003B78302BE7D139462846089AFFF724FFCC
:1016B000A7E70C990E4811F007FB01460028C3D19B
:1016C00023463246099C0DA8089E02978DE85000DB
:1016D000FFF7BCF90028E6D010F5385F91D1CAE7D2
:1016E00080C6FFFF00C4FFFF80C4FFFF4C2800201E
:1016F000582800202DE9F04188B0144605460E46D2
:1017000005A81F46FEF7FAF814B304F1FF3816F8DF
:1017100008300BB32146012011F0CEFA8046002894
:1017200079D02246314611F087FA0E9B2246414677
:10173000009328463B46FFF753FF214607464046A5
:1017400000F00CFA404611F0C3FA67BB002000E03D
:101750006E4808B0BDE8F0810E9B04AA009705A86A
:101760000193334602926A496A4AFEF7CDF800288F
:1017700053D10120FEF730FB01462846FEF74EFB11
:10178000044630B9069A05996868FFF74BFB044692
:1017900010B12846FEF732FB05A8FEF785FA204671
:1017A00008B0BDE8F0812846FEF728FB17F56E5F0C
:1017B0002FD0224631462846FFF79EFE0028C5D08E
:1017C0002846FEF71BFB0120FEF706FB01462846D4
:1017D000FEF724FB30B9224631466868FFF722FB4A
:1017E0000028B3D02846FEF709FB0220FEF7F4FAE2
:1017F00001462846FEF712FB30B92246314668689A
:10180000FFF7ACFD0028A1D02846FEF7F7FA3F48C5
:101810009FE741489DE741489BE710F59C5FF8D062
:1018200010F5985F26D010F5845F92D116F8083035
:10183000002B7FF46FAF04AB0E9A05A800970293BC
:10184000334601923649374AFEF75EF8A0B90220C6
:10185000FEF7C2FA01462846FEF7E0FA04460028E1
:1018600097D1069A05996868FFF778FD0446002825
:101870008FD191E72C486CE710F59C5FC9D010F52B
:10188000985FF7D010F5845F7FF463AF16F80820F7
:10189000002A7FF43FAF04AB0192009205A80293A7
:1018A0003346224A2249FEF72FF848B9069A2846BD
:1018B0000599FFF721FE044600283FF46DAF68E765
:1018C00010F5845F7FF445AF16F80820002A7FF4F6
:1018D00021AF04AB0192009205A802933346154A4A
:1018E0001549FEF711F860B90E9C3B46069A28464A
:1018F00000940599FFF774FE044600283FF44CAFAE
:1019000047E710F5845F7FF424AF03E700C3FFFFD0
:10191000842800206428002080C4FFFF80C0FFFFCF
:10192000C4280020A428002000C4FFFFE4280020D1
:10193000002900201C290020402900202DE9F04327
:1019400087B000241646302302AA8DF807400546CA
:10195000F1F7C0F820B1A0F5745007B0BDE8F083EE
:1019600002990DF107022F6803AB28460F44394650
:10197000FFF7C8FC0028F0D102AA39462846F1F743
:101980004FF9E8B92A68029B13449F421BD19DF886
:101990000700FEF721FA002843D001463046FEF743
:1019A0003DFA0028D9D19DF80730012B0DD0023B1C
:1019B000012B17D91C4C3046FEF720FA2046CCE705
:1019C000A0F56C50C9E71948C7E772683946284640
:1019D000FFF7C2F904460028EDD12B689F421ED0C4
:1019E000124CE8E703A87168FFF71EFB04460028C5
:1019F000E1D1D6F804802A6808F188094046BB1A6C
:101A00004946F9F769FD044608B12F60D3E7494616
:101A10004046F9F71FFE2F6004460028CBD1002076
:101A20009BE7014899E700BF80C3FFFF9AC4FFFF0F
:101A30002DE9F0418AB0154606460F4607A8FDF786
:101A40005DFF85B907A8FEF72FF90120FEF7C4F95D
:101A500000283AD001463046FEF7E0F9002836D09B
:101A60000AB0BDE8F08105F1FF3817F80830002B07
:101A7000E8D106AA0193009307A802923B46314A97
:101A80003149FDF741FF044600283AD1079B012068
:101A90000593FEF7A1F9C0B101463046FEF7BEF945
:101AA0000028DDD1059905A8089B72681944FFF745
:101AB00053F9044610B13046FEF7A0F907A8FEF727
:101AC000F3F820460AB0BDE8F0812048C8E70DF1E0
:101AD00028083D44726848F8147D29464046FFF7BF
:101AE0003BF904460028ECD03046FEF787F9184B46
:101AF0009C42E6D13246294640460597FFF71EFF35
:101B0000AEE710F5845FD9D117F80820002A99D1E3
:101B100006AB0192009207A802933B460D4A0E497C
:101B2000FDF7F2FE044648B9079B3246089905A81E
:101B300005931944FFF702FF0446BFE710F5845FE1
:101B4000BCD17FE7682900208829002080C3FFFFDF
:101B50009EC4FFFFA8290020C4290020024B0A468A
:101B600000211B68184700BFBC5B00202DE9F04F27
:101B700093B00F46044690461C9E02A840220021C6
:101B8000994611F06DF8002330680193FCF7FAFBD9
:101B9000A7B38246BA453046554628BF3D46FCF7B6
:101BA000FDFB834660BB4A4641463046FCF700FCDD
:101BB000834628BB042230460DEB0201FCF7F8FBFC
:101BC0008346E8B902A93046FCF7FCFB8346B8B966
:101BD00065B10DF10702601914F8011B12F8013FFD
:101BE000A04283EA010304F8013CF5D19DF80730D7
:101BF0007F1B03F101038DF80730CBD14FF0000BB1
:101C000002A84021FFF7AAFF584613B0BDE8F08FA5
:101C10002DE9F04F002683B091461C4600960546FC
:101C20000196DDF8308018BB8B420F4602D35C1A58
:101C30000A2C04D8444D284603B0BDE8F08F434633
:101C40004FF0010EE61EFF2103F8020B1846324644
:101C500088F801E011F004F80346A01E3A469D55AD
:101C60004946184410F0E8FF284603B0BDE8F08F5D
:101C7000FCF71CFB06460028DCD028466A4601A972
:101C8000FDF7C8FC05460028D4D13046FCF77AFBA6
:101C9000009B0646034403F108027F2ACAD810F1CC
:101CA0000A01C7D203F10A029142C3D89442C1D3B8
:101CB000A4F10A07FF1A0A2FBCD9C346033F012328
:101CC000FF210BF8025B3A46584688F8013010F0C5
:101CD000C7FFDDF800A00BEB07034FF0300E0AF151
:101CE00008015FFA8AF20BF8075006203144DF1D25
:101CF0009A71043283F801E083F803E09970587117
:101D000038461A715246019910F096FF07EB0A0304
:101D10004FF0040E0522494603EB0E0B07F80A208C
:101D2000DE7032465D70584683F802E05E4410F083
:101D300083FF08EB04039E423FF47DAF21464046FB
:101D4000FFF70CFF76E700BF80BFFFFF52B138B549
:101D50000C468D1810F0A4FF04F8010BAC42F9D129
:101D6000002038BD00207047F8B500F1080547682D
:101D700004460E462846F2F721F9874245D16368AA
:101D8000B3F5007F41D800212846F2F75BFB00281D
:101D90003BDD28460021F2F791F8B0B3BEB304F161
:101DA0002C0500212846F2F74DFB00282DDD2846A2
:101DB0000021F2F783F840B304F1380500212846EA
:101DC000F2F740FB002820DD28460021F2F776F8E4
:101DD000D8B1002104F11400F2F734FB002814DD1F
:101DE000002104F14400F2F72DFB00280DDD002155
:101DF00004F15000F2F726FB002806DD04F15C0038
:101E00000021F2F71FFB002808DC0548F8BD314629
:101E100004F11400F2F716FB0028F6DD0020F8BDEF
:101E200080BFFFFF70B504460E4615460021AC2268
:101E300010F016FFC4F8A460C4F8A85070BD00BF2D
:101E4000F8B5044615461E460F4619B10830F1F79D
:101E500039FF30BB2DB1294604F12C00F1F732FFD8
:101E6000F8B92EB1314604F13800F1F72BFFC0B9B3
:101E7000069B2BB1069904F12000F1F723FF80B9EE
:101E8000079B2BB1079904F11400F1F71BFF40B930
:101E90005FB104F10800F2F791F800216060084694
:101EA000F8BDA0F581410846F8BD3946FBE700BF03
:101EB00070B504461D4661B100F108063046F2F7E0
:101EC00083F810B1A0F5814070BD3046F2F776F886
:101ED00060603DB12946049A04F12C00F2F774F8D1
:101EE0000028EFD1059B3BB1069A04F13800059913
:101EF000F2F76AF80028E5D1079B3BB1089A04F194
:101F000020000799F2F760F80028DBD1099B3BB16C
:101F100004F114000A9A0999F2F756F80028D1D171
:101F2000002070BD2DE9F04F044600F1080A87B08B
:101F3000002104F1140300F12C0700F1380800F12E
:101F4000200950460293F2F77DFA021C04904FF0EC
:101F5000000118BF012238460592F2F773FA0021FA
:101F600003904046F2F76EFA002105464846F2F724
:101F700069FA061C4FF000018346029818BF01263B
:101F8000F2F760FA039A0030049B18BF0120002A80
:101F900018BF002D14BF012100211BD006EA00024A
:101FA0000025BBF1000F14BF002600F0010655EA22
:101FB000060000D17AB14FF0010B33BB29B3424682
:101FC00039465046F2F78AFBD8B1A0F5814007B0F8
:101FD000BDE8F08F1AB1254807B0BDE8F08F059A2B
:101FE000002AF8D0B5FA85F506406D09284035403D
:101FF000BBF1000F14BF002200F0010252BB1646D5
:10200000D5E75046F1F7DAFF6060C5B92EBBBBF1EA
:10201000000F0ED004F1500304F15C054A4641461E
:1020200038468DE8280004F1440301F075FF0028CC
:10203000CBD15946204607B0BDE8F04F94E6CDF825
:102040000080504602993B464A4601F0FFFD0028B9
:10205000DDD0BAE7AB460E46AFE7029A4B464146A3
:10206000384601F0F1FE0028D1D0AEE780BFFFFF77
:102070002DE9F04700F1080904468A460021484648
:1020800015461E46DDF82080099FF2F7DBF978BB84
:10209000B8F1000F08BF002E4BD1002D49D1BAF185
:1020A000000F04D049465046F1F70CFEF0B92DB1AF
:1020B000284604F12C01F1F705FEB0BB2EB13046E5
:1020C00004F13801F1F7FEFD88BBB8F1000F05D02F
:1020D000404604F12001F1F7F5FD68BB77B304F148
:1020E00014013846BDE8F047F1F7ECBDBDE8F087D4
:1020F000002104F12C00F2F7A5F90028C8D0002136
:1021000004F13800F2F79EF90028C1D0002104F153
:102110002000F2F797F90028BAD0002104F114004A
:10212000F2F790F90028B3D0B9E7BDE8F087BDE831
:10213000F0870448BDE8F087BDE8F0873846BDE881
:10214000F08700BF80BFFFFF2DE9F04F85B01D462F
:1021500000F108070446109B894638460021019388
:102160009246129BDDF838B00293139B0F9E0093AA
:10217000149BDDF844800393F2F764F9002838D10A
:10218000B8F1000F08BF002E50D1002D4ED1B9F18B
:10219000000F05D0524649463846F1F74BFF28BBA1
:1021A00035B15A46294604F12C00F1F743FFE8B94E
:1021B00036B1019A314604F13800F1F73BFFA8B976
:1021C000B8F1000F06D0029A414604F12000F1F761
:1021D00031FF58B9009B43B1039A04F114000099F0
:1021E00005B0BDE8F04FF1F725BF184605B0BDE8D2
:1021F000F08F002104F12C00F2F724F90028BFD061
:10220000002104F13800F2F71DF90028B8D00021B0
:1022100004F12000F2F716F90028B1D0002104F1F2
:102220001400F2F70FF90028AAD0B0E7014805B072
:10223000BDE8F08F80BFFFFFF8B504460D460830BB
:10224000002116461F46F2F7FDF808B91B48F8BDF5
:10225000002104F12C00F2F7F5F80028F6D0002157
:1022600004F13800F2F7EEF80028EFD0002104F175
:102270002000F2F7E7F80028E8D0002104F114006C
:10228000F2F7E0F80028E1D02DB1284604F144012E
:10229000F1F718FD78B92EB1304604F15001F1F78D
:1022A00011FD40B92FB104F15C013846F1F70AFD88
:1022B00008B90020F8BDA0F58140F8BD80BFFFFF40
:1022C000C0F8A410C0F8A820704700BF406870474D
:1022D00070B500210446FFF747FDD0B904F10806A8
:1022E00005463046F1F742FE7F2812D914342946BC
:1022F0002046F1F7E3FD60B12046F1F737FE0128F3
:1023000007D931462046F2F72BF8002801DA284693
:1023100070BD014D284670BD00BEFFFFF0B585B011
:102320000446FFF7D5FF40BB01212046FFF71CFD07
:1023300018BB04F12C0504F1380604F1200704F160
:10234000140E02902946019032463B46CDF800E03B
:1023500004F1080001F01EFE78B904F1500304F105
:102360005C0E3A46314628468DE8084004F14403A5
:1023700001F010FF08B905B0F0BD014805B0F0BD8F
:1023800000BEFFFF38B50C460546FFF7A1FF90B928
:102390002046FFF7C3FF70B904F1080105F10800FA
:1023A000F1F7DEFF38B904F1140105F11400F1F77B
:1023B000D7FF00B938BD014838BD00BF00BEFFFFE0
:1023C000F0B50E4687B0002117460546FFF7CCFC56
:1023D000D8B9044603A8F1F7EBFB314603A86A68B5
:1023E000F1F7F2FD38B1A0F5854403A8F1F7E8FB59
:1023F000204607B0F0BD05F1080603A83146F1F705
:10240000AFFF002803DB0F4CEFE70F4CF0E705F1BF
:10241000680003A905F114023346009008466D6870
:10242000F2F77EFE0028DED12A46394603A8F1F7EE
:1024300001FE054603A8F1F7C3FB002DD8D0A5F592
:102440008544D5E77CBDFFFF80BFFFFF2DE9F04F3E
:10245000ADB00E461D468346049101210592FFF75B
:1024600083FC002840F09D8004460EA8F1F7A0FBF5
:1024700011A8F1F79DFB14A8F1F79AFB17A8F1F743
:1024800097FB002E49D020AB0DF18C0A1AAF0DF14D
:10249000740818460393F1F78BFB5046F1F788FB5D
:1024A00026AE38460DF1A409F1F782FB4046F1F75C
:1024B0007FFB3046F1F77CFB4846F1F779FB294674
:1024C000DBF804200EA8F1F77FFD0546002800F098
:1024D000BB8011A8F1F774FB14A8F1F771FB17A8E2
:1024E000F1F76EFB0398F1F76BFB5046F1F768FBD1
:1024F0000EA8F1F765FB3846F1F762FB4046F1F7AD
:102500005FFB4846F1F75CFB3046F1F759FB002DC5
:1025100041D120462DB0BDE8F08F1AAF0DF17408FF
:1025200026AE0DF1A4093846F1F742FB4046F1F71B
:102530003FFB3046F1F73CFB4846F1F739FB2946B3
:10254000DBF804200EA8F1F73FFD0546002868D10E
:102550000BF108030EA819460693F1F701FF0028B6
:1025600021DB11A86FF00305F1F72AFB14A8F1F79E
:1025700027FB17A8F1F724FB0EA8F1F721FB38463B
:10258000F1F71EFB4046F1F71BFB4846F1F718FB3D
:102590003046F1F715FBA5F5864420462DB0BDE881
:1025A000F08F4D4CB5E70EA93046F1F78BFB054691
:1025B000002838D10BF1440307930BF15003089323
:1025C000049B93B1DBF8A030002B4AD00BF18C0AAE
:1025D000524651465046F2F781F8054600287FD012
:1025E00020AB03930DF18C0A73E70BF174000BF130
:1025F0002C03079A0EA9009038460993F2F790FD34
:10260000054670B90BF180000BF13803089A0EA94A
:10261000009040460593F2F783FD0546002800F040
:10262000008111A8A0E711A8F1F7CAFA14A8F1F7E0
:10263000C7FA17A8F1F7C4FA049B002B9CD020AB73
:102640000DF18C0A03934DE70BF108030EA8194610
:102650000693F1F785FE0028A5DB11A86FF00305AE
:1026600038E70BF198030B220BF18C010394CDF8A2
:10267000248014460A960D46CDF82C901E460C97E1
:10268000DDF81080DDF81490069F0D93DBF8041040
:1026900042464B4630460139AA46F2F70FFF3A460A
:1026A0003146002840F01C812846F3F795F80121B7
:1026B000002840F015812846F1F7C4FE002800F0FC
:1026C0001C81013CE2D1039CDDF824800A9EDDF8E8
:1026D0002C900C9F014D83E780BFFFFF80BBFFFF65
:1026E000069A51465046F2F7A7FB054600287FF4AC
:1026F00077AF0BF198031A46194618460393F1F782
:10270000EDFF039B054600287FF46AAF069A194641
:102710001846F2F791FB0546002D7FF461AF0EA934
:1027200052460846F1F7DAFF054600287FF458AF15
:102730000EA9069A0846F2F77FFB054600287FF4AB
:102740004FAF0BF12C03012211A819460993F1F7A1
:10275000ADFF054600287FF443AF0BF1380301229B
:1027600014A819460A93F1F7A1FF054600287FF443
:1027700037AF059B1C21049A17A8F2F79FFE20ABE8
:102780000546039300287FF42DAF17AA11A9184618
:10279000F1F7A4FF054600287FF424AF0398079AB9
:1027A0000146F1F71BFF054600287FF41BAF059B90
:1027B0001C21049A17A8F2F781FE0DF18C0A054638
:1027C00000287FF486AE17AA14A95046F1F786FFB9
:1027D000054600287FF47DAE089A51465046F1F731
:1027E000FDFE054600287FF474AE0BF17400099BD2
:1027F000039A0EA900903846F2F792FC054600288D
:102800007FF467AE0A9D0BF1800052460EA92B465D
:10281000009040460595F2F783FC054600287FF4BA
:1028200058AE424639460EA8F1F700FF054600288B
:102830007FF4F9AE0BF15C020EA93846F1F74EFFBA
:10284000054600287FF4EFAE099A39460EA8F2F744
:10285000F3FA054600287FF4E6AE059A0EA938463D
:10286000F1F73CFF054600287FF4DDAE3A464146CD
:102870000EA8F1F7B3FE054600287FF4D4AE049B02
:10288000002B66D00EA90BF198020846F1F726FF3F
:10289000054600287FF4A4AE0EA9069A0846F2F772
:1028A000CBFA054600287FF49BAE0BF16800069B2F
:1028B0000BF114020EA900904846F2F731FC0546D0
:1028C000002836D020AB11A80393F1F779F914A8AA
:1028D000F1F776F917A8F1F773F90DF18C0A01E613
:1028E00020AB039C0546DDF824800A9E0DF18C0A7E
:1028F000DDF82C900C9F0393EBE528460D99069A82
:10290000039CDDF824800A9EDDF82C900C9FF3F7E1
:102910006DF8054600287FF463AE0BF16800069B56
:102920000BF11402514600905046F2F7F9FB0546B0
:10293000F2E631464846F1F713FD00B311A81E4DEB
:10294000F1F73EF914A8F1F73BF917A8F1F738F9B8
:1029500075E60BF16800069B0BF114020EA90090BE
:102960004846F2F7DDFB054600287FF45AAE3146B3
:102970004846F1F7F5FC68B111A80F4DF4E520AB1E
:10298000DBF8042036990EA80393F1F753FB0546B4
:1029900011A89AE7DBF804200EA83699F1F74AFB54
:1029A000054611A8F1F70CF914A8F1F709F917A8D1
:1029B000F1F706F99CE500BF80BCFFFF2DE9F04F61
:1029C000012B83B0DDF830A0DDF834B0DDF83880BD
:1029D0006AD0BBF1000F18BF002969D0B8F1000F11
:1029E00066D044680AF10B07BC4261D3BA4594BF74
:1029F0004FF0000E4FF0010EBEF1000F58D1E71E50
:102A000016460D46019088F800E0CAEB070743BB65
:102A1000022208EB020988F8012097B1642403E040
:102A2000013C3CD000283AD1012249463046A84713
:102A300099F80020002AF3D088BB013F09F1010971
:102A4000ECD1484600235246594600F8013B10F0AD
:102A5000F3F842464146019803B0BDE8F04FFFF756
:102A6000AFBC012208F1020388F8012017B3D8197E
:102A7000FF2203F8012B8342FBD100235246594623
:102A800000F8013B10F0D8F8434632462946019839
:102A9000CDF8308003B0BDE8F04FFFF7D7BCA0F50C
:102AA000894003B0BDE8F08FD0F8A440002C90D04E
:102AB0000148F6E71846E0E780BFFFFF012B2DE94C
:102AC000F04F8BB066D0002968D0044690F8A8007B
:102AD00017460D460393FBF7E9FB029000285DD0F3
:102AE000D4F804A0FBF74EFC169B06B280460233D6
:102AF000760033449A4551D3169A9A4294BF4FF0C8
:102B000000094FF00109B9F1000F47D1189B524657
:102B10004946184603F1010B10F0A2F8189B5946DC
:102B2000424683F800903846A84720B1A0F5894076
:102B30000BB0BDE8F08F0BEB0803159A14990298BF
:102B40000493FBF749FC0028F2D1169B4FF0010ECD
:102B50000590AAF102001A461799C01A049B404436
:102B6000861B06EB0E0003F806E0184410F064F82C
:102B700007A8FBF7A7FB059B029907A81A46FBF7D6
:102B8000C1FB814670B107A8FBF7A2FB48460BB01A
:102B9000BDE8F08FD0F8A440012C94D01A480BB0B7
:102BA000BDE8F08F189A0AF1FF3A08F1010607AB69
:102BB000C8EB0A0A164400935A464346514630462B
:102BC000FEF7D4FF81460028DDD107AB32464146EF
:102BD000584600935346FEF7C9FF064607A8FBF781
:102BE00077FB7EB9039B3BB1189B3A4629462046AA
:102BF0000093FFF72BFC9BE7189A20461146FFF73E
:102C0000DFFB95E7304693E780BFFFFFF0B587B065
:102C1000D0F8A4400CADE0CD74B1012C02D00A482C
:102C200007B0F0BD00240497039602950194009428
:102C3000FFF744FF07B0F0BD0E970D960C9507B057
:102C4000BDE8F040FFF7BABE00BFFFFF012BF0B5B3
:102C5000ADF5037D50D04668A6F11004B4F5F87FB9
:102C600000F2998002AD002B3ED189992A46FFF7E8
:102C7000A7FB044678BB6B78A6F1020E95F800C05E
:102C8000002283F001030DF10901AE44174643EA27
:102C90000C0C11F8010FFF2818BF42F0010271451A
:102CA00082F0010057FA80F7F3D10DF10A01072FE6
:102CB00007F10102CB5D8CBF0024012411444CEAD2
:102CC00003031C4364B2002C5DD14A1B8B9BB21AD8
:102CD0009A425AD9314C28464FF40071FEF73EFF14
:102CE00020460DF5037DF0BD899B0095FFF7AEFBF7
:102CF00004460028EFD1BEE7D0F8A430002B4AD11B
:102D00004668A6F11003B3F5F87F44D802AD899B5D
:102D10000095FFF79BFB04460028DCD16B78A6F1F9
:102D2000020C95F800E0204683F002032746AC44ED
:102D30000DF1090143EA0E0E11F8013F5A428C458C
:102D400042EA0302C2F3C01282F0010240EA02002A
:102D5000C0B2C0F1000242EA0002C2F3C01282F027
:102D600001021744E8D10DF10A01072F07F1010212
:102D7000CB5D8CBF0024012411444EEA03031C43A5
:102D800064B2002CA1D0064CA5E7889B8A981A60F3
:102D90000FF052FF9FE70348A3E700BF00BCFFFF0F
:102DA00000BFFFFF80BFFFFF012B2DE9F04FADF506
:102DB000197D65D04768A7F11004B4F5F87F63D892
:102DC000044690F8A80016468B461D46FBF76EFA9F
:102DD0000390002858D0FBF7D5FA00F1010881468E
:102DE0004FEA480A57454FD3B5B918AD2046A599C3
:102DF0002A46FFF7E5FA0446CCB108AE28464FF460
:102E00000071FEF7ABFE30464021FEF7A7FE2046DC
:102E10000DF5197DBDE8F08F18AD204632465946B4
:102E20000095A59BFFF712FB0446002CE5D105A8F1
:102E3000FBF748FA2246039905A8FBF763FA044614
:102E4000C8B97E1E05ABA8440DF16100C9EB0606AA
:102E50000093424649463346FEF788FE044650B981
:102E600005AB314640460DF1610200934B46FEF73B
:102E70007DFE044668B105A808AEFBF729FABDE758
:102E8000D0F8A440012C95D030480DF5197DBDE84F
:102E9000F08F08AE05A8FBF71BFA03983346A39AF8
:102EA000A299FBF799FA04460028A7D10DF1610316
:102EB0002A7803EB0901B9F1000F11D009F1FF38AD
:102EC0000DF11F0001F1FF3EB04410F801CF1EF8D4
:102ED000013F40458CEA030342EA0302F5D149442D
:102EE000AAF10203FB1A022B2DD0033B4FF0000E78
:102EF00001F1FF3C0B44F0461CF8010F4EEA000EB6
:102F00006345CEF100004EEA0000C0F3C01080F02F
:102F100001008044F0D111F8083083F0010313431D
:102F200009D108F10108A79B41444A1BBA1A9A42E9
:102F300003D9074C62E7074C60E7A49BA6981A6088
:102F40000FF07AFE5AE74FF00008E4E780BFFFFF7A
:102F500000BCFFFF00BFFFFFF0B587B0D0F8A44072
:102F60000CAD95E8E04084B1012C02D00C4807B0CC
:102F7000F0BD0024CDF814E0049703960295019467
:102F80000094FFF711FF07B0F0BDCDF83CE00E97BD
:102F90000D960C9507B0BDE8F040FFF757BE00BF97
:102FA00000BFFFFF2DE9F04782B08846012B0546A0
:102FB0000BA991469DF8280046C90ED01C466B68A7
:102FC0000096FEF725FE80BB84B92846324631467E
:102FD00002B0BDE8F047FFF7F3B9D5F8A430002BF5
:102FE00048D16B680096FEF713FEF0B96C680120BB
:102FF00021460FF061FE074600283DD02146012002
:103000000FF05AFE8246002839D000974A464146C2
:1030100033462846FFF71AFA044648B138460FF0FF
:1030200057FE50460FF054FE204602B0BDE8F08730
:10303000524639462846FFF7C3F904460028EDD129
:103040006A6892B15046751E0AEB020C234610F8CE
:1030500001EB15F8011F60458EEA010143EA010307
:10306000DBB2F4D10BB1094CD8E7304639460FF04A
:10307000E3FDD3E70648D8E76FF00F00D5E7384601
:103080000FF026FE6FF00F00CFE700BF00BDFFFF7F
:1030900080BFFFFF2DE9F04F012B9BB09DF890E022
:1030A0002CD079B317460D46044699464668BEF1C2
:1030B000000F1BD194F8A800FBF7F8F8834608B37B
:1030C000FBF760F98046430002339E421AD3324632
:1030D000002127980FF0C4FD0AA942463846A847A8
:1030E000A0B1A0F589401BB0BDE8F08F7046FBF79A
:1030F000DDF838B1FBF746F92590DBE7D0F8A440BE
:10310000012CCED04D481BB0BDE8F08F04F1080370
:10311000039018460493F0F729FF05900FFA88F002
:10312000279B4FF0010E4246A6EB40000AA900F192
:10313000FF3A18449A4400F802EC50460FF07CFD28
:1031400007A8FBF7BFF8039B594607A81A46FBF7E9
:10315000D9F8834630B107A8FBF7BAF858461BB038
:10316000BDE8F08F07A8FBF719F983460028F2D1D4
:103170000AEB0803082207A819460393FBF718F97E
:1031800083460028E7D1259A07A82699FBF710F96E
:1031900083460028DFD142460AA907A8FBF708F9B1
:1031A00083460028D7D1039907A8FBF70BF983467C
:1031B0000028D0D1059B07A8711E039A013B0090FF
:1031C000C8EB0101279813F0070F43460CBF4FF0DF
:1031D000010E4FF0000ECEEB01017044FEF7C6FC6D
:1031E00083460028B7D10498F0F7C0FEFF21C0EB5A
:1031F000C606279BBC220AA801361B7841FA06F6B0
:1032000040211E40279B1E700AF81820FEF7A6FCDE
:1032100007A8FBF75DF8B9F1000F09D0279B3A46E4
:10322000294620460093FFF711F91BB0BDE8F08F47
:10323000279A20461146FFF7C3F854E780BFFFFFE7
:10324000F0B5D0F8A44006AE9DF8145096E8C04002
:1032500064B1012C08D1CDF820E0079706960595BA
:10326000BDE8F040FFF716BF0548F0BDCDF820E0FF
:10327000079706960595BDE8F040FFF793BE00BF9F
:1032800000BFFFFF2DE9F04F012B83B045689DF88B
:10329000304058D08A4680462946012093469946B8
:1032A0000FF00AFD0646002848D0294601200FF0FD
:1032B00003FD074600283AD000902B4620460E9A80
:1032C0000D99FEF7A5FC0446F8B9B9F1000F40D1FD
:1032D000404632460F99FFF773F80446ACB9A5B1E2
:1032E00020463246791E06EB050E12F8014B11F806
:1032F000013F724583EA040340EA0300C0B2F4D1FF
:10330000002818480CBF0024044629463046FEF722
:1033100025FC30460FF0DCFC29463846FEF71EFC43
:1033200038460FF0D5FC204603B0BDE8F08F30469C
:103330002946FEF713FC30460FF0CAFC6FF00F0071
:1033400003B0BDE8F08FD0F8A460002EA2D00648EC
:10335000F6E700965A46514640460F9BFFF776F82F
:103360000446BBE780BCFFFF80BFFFFF2DE9F047AD
:10337000012BADF5187D07469DF880829DF88C9253
:1033800051D04468A4F11005B5F5F87F5FD8002B43
:1033900053D118ADA5992A46FFF712F800283ED15F
:1033A000661EAB5DBC2B40F08480B8F1000F07D0E7
:1033B0004046FAF77BFF002849D0FAF7E3FFA190D7
:1033C0004846FAF773FF8146002840D0FAF7DAFF43
:1033D0000023804607F1080003930493F0F7C6FD2D
:1033E000E300471E2A78C3F108033B4452FA03F373
:1033F0002DD1790728D02646AA4608F102039E421D
:1034000025D305A8FAF75EFF494605A80022FAF77A
:1034100079FF044600B305A8FAF75AFF20460DF5D8
:10342000187DBDE8F087D0F8A430012B0FD1446897
:10343000A4F11003B3F5F87F09D818ADA59B384661
:103440000095FFF703F8A9E70DF1610AD5E73648C3
:103450000DF5187DBDE8F0876FEA080105AB504611
:103460003144009343460AEB01094A46FEF77EFBCE
:1034700004460028CFD1C7EBC606FF272B7809F1F9
:10348000FF3147FA06F68A4506EA03062E709AF8D7
:10349000002047D212B145E09A4632B90AF1010341
:1034A0009AF801208B42F7D10B46012A03D01F4C1A
:1034B000B1E71E48B3E75D1CA49B5A1CC5EB090687
:1034C00001D0B342F3D105A8FAF768FF04460028FB
:1034D000A1D103A9082205A8FAF76AFF044600282B
:1034E00099D1A19A05A8A299FAF762FF044600288B
:1034F00091D13246294605A8FAF75AFF044600281A
:1035000089D105A808A9FAF75DFF0446002882D1F1
:10351000424608A948460FF0D7FB054B002818BFC4
:103520001C4678E75346C0E780BFFFFF00BFFFFFA0
:1035300080BCFFFFF0B5D0F8A84087B09DF83050B0
:103540000D9F7CB1E4B24FF0FF3E0F9E03940E9CA2
:1035500005960294CDF810E08DE8A000FFF706FF75
:1035600007B0F0BD2C46EEE72DE9F047D0F8A450A7
:1035700086B09DF838E0DDF83CC0DDF84080DDF82D
:10358000449015B3012D03D0174806B0BDE8F0876D
:103590009A46D0F8A83004460E46174613BB754627
:1035A00020464FF0FF3453463A463146CDF814904A
:1035B0000395CDF80880CDF804C0CDF800E0049460
:1035C000FFF7D4FE06B0BDE8F087CDF84490CDF803
:1035D0004080CDF83CC0CDF838E006B0BDE8F047FB
:1035E000FFF750BEDDB2DBE700BFFFFF10B50446BA
:1035F0008C30F0F7E5FA04F19800F0F7E1FA04F105
:103600006800F0F7DDFA04F12000F0F7D9FA04F1D0
:103610003800F0F7D5FA04F12C00F0F7D1FA04F1F4
:103620001400F0F7CDFA04F10800F0F7C9FA04F13C
:103630008000F0F7C5FA04F17400F0F7C1FA04F164
:103640005C00F0F7BDFA04F15000F0F7B9FA04F1AC
:103650004400BDE81040F0F7B3BA00BF2DE9F04FC9
:10366000002918BF7F2B91B01A9D40F2B680022D21
:1036700040F3B380DC0700F1B080174607AA03903F
:1036800000F1140B10460E461C46F0F791FA0AAAF8
:103690001046F0F78DFA0DAA1046F0F789FA294680
:1036A0005846F0F7EFFB024600287BD14FEA54085A
:1036B000C72C04F101030399A8F1630298BF4FF0EE
:1036C00000094FEA530301F12C0401F1380588BFCA
:1036D0009146049300973346002241462046F2F774
:1036E00045FB002872D102460097334641462846E2
:1036F000F2F73CFB002869D12A46214607A8F0F7DB
:1037000095FF002862D107A8F0F730FC8145E1D28F
:10371000079B002B5CDB012221462046F0F7C6FF09
:10372000002853D1012229462846F0F7BFFF002880
:103730004CD12A46214607A8F0F7D0FF002845D1F2
:1037400007AA59460AA8F2F747F800283ED10121F6
:103750000AA8F0F777FE82460028BBD12A46214608
:103760000AA8F2F739F8002830D101460AAB07AAB7
:103770000DA8F1F733F948BB039B0DAA5946203336
:1037800018460593F2F732F900BB0598F0F7EEFB07
:10379000049B98429ED9012221462046F0F76EFFF5
:1037A000024600B307A80492F0F70AFA0AA8F0F755
:1037B00007FA0DA8F0F704FA049A0398A2F5834AD1
:1037C000FFF714FF504611B0BDE8F08F0246E9E75D
:1037D00029462046F0F7BCFA9DE7DFF87CA050466A
:1037E00011B0BDE8F08F012229462846F0F746FFC8
:1037F00002460028D6D1039B2A46214603F108063B
:103800003046F0F76BFF02460028CBD13046F0F788
:10381000D5FB039F059A29463B46786007F1500681
:1038200020465C33009601933B46443300F074FB22
:1038300002460028B6D10398FEF770FD049007A851
:10384000F0F7BEF90AA8F0F7BBF90DA8F0F7B8F940
:10385000049A002AB6D0B0E780BFFFFF70B50D46CE
:103860000A68044608316B68083084E80C00F0F7F9
:1038700029FA064620B12046FFF7B8FE304670BD53
:1038800005F1140104F11400F0F71CFA06460028B3
:10389000F1D105F1200104F12000F0F713FA0646FA
:1038A0000028E8D105F12C0104F12C00F0F70AFA08
:1038B00006460028DFD105F1380104F13800F0F7A1
:1038C00001FA06460028D6D105F1440104F144006E
:1038D000F0F7F8F906460028CDD105F1500104F1C2
:1038E0005000F0F7EFF906460028C4D105F15C015D
:1038F00004F15C00F0F7E6F906460028BBD105F1BB
:10390000740104F17400F0F7DDF906460028B2D125
:1039100005F1800104F18000F0F7D4F90646002893
:10392000A9D105F1680104F16800F0F7CBF906466A
:103930000028A0D105F18C0104F18C00F0F7C2F948
:103940000646002897D105F1980104F19800F0F798
:10395000B9F9064600288ED1D5F8A420D5F8A830AC
:10396000C4F8A420C4F8A83088E700BF2DE9F047C8
:10397000E4B0054605A8F0F71BF9AC22002139A8F0
:103980000FF06EF905A8A34A1021F0F72BFF0446AB
:1039900048B9019003460090024605A939A8FEF7F0
:1039A0004FFA044648B105A8F0F70AF939A8FFF71D
:1039B0001DFE204664B0BDE8F087974A102105A897
:1039C000F0F710FF04460028EDD105A944A8F0F750
:1039D00079F900283BD1914A102105A8F0F702FFA0
:1039E00004460028DFD105A947A8F0F76BF90028A5
:1039F00031D18B4A102105A8F0F7F4FE04460028C7
:103A0000D1D105A941A8F0F75DF910B1B0F5814415
:103A1000C9D1844A102105A8F0F7E4FE0446002825
:103A2000C1D105A93EA8F0F74DF910B1B0F5814418
:103A3000B9D139A8FEF776FA04460028B3D1002D93
:103A40004ED139A8FEF744FC48B10124ABE7B0F5EC
:103A50008144A8D1BFE7B0F58144A4D1C9E739A812
:103A6000FEF75CFC0028F0D10DF134096E4F0DF12A
:103A700064084FF0180A4E46CDF80490CDF808803F
:103A80000FCF0FC697E80300CDF800A02B462A46BB
:103A900086E80300654939A8FFF7B8F80028D4D1B3
:103AA00013AE04AFCDF80CA00123CDF8048022465C
:103AB000029639A800975D49FFF74EFA0028C4D155
:103AC0003A68304649460FF0FFF80028BDD108AEED
:103AD00051464846324601F04BFE68B1012069E785
:103AE00053480FF0C9F839A8FEF7F2FB00B351486C
:103AF00001240FF09DF856E70427CDF80C800296BC
:103B00002A4601950123009739A84849FFF798FBF9
:103B100000289AD1CDF80C802346029622460194C3
:103B20002146009739A8FFF71FFD00288DD13AE7FD
:103B300039A8FEF7F3FB0028D9D10DF134083A4E2D
:103B40003D4819AF0FF098F84546CDF804804FF086
:103B500018090FCE0FC596E8030002972346CDF84B
:103B60000090224685E80300304939A8FFF74EF857
:103B70000028BCD113AD04AE30480FF07DF8CDF86D
:103B80000C900197012302952246009639A82749F7
:103B9000FFF7E2F90028AAD13268284641460FF023
:103BA00093F80028A3D1264808AD0FF041F8254826
:103BB0000FF062F8494640462A4601F0D9FD20B18F
:103BC0001C480FF035F80120F4E60426039702950F
:103BD000012301942246009639A81449FFF730FBCF
:103BE000002884D118480FF047F803970295234620
:103BF000019422460096214639A8FFF7B5FC00281B
:103C00007FF475AF0E480FF013F80A200FF040F85C
:103C1000C9E600BFE0290020E42A0020682B00202C
:103C2000EC2B0020F02C0020E00300204D1D016053
:103C3000F82C0020D0110020302D0020102D002065
:103C400080110020502D0020682D00202DE9F04724
:103C50007C4C96B0864689469446984604F1300AD4
:103C60001E9F08AE2068103454F80C1C354654F8DA
:103C7000082C103654F8043C54450FC5F2D1206886
:103C8000A3883060B380B8F1000F3CD0002F3AD049
:103C9000D8F80830BBBBB968A9BB70466446764605
:103CA000F0F7D0FB00282EDD01212046F0F7CAFBFB
:103CB000002828DD31462046F0F752FB002822DAA2
:103CC00001214846F0F7BEFB00281CDD314648467E
:103CD000F0F746FB002816DA05A8EFF769FF02A8FF
:103CE000EFF766FF21464A4602A8F0F7F7FC0446C4
:103CF00070B105A8EFF764FF02A8EFF761FF204657
:103D000016B0BDE8F0876FF0030016B0BDE8F0878D
:103D100002A901220846F0F7C9FC04460028E8D1B0
:103D200002A8F0F705F91FFA80FABAF1000F02D1E4
:103D30006FF00304DDE7514602A8F0F7F3F90446FB
:103D40000028D6D1B3681B6803F00709A9F101095F
:103D5000B9FA89F94FEA591916AB05A84B4413F87B
:103D6000381CF0F78FF8324605A94046F1F734FDCC
:103D700004460028BDD101214046F0F763FB38B16D
:103D800009F101091FFA89F9B9F1360FE4D1CFE73A
:103D900005A90097334602AA0846F1F7C1F904467F
:103DA0000028A6D101251BE005A901220846F0F74D
:103DB0007DFC05AA0446114600289AD11046F0F76A
:103DC0008DFC3246044605A9002892D108460135EB
:103DD000F1F732F8044600288BD1ADB2AA452AD3B8
:103DE000012105A8F0F72EFB012205A918B305A8AB
:103DF000F0F744FC3246044605A900287FF479AF69
:103E00004046F1F7E9FC0121044600287FF471AF38
:103E10004046F0F717FB0128C6D131464046F0F77F
:103E20009FFA0130C0D12146434632463846F0F76A
:103E3000D5FD04465DE7012105A8F0F703FB002846
:103E40009ED075E7FC030020002B61D02DE9F041E6
:103E50000D4686B00446002118461F461646F0F768
:103E6000F1FA804638BB01212046F0F7EBFA002832
:103E700021DD01212846F0F7E5FA00281BDD414647
:103E80003046F0F7DFFAB0B16846EFF791FE03A8CD
:103E9000EFF78EFE214668460122F0F707FC044644
:103EA00070B16846EFF78CFE03A8EFF789FE204655
:103EB00006B0BDE8F0816FF0030006B0BDE8F08108
:103EC0002946012203A8F0F7F1FB04460028E8D1B7
:103ED00003AA69463846F1F77FFC04460028E0D182
:103EE00003AA69466846F0F7F9FB04460028D8D1D2
:103EF00001463B466A466846F0F770FD04460028D6
:103F0000CFD1314638466A46F1F770FD0446C8E71E
:103F10006FF00300704700BF2DE9F04184B01D46EB
:103F200006460F4601A89046EFF742FEADB10122CA
:103F3000314601A8F0F7BAFB044630B101A8EFF70B
:103F40003FFE204604B0BDE8F081284601AA414664
:103F5000F0F772FF04460028F0D10A9B7BB10122E2
:103F6000394601A8F0F7A2FB04460028E6D14146F5
:103F700001AA0A98F0F760FF04460028DED10B9BE7
:103F800033B1324639460B98F1F730FD0446D5E798
:103F90001C46D3E72DE9F04F87B00E468046174602
:103FA000DDF844A0684699461AF1000518BF0125BE
:103FB000EFF7FEFD16F1000B03A818BF4FF0010B41
:103FC000EFF7F6FD15B1BBF1000F28D13C1C18BF6F
:103FD00001240DB1002C34D118F1000A0BEA0404BD
:103FE00018BF4FF0010ABAF1000F3BD0002C39D0B6
:103FF0003A4631466846F0F771FB0546002859D02D
:104000006846EFF7DDFD03A8EFF7DAFD15F5844FFD
:1040100013D0A5F58445284607B0BDE8F08F129A65
:1040200051463046F1F760FE0028CFD0584D684623
:10403000EFF7C6FD03A8EFF7C3FD284607B0BDE8BC
:10404000F08F5146129A3846F1F74EFE0028EDD116
:1040500018F1000A0BEA040418BF4FF0010ABAF184
:10406000000FC3D1109B002B18BFB9F1000F14BF74
:1040700001250025BAF1000F18D0BDB10121484635
:10408000F0F7E0F90028D1DD01211098F0F7DAF916
:104090000028CBDD41464846F0F762F90028C5DA32
:1040A00041461098F0F75CF90028BFDA04B175B901
:1040B0000025BCE701214046F0F7C4F90028B5DD32
:1040C00041466846F0F74CF90028AFD1CAE7012114
:1040D0003046F0F7B7F90028A8DD01213846F0F79F
:1040E000B1F90028A2DD109A49466846F0F7F6FAC1
:1040F0000546002884D1012269466846F0F7D6FAC1
:10410000054600287FF47CAF3146012203A8F0F772
:10411000CDFA054600287FF473AF03AA69466846C6
:10412000F0F78AFE054600287FF46AAF014668462C
:10413000F0F788F900287FF479AF4946109A68466D
:10414000F0F7CCFA054600287FF45AAF0122694601
:104150006846F0F7ABFA054600287FF451AF3946C0
:10416000012203A8F0F7A2FA054600287FF448AF21
:1041700003AA69466846F0F75FFE054600287FF40B
:104180003FAF01466846F0F75DF9002890D04DE753
:1041900000BEFFFF2DE9F04186B01E4605460F46E2
:1041A00068469046EFF704FD03A8EFF701FD9EB3C4
:1041B000CDB1012229466846F0F778FA0446A0B14D
:1041C00014F5844F09D16846EFF7FAFC03A8EFF71E
:1041D000F7FC204606B0BDE8F08114F5814F02D00F
:1041E000A4F58444EFE7304CEDE73146424603A89E
:1041F000F0F71CFA04460028E2D103A96A460846F3
:10420000F0F71AFE04460028DAD1014603A8F0F7B9
:1042100019F908B1254CD6E70C9BFBB1002FE2D071
:10422000012239466846F0F741FA04460028C7D112
:1042300042460C9903A8F0F7F9F904460028BFD1CB
:1042400003A96A460846F0F7F7FD04460028B7D1EF
:10425000014603A8F0F7F6F80028DBD10D9B0BB35D
:10426000002DC0D0002FBED03A460D996846F0F719
:1042700035FA04460028A3D1012269466846F0F7C2
:1042800015FA044600289BD12A4669466846F0F78D
:10429000D3FD0446002893D101466846F0F7D2F8D2
:1042A0000028B7D100248EE780BFFFFF00BEFFFFCC
:1042B0005C2200210EF0D4BC10B15C21FDF74EBC95
:1042C000704700BF08B55C220EF0B6FC08BD00BF09
:1042D000F0B403460022074F074E1046074D084C26
:1042E00008499F60DE601D615C6199611A605A60D7
:1042F000F0BC70470123456789ABCDEFFEDCBA986F
:1043000076543210F0E1D2C32DE9F04F4B789BB0D8
:104310000D781B0491F803E04C7943EA05658E782B
:1043200091F80480240445EA0E0591F807C04B7A01
:1043300044EA086445EA06224E7B8F7944EA0C0C75
:1043400091F808A0360491F80CE01B0491F80FB026
:104350004CEA072491F80B9043EA0A6346EA0E659B
:1043600091F80A800B9443EA090945EA0B064C7C54
:104370004D7D49EA082391F810A0240491F8148097
:104380002D048F7B44EA0A64069345EA0865CB7CDA
:1043900091F817A091F812E01C43049245EA0A0A2A
:1043A00046EA07228F7D4B7E44EA0E244AEA072E16
:1043B0000E7E0D921B047246019043EA066391F84B
:1043C0001B800F9202F1B54291F81AC043EA08032C
:1043D0004D7F02F51E320E9443EA0C230C7F2D0410
:1043E00002F29912CF7F45EA04648E7F14921A4636
:1043F00044EA070591F821E002F1B54791F820B0B1
:1044000091F8253045EA062607F51E374FEA0E4E8D
:1044100091F823901B0407F2991791F824A01092A9
:10442000324615974EEA0B6791F8295043EA0A6322
:1044300091F822C047EA090E91F827402D0491F81F
:1044400028604EEA0C2E119202F1B54291F82680B6
:10445000234391F82DC045EA066502F51E3291F816
:10446000316091F82C9043EA082891F8304002F22C
:1044700099124FEA0C4C91F82BB0360491F82A703F
:1044800091F82FA04CEA096C199246EA046672462C
:10449000CDF81C8091F82EE045EA0B0891F83330F6
:1044A0004CEA0A0C91F832B048EA07281E4391F80A
:1044B00035704CEA0E2E91F8345046EA0B2691F8EE
:1044C000369091F838A03F0491F83940002091F8D7
:1044D0003BC047EA056791F83C3091F83FB0CDF812
:1044E0002080CDF824E091F8378091F83AE00A96E0
:1044F00047EA080591F83D6091F83E1045EA092821
:10450000129336041391019902948F68029C3B46E2
:104510000F46C96824043D69169144EA0A6405956A
:104520007D6944EA0C04CDF808804FEAB3080C9585
:104530004FEAB105B96944EA0E2E179105990C9F0F
:1045400001F1B5498A464F40069909F51E39CDF863
:104550000CE00C9C8AEA050E09F299191893A24600
:104560000EEA030E8944169907EA010C1799DC4FED
:104570008CEA0404CF19049907EBF367129B12929B
:1045800046EA03662744059B5446DFF854A346EAEF
:104590000B0C8EEA030E0E46A2440C46069985EAE1
:1045A00008033C44D64486EA01070B9E13994FEA60
:1045B000B40A2340DFF828B34CEA012C0EEB0601C5
:1045C000DFF81CE36B4001EBF46188EA0A04AE44B7
:1045D000149DCDF810C099444FEAB10C05EB0A06C2
:1045E0000C400D9D09EBF163159984EA0804AE4473
:1045F0008AEA0C05C344A64488461D400E994FEA3A
:10460000B30457400EEBF36E8B44199B85EA0A09FD
:1046100002998CEA04059A46D9444FEABE0305EA9A
:104620000E0509EBFE694F4002F1B54E84EA030125
:104630000B9AE04401EA090185EA0C0594460D9ABB
:10464000A2444C408CEA020C079A354404EB080162
:1046500002F1B5444FEAB90605EBF9690EF51E3EC5
:1046600004F51E3483EA06054FEAB9080EF2991ED6
:1046700004F2991401EBF96105EA09058CEA020CD0
:1046800004EB060986EA0804089A5D400C400EEB2C
:10469000030B55444FEAB10384EA060E02F1B54616
:1046A00005EBF16588EA030A06F51E3609994FEA1B
:1046B000F777DE4406F299160AEA050B884C4FEAB2
:1046C000B50A0EEBF56E0B970C198BEA080706EB93
:1046D000080183EA0A064F444FEABE0906EA0E06BD
:1046E00004EB030B07EBFE678AEA090473400A9D9B
:1046F0003C404FEAB70E5E18029984EA0A0805F1B9
:10470000B54501F1B54106EBF76789EA0E03039E53
:1047100008EB0B0405F51E3501F51E31DFF8C0B1BD
:104720003B4005F2991501F29911B344069E4FEAF8
:10473000B708554483EA090301EB090AB1460E9E06
:1047400004EBF7648EEA0801F34489EA06095E196E
:10475000039B4FEAB40706EBF46621408CEA030C96
:10476000049C5F4B81EA0E0188EA07054FEAFC7C56
:10477000E3180B9C5144354004F1B54E4FEAB604A2
:1047800001EBF66103EB080A87EA040385EA0805F2
:104790000EF51E3E049E0B405D444FEAB10B0EF237
:1047A000991E7B4005EBF16584EA0B08774453447E
:1047B0004FEAB50108EA050889EA020903EBF56347
:1047C0000D9D6246DFF818A1AE460F9D89EA0609E5
:1047D00092448BEA01068EEA050C88EA0408099DDA
:1047E0001E404FEAF97EB8448CEA050C4FEAB30745
:1047F0000AEB04050B9C08EBF3680D9281EA0703B2
:1048000072468CEA040C86EA0B0E109C0E9E4FEA50
:10481000FC7CAE4403EA080574400A9B304E4FEA24
:10482000B8095C400F9B0E92961962469C46119BFC
:104830000EEBF86E0F9206EB0B088CEA030A85EA82
:1048400001030D9D87EA090C9346254A6C400CEA4A
:104850000E0C029D5A444FEAF474109E11448AEAE9
:10486000050A06948CEA070C0E9D4344129C8C4466
:104870008AEA050A069986EA04081A4D039C03EBA6
:10488000FE664D194FEABE0E0F9988EA040889EAC0
:104890000E034FEAFA7A88EA010811994FEAB60B3B
:1048A00052460CEBF66C8A46734007990D4E4FEA60
:1048B000F878049C8AEA010110929619129A6140D4
:1048C000CDF844803D449046089A069C8EEA0B073A
:1048D00088EA02081D44614006EB090304E000BFBA
:1048E0009979825AA1EBD96E0B9E4FEABC094FEA27
:1048F000F171119C87EA0C07DFF8E0A40A460799DA
:1049000088EA0608109E05EBFC65A2441F448C460D
:104910008BEA0903099988EA060807EBF5670D9EFB
:10492000D6448CEA010C6B404FEAB505DFF8ACA425
:104930004FEAF8788CEA060C734489EA0506CDF84C
:104940001C80924403EBF76311924FEAB708089A70
:104950007E40079FDA448CEA040C964607F1DD4B53
:104960000A9A4FEAFC7C12940BF5B30B0E9C8EEA6C
:10497000020E099A61468EEA040E0BF5D74B029C93
:10498000944685EA0807119A8CEA040C0BF1210B76
:104990000F9C8EEA020ECB4487EA03098CEA040CD2
:1049A000079C4FEAB3075644D9444FEAFE7E8CEA8F
:1049B000040CDFF828B40A9C724606EBF3668B44BD
:1049C00088EA0703A646039C5D4483EA060B069B20
:1049D0008EEA040E09EBF6694FEAFC7C029C4FEA72
:1049E000B6068EEA030302F1DD4ECDF820C04B403F
:1049F0000BEB050C0EF5B30E87EA060B049D0CEBD2
:104A0000F96C4FEAB90A0EF5D74E8BEA09096540F1
:104A10004FEAF373089CDFF8C4B30EF1210E029342
:104A2000A344109B039CF04414915D4086EA0A0164
:104A3000A6460B9C554015925F44029A8EEA0403E9
:104A400081EA0C0E1299C8444FEABC094B407744E6
:104A500002F1DD4E4FEAF572089D08EBFC680EF599
:104A6000B30E8AEA090B6B40049D0EF5D74E07EB97
:104A7000F8674FEAF373AC460D9D8BEA080B13936E
:104A80004FEAB808D54B8CEA050C119D0EF1210EAA
:104A9000D31812928CEA050C029A9A44139B89EA65
:104AA0000805764403F1DD438CEA020C4FEAB70EA9
:104AB0007D405E4403F5B303A3464FEAFC7C0E9CA5
:104AC00006EBF766AA4488EA0E0703F5D743CDF84C
:104AD0000CC08BEA040B079C4FEAB60577400AEB43
:104AE000F66A2133039E8BEA040B0D9C4B4406F1BE
:104AF000DD49129AA4460F9C09F5B3093B448CEAA0
:104B0000040C149C09F5D749139F8CEA040C8EEA17
:104B1000050609F1210903EBFA638CEA070C8BEA1D
:104B2000020B86EA0A07C8444FEABA0A0E9C4FEA0B
:104B3000FC7C069A85EA0A064FEAFB7BB844CDF86E
:104B400024C0CDF810B04FEAB30C08EBF36884EA48
:104B5000020B7340159A099E039C8BEA020B049F7B
:104B600006F1DD468BEA040B0F9C07F1DD4706F5E5
:104B7000B306A146109C07F5B30706F5D746089A79
:104B800089EA040921364FEAFB7B07F5D747069CE3
:104B9000CDF834B089EA020921373544049E4C40EF
:104BA000BE448AEA0C0789EA0609029E73440D9AFC
:104BB0007440099E4FEAB80B87EA080703EBF863D5
:104BC00074404FEAF979109EDFF810828CEA0B0EE0
:104BD0003D444F469044B146119E8EEA030EC244B6
:104BE00005EBF36589EA0609129E4FEAB303F24426
:104BF00089EA06098E46794E4FEAF47407990AEB62
:104C0000F56A0E97BE198EEA01088BEA030713991D
:104C100089EA02090F944FEAB50488EA01087D4049
:104C20001499B444119F4FEAF9790F9A83EA040E5C
:104C30004F406A4ECDF818908EEA0A0E39460E9F04
:104C400096194FEABA0988EA0708039F6544B344F6
:104C50007940069EDFF884C105EBFA6584EA09070E
:104C6000F344B44451400BEBF56B6F4063444FEA9F
:104C7000B5054FEAF171079E159A3B440B9189EAFD
:104C800005014FEAF87EDFF854A14FEABB0786EA38
:104C9000020803EBFB630B9A81EA0B0B0499CDF836
:104CA00028E0F24488EA01089646149954444B4A95
:104CB00085EA0706A3440A9C72448E4608995E4022
:104CC0004A440BEBF36B8EEA010C069932444FEA2F
:104CD000B30388EA01080999DFF8049102EBFB624B
:104CE0008CEA010C4FEAF87E4BEA03014FEABB085D
:104CF0008CEA040C7646159C39404FEAFC7E1096EF
:104D0000DFF8DCA00BEA030BCDF844E0A646029CDA
:104D1000B24442EA080641EA0B0B8EEA040E119CEB
:104D20000B995544A1440D9C06EA030A02EA0806C1
:104D30008EEA040E089C4AEA06064F44A446129CDA
:104D40008EEA010E0E998CEA040C37444FEAFE7E7F
:104D5000139C109E8CEA010C029905EBF265CDF8CC
:104D60001CE08CEA060C81EA040E079E1C495D4497
:104D70004FEAB20271184FEAFC7C0F9E4FEAB50968
:104D800007EBF567CDF808C005EA020B8EEA060EC0
:104D900045EA02066546DFF848C00B4406EA080605
:104DA0001299AC44039D03EBF76347EA090A4D40AF
:104DB00046EA0B01119E07EA090B1944079B8EEA8C
:104DC000060E069E0AEA020AE0447540049E4FEA77
:104DD000FE7EDFF80CC05D4004E000BFA1EBD96EA1
:104DE000DCBC1B8F84EA06030A9C4FEAB7074AEA39
:104DF0000B0AF4446340039C41EA0706D044624432
:104E0000A446099C08EBF168CDF848E006EA0906DB
:104E10004FEAB10E8CEA040C3940029C02EBF862B6
:104E200048EA0E0B634031430B9C0BEA070B11441D
:104E30004FEAF37208EA0E0A4FEAF57503928CEA1C
:104E4000040C049A4BEA0A0A0D9C4FEAB808139521
:104E500005F10F4582EA040B039A05F5DD15129B57
:104E600002F10F4241EA080605F5E6558CEA030C0B
:104E700002F5DD12109B1C354FEAFC7C02F5E65270
:104E800006EA0E064D44CDF810C01C324FEAB109B7
:104E90005544DFF8C4A31744099A05EBF165E244D1
:104EA00001EA080194460E9A8BEA030BD64445EAC0
:104EB00009038CEA020C46EA0102139907EBF56735
:104EC00005EA090603EA08038BEA010A11993A4444
:104ED000039F4FEAFA7A8CEA010C33434FEAB50696
:104EE000CDF824A05146DFF870A38CEA070B734479
:104EF00042EA06078A4421460F9C4FEAFB7E03EBF9
:104F0000F26307EA090781EA0405D3494FEAB20CC4
:104F100032407144CDF834E03A43D044089143EA3A
:104F20000C0A079903EA0C0B089F0AEA060A4D408F
:104F30000E994F4408EBF3688E4606994AEA0B0B2C
:104F400002EB080A8EEA0101BE46049F0BEB0E0934
:104F50007D40029F09EBFA694FEAF5727940099D9D
:104F600008920A9A81EA05074FEAB301BA4D129BEB
:104F700084EA0208089A88EA03084FEAF773551989
:104F80004FEABA024AEA0107069C354403F10F468C
:104F900049EA020B0AEA010A06F5DD160E930BEA4E
:104FA000010B09EA020306F5E65607EA0C0705EBD2
:104FB000F9654BEA03031C36A64647EA0A070B9C31
:104FC000B4440D9E2F448EEA040E88EA0606139C14
:104FD0009C44A14B4FEAF6758EEA040E089E4FEAF8
:104FE000B9090F95EB180A9D8EEA060E0B449A49F3
:104FF000A846109D4FEAFE7E88EA050647EA0905A5
:105000000CEBF76C71444FEAB70B154007EA090740
:10501000CDF828E006914CEA0B0803993D43069F22
:1050200008EA090A4E400B9C3A440E9F0CEA0B0812
:10503000A6467E40119C03EBFC63049F4FEAF67684
:105040008EEA04014AEA080805EB030A3346109D7C
:105050000F9E79400B9303F10F4381EA060E424401
:105060000799A84603F5DD1302EBFA624FEABC0686
:10507000099D4FEABA0788EA010803F5E6534FEAAB
:10508000FE7E88EA050C42EA07014AEA06051C335F
:10509000DFF8C4810AEA060ACDF818E0994405EA67
:1050A0000B0502EA0703F0443140A646029C09EBD7
:1050B000F26945EA0A0519438EEA040E0D9BD844AD
:1050C0000A9C8EEA030E05EB09030B9D01EB080A0F
:1050D0008CEA040C4FEAB2088EEA050B129A079983
:1050E0004FEAFC7C4FEAFB7B43EA080981EA0205B0
:1050F000089A59464FEAB30E0AEBF36A64465540E4
:10510000DFF854C101F10F4210944AEA0E0BA44497
:1051100002F5DD12029C1191B44406990BEA0806CF
:1051200002F5E652A346139C4D401C3209EA0709DA
:105130008BEA04010AEA0E0B3A4403EA08034FEA39
:10514000F57546EA0B0B0CEBFA6C49EA03032F46A4
:1051500093440E9D03EB0C09129A4FEABA0A109E73
:1051600069409446039D714012978CEA05060F9D95
:1051700049EA0A0307F10F426E402546049C09EAFA
:105180000A0702F5DD120BEBF96B65404FEAF1748B
:1051900003EA0E0102F5E65202944FEAB90C119CA3
:1051A0001C32029B4BEA0C0966400A9C424409EA05
:1051B0000A096540284C02EBFB621C1941EA07030F
:1051C0004FEAF671099E03EB02080BEA0C07079100
:1051D0007444129949EA070E204B4FEABB074D4031
:1051E0000399A6444FEAB8044E400B994FEAF57272
:1051F0008CEA07054E40029903920EEBF86E4E4082
:105200000499079A89464FEAF6760D991A4404964E
:1052100089EA0109069E02EB0A0185EA080289EA89
:105220000609099E0A440799B246089E89EA0109BF
:1052300010998AEA060A039D87EA04084FEABE0627
:105240008AEA010A02EBFE61049A1D4488EA0E080C
:105250009646039A654403E0DCBC1B8FD6C162CA44
:105260004FEAF97C8AEA020A0D9ACDF824C0A844D4
:105270009E4484EA060594460E9A0EEB070B4FEA0D
:10528000B10785EA010E8CEA0202099D08EBF16C78
:105290001199DE4405EB030B049D4A404FEAFA786E
:1052A000A3444FEABC016A40089DCDF8348086EAE9
:1052B0000708A94613920F9D0EEBFC6E0D9A88EA23
:1052C0000C0889EA050587EA010C02EB0309139A29
:1052D0008CEA0E0CC3444FEAF274129AB1444FEABE
:1052E000BE08089455400A9CCC440E9A0BEBFE6B0A
:1052F000089E81EA080E5440099AB1460D9E554019
:10530000029A99448EEA0B0E54404FEAF57A0B9AB2
:105310004F440F9D74400AEB030985EA02064FEAE9
:10532000F4750CEBFB620EEB070C0E954FEABB0B12
:10533000079D49444FEAB20788EA0B046E40089D76
:105340000CEBF26C54406E400A9D8BEA0702AE46AD
:105350004FEAF676069D82EA0C020A968EEA050E60
:10536000039E0E9D8EEA060E0B9E1D44B146109EB6
:10537000A844049D89EA06068EEA0A0E04EB010998
:105380000A996E400E9D4FEAFE7E19446E40069DBE
:1053900009EBFC69CDF82CE04244AE46119D8B44EC
:1053A0004FEAF6718EEA050E02EBF9654FEABC048E
:1053B0000F914FEAB50609990B9A87EA04088EEA1D
:1053C000010E06960A9E88EA09084FEAB909D11823
:1053D0008EEA060E109E84EA0902D844B446129E54
:1053E00008EBF5686A408CEA060C0D9D39444FEADB
:1053F000FE7E0F9F8CEA050C119D1144CDF840E014
:105400001F44AE46029D069E4FEAB80B8EEA050E7B
:105410003D190B9C89EA0606109A01EBF8618CEAAB
:10542000040C089C86EA080790468EEA040E069C47
:1054300098442F4484EA0B020F9C129DC1448EEACB
:10544000040E4A40079C4FEAFC7C4A4407EBF16794
:105450006540029E11924FEAB101109A85EA0A0551
:105460000CEB030AB1465540069A039E8BEA0104F1
:105470009244119A89EA06064FEAB70802EBF762EE
:105480007C404FEAFE7E81EA08070692A2440E9A0B
:105490000EEB0309069C56404FEAF572079D6740E4
:1054A0000292D9442A46049D4FEAB40B86EA0C06C0
:1054B00055400A9AB94455400AEBF462029C4FEAFF
:1054C000F67A85EA0E0E099EA44688EA0B04039D2F
:1054D00009EBF2699C44544075404FEAB2026144C2
:1054E0000AEB03078BEA02064FEAFE7E21444FEAED
:1054F000B904B8440EEB030C039182EA04070B993C
:10550000E3444D40039901EBF96186EA0909029EE3
:10551000C8444FEAB10C7540049E4F4008EBF1615E
:10552000029584EA0C080D9DBB44109F6E400F9DB0
:105530000BEBF16B6E40099DA946089D86EA0A06B1
:105540004FEABB0A89EA0509029D03EBF67603EBF5
:10555000F57589EA07092644154488EA010289EAB3
:105560000E094FEAB1011544189A8CEA010781EA45
:105570000A08134405EBFB6587EA0B0B019F03EB5D
:10558000F979059B88EA05085E4403EBB5040C9B9A
:10559000E14406EBF5651A46179B09EB080C3C61E4
:1055A0001944169B52442B440CEBF5657A61FB6061
:1055B000BD60B9611BB0BDE8F08F00BF2DE9F843B5
:1055C0000368064614460D4603F03F0713449A420B
:1055D000C7F14008036002D9436801334360DFB17B
:1055E000A04519D806F11C092946424609EB0700D7
:1055F0000DF022FB49463046FEF786FE80B9C8EB27
:105600000404454407463F2C08D929463046403C0F
:105610004035FEF779FE18B93F2CF6D814B920466C
:10562000BDE8F88306F11C002246294638440DF0F7
:1056300003FB0020BDE8F88302B1BFE710467047C6
:10564000F8B50446006880220D4600F03F0004F1E2
:105650001C062318013038281A7755D8C0F13802B3
:10566000002130440DF0FCFA23683146666820467C
:105670005A0FDB0042EAC6021F0E84F85B30160E9A
:1056800084F8572084F85870170C84F85460120A74
:105690001E0C84F855701B0A84F8562084F8596053
:1056A00084F85A30FEF730FE00282CD1E37A2B70B4
:1056B00063896B70A3681B0AAB70A368EB70E37B14
:1056C0002B71E3896B71E3681B0AAB71E368EB71C3
:1056D000E37C2B72638A6B7223691B0AAB722369AA
:1056E000EB72E37D2B73E38A6B7363691B0AAB7305
:1056F0006369EB73E37E2B74638B6B74A3691B0A82
:10570000AB74A369EB74F8BDC0F1400200213044D2
:105710000DF0A6FA31462046FEF7F6FD0028F2D13C
:105720000146382230460DF09BFA9DE770B4002305
:10573000064E074D074C0849084A8660C56004615B
:10574000416182610360436070BC7047012345671B
:1057500089ABCDEFFEDCBA9876543210F0E1D2C3BB
:1057600002B970472AE700BFFFF76ABFFEF7CCBD5A
:1057700070B598B006460C46154600215C2201A87B
:105780000DF06EFA124B1348039303F1B94312491B
:1057900003F55B23114A049003F6EF63059106922B
:1057A00007935CB9294601A8FFF74AFF044601A800
:1057B0005C21FCF7D3F9204618B070BD2246314673
:1057C00001A8FFF7FBFE04460028F0D1EAE700BF7E
:1057D0000123456789ABCDEFFEDCBA9876543210D1
:1057E000FFF7C6BF2DE9F04F0024ADF2744D394DDF
:1057F00007465C2205A82146DFF8F4B005F13C0815
:10580000DFF8F0A0DFF8F0900DF02AFA002F3CD17D
:10581000314A0023022CCDF81CB00A922F4ACDF851
:1058200020A0CDF824900B92059306933CD02C4BEE
:1058300053F82420E2B905A86946FFF701FF0646A0
:10584000E8B96846142229460DF03EFA50BB0FBB5A
:105850000134143508F13908032CD7D1F7B905A85C
:105860005C21FCF77BF930460DF2744DBDE8F08FFA
:10587000414605A8FFF7A2FE06460028DBD0002F10
:10588000EDD018480DF0D4F9E9E7611C16480DF089
:10589000F3F9BDE715480DF0CBF9D9E70A200DF073
:1058A000F7F9DCE70126EAE74FF47A7361211CA8D7
:1058B0001A461E460DF0D4F902E0731E1E46BAD0F9
:1058C0004FF47A721CA905A8FFF778FE0028F4D0DF
:1058D0000646D4E7F0D8026076543210F0E1D2C325
:1058E000D8D90260D0110020882D0020801100201E
:1058F0000123456789ABCDEFFEDCBA986C2200210D
:105900000DF0AEB910B16C21FCF728B9704700BF9B
:1059100008B56C220DF090F908BD00BF0023F0B46B
:105920000360436099B1124A124B8260C360124F08
:10593000124E134D134C144A144B07614661856196
:10594000C4610262436281660020F0BC7047104B64
:10595000104AC360A3F1BF438260A3F5DC230E4F5E
:105960000E4E0F4DA3F5B6730E4C0F4AE5E700BF80
:10597000D89E05C107D57C3617DD703039590EF732
:10598000310BC0FF11155868A78FF964A44FFABEF8
:1059900085AE67BB67E6096A72F36E3C3AF54FA5C0
:1059A0007F520E518C68059BABD9831F2DE9F04FB8
:1059B000D7B0031D24300DAA0D9353F8044F834232
:1059C00042F8044FF9D1013115AD25AE0878043104
:1059D00011F8053C000411F8022C11F8034C40EAC0
:1059E0000363134343EA042345F8043FAE42EDD179
:1059F0000022CB4B16A8DFF85CA30092159A8646CE
:105A000006931446139A0A931746C64A149B0992A2
:105A1000C54A1D460F9B0892C44A1946CDF80CA0F2
:105A2000A2460792C24ADDF848800592C14ADDF8D5
:105A300038900492C04ADDF840B00292119BBF4AF0
:105A40000B90019287EA05004FEAF826009A0DF1C3
:105A5000580C86EAB81600EA08005CF822400832C2
:105A600086EA78666840009288EA070C3044019A1A
:105A70004FEA79360EF1200E20445EF81C4C86EA7F
:105A8000B906504449EA010A86EAB9562C44104442
:105A90000AEA0B0209EA010A034442EA0A0A0CEA8A
:105AA000030C4FEAF325B24483EA08068CEA070C9C
:105AB00085EAB31550440CEB040285EA73655EF881
:105AC000184C40EA090A4FEA703C2A442744039CD8
:105AD0000AEA010A00EA090522448CEAB00C5EF8E1
:105AE000144C4AEA050593448CEAB05C08EB040ABE
:105AF000AC4406EA0B044FEAFB265EF8105C9444C3
:105B000084EA080486EABB165D1940EA0C022744C1
:105B100086EA7B6600EA0C084FEA7C3402EA090256
:105B20003744019584EABC06029C83EA0B053C4499
:105B300086EABC5642EA08075EF8082C214437443E
:105B40005EF80C6C5E4427448C18029605EA010648
:105B50004FEAF125039473404CEA070685EAB11534
:105B600003EB0A044FEA773285EA716A06EA00031A
:105B7000049E82EAB70554440CEA070A8BEA010244
:105B800085EAB755344443EA0A085EF8046CA14438
:105B9000A844019D02EA090A4FEAF923A04409EB4F
:105BA00006048AEA0B0B83EAB913049447EA080A4D
:105BB000AB4483EA7963059C4FEA78365B440AEA92
:105BC0000C0AA34607EA080586EAB80681EA090234
:105BD0009B444AEA050586EAB85300EB0B0A2B44BE
:105BE00002EA0A024FEAFA205B4489EA0A045140B9
:105BF00080EABA10029A48EA030680EA7A60114401
:105C00004FEA733508EA03023E40014485EAB305D2
:105C10000798164385EAB35B01445E440CEB01052B
:105C200006EB010B03992C404FEAF52043EA0B0CDD
:105C30008AEA050684EA090980EAB5100CEA080C2C
:105C40004FEA7B3409EB010280EA756003EA0B013D
:105C500084EABB0402444CEA010C089984EABB5470
:105C60000A4404EB0C01049C174411443E404FEAE3
:105C7000F7224FEA71394BEA010086EA0A0682EA06
:105C8000B7120BEA010C1840264482EA776289EACF
:105C9000B10440EA0C001644099A84EAB15416444F
:105CA000009A2044102AB04400EB060940F0B98263
:105CB0002A461495224D00260B980C95A5F1D25535
:105CC000DFF894E0A5F50D25CDF808A0CDF854A097
:105CD000BA46A5F6FE65CDF840B0CDF848800B95E4
:105CE000184DCDF838900A95A5F1E455CDF800800F
:105CF000D846A5F53525CDF80490CDF814E09B469F
:105D0000A5F63B0504961193914609958E460E4DD6
:105D1000139708950D4D0F9107950D4D039531E0A3
:105D2000E4D90260D55E1CABA4823F92F111F15917
:105D30005BC25639A5DBB5E9CFFBC0B5982F8A42C7
:105D4000DA88F976AA84744ACCA10C24C69DC10FC6
:105D50008647BEEF91443771C1699BE4069A136C84
:105D600005931346526C194603921A469B6C07938F
:105D7000D36C126D08934B6D09920A938B6D0B9344
:105D8000CB6D0C9306990DF1580C009B20302031FF
:105D900050F81C4C42684FEAF32606914FEAB4478C
:105DA000816987EAF4174FEAF145049987EAD40735
:105DB0005CF8213081691344826985EA71458AEA79
:105DC000090150F818CC85EA9225009A2B4411401D
:105DD00086EAB2163B44049F86EA726681EA0902AB
:105DE00003620837C3693244C6694FEAF3458368E2
:105DF000049785EA76412344066AC46932444FEA2F
:105E0000BC4681EA9421029C86EAFC16019F22444A
:105E1000059C86EADC060B441444026A009933446C
:105E200002944FEAF244029A81EA0A05436202EBC5
:105E30000B01026AC36884EA72440D40426A4FEA69
:105E4000F1269C4485EA0A054A4486EAB116019B7C
:105E500047EA0E0986EA716615444FEA733307EA8A
:105E60000E02354450F8146C83EAB703076A4FEA10
:105E7000B64609EA080984EA9724039F49EA020220
:105E80000591BB46A444AB4450F8145C5F4686EAD7
:105E9000F516AB46019D83EAB5593B4686EADB061B
:105EA00043444A4466441D46009B86621C462E4677
:105EB0004FEAF5254C40029903960A442640816A30
:105EC0005E40019B01EB0A04039942EA03094FEA91
:105ED00072383444466A8C4685EAB1114FEAF64B73
:105EE000466A81EA7C6109EA0E098BEA764B50F832
:105EF000146C02EA030588EAB208334606690C44CA
:105F000088EAB25850F8101C49EA050503EB060967
:105F1000466A079B45448BEA962623444FEAB14ADA
:105F200006EB090BEC1903EB0E069C46059F8AEA6B
:105F3000F11A039B4FEAF62E8AEAD10A87EA03098F
:105F40002346019F1443029309EA06094FEA733876
:105F50000BEB0A0304EA070B059C029D8EEAB61EB2
:105F600089EA0409009C02EA050AC3621C19836AD3
:105F70008EEA766EA1444BEA0A044FEAF34ACE4415
:105F800088EAB5088AEA734A089B88EAB5589E44AD
:105F900050F80C3C44444FEAB34943690EEB070503
:105FA00064441944836A029F8AEA932850F80C3C9F
:105FB00089EAF31CB94608EB010A274649EA040BB3
:105FC0008CEAD30C4FEA743903990AEB0C0300975F
:105FD00089EAB409029C036381EA0608036B04EAB8
:105FE0000701059F08EA05082C464FEAF52C1F44D7
:105FF000039B0BEA020B009D88EA0308C36A8CEA44
:10600000B41A4BEA01014FEAF34CC36A89EAB55965
:1060100005948CEA734C50F8083C8AEA746A494447
:1060200050F80C4C47444FEAB349836957447144D4
:1060300003EB040B009C099B4FEA713E059D44EA6B
:1060400001081F4423468EEAB10E019103EA010ABA
:10605000C36A3A448EEAB15E8CEA932C50F8083C4D
:106060001446029A89EAF319DC4408EA020886EA2F
:10607000050289EAD30948EA0A088A460CEB0903B3
:1060800002EA0409039AF04443634FEAF42C1A44E9
:1060900008EB070B8CEAB41C50F8047C134689EA21
:1060A0000602016B8CEA746C1A44036B4FEA7B386E
:1060B0004FEAF34E3B4662444AEA0B078EEA714EC2
:1060C0000393C1694FEAB34C50F8083C0AEA0B0A43
:1060D00088EABB0819440A9B88EABB581A44009B0B
:1060E0001F40036B8EEA932E029B47EA0A07029435
:1060F0009946039B8E4429468CEAF31C91446540E3
:10610000B8448CEAD30C039C05EA09054FEAF92749
:10611000F44490444D40416B664487EAB912019BB8
:106120004BEA080E2E444FEAF14582EA79620BEA07
:10613000080A85EA7145016A16440EEA030E0C440A
:1061400001684FEA78374EEA0A0E4FEAB1420B99DE
:10615000234687EAB8070E44416B87EAB857C0F870
:1061600038C085EA91250099BE4431442B44029DF4
:10617000B6448A46016885EA090748EA0E0682EABB
:10618000F1124FEAFA2407EA0A0782EAD10206EA84
:106190000B066F4084EABA151344059A08EA0E010B
:1061A00085EA7A65D4184FEA7E320E430C993C4456
:1061B00082EABE02049F82EABE522C44302FC3639F
:1061C0000C441644019A2244009206EB0402019208
:1061D0007FF4C4AD5A464D46C346029B0D9C0EA9A2
:1061E00015930023119222461495CDF840B0CDF8B6
:1061F0004CA0CDF83CE09DE80003CDF8488048462F
:10620000CDF8389001E051F8040F52F8045F0133E3
:106210002844082B44F8040FF5D1002057B0BDE8FE
:10622000F08F0A9C226A0192626A0392A26A029229
:10623000E26A0492226B0592626B0792A26B08924B
:10624000E26B099204F120020A92FFF7FBBB00BF48
:106250002DE9F8430368064614460D4603F03F0750
:1062600013449A42C7F14008036002D943680133DE
:106270004360DFB1A04519D806F1280929464246F6
:1062800009EB07000CF0D8FC49463046FFF78EFBBF
:1062900080B9C8EB0404454407463F2C08D9294679
:1062A0003046403C4035FFF781FB18B93F2CF6D80B
:1062B00014B92046BDE8F88306F128002246294695
:1062C00038440CF0B9FC0020BDE8F88302B1BFE708
:1062D00010467047F8B50446006880220D4600F06D
:1062E0003F0004F1280623180130382883F82820BD
:1062F00075D8C0F13802002130440CF0B1FC23689D
:106300003146666820465A0FDB0042EAC6021F0E7D
:1063100084F86730160E84F8632084F86470170CD4
:1063200084F86060120A1E0C84F861701B0A84F8FD
:10633000622084F8656084F86630FFF737FB034617
:10634000002858D1E27A2A7062896A70A268120A1B
:10635000AA70A268EA70E27B2A71E2896A71E26837
:10636000120AAA71E268EA71E27C2A72628A6A728F
:106370002269120AAA722269EA72E27D2A73E28A0B
:106380006A736269120AAA736269EA73E27E2A7406
:10639000628B6A74A269120AAA74A269EA74E27F23
:1063A0002A75E28B6A75E269120AAA75E269EA75D2
:1063B00094F823202A76628C6A76226A120AAA76D8
:1063C000226AEA76A06EB0B994F827302B77E38C76
:1063D0006B77636A1B0AAB77636AEB77F8BDC0F132
:1063E0004002002130440CF03BFC31462046FFF7D0
:1063F000DDFA10B1F8BD1846F8BD01463822304626
:106400000CF02EFC7BE700BF0023F0B40360436078
:1064100091B1114A114B8260C360114F114E124D60
:10642000124C134A134B076146618561C4610262D5
:1064300043628166F0BC70470F4B104AC360A3F102
:10644000BF438260A3F5DC230D4F0E4E0E4DA3F526
:10645000B6730E4C0E4AE6E7D89E05C107D57C36CA
:1064600017DD703039590EF7310BC0FF1115586820
:10647000A78FF964A44FFABE85AE67BB67E6096AC9
:1064800072F36E3C3AF54FA57F520E518C68059B16
:10649000ABD9831F02B97047DAE600BFFFF71ABF16
:1064A000FFF784BAF0B59DB01C4607460D46164668
:1064B00001A86C2200210CF0D3FB14BB214B224A13
:1064C0000493224B2249079303F12D63039203F5B2
:1064D0001E33204A0591069203F29A231E491F4A51
:1064E000089109920A931B9415BB314601A8FFF746
:1064F000F1FE044601A86C21FBF730FB20461DB0DD
:10650000F0BD1749174A184B059101F13721039245
:10651000049301F56701154A154BFA31069207936A
:10652000144A154B089109920A931B94002DDCD054
:106530002A46394601A8FFF78BFE04460028D9D128
:10654000D3E700BF85AE67BB67E6096A7F520E518D
:1065500072F36E3C3AF54FA58C68059BABD9831F4F
:1065600017DD7030D89E05C107D57C3639590EF736
:10657000310BC0FFA78FF964A44FFABEFFF792BF9B
:106580002DE9F04F0121A5B081464FF480600CF059
:1065900093FB002800F0B880002407466C2209A86D
:1065A0002146DFF8D881DFF8D8A10CF059FB8AFB2F
:1065B0000435022CA5EBE475CCBF0026012605EBC3
:1065C0004505651BB9F1000F40F081800023022CC6
:1065D00009930A9344DD5749022D574A574B0C91B2
:1065E000A1F1BF410B92A1F5DC21554A0D93554B0A
:1065F000A1F5B6710E920F93534A544B129110921B
:106600001193239649D0524B03EB8502D2F8C02157
:10661000002A64D109A801A9FFF75CFE834600287F
:106620004ED1C6F1080201A8414692000CF04CFB85
:10663000002879D1B9F1000F62D1013408F12008A6
:10664000062CB4D1B9F1000F65D109A86C21FBF774
:1066500085FA38460CF03CFB584625B0BDE8F08F73
:106660003C49022D3C4B0C9101F179413B4A01F52B
:1066700074010B933A4B01F501610E920F930D914A
:1066800001F13721374A01F56701374B119201F1CA
:10669000FA01129323961091B5D14FF47A756121C6
:1066A00038462A460CF0DCFA01E0013DB2D04FF446
:1066B0007A72394609A8FFF7CBFD0028F5D083464A
:1066C000B9F1000FC1D029480CF0B2FABDE7C6F10C
:1066D00008016A1C264849010CF0CEFA76E7C5EBA2
:1066E000C50103F5E67309A805EBC1011944FFF7DD
:1066F000AFFD834600288DD0B9F1000FA5D0E2E7A9
:106700001C480CF095FA98E7B9F1000F07D1012069
:1067100025B0BDE8F08F0A200CF0BAFA95E71648CC
:106720000CF086FA012098E74FF0010BB9F1000F49
:106730008BD0C8E785AE67BB67E6096A72F36E3C2B
:106740003AF54FA57F520E518C68059BABD9831F3C
:10675000E4D9026007D57C36D89E05C139590EF7B9
:10676000310BC0FFA78FF964A44FFABED0110020EF
:10677000B82D0020801100209C2D0020E4DA02605A
:106780005655555500000000D82200210CF068BA7B
:1067900010B1D821FBF7E2B9704700BF08B5D82285
:1067A0000CF04AFA08BD00BF00220023F0B4C0E993
:1067B0000023C0E9022300292CD0C0F8D0102CA55A
:1067C000D5E900452CA3D3E900232DA7D7E900671D
:1067D000C0E90445C0E906232BA5D5E900452CA353
:1067E000D3E90023C0E90867C0E90A452AA7D7E929
:1067F00000672BA5D5E90045C0E90C232AA3D3E9FE
:106800000023C0E90E67C0E91045C0E91223F0BCBF
:106810000020704726A5D5E9004527A3D3E900232A
:1068200027A7D7E90067C0E90445C0E9062326A5E4
:10683000D5E9004526A3D3E90023C0E90867C0E9EC
:106840000A4525A7D7E9006725A5D5E90045C0E990
:106850000C2325A3D3E90023C0E90E67C0E9104546
:10686000C0E91223C0F8D0100020F0BC704700BF70
:10687000D89E05C15D9DBBCB07D57C362A299A627F
:1068800017DD70305A01599139590EF7D8EC2F1590
:10689000310BC0FF6726336711155868874AB48EDD
:1068A000A78FF9640D2E0CDBA44FFABE1D48B54727
:1068B00008C9BCF367E6096A3BA7CA8485AE67BB13
:1068C0002BF894FE72F36E3CF1361D5F3AF54FA53E
:1068D000D182E6AD7F520E511F6C3E2B8C68059B1A
:1068E0006BBD41FBABD9831F79217E1319CDE05BD2
:1068F0002DE9F04FADF2E44D4FF0000A0DF5167B97
:1069000093907491DE46CDF8D8B174994FF0000899
:10691000002301EBCA0711F83A20CDF838800AF1BC
:10692000010A78784FEA0269FC78BAF1100F4FEA51
:106930000041B878FA7943EA09030F914FEA002140
:10694000139442EA080211913C79CDF84080CDF8C9
:106950004880DDE90E0141EA030140EA02000B46EE
:106960004FEA142102464FEA04640B910A94DDE9D0
:106970001001DDE9124540EA020041EA0301024646
:10698000787945EA010544EA02044FEA00412246CB
:106990004FEA10440C910D94BC79DDE90A67DDE9FA
:1069A0000C0146EA020647EA05074FEA146C40EA82
:1069B000060041EA07014FEA042B41EA0C0340EAD2
:1069C0000B02EEE90223A0D10DF5187E0DF5287912
:1069D0000DF53678DDF8D8B10DF5327CCDF848E00C
:1069E000CDF82880CDF830905CF8081F0AF1010A34
:1069F0005EF8084FDCF804208B09CD0C0093D3001F
:106A000045EA42351E46C8000295D50C46EA517645
:106A1000DEF8043040EA5270059645EA4131009EA6
:106A200065084FEAD418049046EA826603919209F9
:106A3000009648EA4368019245EAC3724FEAD319C7
:106A40000692220A42EA0362DDE90467DDE90201F7
:106A500008925A081B0A7040794042EAC47243EA1D
:106A60000463079209930C9BDDE9005645404E40B4
:106A7000FBE9020137462E46F3E90245CDE90E0156
:106A80000C93DDE90801DDE9062342404B40DDE9D6
:106A90000E0182EA080283EA0903001969413546BA
:106AA0002D1847EB0106A81846EB03010A9BBAF123
:106AB000500FE3E902010A9396D1939AD2E9043484
:106AC0009946A24694ABC3E9009A1346D2E906124E
:106AD0008B46944696AAD3E90801C2E900BC86AA6F
:106AE000C2E90001194688A8D3E90A23D1E90C4577
:106AF000C0E900238AAB6246C3E90045D1E90E56DE
:106B00008CAB5446C3E90056D1E910678EABC3E99C
:106B10000067D1E9127890AB5946C3E900784B463B
:106B2000CDE9003486ABCDE90412D3E9000188AB8E
:106B30000022D3E900AB8AAB1092D3E900458CABBD
:106B4000CDE90A45D3E900568EABCDE90801CDE980
:106B500006562CA2D2E90012D3E9006784A890ABB4
:106B6000C0E90012CDE90C6728A2D2E90012D3E9EE
:106B7000007882A8224BCDE90E78C0E9001214A259
:106B8000D2E9001280A8C0E9001213A2D2E90012D3
:106B90007EA8C0E9001212A2D2E900127CA8C0E9C6
:106BA000001211A2D2E900127AA80FF24409D9E921
:106BB0000089C0E9001210A2D2E9001278A8CDE93C
:106BC00002ABC0E900121A46129BCDE9128949E0D6
:106BD00019D005B6F111F15938B548F35BC25639F1
:106BE000BCDB8981A5DBB5E92F3B4DECCFFBC0B504
:106BF00022AE28D7982F8A42CD65EF239144377172
:106C000060DC026018816DDAD55E1CAB9B4F19AF5A
:106C1000A4823F92D2E9100178AC4032CDE9120152
:106C2000D2E90201C4E90001D2E904017AACC4E965
:106C30000001D2E906017CACC4E90001D2E90801F7
:106C40007EACC4E90001D2E90A0180ACC4E90001CC
:106C5000D2E90C0182ACC4E90001D2E90E0184AC96
:106C6000C4E90001DDE90AABDDE90C8951460DF507
:106C7000EC7E46464F46880B4033890C40EA8B40F9
:106C8000DDE90645149074407D40109E5F460BEA96
:106C9000050B083641EA87315D46BB4610965646DD
:106CA0000AEA040A16915946B80B5446B2464646BB
:106CB0004F4640EA8A4066408C0CC9056F405546F5
:106CC000159041EA5A2144EA8A301991E905179052
:106CD00041EA5B21DDE91689DDE914451891594641
:106CE00084EA080485EA0905DDE906BCDDE90089D6
:106CF0008AEA0B0081EA0C01DDE918ABCEE900015C
:106D00008AEA040A8BEA050B1AEB060453E9100120
:106D10004BEB07050019444669414D46240FAF0768
:106D200044EA091EDDE90E56DDE904AB2D18CDF865
:106D300068E048EA0A044E4128464D4631462E0F87
:106D400049EA0B05DDE912AB1AEB000A4BEB010B2C
:106D500047EA98014746C8461D91DC46B907D34625
:106D6000BA4646EA071712911B97DDE90801CDE9FB
:106D70000EBC2040294074ACC4E90001DDE90201E9
:106D8000DDE9046710EB0B00C34641EB0C01044640
:106D90000BEA070940460D4676A90AEA06084FEABB
:106DA000943E4006CDE90245D1E90045DDE90267A0
:106DB00034403D402646129C2F4644EA9B011C91DC
:106DC00074A9D1E90045DDE906BC44EA080445EAB6
:106DD00009058CEA070C8BEA060BDDE90289CDE98F
:106DE000124541464F464EEA89454E46890CDA46E1
:106DF000BF0B209541EA89314D46B60C229147EAF6
:106E000088412191E90546EA883541EA58212395D0
:106E100025910299DDE91C78DDE91A56C9057D4006
:106E2000009F86EA0806A84640EAD7150398B146AF
:106E30001F957E0641EA5021019F2491DDE92045FE
:106E4000DDE922014D404440294646EAD7151E950A
:106E5000DDE9245665404E4028463146DDE91E45B1
:106E600053E90E6784EA080485EA0905A046A946A5
:106E7000DDE90C45A4197D4126462F46DDE9124582
:106E800014EB080445EB090516EB0A06A04647EB90
:106E90000C07A946DDE902BCDDE90A4584EA0B04DA
:106EA00085EA0C05DDE90EAB1AEB080A4BEB090B82
:106EB00080194FEA1A7EDC467941D3464EEA0C1E11
:106EC000DDE900784BEA07094CEA080A0DF5F0788D
:106ED0004E46D8E90089CDF898E018EB000849EB58
:106EE00001096146CDE90E89D846E14689074FEA96
:106EF000887E41EA98014EEA990E2991CDF8A0E0EA
:106F0000DDE904BCDDE900010BEA060B0CEA0A0C22
:106F1000DDE90E67CDE912BCDDE908AB4FEA197C6B
:106F200016EB0A064CEA081C47EB0B07B24646462E
:106F3000CDF89CC0BB464F4606400F404946304600
:106F400049060C913946DDE91267CDE908AB0643E5
:106F50000F430AEA040A0BEA050B30463946544649
:106F60005D46CDE91201DDE90A01DDE908AB6040CB
:106F7000694074AC5746C4E90001DDE9020176AC12
:106F8000BE0B80EA0A0081EA0B01BD0CC4E90001D6
:106F90000C9C414645EA8B3544EAD8142E952B9437
:106FA0004C0646EA8B4144EAD9142C912A945C465B
:106FB000DDE92801DDE92656CDE90C894E40454042
:106FC000D84637462E46A50BA40C45EA8A45DDE98E
:106FD0002A012D95794070400F4644EA8A310646D1
:106FE0005C462F91E405DDE912018019794157468D
:106FF000DDE90E9AFE0519EB00094AEB010A44EAA5
:107000005721DDE92C453191D346CA46DDE92E01F1
:107010004D4049464440080F46EA582130915946B0
:10702000DDE93089890788EA040840EA0B145846EC
:1070300089EA0509329441EA9A01040F50463591D4
:1070400044EA0A148507504633945C4645EA9B059A
:1070500064063495554644EADA14CDE90E89DDE933
:107060000C78379448EA0B08074341463846DDE977
:10707000006706400F40304639466E06DDE9067867
:1070800053E90C4546EADB1E3F1974ACCDF8D8E055
:107090000DF5F47E48EB0508DDE93456CDE90678B8
:1070A000DDE932786F4088EA06083E464746D4E973
:1070B0000089DDE90645CDE906AB14EB080445EB94
:1070C0000905DDE9368988EA060889EA070946469E
:1070D0004F46DDE90E8918EB040849EB05094446E3
:1070E000D0464D46D946DDE90CAB0BEA090B0AEA5E
:1070F000080AD946CC46DEE9008918EB040849EBBA
:10710000050944464AEA00084D464CEA0109404652
:107110004946DDE9048918EB040849EB05093618EE
:107120004FEA983E4F4176A94FEA984CD1E90001C9
:1071300000EA080001EA0901824630198B4647EB54
:10714000050105460E464EEA89414FEA993E3891BF
:10715000DDE902018AEA000A8BEA010B5046594632
:10716000CDE90E01CDE904890599DDE906AB4CEACC
:10717000813150464AEA05083A91594628404BEA7F
:1071800006093140CDE906560F460646DDE90C01F9
:10719000DDE9044500EA080001EA0901A046A94624
:1071A00040EA06044EEA884ECDE912AB4FEA954B11
:1071B000CDF8E4E04FEAC55A41EA070576A9C1E9EE
:1071C000004545464BEA8831DDE908783B914AEABB
:1071D00055216F4088EA09083D91E905BB464F46B5
:1071E000C44641EA5721DDE93A9ADDE938453C9148
:1071F00084EA090485EA0A05DDE9069A57464E46FF
:107200004846B907000FDDE93C9A40EA071E89EAC3
:1072100004098AEA050A74AC3D46CDF8F8E0C4E9F1
:10722000009A34463E0F41EA940146EA041E419119
:107230007906A007CDF8FCE041EAD41140EA950EAA
:10724000439140A9CDF800E14FEA446E42AC4EEACA
:10725000D515D1E90078DDE93E9A53E90A0189EABA
:1072600007098AEA080A42954E465746DDE90A9A16
:1072700019EB00094AEB010A48465146D4E9009A45
:1072800076AC89EA06098AEA070A4E46DDE90E89E4
:10729000D4E9004518EB000849EB0109A41945EBB6
:1072A0000A05264674AC2F46D4E9004514EB0804C1
:1072B00020467CAC45EB0905D4E9009A19EB00099E
:1072C0004AEB050A4846DDE9004514EB090445EBA5
:1072D0000A05A0463418A9460BEA080B47EB0A0535
:1072E00041460CEA090C880B890C40EA894E41EAB8
:1072F0008931CDF810E14FEA994E4691CDE900452C
:10730000DDE906675C466546DDE900BCDDE91201A2
:107310004BEA060B4CEA070C5E466746DDE908BC03
:10732000CDE90A678BEA040B8CEA050C4F4676AE72
:10733000DDE90645CDE90EBCDDE900ABCC46BF0B6F
:107340000AEA040A0BEA050B54465D46DDE90AAB7E
:1073500000EA0A0001EA0B01DDE904AB8AEA080A47
:107360008BEA090BC6E900AB41EA050A4E4674A94F
:1073700040EA0409F60544A848ACC1E9009A47EA86
:107380008841E14645914EEA8831479146EA5821C5
:10739000D0E90056499146A84146D0E900ABC9055D
:1073A00085EA0A0586EA0B0641EA5C2137464891E0
:1073B000DDE900ABCDE90A89594650468907000F3F
:1073C00041EA9A0140EA0B1E50464D915946CDF8CC
:1073D00028E180074906D4E900895C4641EADA11D0
:1073E00088EA050889EA0709240F4F914AA9464609
:1073F00044EA0A1E4F465D464EACCDF82CE140EA09
:107400009B0ED1E900894CA9CDF830E14FEA4A6ED4
:10741000D1E900AB53E9080188EA0A0889EA0B09B7
:107420004EEAD51EC246CB46CDF838E1DDE90289E9
:1074300018EB000849EB010940464946D4E90089A8
:1074400089EA0B0988EA0A084D464446DDE90E9AA6
:1074500019EB00094AEB010A19EB06007EAE4AEB74
:107460000701D6E90089DDE90C6718EB000849EB54
:10747000010916EB0806404647EB09074946B146A5
:1074800074AEBA46D6E900784FEA9A3E3F193C46B8
:107490004F4648EB0508BE0B271848EB0108494644
:1074A00046EA8A458C0C76A95095D1E900BCDDE905
:1074B00000560BEA090B0CEA0A0C3D4346EA0806A3
:1074C00058466146CDE902782F46B046DDE90456BC
:1074D00045404E4044EA8A31AB46B4465291DDE91C
:1074E0000256DDE9000128403140DDE90656CDE9CC
:1074F0000C013D40514606EA08068C0C28463146F0
:1075000076AE5546DDE90A78ED0587EA090788EA8F
:107510000A08C6E90078DDE90C67C846D14606438B
:107520000F4374A94EEA884E50A8CDF844E1C1E952
:10753000006744EA88314F464646539145EA582150
:10754000D0E9004552A85591F105D0E9009A41EAE9
:10755000572184EA090485EA0A055491DDE9028984
:10756000CDE90E6740464946000F890740EA091EEB
:1075700054A8CDF858E1D0E90067484666406F400E
:10758000000FCDE90C674746C84641EA970140EA3B
:10759000071E59914946BE07CDF85CE1490646EA07
:1075A000990E58AE41EAD711CDF860E14FEA476E27
:1075B0005B9156A94EEAD81ED6E9009AD1E900019E
:1075C000DDE9084580EA090081EA0A01CDF868E1B1
:1075D00006460F4653E90601DDE90C8924184D41A2
:1075E00020465AAC29461BEB000BD4E9004558460F
:1075F0004CEB010C74407D40264674ACD4E900ABE2
:1076000080AC1AEB060A4BEB050B564618EB00084C
:107610005F4649EB0C09D4E900ABDDE912451AEBF2
:10762000080A4BEB090B504614EB0A045946A246D4
:1076300045EB0B053418AB4647EB01055146274691
:107640005E468C0B76A9A846554644EA8B4ED1E996
:107650000001CDE90878284055463140CDF870E169
:10766000AD0C7495DDE90256CDE90CAB3D4346EA1D
:1076700008062F46B04676ADC5E90078DDE90A89EF
:107680005F4688EA000889EA0109BC0BCDE9128946
:10769000D146DA46DDE908BCDDE9026758466146B5
:1076A0004FEA9A4E06400F4030463946CDE9080170
:1076B000749840EA8A315E91D5E90001DDE900560F
:1076C00005400E40DDE90E012F4676AD80EA090047
:1076D00081EA0A01C5E90001384631465546DDE92F
:1076E0000867ED0506430F433046394674AEC6E9D8
:1076F000000144EA894160465D914EEA8931800784
:107700005F9145EA592161914946CE055CA9D1E9CD
:1077100000455EA946EA5A2E60AECDF880E140EA07
:107720009B0E6046CDF894E14FEA4B6E40064EEA60
:10773000DC1ED1E900785946CDF898E17C406746D7
:10774000090F85EA080541EA0C116291390FD6E963
:10775000006741EA0B1166406F40639166ACCDE96A
:1077600008675F46BE0746EA9C01649140EADB1168
:10777000679162A9D1E9006764A9D1E9009A53E948
:10778000040186EA090687EA0A07DDE9049A19EB8B
:1077900000094AEB010A48465146D4E9009ADDE95E
:1077A000124589EA06098AEA070A24184E4657460E
:1077B000204674AC4D41D4E9009A82AC19EB06091D
:1077C0004E464AEB070ADDE90889574618EB0008E0
:1077D00049EB05094946D4E9009ADDE9064519EB6C
:1077E00008094AEB010A484614EB09045146A14630
:1077F00045EB0A053418AA4647EB010549465646AB
:107800004FEA9A4E880B76A9CDE90445D1E9007874
:107810004D46494608EA0A0840EA8A402F40890C4A
:1078200045463C4641EA8A31CDE908BCCDE9069A95
:10783000DDE9047868904BEA070B4CEA080C6A9182
:1078400058466146DDE90E78DDE902BC674088EA0A
:107850000508B40B0BEA000B0CEA010C76A9CDE984
:107860001278DDE90856DDE904783D4006EA0806AD
:1078700037462E4655464BEA060B4CEA070CED05FB
:10788000C1E900BCDDE904BC59460F0F61468E0713
:1078900044EA894169914EEA89314FEAC95E6B91A8
:1078A00045EA59214EEA5A2E6D9168A9CDF8B0E10A
:1078B000D1E900456AA9D1E90001DDE90A8944401E
:1078C0004D40204647EA0C1429466E946446270F23
:1078D00046EA9B0447EA0B1E71945C46CDF8BCE176
:1078E0004FEA4B6EA507644645EA9C056406709511
:1078F0006CAD44EADB14D5E90056739445404E4024
:1079000074A9C1E900566EA9D1E9004570A9D1E971
:10791000000144404D404EEADC1126462F4672914C
:1079200072A953E9024518EB040849EB05094446DE
:107930004D46D1E90089DDE9120188EA060889EAA5
:1079400007090019694104460D4676A9D1E900BC32
:1079500074A91BEB080BD1E900014CEB090C0019D1
:1079600084AC6941D4E90045109E24184D4120465D
:107970002946DDE9004524184D41CDE90A451BEBB8
:1079800000044CEB0105502ECDE900457FF442A9DF
:1079900094ABDDE90012D3E90034DDE902AB5B18FA
:1079A0005441CDE9003496ABDDE90401D3E900236D
:1079B000DDE9084512184B41CDE9022386ABD3E936
:1079C000001288AB09196A41CDE90412D3E900011C
:1079D0008AAB10EB0A0041EB0B018246D3E9008928
:1079E0008B468CABDDE90A01D3E9006718EB000890
:1079F0008EAB49EB0109DDE90601D3E900453618F4
:107A000090AB4F41DDE90C0124184D41D3E9000151
:107A1000CDE90645DDE90E450019DDE9003469418F
:107A2000939DC5E90434DDE90223CDE90801C5E9E8
:107A30000623DDE904340020C5E90834DDE9062326
:107A4000C5E90AABC5E90C89C5E90E67C5E910238C
:107A5000DDE90834C5E912340DF2E44DBDE8F08FDC
:107A60002DE9F84314460D4600210646D0E90023CF
:107A700002F07F0712194B41C7F180088B4208BF03
:107A8000A242C0E9002306D2D0E90223013243F129
:107A90000003C0E90223DFB1A04519D806F150095F
:107AA0002946424609EB07000BF0C6F84946304626
:107AB000FEF71EFF80B9C8EB0404454407467F2C3F
:107AC00008D929463046803C8035FEF711FF18B9A9
:107AD0007F2CF6D814B92046BDE8F88306F1500093
:107AE0002246294638440BF0A7F80020BDE8F88369
:107AF00002B1B5E7104670472DE9F8430446006827
:107B000080220D4600F07F0004F15006231801305A
:107B1000702883F8502000F21A81C0F17002002111
:107B200030440BF09DF8E1680023A0684FEAC109DA
:107B300067684FEAC008314649EA507926687A0FEB
:107B4000204643EA0903FF0042EA08024FEA136EA7
:107B500084F8C33047EA567784F8C7204FEA134CBD
:107B600084F8C0E04FEA132E84F8CB70130E84F82B
:107B7000C1C0F60084F8C2E084F8C4304FEA124E67
:107B80003B0E84F8CF60120A84F8C5E04FEA174C28
:107B900084F8C83084F8C620330C320E84F8C9C08B
:107BA0004FEA172E84F8CD30360A84F8CC2084F8BA
:107BB000CAE084F8CE60FEF79BFE0346002840F042
:107BC000D380E27D2A70E28A6A706269120AAA7022
:107BD0006269EA70E27C2A71628A6A712269120A19
:107BE000AA712269EA71E27F2A72E28B6A72E26903
:107BF000120AAA72E269EA72E27E2A73628B6A73DF
:107C0000A269120AAA73A269EA7394F827202A7457
:107C1000E28C6A74626A120AAA74626AEA7494F85C
:107C200023202A75628C6A75226A120AAA75226A52
:107C3000EA7594F82F202A76E28D6A76E26A120AB3
:107C4000AA76E26AEA7694F82B202A77628D6A7720
:107C5000A26A120AAA77A26AEA7794F8372085F80E
:107C60002020E28E85F82120626B120A85F82220FE
:107C7000626B85F8232094F8332085F82420628EE7
:107C800085F82520226B120A85F82620226B85F8BC
:107C9000272094F83F2085F82820E28F85F82920B6
:107CA000E26B120A85F82A20E26B85F82B2094F803
:107CB0003B2085F82C20628F85F82D20A26B120ABC
:107CC00085F82E20A26B85F82F20D4F8D00000284C
:107CD0004AD194F8473085F83030B4F8463085F80A
:107CE0003130636C1B0A85F83230636C85F83330B1
:107CF00094F8433085F83430B4F8423085F83530A4
:107D0000236C1B0A85F83630236C85F8373094F8DD
:107D10004F3085F83830B4F84E3085F83930E36CA0
:107D20001B0A85F83A30E36C85F83B3094F84B3009
:107D300085F83C30B4F84A3085F83D30A36C1B0A16
:107D400085F83E30A36C85F83F30BDE8F883C0F17C
:107D50008002002130440AF083FF31462046FEF7BE
:107D6000C7FD20B1BDE8F8831846BDE8F883014699
:107D7000702230460AF074FFD5E600BFFEF714BD4E
:107D800002B970476CE600BFFFF7B6BEFEF7B0BDA4
:107D9000F0B5B7B01C4607460D4616460021D8225E
:107DA00068460AF05DFF21466846FEF7FDFC044682
:107DB00028B95DB931466846FFF79EFE044668461D
:107DC000D821F9F7CBFE204637B0F0BD2A46394618
:107DD0006846FFF745FE04460028F0D1EAE700BFF9
:107DE000FFF7D6BF2DE9F04F0121C7B081464FF410
:107DF00080600AF061FF00286BD00025DFF8448125
:107E0000DFF844A10746D82210A829460AF028FF27
:107E10008AFB0534022DA4EBE574CCBF00260126B5
:107E200004EB44042C1BB9F1000F33D1314610A8E8
:107E3000FEF7BAFC8346002840D1022C50D03B4BC1
:107E400003EB8403D3F8002462BB10A86946FFF754
:107E500053FE834690BBC6F10402684641461201B8
:107E60000AF032FF00285BD1B9F1000F2DD10135A6
:107E700008F14008062DCBD1B9F1000F47D110A869
:107E8000D821F9F76BFE38460AF022FF584647B072
:107E9000BDE8F08FC6F10401621C2548C9010AF053
:107EA000EBFEC3E7C4EBC403224910A804EB0314A0
:107EB0002144FFF7D5FD83460028C6D0B9F1000F55
:107EC000DDD01D480AF0B4FED9E71C480AF0B0FE28
:107ED000CDE7B9F1000F1ED1012047B0BDE8F08F0A
:107EE0004FF47A746121384622460AF0B9FE01E067
:107EF000013CAAD04FF47A72394610A8FFF7B0FDC2
:107F000083460028F4D0B9F1000FB8D0D9E70A2091
:107F10000AF0BEFEB3E70A480AF08AFE0120B6E77F
:107F20004FF0010BB9F1000FA9D0CAE760DC026085
:107F3000B82D00206CE00260D011002080110020DC
:107F40009C2D0020E0DE026056555555DFF874C0C8
:107F5000DCF8003073BB4CF6A840F0B5164C4CF67C
:107F6000A945164E4CF2090704F5027EB84216D018
:107F70004CF20A03124903E083420CD0136A114603
:107F800001F12002002BF7D16DB174450BD22846C8
:107F900056F8045FEAE791F828302A2BF4D02060E5
:107FA0000434002DF1D10022012303482260CCF8D3
:107FB0000030F0BD004870471864012024F20260D0
:107FC000C0E102602866012078B138B50546074C4B
:107FD000074803E054F8200F30B1606829460AF0E2
:107FE00043FE0028F6D1204638BD7047C0E102604C
:107FF000CC2D00204CF2090398420DD04CF20A031C
:10800000064A02E0834205D0136A2032002BF9D1E0
:10801000184670471046704700487047C0E102603C
:10802000837A0A2B0AD8012000FA03F313F08E0F8B
:1080300003D113F4C06F03D00220704700207047B3
:1080400013F0100F0CBF002004207047807A20B17D
:10805000032804D9042800D170470020704701206C
:10806000704700BF837A0A2B08D8012202FA03F373
:1080700013F4E36F14BF10460020704700207047D0
:10808000807A053803288CBF00200120704700BF8C
:108090004CF2090398420FD04CF20A03074903E05F
:1080A000984207D0136A114601F12002002BF7D144
:1080B00003487047486A704702487047C0E1026051
:1080C000F42D0020CC2D002008B5FFF77DFF00B176
:1080D000006808BDC36B10B5044693F88000F2F742
:1080E00043FE50B1E36B204693F8801006F006F88B
:1080F000003018BF0120404210BD014810BD00BF34
:108100000094FFFF2DE9F047446984B0C56B002C53
:1081100005F254450CBF4FF000084FF002081D4413
:1081200008EB0109B9F5205F56D8044600681746E8
:108130002B4690F8CC200E4690F8C910C2F34002AE
:1081400090F8C80006F04AF823682E22A91CD3F83C
:1081500018A0D869D04750BBA16B3022E36BC86D23
:10816000C3F81024002839D0BC300121F7F7A2FE53
:1081700080B32368C6F52050E26B2946C8EB0005A2
:10818000A06BD2F810E4DA69C06D03927246D3F89E
:1081900018E0BC30D4F8C030CDF808E000974B446C
:1081A0000195F7F76BFF10B9B8F1000F02D104B0D9
:1081B000BDE8F0873B68D4F8C0201B0A9355D4F87B
:1081C000C0103B680E4473703B6802333B6004B0E0
:1081D000BDE8F0870248EAE70248E8E70248E6E738
:1081E0000093FFFF0096FFFF0089FFFF4368102BFD
:1081F0002DE9F04F9DB000F0A684C36B0446002B20
:1082000000F0A18405F05EF9002840F0A680236804
:1082100093F8CC309D0705D5E36B93F8EC31012B37
:1082200000F00C8165680C2D00F09C80112D00F28F
:108230008A84DFE815F00A010D0134035C03610351
:108240008A03DF0352030F04120057030604880455
:108250000B047F0483048804A200E26C0023204600
:1082600015680B9304F0E2FE002876D1AB7A5A1F12
:10827000032A40F265830B2B00F06283D4F8D430DC
:10828000002B00F05D83E26B2168002A01F0FB8186
:10829000D2F8C031002B01F0F6811968002900F0F6
:1082A0004F835B68002B01F032840DF13008D2F867
:1082B00004342046414698476369032B01F06782E6
:1082C000E36B002B01F08782D3F8C031002B01F063
:1082D000828258680421F7F7EDFD002841F0C08143
:1082E0000646C446062124238146E06B2768002801
:1082F00001F0EB81D0F8C001002801F0E681406870
:10830000FA690DF12C0ED4F8C05003926246BF6991
:108310000D44314602978DE82040F7F765FEE0B93D
:10832000D4F8C03016250B9A0F214B442046120A70
:108330001A71D4F8C0300B9A4B445A710B9BD4F885
:10834000C0200633C4F8C4504B44C4F8C830117080
:1083500063680133636005F009F9054628461DB0DE
:10836000BDE8F08FE36BD3F8883623B9204607F0D9
:1083700023FC0546F2E711236360204607F016F957
:108380000028EAD1A36F162B40F05887236F1A7884
:10839000042A40F0B5872068D4F8A01090F8CC00EB
:1083A000800740F14984112940F2AA87587C03F1E3
:1083B0000C051E7C0C2293F80CB040EA062693F8BC
:1083C0000EA0587B93F80F900490B31D134499426C
:1083D00040F09687E26B4FF000080C23C2F88886C5
:1083E0006360002E00F02B83A36B996E586EF9F733
:1083F000B5FBA36B586E0AF06BFCA76B31460120EE
:10840000C7F86480C7F868800AF056FC0590002819
:1084100001F07583A91D32460AF00EFC049B454607
:10842000BE661A04059BC7F8088042EA0B627B66A9
:1084300042EA090242EA0A22FA668FE7204605F07C
:10844000CFFF00283FF4EEAE87E70123636085E7A6
:1084500021688B69002B01F06B82A3682BB991F81E
:10846000CA30236191F8CB30636191F8C8000028CD
:1084700000F0698391F8CC20D4F8C09091F8C9102D
:10848000C2F3400209F1040305F0A8FE2368E66B7D
:1084900093F8CC2006F21441900740F19B83D6F864
:1084A000DC21002A00F096830E684D688868CA684F
:1084B000C9F80660C9F80A50C9F80E00C9F81220B8
:1084C00088690E694D69CA69C9F81660C9F81A50F9
:1084D000C9F81E00C9F82220A16B8868A0F110031A
:1084E000102BA36800F28B83002B00F04D86002335
:1084F00009F1270589F82630236893F8CC209207E4
:1085000016D5E36BD3F8DC21002A00F0148793F82A
:10851000E0316E1C2B703046E36B93F8E021D3F80A
:10852000DC110AF089FBE26B236892F8E0513544D4
:108530006269AE1C53F822703868002801F0A080F0
:108540004FF00008FFF756FD236893F8C910C0B13B
:108550000269914215DB93F8CBE03146826996457A
:108560000FDC93F8CC309B0702D5037F5A0708D461
:108570003B6808F101081B1201F8023B3B6873706D
:108580000E4657F8040F0028DCD1A3683BB93246E9
:10859000FF2108F1010802F8023B717016462368BA
:1085A00093F8CE30DB0708D533465621002208F178
:1085B000010803F8021B72701E4601224FEAD8110F
:1085C0004FF0000B08FA02F3B04629706B70331DB0
:1085D00008F8022B86F801B01D46D4F8C070D4F814
:1085E000D800069307F52057002801F045800AF0CF
:1085F00067FBBD4282462B4605D800F10905FB1AF0
:10860000AB4280F0F7855D460222A3684244012B0D
:1086100040F02385BA4294BF00230123002B40F091
:108620001C85D4F8EC10B81A0531884219D30127FB
:10863000FF219370501D117004F1F0015770D4F8B0
:10864000EC303B44D370D4F8EC301371D4F8EC2008
:108650000AF0F2FAD4F8EC30D4F8C070053307F51C
:108660002057D4F800E01D449EF8C930032B00F0D9
:10867000FA840022DEF878B015449BF80000002848
:1086800000F003844FF0000A04E01BF8010F0028FB
:1086900000F0FC830AF1020AF2F766FB0028F4D12D
:1086A00000232B44D4F8C0709A1C07F5205742448D
:1086B000BA4240F22E842568002095F8CD2002F0C1
:1086C000020103EB000E01F0FF03002900F0F1822C
:1086D0000EF1020095F8C9304044002B00F06C8583
:1086E000B84294BF00230123002B40F06585391A5E
:1086F000032940F2DE821622037083700421C370C6
:1087000042702568D4F8C07095F8CD2007F5205741
:1087100002F004020EEB010302F0FF0AEAB19A1C18
:1087200095F8C9104244002900F04285BA4294BF2E
:1087300000210121002940F03B85B81A032841F2AD
:1087400047801720117091704FF0040AD17050705B
:10875000D4F8C070256807F520575344D5F8A4A075
:1087600003F1020B049308EB0B030593BAF1000F1E
:1087700000F07F87DAF80010002900F0C5874FF07D
:10878000000B08460AF09CFA5AF8041FC0B20130E8
:1087900083440029F5D10599B94200F261840BF1B7
:1087A00006027B1A9342C0F02285102300228D1D01
:1087B0000A704B702368D3F8A470386890B10AF03F
:1087C0007FFA2B465FFA80FA03F8010B18465246EF
:1087D00039680AF031FA0AF1010A57F8040F5544D2
:1087E0000028ECD1059FEB1BDAB2981F191F951FCB
:1087F000000A043A090A38717D71FA70B970D4F828
:10880000C070256807F52057049A1A4495F8CD30B2
:10881000901CDB090492404400F02284B84294BFCB
:1088200000230123002B40F01B84A26B3F1A926EA1
:10883000151DAF42C0F07C8503702321130AC2705E
:1088400041708370A36B596E002A00F0EF860029F7
:1088500000F0EC8604300AF0EFF9049B5D1905D0B6
:10886000069BF5702B4498462B0AB370C9EB0800A1
:10887000D4F8C03001221621C4F8C800C4F8C410CE
:108880001A7094E80C000133636092F8CC309807BA
:1088900000F17584204604F069FE05465EE5204639
:1088A000266F06F083FE054600287FF457ADA36FC0
:1088B000162B00F00582A368012B40F0BF842268CC
:1088C000E368D2F8B4200133002AE360C0F2E68105
:1088D000934240F3E381BC4D40E5204605F05EFA4B
:1088E00005463BE5204605F0E5FA054636E5204617
:1088F00006F088FF054631E5E36C00201E680A900B
:10890000B37A012B00F0D081093B012B40F2A68104
:10891000204606F04BFE00287FF41FADA36F162BF8
:1089200040F08C84226F13780C2B00F0EE83B37A26
:1089300003F0FD03052B40F081840123C4F8A83027
:10894000636800250133636008E5E36C1B689B7A6C
:10895000013BDBB2092B00F20B81012540F20F3203
:1089600005FA03F31A40002A00F00281204606F0BF
:108970001DFE00287FF4F1ACA36F162B40F05E843F
:108980006368216F013363600B780D2B0CBF0123EB
:108990000023C4F8D43040F006842368D4F8A00043
:1089A00093F8CC3003F0020303F0FF05002B00F036
:1089B000A0840C2817D90A7B0C2313440333984254
:1089C00011D96369032B00F0C080002D00F0A08452
:1089D00011440C254B7B897B41EA032153182B441E
:1089E000033398422BD0204632220221774D05F0E6
:1089F000C7F8B3E4204606F0D9FD054600287FF409
:108A0000ADACA36F162B7FF466AF2268D4F8A0102C
:108A100092F8CC3013F0020F0CBF04230C239942C0
:108A200040F0D183236F1B780E2B40F0CC8363681A
:108A30000133636092F8CC309E0700F13C81002541
:108A40008CE4204605F00CFC054687E4204607F040
:108A50000BF982E4E36C1E68B37A022B00F0CA8241
:108A6000DA1E012A40F28980093B012B8CBF0025C8
:108A70000125002D40F081803046FFF701FB0028E2
:108A800000F0A5822368D3F89420002A01F03F80EB
:108A9000D3F89C20002A01F03A80D3F8A0309A1D28
:108AA0000C93B2F5205F00F2AA86D4F8C020190A10
:108AB0001171D4F8C02053712368D4F8C000D3F8E2
:108AC000A020D3F89C1006300AF0B6F82068B37ADC
:108AD000D0F8A020052B02F1060700F0BD85072B7A
:108AE00000F0E586062B00F02886082B40F0AE83C8
:108AF000C569C7F52053D4F8C0200CA90195856934
:108B00003A44E06B00958030F1F7C4F800287FF418
:108B100024ACB17A204605F0F7F900287FF41DACAB
:108B200016200C9BD4F8C0201021C4F8C4003B448C
:108B300020460AE40F23002563600FE42046002549
:108B400004F01CFA0AE4224D08E4002D00F04E86E1
:108B50008F184FF00C0E7E7BBB7B43EA0626D31C9E
:108B60007344334498427FF63EAF931C9A192CE726
:108B7000062300256360FFF7F1BB25684FF47A7385
:108B8000D4F8C0200CA9EE69E06B04320196AD69FF
:108B900080300095F1F77EF800287FF4DEAB256881
:108BA0004FF40073E06BEE6900F2544200F582610D
:108BB00001968030AD690095F1F7AEF800287FF49A
:108BC000CCAB0427ACE700BF0089FFFF8085FFFF27
:108BD000008FFFFF9D690422D869A84700287FF411
:108BE000BCAB236806F583611C229D69D869A84740
:108BF00000287FF4B2ABE16B01F2144154E4002B86
:108C00007FF475AC4B6E002B00F0408700208B6E1C
:108C1000002B40F00E8589F8260009F12705002871
:108C20003FF46AAC0023A26B1A440133127B8342E7
:108C300005F8012BF7D35FE4092940F26183587AE4
:108C40001D1D1E7A93F804B040EA0626587993F861
:108C500006A0049093F80790FFF7B7BBA36BD86DFD
:108C6000002800F00587BC300221F7F723F900281F
:108C700000F0B985A36B0122E06BDB6D8030D3F887
:108C8000C010F0F7E1FF002800F0A582054620465D
:108C90002822022104F074FFFFF760BB0123D34DAB
:108CA000C4F8A830FFF75ABB052305466360FFF7F9
:108CB00055BB19462CE5204605F06CFBFFF74EBB73
:108CC000236893F8CC2002F0020101F0FF00002994
:108CD00000F075823378032B00F09C85E36BD3F8AA
:108CE000DC0109F0F5FFE36B83F8E051C3F8DC51D8
:108CF0002368D4F8A01093F8CC2002F0020202F00E
:108D0000FF00002A0CBF2A2232228A4200F2CA83C4
:108D10003278022A40F0C683002893F8CC2004F170
:108D2000140104F110000CBF4FF004084FF00C08C0
:108D3000C2F34002B044434605F05AFA2368226960
:108D400093F8CA108A42C0F2E284616993F8CB00BA
:108D50008142C0F2DC8493F8C800824200F3D784D9
:108D600093F8C930994200F3D2844346E76B53F835
:108D7000026F5D689868D968C7F83464C7F83854DA
:108D8000C7F83C04C7F840141E695D699869D96941
:108D9000C7F84464C7F84854C7F84C04C7F85014DF
:108DA00098F82260202E00F27D832368D4F8A0205A
:108DB00093F8CC30990740F1B48206F133039A421C
:108DC00000F2AD840C2306F126010B449A4240F0D8
:108DD0006983002708EB060393F8235093F82420B7
:108DE00093F8253042EA0525002B40F02F862846CF
:108DF000D4F84C90FFF7FEF8E36CC9F80000204669
:108E00001968002900F0488605F066F8D4F83C900F
:108E1000D9F87836002B00F02A82002E00F0278245
:108E2000A368002B40F02382A36B04931B689D4230
:108E300000F0818508F1230A63684FF0000E049A60
:108E40005146013302F10C0032466360049BC9F8BD
:108E500078E69E6083E8204009F0EEFE23686269B0
:108E600053F82230043B04E0A26B1268904200F0F9
:108E7000708253F8040F0028F6D120462F220221D9
:108E80005B4D04F07DFEFFF769BA824605F1020BE7
:108E900008EB0B03BB4204933FF602AC049A0AF1C1
:108EA000060ABF1A5745FFF4FBAB2368D3F878B026
:108EB0009BF8000000283FF4F3AB9246002700E047
:108EC0000F46F1F751FF4388B91C0AF1020A1B0A49
:108ED0008AF8043043888AF805301BF8010F00280F
:108EE000EED100293FF4DCABCAB207F1040E4FEA21
:108EF000112C049907F108034FEA1E2708700A2075
:108F00004A7102328F70CA7081F804C04870FFF74E
:108F1000C8BBB91A05294FF000010DD90B2702254E
:108F2000012011709170517106215770D570107128
:108F3000D4F8C07007F5205725680B44B5F8CC204D
:108F4000991C02F4E0724144002A00F0D585B94230
:108F500094BF00220122002A40F0CE85781A04280E
:108F600010D901200A708A7005224870C8702068E4
:108F7000B0F8CC00C0F382100871D4F8C070256836
:108F800007F52057134495F8CD20991C12F0400F97
:108F9000414400F0BF85B94294BF00200120002861
:108FA00040F0B885C1EB070EBEF1030F7FF687AB2B
:108FB000042208708870C87010464A702568D4F87A
:108FC000C07095F8CD2007F52057FFF778BBB37A2E
:108FD000012B40F03B8103460CAA04212046FFF7F9
:108FE00091F800283FF4EDADFFF7B7B90095FFFF0A
:108FF0008086FFFFE36BD4F8C0205B68190A0C93EE
:109000001171D4F8C0205371E66B06F10800EAF73D
:10901000D5FF2568D4F8C0200146EF69301D0C9BB0
:1090200006320197AD690095F0F716FB00287FF432
:1090300094A925684FF40972E06BEE6900F582632C
:1090400000F2544101960430AD690095F0F76AFBD7
:1090500000287FF482A9062762E50023FFF701BB01
:109060000025FFF7FABBDEF874A0DAF8000000284C
:1090700000F05B845246002352F8041F0433002999
:10908000FAD105F1020B08EB0B02BA420492114629
:1090900000F256810633BA1A9A42C0F00C830028B7
:1090A00000F0DC840F464FF0000B04F0F7FF4FF0A8
:1090B0000303B8710BF1040BFB710437DAF80000FD
:1090C00004F0ECFF4FF0010338717B715AF8040F84
:1090D0000028EAD1049F5FFA8BF30BF10201002014
:1090E0007B710233090A3870FB704FEA1B23B97099
:1090F0000D213B710BF106027970D4F8C070D4F8E1
:1091000000E007F52057FFF7B5BA2368D4F8A05060
:1091100093F8CC10B37A154411F0020FA3F1080EA6
:1091200003F0FD000CBF04210C21BEFA8EFE082BBB
:1091300018BF062B0A444FEA5E1E0A9200F089808F
:10914000052800F0868003F0FB02022A00F0DB8392
:10915000033B012B02D9BEF1000F77D0E06B2A460A
:109160000AA98030F0F75CFD002800F0AB832046B0
:109170002F220221CF4D04F003FDFFF7EFB8204668
:1091800005F050F8FFF786BBE36BD3F87836002B79
:109190003FF438AD4B6E002B7FF439AD89F82600D3
:1091A00009F127053EE5C4F8A8500546FFF7D6B8F3
:1091B0004FF0000AFFF7D1BA0021FFF7A9BAD4F89F
:1091C000A0102A22A1E5204632220221BA4D04F045
:1091D000D7FCFFF7C3B82046FEF77CFF0546002802
:1091E00040F0E283636801336360FFF7B7B80023A0
:1091F000FFF70ABB411DC2B2C31C86F804B0090ABE
:10920000571DD01C1B0AB1714FEA1A213273524606
:10921000F771707206F10D0086F805B086F80AB095
:109220003372F172D4F8D81009F006FDD4F8C0708A
:109230000AF10B0207F52057FFF7E7B920460A228B
:1092400002219E4D04F09CFCFFF788B89C4DFFF76F
:1092500085B8A91E8A428AD85178971C92F800C016
:1092600041EA0C22A91A8F4206D90A977FE7A36B1D
:1092700008F1230A0493DFE53A4405280A927FF4B3
:1092800062AF023B022B3FF65BAB2268636992F848
:10929000CC20D4F870A012F0020FDDF828800CBFAB
:1092A0004FF004094FF00C09032B00F0A883022BA8
:1092B000CCDC3046FEF7B4FE0428064600F09D8361
:1092C00000270A9BAA1E93420BD893F800B09A1C61
:1092D0005B780A9243EA0B2BCBEB0505AA4200F020
:1092E0006683204632220221724D04F049FCFFF7CA
:1092F00035B804287FF677AB0A790423FFF75DBB06
:109300002046322202216F4D04F03AFCFFF726B8C6
:10931000114404254E798B7943EA06231344FFF761
:109320005EBB06F12B039A4200F2D98104234AE581
:109330001D46FFF792BA2A7001352368FFF7F8B887
:10934000DEF878B09BF8000000287FF49BA9FFF7B7
:10935000A7B9FEF74FFE63691946069300283FF44C
:109360008CAD03699942FFF688AD836999423FF756
:1093700084AD236893F8CC309B0703D5037F5D074A
:109380003FF57BADA26B06F1280311460492002243
:1093900008EB03064A60002F00F09C82B578F17854
:1093A00018F8030041EA0521737801F1040943EA42
:1093B00000230D464F4575D3059204F1F002079244
:1093C00004F1FC020892102B00F0C6807EDD172B02
:1093D00000F0B38040F3A080232B00F0F5804FF61F
:1093E0000172934248D1A368002B00F05A81D4F84F
:1093F000ECC04FEA4C035A1CAA4240F085803279F7
:10940000934240F081804FF000038DF83030BCF182
:10941000000F00F03083079B06F1050E184603EBA2
:109420000C081EF8013B10F8012B9DF8301053403A
:10943000804543EA01038DF83030F2D19DF8303099
:10944000002B61D10CF1050E08988DF82C30844466
:10945000B6441EF8013B10F8012B9DF82C10534028
:10946000604543EA01038DF82C30F2D19DF82C3091
:10947000002B49D1012305937F1B4E447B1F043FE2
:10948000022B46D9002F00F02682F378B578327887
:1094900043EA0525737805F10409294643EA0223C6
:1094A000B94590D9204632220221074D04F068FBCD
:1094B000FEF754BF0085FFFF8084FFFF0089FFFF98
:1094C0000094FFFF0092FFFF8086FFFF042B00F057
:1094D0009F800B2B00F08480012BCDD12368B3F843
:1094E000CC3003F4E07232B1012904D1C3F382130A
:1094F00032799A42C0D0204628220221C14D04F080
:109500003FFBFEF72BBF5C4620462822022104F0D9
:1095100037FBBC4DFEF722BF162BADD1236893F865
:10952000CD309A07E7D5069B002BE4D00029E2D185
:10953000049B1A46012393679EE7236893F8CD3076
:109540005B07D8D5069B002BD5D00029D3D1E36B80
:109550000122C3F88C268FE72368D3F8A480B8F1E2
:10956000000FD1D0032940F39C813179AB1E727971
:1095700042EA01229A4240F0948196F806A0EB1E3E
:109580009A4540F08E81D8F800B0BBF1000FBBD0F7
:10959000F31D09955D46A3461C4603E058F8045F99
:1095A000002DB0D0284609F08BFB8245F6D15246FB
:1095B0002946204609F088FB0028EFD15C46AB46DF
:1095C000099DC4F8DCB057E7236893F8CD30DB0978
:1095D00091D000298FD1E36B0122C3F888264BE795
:1095E000002900F05E8133795A1CAA4240F059816B
:1095F000711D002B88D07279012A6CD91944B31DD2
:1096000003E013F8012B012A65D99942F9D17BE7D0
:10961000236893F8CD3058067FF56DAF00297FF4AD
:109620006AAF049B1A460123536725E70425FFF719
:1096300014B923680C3120229D69D869A8470028F5
:109640007EF48BAE2023A26B09F1270593601846A8
:1096500089F82630FFF7E6BA0C951946FFF75ABA93
:109660000621142304260DF1400C4FF00009FEF7EB
:109670003CBE5346FFF7C8B805460222FEF7C5BFF9
:109680008046FEF782BF896E00293FF459A90B6816
:10969000002B3FF455A9002A40F0E3810B46FEF76A
:1096A00000BE01297FF430AF3379002B7FF42CAF5B
:1096B000C4F8E810DEE6DEF878B09BF80000002879
:1096C0007EF4E0AF8246FFF7E9BBB86E00283EF4B7
:1096D00017AEFEF714BEE36BC3F85C21CCE608EBD3
:1096E000060393F8271093F8267041EA0727791E9E
:1096F00002297FF6D7AE042106F128003844014440
:109700008A423FF469ABCDE68B46FFF744B820466A
:10971000462202213C4D04F033FAFEF71FBE08EB4F
:10972000060393F8271093F8267041EA0727791E5D
:1097300002297FF6B7AE0C21DEE7E36B5B68991C6C
:109740000C933944B1F5205F59D8D4F8C0101B0AE6
:10975000CB5502F10807D4F8C0100C9B0A44D37112
:10976000E56B05F10800EAF729FC23680146281D8E
:10977000DD69D4F8C02001959D693A440C9B0095A1
:10978000EFF76AFF00283FF4C4A9FEF7E6BDE36CDB
:109790001B685E7AD4F8C030072E00F0F9800422EE
:1097A00006261A71E36BD4F8C050002B00F0E98054
:1097B000D3F8C031002B00F0E480586804F03CFC82
:1097C0004FF00209C446687108210023FEF78DBDE1
:1097D0008A46FEF7C2BF23689B6E002B7EF479ADEC
:1097E0001846FEF777BD094DFFF751BA8F184FF0B5
:1097F000040E7E79BB7943EA0626FFF7B0B9044D23
:10980000FEF7ACBD8086FFFF8091FFFF0093FFFF56
:109810000096FFFF256F0CA9C2F340020BA805F1CB
:109820000C0304F0E5FC0B9902297FF770AF0C9B49
:10983000012B7FF76CAF226892F8C80081423FF796
:1098400066AF92F8C92093423FF761AF226F05F1EE
:109850000F08E36FAE7B1344C8EB0303B342FFF67C
:1098600021AEE36BD3F8DC0109F032FAE76B314645
:10987000012009F021FAC7F8DC01002800F003817B
:109880004146324609F0D8F9012387F8E0612046C5
:109890006360002503F0B0FB204604F07BFDFEF77B
:1098A0005DBD20463222022104F06AF931E602232E
:1098B0000CAA39462046FEF725FC00283FF429A9CA
:1098C000FEF74BBD2046FEF705FC00287FF44FACA9
:1098D000B37AD6E40597D4F8E830002B5BD123683F
:1098E00093F8CC3003F03003202B3FF404AEA26891
:1098F000012A7FF4A4A8002B3FF4FDAD059B012BAA
:109900007FF49DA8F7E5E06B2A460AA90430EFF73B
:10991000A1FD00287FF42BACE26B23685268D3F8DA
:10992000C430B3EBC20FD3D921E40346FFF7A9BB80
:109930007A4DFEF713BD049B5B68002B7FF47AAA77
:10994000049B08F1230A9B689E427FF475AA049B3E
:109950003246514603F10C0009F0B6F900287FF4B5
:109960006BAA0C232046636003F060FB05460028C9
:109970003FF474AA20465022022104F001F9FEF7B8
:10998000EDBC23689B6E002B7FF417AF184615E7DC
:1099900005221A7106E7A268012A7FF450A8059AE9
:1099A000002AACD0FFF74BB85D4DFFF770B90AEB5A
:1099B0000902C2EB08030DF13008002F00F091807E
:1099C000414620468DE8880013460BAA06F038FA77
:1099D00000287EF4C2ACA36BD86D002879D0314644
:1099E000BC30F6F767FA00285DD120462822022114
:1099F0004C4D04F0C5F8FEF7B1BC074661E408F130
:109A000002039D42FFF4B3AB98F8000004F03AFB68
:109A1000074600283FF4ABAB0A9B587804F02AFBBA
:109A2000834600283FF4A3AB3946204604F07AFB76
:109A300000287FF49CAB0A9B304602330A93FEF762
:109A4000EFFA58457FF493AB06463AE420462F22BE
:109A50000221354D04F094F8FEF780BC8346FFF7F1
:109A600039BBD2F8C031002B08BF0B46FEF719BC3A
:109A70002E4DFFF70CB99DF83030002B7FF444AD2C
:109A80008DF82C30F2E42A4DFEF768BC89F82630B8
:109A900009F12705FEF730BD50220221254D04F0C3
:109AA0006FF8FEF75BBCA36B42460A9D3946D86D42
:109AB0000B9BBC308DE82008F6F704FA0546002819
:109AC0003EF43EAF20463322022104F059F8FEF75F
:109AD00045BC204628220221144D04F051F8FEF71F
:109AE0003DBC2425414620460B9506F047F9002849
:109AF0003FF471AFFEF731BC0022FFF743BA2046B6
:109B0000502202210A4D04F03BF8FEF727BC0A4D13
:109B1000FEF724BC0020FEF7D2BD00BF008CFFFF83
:109B20000086FFFF0093FFFF808FFFFF0089FFFF8C
:109B30000081FFFF008FFFFF008AFFFF03682DE910
:109B4000F041DC6B82B0002C4DD00B68D41A012C94
:109B500058DD1D789E1C5C784FF6FE730E6044EA5B
:109B60000524651E9D424DD8931B9C424AD803682C
:109B70000F460546D3F83C80B8F1000F15D0186C9D
:109B8000324623462946C04740B128467322022167
:109B900003F0F6FF1C4802B0BDE8F0813E68344493
:109BA00000203C6002B0BDE8F081D3F8A0209442D0
:109BB000EBD1D3F89C1030468DF8078001EB040CF4
:109BC00011F8013B10F8012B9DF807E0614583EA8D
:109BD00002034EEA03038DF80730F1D19DF80730F8
:109BE000002BD2D1DBE7D3F894404CB1D3F89C40A2
:109BF00034B1D3F8A0401CB1D3F89830002BA4D1D5
:109C00000248C8E70248C6E78093FFFF008AFFFFCB
:109C10000084FFFF70B50D68AB1C934213D82E78FB
:109C20006C780B6044EA06241D19AA420BD3006825
:109C30000D46224619460430EFF7FAFC28B92B6886
:109C40001C442C6070BD024870BD024870BD00BF4E
:109C50000084FFFF8083FFFF2DE9F04704469EB09C
:109C6000FF209146E76B0D46984622688DF8490023
:109C70008DF84800002F00F09280D7F8C00100282E
:109C800000F08D8046680346002800F09480186834
:109C9000BC30F6F707F9636907304FEAD00A6BB1B9
:109CA000AB1C994579D3C0F3C7202A78824274D17E
:109CB00069785FFA8AF291426FD11D4605EB0A037B
:109CC00099456AD101213046F6F7F4F8002877D09B
:109CD0002368304629463025DE695246039605AE94
:109CE0009B690096029312AB0195F6F7B1F906460F
:109CF000226804ABE06B92F8CC20D0F88016C2F357
:109D00004002D0F87C0604F069FA20689DF84850BB
:109D100030229DF8103006A99DF849C09DF811E049
:109D200085EA03098369C0698CEA0E05DDF814A091
:109D3000984778BBB8F5097F44D8C8F509732F2B2D
:109D400040D949EA05058AF0300308F25341E26B35
:109D50002B43302539443343C2F810540DF1170614
:109D60000DF147055F421F43FF176FEA070E4FFAD9
:109D70008EFE16F8012F013015F8013F3A400EEA29
:109D80000303134301F8013FE36BD3F8103483421C
:109D9000EFD800201EB0BDE8F087104EA8E7916E06
:109DA00029B98FB1D7F8C0318BB10E466FE74E6835
:109DB00087B90B466BE7936E002B3FF469AF66E7FC
:109DC000074E95E70748E5E73E46384660E71E46FA
:109DD00018465DE7D7F8C00155E700BF0084FFFFD4
:109DE000008AFFFF0094FFFF41648264C3647047F0
:109DF000036893F8CC30DB0716D570B515460446DA
:109E0000D0F8E0000E4608F063FF2946012008F074
:109E100053FFC4F8E00048B131462A4608F00CFF71
:109E2000C4F8E450002070BD01487047014870BD7F
:109E3000008FFFFF0081FFFF4368102B00F0E084DC
:109E4000C36B2DE9F04F0446AFB0002B00F06584E2
:109E500003F038FB002840F07C81226892F8CC3077
:109E6000980740F17981E16B91F8EC31012B00F01A
:109E700056846368122B00F25084DFE813F0DF0190
:109E8000D9010C04E301E70134033B025202E3026F
:109E90006702DF025602BD035A025E0262024E04EE
:109EA0004E04DD019369002B01F03084D4F8C050DA
:109EB00092F8CC2061692B1DC2F34002206904F0A6
:109EC0008DF9AF1D2368042239469E69D869B047D1
:109ED000002840F03E8123681C2205F10A019E699A
:109EE000D869B047002840F03481D5F80660D5F82D
:109EF0000A00D5F80E10D5F81220D4F83CE0CEF8C0
:109F00003464CEF83804CEF83C14CEF84024D5F8AA
:109F10002220D5F81660D5F81A00D5F81E10CEF814
:109F20004464CEF84804CEF84C14CEF85024E36BC9
:109F3000D3F87826002A41F0E480A268A66B8AB99B
:109F4000B2687AB12068026A62B13146806A90478D
:109F5000E36B002801F0D280D3F87826002A41F084
:109F6000D080A66B6268D3F8883601326260002B1D
:109F700001F07982002106F10C002022B16008F086
:109F80006FFEA36B05F127069B68304685F82630E7
:109F9000A16B8A680C3108F04FFEA26B13689268BF
:109FA0001B1206EB0209B354A36B09F1030709F175
:109FB00005081B6889F80130A36B5B6889F80230DB
:109FC000D4F8E820012A01F0868202200023A16B48
:109FD00091F87020002A01F04382391801220026EE
:109FE0004FF0050A3E548E704A70CA70A26B92F808
:109FF00070200A71A16B4A6F53444AB19A1C002029
:10A000000426B918B85432468870C8704E70A16BD7
:10A01000666903EB020A8A6FB6FA86F67609002AA9
:10A0200001F0DD81002E41F0DA810868FDF7E2FFE2
:10A0300038B1007AEDF784FC18B14378022B01F0B7
:10A04000DF8366690023B6FA86F67609E16B53442E
:10A05000D1F88C26002A01F00082002E41F0FD810B
:10A060009A1C1720B918BE548E70CE700426487002
:10A07000E16BD1F888261E445AB1B31C00204FF082
:10A08000230E0422F918F8548870C87081F801E092
:10A09000E16BD1F88436164413F0010310D0B31CE1
:10A0A00000214FF00B0C4FF0020EFA18F95401206A
:10A0B00006239170517182F801C082F803E010719B
:10A0C0001E44D4F8DC20B31C07EB030A002A01F07D
:10A0D000F88200211022F9548AF80120D4F8DC001B
:10A0E00008F0EEFD02460AF1070002F1070B02F14B
:10A0F000030E511C5FFA8BF34FEA1E2EA3F1040CE2
:10A10000090A8AF802E0A3F1060E073B8AF803C0A9
:10A110008AF805E08AF806308AF80410D4F8DC10D2
:10A1200008F08AFD16EB0B0606D0330A08EB06078B
:10A1300089F8046089F803307D1B1621D4F8C030FB
:10A140000222C4F8C8502046C4F8C4101A7003F0A4
:10A150000DFA2FB0BDE8F08F6368122B00F2DD829C
:10A1600001A151F823F000BF3DA2016031A20160BE
:10A17000A59E016045A201604DA20160E5A40160B9
:10A18000F5A2016023A3016045A401604DA3016015
:10A190003DA401602BA30160F7A5016033A301601A
:10A1A0003BA3016043A301601BA701601BA70160E3
:10A1B00039A201600521204604F02CFB0028C8D1FB
:10A1C000636E1A78162A40F0EA82226801330EA9DB
:10A1D0000DA892F8CC20C2F3400204F009F80D9BC0
:10A1E000022B40F3DC82236893F8CC30990740F1CE
:10A1F0001C83A368002B40F01A85236E1A78002A6E
:10A2000040F0CD825D78002D40F0C98253F8021FE6
:10A210002046D4F8B020C2F802109B88D38004F006
:10A22000D9FB002800F0FE82C4F88850C4F88050A2
:10A23000A368002BC4D1BDE7A8488AE7012300200A
:10A24000636086E7204603F0A9FD82E7E16C002207
:10A250000D680D92AE7A721ED2B2092A08D801207A
:10A2600040F2513100FA02F21140002940F09D8283
:10A270000423062EC4F8C83000F00185082E00F033
:10A28000FE84022E00F0DE84062E00F0DB84002720
:10A29000082E00F23E850123B34013F48C7F00F0BA
:10A2A000388522680023906F0F930178E9B1D4F8C4
:10A2B0003CE0DEF8B4713E68002E01F098823378FD
:10A2C000994201F066803A4603E01B788B4201F028
:10A2D000608052F8043F002BF7D110F8011F0029CD
:10A2E000EAD11368002B41F053807D480023C4F865
:10A2F000C8302EE7D4F8C0300E2204201621C4F84E
:10A30000C800C4F8C4101A7094E80C0001336360EC
:10A3100092F8CC309B0700F17782204603F026F9B3
:10A3200017E7204605F06EFA13E7204605F09CFC7F
:10A330000FE7204603F094FF0BE70F230020636034
:10A3400007E7204602F01AFE002002E7E36C1B68D4
:10A350009B7A5A1F032A40F224820B2B00F02182A1
:10A36000A36BDB6D002B00F01C82204604F02EFC5A
:10A3700010F5CB4FF9D000287FF4EBAE204604F067
:10A3800007FA10F5CD4FF0D010F5CB4FEDD00028E7
:10A390007FF4DFAE6368A26F0133162A636041F079
:10A3A000B080236F1A780F2A41F0AB802268616970
:10A3B00092F8CC2002F00202002A15BF0E250625D5
:10A3C0000C270427032901F0F580A36B0421D86D25
:10A3D000BC30F5F76FFD002841F08A8106464FF04A
:10A3E00024090DF13C08BD1CD4F8A0309D4201F2B7
:10A3F0008880226FD119D75D4A7842EA0727EA1987
:10A40000934241F07E80E36B0FA92046D3F80434D9
:10A410009847A26B216F4B46D06D42460D443146A2
:10A42000BC308DE8A000F5F74DFD054600287FF40F
:10A4300090AE204603F02CF828468AE6204605F028
:10A44000BBFB86E6E36C20461D6805F0AFF80028EC
:10A450007FF47FAE2268236F92F8CC20D4F8A060FE
:10A4600012F0020FA26F1E440CBF04210C21162A09
:10A4700019440F9140F04A841B78102B40F0468419
:10A48000AB7A022B00F05C87A3F10902012A40F2AB
:10A49000B183DA1E012A40F2AD83052B01F07580ED
:10A4A000072B01F0B280062B01F0E980082B01F0A8
:10A4B0000B81012B41F06680324600232046FFF7D6
:10A4C000CBFB00287FF445AE204602F0AFFD00280C
:10A4D0007FF43FAE6368013363603AE68095FFFF27
:10A4E000808CFFFFE16BD1F8C4310621E26C032BB5
:10A4F000D4F8C0701268616000F08A81927A511FAE
:10A500000B2A18BF032940F27D81B3FA83F35B095C
:10A51000002B40F0778102224FF0010A4021FE1DFE
:10A5200087F805A0B9713A716269032A00F066875D
:10A530004FF008084FF007092068B11C90F8CE30A2
:10A5400003F0020303F0FF02002B00F0B385E36B7E
:10A55000D3F8CC51002D01F0DF80AB69002B01F066
:10A560008A8107F5205B6E6C8B45C1F03B81C1EBA6
:10A570000B03B342C1F0368106F1020E4FF0000A20
:10A580009E450ED901F099B9AB69D3B18B456E6C7C
:10A5900017D3C1EB0B039E4213D806F1020E73458D
:10A5A0000FD30B46300A3246F24403F8020B18462A
:10A5B0004E70A96C08F040FBD5F830518119002D80
:10A5C000E2D1CAF307225FFA8AFAD4F8C030C91B75
:10A5D00016200D26C4F8C810C4F8C40020461E700A
:10A5E000D4F8C03003F80920D4F8C03003F808A02C
:10A5F00002F0BCFFADE5E16BD1F88836002B00F02E
:10A60000FB80D4F8C030162104220FAFC4F8C41068
:10A610000EAE1A702568D4F8C020A86DA16B02F5A3
:10A6200020530A328DE8C0002D6DA847002840F065
:10A63000DB820E9AC2F30726D1B20A320F9B0025A5
:10A64000D4F8C07020464FEA136E87F804E04FEA52
:10A65000134ED4F8C07087F805E04FEA132ED4F8F3
:10A66000C07087F806E0D4F8C070FB71D4F8C03031
:10A670001E72D4F8C0305972E36BC4F8C820C3F816
:10A68000885602F073FF64E5226892F8CC3099078F
:10A690007FF508ACE16B91F8E031002B3FF402ACA0
:10A6A000D4F8C0302069043361690F9392F8CC204C
:10A6B000C2F3400203F092FD0F9D2068AB1C0F9384
:10A6C000466C002E00F05E87D4F8AC7042F64D1256
:10A6D00005F103092EA93A44D4F8E47041F87C9DB1
:10A6E000D4F8E030C06C0097B04700287FF431AD5B
:10A6F0000F9B162703261221C9EB03032046AB70DC
:10A700000F9BD4F8C020C4F8C4709B1AC4F8C8309A
:10A710001670616002F02AFF1BE5404819E52046EB
:10A7200003F05EFE00287FF414AD6368122BF4D8AA
:10A7300001A252F823F000BF3DA2016031A20160E6
:10A7400089A6016045A201604DA20160E5A40160F7
:10A75000F5A2016023A3016045A401604DA301603F
:10A760003DA401602BA30160F7A5016033A3016044
:10A770003BA3016043A301601BA701601BA701600D
:10A7800039A20160099B53F8044F0993002C40F053
:10A79000D7863C4620467822022103F0F1F9204872
:10A7A000D7E40A2300206360D3E4A6F10902012A5A
:10A7B0001ED8E36B002B00F09284D3F8C031002B3D
:10A7C00000F08D8458680221F5F774FB78B1E36BD3
:10A7D00003F18000002B00F08A84D3F8C031002BF5
:10A7E00000F085845B6800225968EFF72DFA6368F2
:10A7F000013300206360ACE4204603F05BFBA8E477
:10A80000064870470020A4E4204603F00BFD84E5D1
:10A81000236893F8CC30C3F381036FE6008FFFFF0A
:10A820000087FFFF204604F043F9A26EA16810786C
:10A83000537843EA0023002940F0F981B3F5205F03
:10A84000ADDC22681F46204692F8CC3013F0020F90
:10A850000CBF05210D21394403F0DCFF00287FF4F3
:10A8600078AC236893F8CC3003F0020303F0FF02C6
:10A87000002B00F0858507F10D03C4F88830266FA2
:10A880003A46E36B20463146D3F8003498472568B2
:10A8900095F8CC3003F00203002B0CBF04220C22ED
:10A8A00003F0FF039742FFF47AAF3278012A7FF476
:10A8B00076AF7278002A7FF472AFB278002B40F046
:10A8C000F081F37843EA022304339F427FF467AFB9
:10A8D000331D05930423FF1A252F7FF660AF95F8EB
:10A8E000CC2004F11401059B04F11000C2F34002D6
:10A8F00003F07EFC22692368E16B6069C1F87C2665
:10A90000C1F8800693F8CA50AA42C0F2188793F89B
:10A91000CB50A842C0F2138793F8C850AA4240F324
:10A92000CC83256193F8C9306361DDF814C06346B8
:10A9300053F802EF5E689D68D868C1F814E4C1F866
:10A940001864C1F81C54C1F820049D69D3F810E0C4
:10A950005E69D869C1F824E4C1F82864C1F82C54B0
:10A96000C1F830049CF82250202D00F2638105F1DB
:10A9700024084745C0F05E81A06B2022002185603D
:10A980000C3008F06DF9A06B059E82680C3006F162
:10A99000230108F051F9206890F8CC309B0740F172
:10A9A00092832335725D1544EB1C9F42C0F0C08733
:10A9B000D0F848C0BCF1000F03D0A368002B00F012
:10A9C000A680002A7FF4EBAE6B1C08930598089DC7
:10A9D00003460646425D2B445B7843EA0223012B83
:10A9E00019460A9340F32681EB18DA1C9742C0F00F
:10A9F000218111F0010140F01D819A1C835C581ED9
:10AA00000F2800F2178113445A1C9742C0F012819C
:10AA1000A06B416040F27F83DD1CAF42C0F00A8131
:10AA200033443046B65C9B7843EA0626731E022BFD
:10AA300040F20081AB199F4240F0FC800544002E9B
:10AA400000F06983032E40F2F580EB7895F80290D0
:10AA50002A7843EA09296B7809F10407CB4643EACF
:10AA60000223BE42C0F0E68000220692079231E047
:10AA7000042B00F0048200F39180002B00F0708220
:10AA8000012B42D1B9F1010F40F021832B79042B26
:10AA900000F21D83A26B3D4482F87030CBEB0606BA
:10AAA000731F043E022B40F2C580002E00F0368357
:10AAB000032E40F2BF80EB7895F802B02A7843EA83
:10AAC0000B2B6B780BF10407D94643EA0223B742FC
:10AAD00000F2B0800D2B00F00F82C9DD172B00F0C3
:10AAE000D18226DC102B00F0D981162B0DD1B9F1C3
:10AAF000000F40F09F80206890F8CD309A0704D571
:10AB0000636913B1A36B01229A673D44C6E7059BB5
:10AB1000D4F8E46003EB0801D4F8E0300096C06C90
:10AB2000E047E36B002800F04A86012283F8E02129
:10AB30004AE7232B00F061814FF601729342E4D182
:10AB4000A368002B00F04E84D4F8EC305A1C5A4510
:10AB500040F0D5852A79934240F0D185002204F156
:10AB6000FC008DF8332083B105F1050E00EB030CDA
:10AB70001EF8013B10F8012B9DF83310534084451B
:10AB800043EA01038DF83330F2D19DF83330002BC6
:10AB900040F0B58501233D4406937FE70A2B00F082
:10ABA00021820B2BB1D1E06BD0F8843643F0010346
:10ABB000C0F88436B9F1000F3CD02B795A1C5A45A5
:10ABC00038D1691D002BA0D06A79012A40F258843F
:10ABD0001944AB1D04E013F8012B012A40F2508404
:10ABE0008B42F8D13D4459E700230A2219460E93BF
:10ABF0001E4623E5E06B721A8030EFF775F80028E7
:10AC000040F0738525684FF40073E06BEE6900F245
:10AC1000544200F5826101968030AD690095EFF7EE
:10AC20007BF800283FF450ACBC48FFF792BAD4F848
:10AC3000A07024E620463222022102F0A1FFB8488B
:10AC4000FFF787BA21680022D1F884300F92002BD9
:10AC500000F01B84D1F89030002B00F01684E06BDC
:10AC600001F188027C310430EEF7BEFC002800F0D0
:10AC70000F8410F5CA4F7FF439ABFFF76ABAD4F8E6
:10AC8000C03005210022C4F8C8101A71D4F8C830A9
:10AC9000D4F8C010581CC4F8C800CA54AE7AFFF7E4
:10ACA000F0BAF37843EA02230C339F427FF477AD86
:10ACB000A368206F012B00F0278401794379E26BB0
:10ACC00043EA0123591CC2F8D431C2F8D811837960
:10ACD000002B40F01E85C379002B40F01A85037AC3
:10ACE000002B40F0168500F109010322013007F026
:10ACF000EBFF002840F00D8595F8CC309A077FF5E2
:10AD0000E7AD06F10C0305930C23E4E58548FFF756
:10AD100020BAD4F8C030B21E022A47D8D4F8C820CE
:10AD20000021284613440E91C7EB0309FDF778F97B
:10AD300063698046032B00F0FB84A87A042800F0A6
:10AD40006E850FAE24254B463A46314620460E9579
:10AD500005F014F800288CD105466369032B00F038
:10AD6000B685E16B2768002900F09585D1F8C031E0
:10AD7000002B00F090855A68002A00F08085D4F8F6
:10AD8000C80032462946D4F8C060851C586873193B
:10AD9000FD6903950DADBE698DE868000E9BF5F762
:10ADA00023F900287FF465AFD4F8C0300D9ABAB10A
:10ADB000D4F8C810120A481CC4F8C8005A54D4F871
:10ADC000C830D4F8C020581C0D99C4F8C800D1541C
:10ADD0000D9AD4F8C810D4F8C0300A44C4F8C8207A
:10ADE00016210C222046C4F8C4101A70636801337F
:10ADF000636002F0BBFBFFF7ACB90FA801F0A2FD46
:10AE00002068D0F85480B8F1000F3FF47EAE036D97
:10AE1000002B3FF47AAEE36B0122C3F88826B9F128
:10AE2000000F3FF472AEA368002B7FF46EAE806D0E
:10AE30005B462A1D0FA9C047002840F0DB84D4F8E8
:10AE4000388012A83D44D8F8083008F10C011A46A1
:10AE5000119307F0F1FE404601F078FD7C220FA926
:10AE6000A06B07F0E9FE7C210FA8F6F777FEE36BF5
:10AE700000220121C3F88826C3F878160EE6B9F13E
:10AE8000000F7FF4D7AE206890F8CD3059067FF5DB
:10AE90003CAEA36B01223D445A67FFE52068D0F821
:10AEA000A4300993002B00F03F84B9F1030F1DDD9E
:10AEB0002979ABF102036A7942EA01229A4215D15B
:10AEC000AB1D2F44BB42184600F02E83EA1DAB7920
:10AED000B91A8B420AD8002B7DD013449F4200F050
:10AEE00023835A1C1B78B91A8B42F4D9204632228C
:10AEF000022102F045FE52E4B9F1010F2F44F5DDC5
:10AF00002A796B7943EA02239A1C5A45EED1D80775
:10AF1000ECD40635AF420BD8C8E000BF0083FFFF7A
:10AF20000087FFFF0084FFFF0235AF4240F2BE8082
:10AF3000687803F09FF880460028F5D0287803F061
:10AF4000A1F881460028EFD00146204603F0EAF838
:10AF50000028E9D14A464146E06B01F077FDE3E77E
:10AF60002068D0F82C80B8F1000F3FF4CEADB9F1D5
:10AF7000010FBBDD6B7995F804E043EA0E2E0EF16C
:10AF800002035B45B2D1BEF1020F05F106021EDDE0
:10AF9000E9792B7A43EA012303F1030CE645A5D3B3
:10AFA000A97961B943E35178937843EA012303F126
:10AFB000030CF4459AD81178002900F038836FF01B
:10AFC00002016244C91A8E44BEF1020FEBD8BEF1F1
:10AFD000000F3FF49AAD20462F22022102F0D0FD4F
:10AFE000FFF7DDBBB9F1010F7FF724AE6B7995F860
:10AFF000049043EA092909F102035B457FF41AAE84
:10B0000019F0010F7FF416AED4F83C80D8F8B431B3
:10B01000002B7FF40FAE4FEA590A04210AF1010A0E
:10B02000BAF10C0F28BF4FF00C0A504607F044FE4F
:10B03000002800F07584BAF1010FC8F8B4017FF65A
:10B0400064ADB9F1000F3FF460AD099405F1080853
:10B05000044602E0BAF1010F11D918F8020C18F8F1
:10B06000012C42EA0020EFF793FE18B120600AF1AC
:10B07000FF3A0434B9F1020908F10208EAD1099C47
:10B080003D440BE5B9F1000F7FF4D4AD206890F892
:10B09000CD305B077FF539AD6369002B3FF435ADEB
:10B0A000E36B01223D44C3F88C26F7E401233D46BF
:10B0B0000793F3E49246FFF788BA93F8C9309842B1
:10B0C000C8BF636131E405F1230308937EE42046A1
:10B0D0002F22022102F054FDAB48FFF73AB8236853
:10B0E0009B6E002B7FF46EAB1846FFF76CBB23689A
:10B0F0009B6E002B7FF476AB5B68FFDE0122C3F80A
:10B1000078260C232046636001F090FF00283EF46F
:10B1100038AFFFF71EB8002306930793089D002160
:10B12000059B02350A982B449E1C1D46334603E0BE
:10B130000231023388420ED913F8022C562AF7D175
:10B1400013F8017C002FF3D12068636990F8C910CF
:10B150008B42C0F2DE83079B002B00F0708300233C
:10B160000A9916F8022C22B916F8012CFF2A00F0D1
:10B17000EE82023302369942F3D8D4F8E820012A4D
:10B1800000F0BF83206890F8CC3003F03003202B10
:10B1900000F06983A168012900F05D83636950F8BC
:10B1A00023603068002800F080830A9B0021A046BD
:10B1B0005F1E6B1C47F0010705932F44059D03E0BC
:10B1C000BD427BD00235306815F8012CC0F307234F
:10B1D0009A42F5D12A78C3B29A42F1D1FCF70AFF1C
:10B1E0008146002800F0CE81D8F8143002699A42D6
:10B1F00000F38280826993427EDCD8F8003093F8B5
:10B20000CC309C0702D5037F580775D44846FCF71D
:10B2100029FF40B1D8F83C30D3F8B431002B6BD0C3
:10B220001B68002B68D04846FCF72AFF20B1D8F8ED
:10B230000030DA6B002A52D0D8F81430032B00F01B
:10B2400031824846FCF7ECFED8F83C308346D3F810
:10B25000C841002C00F0A982002800F00E824FF0B7
:10B26000000A20685946BC30F4F724FE002845D176
:10B27000A46853460CB19A46F3E7BAF1000F3BD0ED
:10B280004446D046E36BC3F8C08163683568A06B61
:10B2900001332268E16C0560C1F80090636092F8A8
:10B2A000CC3003F0020303F0FF00002B3EF451AF5B
:10B2B000204603F06FF80020FEF74BBF56F8040F4E
:10B2C00000287FF47BAF4446002900F0EE82404620
:10B2D0002822022102F054FC2C48FEF73ABFD3F892
:10B2E00094204AB1D3F89C2032B1D3F8A0201AB1EF
:10B2F000D3F89830002B9FD1012161E70FAB0122D9
:10B300004946206802F022FF0028B1D1BBF1040FAA
:10B3100000F09F81D8F81430022B00F39681236847
:10B3200093F82831042B00F09081BAF1000F14BF7C
:10B3300053462346A468002C9DD144469A46A0E774
:10B3400032460FA904F13C00FEF764FC00287EF4AD
:10B3500000AF0F9B9E427FF4D9AC25684FF4097271
:10B36000E06BEE6900F5826300F25441019604300F
:10B37000AD690095EEF7D6F900283FF4A5A853E48F
:10B38000C4F88020FFF77BBA0087FFFF8096FFFF9D
:10B3900019780EF18000F1F723FE00287FF469ACE4
:10B3A00020680FA9D4F8C820C669D4F8C070C2F5C7
:10B3B0002053019686693A44E06B00968030EEF7A0
:10B3C000EDFB00287FF455ACD4F8C8700F9AD4F880
:10B3D000C0303A44AE7A1F44C4F8C8209BE400232E
:10B3E000FEF734BEB9F1010F40F089812B79002BB3
:10B3F00040F08581C4F8E890FFF7CCBB2168D1F814
:10B400007480D8F80000E0B11D46914602E058F87B
:10B41000040FB8B102F042FE83460028F7D001467F
:10B42000204602F045FE0028F1D173192A1D83F849
:10B4300002B0154683F803A006F802B083F8059021
:10B44000E5E705462A0AAB1C3D7205F10909FA71C8
:10B450001E4405F10A08FFF76FB80026FEF709BE83
:10B460009246FEF7C8BD2368202206F10C01B260A7
:10B47000D8699E69B04700283EF483ADFEF769BEE7
:10B48000C0F85C213D44FFF709BBCF48FEF72EBF53
:10B49000E76B07F10800E8F791FD2668D4F8C0E0F3
:10B4A0000146F369381DD4F8C82001930FABB66983
:10B4B00072440096EDF7FCFF00287FF4DAABD4F875
:10B4C000C8700F9AD4F8C0303A44AE7A1F44C4F81A
:10B4D000C820FEF7DDBEFF2389F8062089F8053075
:10B4E000A168002940F03C8109F10A0389F807109E
:10B4F00089F8082089F80910C8EB0303981CFEF7A7
:10B5000066BDB248FEF725BEE16B90F804E04379D2
:10B51000D1F8D82143EA0E2393427FF440A90133A6
:10B52000C1F8D831FFF7D3BB099BD3F80090B9F12C
:10B53000000F3FF42FA90B963E4627464C46814606
:10B54000204607F0BDFBB14582463FF41BA94D469E
:10B5500003E04544AE423FF415A995F8008001355B
:10B56000C245F6D152462146284607F0ADFB0028D9
:10B57000EFD1A1463C4637460B9EC4F8DC903D46D1
:10B58000FFF78CBA9248FEF7E4BD32460FA9204679
:10B59000FEF7D4FA00287EF4DCAD0F9B9E427FF4C8
:10B5A000B5ABA97A204602F0AFFC00283EF48CAF80
:10B5B000FEF7CFBDD4F8A020AA42A2D3D85D02F0F6
:10B5C00061FD064600289CD0236F2046D95D02F01D
:10B5D0006FFD002895D1236F042E3B4414BF0DF15D
:10B5E0003C080DF14C08587802F044FD0146002853
:10B5F00087D0A36BD86DBC30F4F75CFC002880D0FA
:10B600002F464FF00009FEF7EEBE32460FA9204646
:10B61000FEF794FA00287EF49CAD324602230F997F
:10B620002046FEF719FB00287EF493ADB9E70332FC
:10B63000006B2146C04700283FF467AA20467022CD
:10B64000022102F09DFAFFF7AAB84346A0461C4625
:10B6500018E6D8F83C202368D2F8B421D3F8C010FB
:10B66000136809782BB903E652F8043F002B3FF426
:10B67000FFAD1B788B42F7D14CE6444605E63246D7
:10B6800020460FA9FEF75AFA00287EF462AD0FA9F2
:10B69000324604F13C00FEF7BDFA00283FF47DAFCE
:10B6A000FEF757BD4846FCF7D1FC014600283FF4A1
:10B6B000C8ADD8F83C0001F0BFF900287FF4C1AD57
:10B6C0001AE69346FEF72EBD32460FA92046FEF736
:10B6D00035FA00287EF43DAD0F99E06B721A803088
:10B6E000EEF702FB00283FF45CAF3A48FEF731BDAD
:10B6F00004264FF014090DF14C08FEF774BE2046E5
:10B700002822022102F03CFAFFF749B83248FEF73E
:10B7100020BD3248FEF71DBDC56E002D7EF41DAF65
:10B72000AA462A46FEF751BF2F443D46FFF7B6B959
:10B73000B8F1000F40F0A6802548FEF7D7BD20469F
:10B740004622022102F01CFA2548FEF702BDA3683A
:10B75000012B00F0888001232068C4F8E8301DE543
:10B76000002209F10A0304F1FC0189F807201846B8
:10B77000D4F8EC205200013289F80820D4F8EC20EB
:10B78000520089F80920D4F8EC2007F055FAD4F8D3
:10B79000EC20034604F1F0011344184607F04CFA7C
:10B7A000D4F8EC2003461344A6E600283FF465AF26
:10B7B000D8F800309C6E002C7FF451AD9CE583F8E6
:10B7C000E001FFF701B900BF008FFFFF8082FFFF9C
:10B7D0000094FFFF8083FFFF008CFFFF808FFFFF3F
:10B7E0008091FFFF4FF0000A5246FEF7EEBE3A4648
:10B7F000FEF773BD0FA83D4401F0A8F8FFF74EB95E
:10B800000AF102031621FA18FE5404239670D6702A
:10B8100051706669B6FA86F67609FEF717BC0546DA
:10B820000FAE0195CDF800903B4631460EAA20465A
:10B8300004F006FB00283FF490AAFFF71ABA04218F
:10B84000204602F06FFC0028E06B0CBF04210021B1
:10B8500001F00AF983E4002A7FF4A0AC1BB1069B37
:10B86000002B3FF49BAC20462822022102F088F9ED
:10B870003348FEF76EBC9A461A46FEF7A6BE31481C
:10B88000FEF734BD4146E06B01F0D6F805460028CE
:10B890003FF452AFC4E7BA6E002AF0D05368002BD1
:10B8A000EDD069B91346FFF76ABA20462822022173
:10B8B00002F066F92448FEF74CBC5246FEF785BEFE
:10B8C000D1F8C031002B08BF1346FFF758BAD4F89F
:10B8D000C8702846D4F8C0907B1CC4F8C83002F069
:10B8E000DDFB09F80700D4F8C8704046D4F8C080E2
:10B8F0007B1CC4F8C83002F0B1FB08F80700FFF762
:10B9000030BAA368012B02D1069B002BABD0206874
:10B9100044E42046022102F033F90948FEF719BC3D
:10B9200020465022022102F02BF90848FEF711BCF4
:10B9300020464622022102F023F90148FEF709BC05
:10B940000087FFFF008AFFFF808CFFFF0081FFFF61
:10B9500070B50446C06B0D46164600F50270F3F74D
:10B96000BBFAE06B3246294600F51870F9F764FE21
:10B97000E06B3246294600F52F70FAF7A7FCE06B22
:10B980003246294600F54A70BDE87040FCF7B0B871
:10B9900070B50446C06B0D46164600F50270F3F70D
:10B9A0009BFAE06B3246294600F51870BDE87040FE
:10B9B000F9F742BE30B5AFB005460C4601A8F2F724
:10B9C00037FE17A8F8F774FCE96B01A801F50271BE
:10B9D000F2F738FEE96B17A801F51871F8F772FC59
:10B9E000214601A8F3F77CFA04F1100117A8F9F732
:10B9F00027FE01A8F2F720FE17A8F8F75DFC2FB08C
:10BA000030BD00BF2DE9F043866BBBB004468846CD
:10BA10009146002E3BD00DA81E4DF2F709FE23A83B
:10BA2000F8F746FCE16B0DA8242701F50271F2F747
:10BA300009FEE16B23A801F51871F8F743FC164BDA
:10BA400004A90DA8B9F1000F08BF1D46F3F748FA85
:10BA500008A923A8F9F7F4FDE46B0C232A4630214A
:10BA6000CDF80480029306F12C0004AB0097D4F8C3
:10BA70000C44A0470DA8F2F7DFFD23A8F8F71CFC43
:10BA8000394604A8F6F76AF83BB0BDE8F083466B88
:10BA9000C1E700BF1441002004410020C06B00F545
:10BAA0002F70FAF713BC00BF30B59DB005460C46A9
:10BAB00001A8F9F723FFE96B01A801F52F71F9F748
:10BAC00027FF214601A8FAF705FC01A8F9F71AFF9C
:10BAD0001DB030BD2DE9F043866BA9B00446884601
:10BAE00091465EB30DA8164DF9F708FFE16B0DA85E
:10BAF000202701F52F71F9F70BFF124B05A90DA8AF
:10BB0000B9F1000F08BF1D46FAF7E4FBE16B0C2307
:10BB10002A46CDF80480029306F12C0005AB00976D
:10BB2000D1F80C443021A0470DA8F9F7EBFE3946B7
:10BB300005A8F6F713F829B0BDE8F083466BD1E706
:10BB40001441002004410020C06B00F54A70FBF74F
:10BB5000CFBF00BF30B5B7B005460C466846FAF710
:10BB600013FEE96B684601F54A71FAF717FE2146A4
:10BB70006846FBF7C1FF6846FAF70AFE37B030BDEA
:10BB80002DE9F043876BC7B00446884691465FB302
:10BB900010A8164EFAF7F8FDE16B10A8302501F554
:10BBA0004A71FAF7FBFD124B04A910A8B9F1000F76
:10BBB00008BF1E46FBF7A0FFE16B0C233246CDF811
:10BBC0000480029307F12C0004AB0095D1F80C44DB
:10BBD0002946A04710A8FAF7DBFD294604A8F5F787
:10BBE000BDFF47B0BDE8F083476BD1E714410020AB
:10BBF0000441002000487047808FFFFF00487047D5
:10BC0000808FFFFF70B504460E4601200C211546BB
:10BC100007F052F880B10023216806604560836018
:10BC200009B906E019468B68002BFBD188601846DD
:10BC300070BD2060084670BD004870BD0081FFFFE8
:10BC400060B138B504462068E56807F041F8204641
:10BC500007F03EF82C46002DF5D138BD704700BFE7
:10BC6000C26B0346416CD2F8FC01814226D0F0B48D
:10BC7000D3F8B05002F5007682B05864C2F8FC11D7
:10BC80006C46376828686A46696876682F606E6017
:10BC9000DD6B03C403CAC5F80002C5F804125A6C70
:10BCA0006AB1596901290ADDD1681269D3F8BC006B
:10BCB0008A1A0244C3F8C02002B0F0BC7047D3F81F
:10BCC000BC20C3F8C020F7E72DE9F04FB7B0044619
:10BCD0009346994603A80191429E439DF2F7F2FADA
:10BCE0002046F2F7E3FA002800F089808246F2F756
:10BCF00049FB0446484606F0E3FF419B04EB00087D
:10BD000007464344802B73D816AB4946024603EBE3
:10BD10000409484606F090FF16AB419A03EB080071
:10BD2000409906F089FF5146012203A8F2F7EAFA8A
:10BD3000804610B137B0BDE8F08F419B5A4601995B
:10BD400003A81F44F2F756FB494603A83A46F2F708
:10BD5000C7FB16A903A8F2F7D7FB002D4CD0274448
:10BD60000DF118096FEA040A03A8F2F703FC3A463A
:10BD700016A903A8F2F7B4FB494603A8F2F7C4FBDF
:10BD800003A8F2F7F7FB224616A903A8F2F7A8FBCF
:10BD900016A903A8F2F7B8FB04EB080E754525D2E7
:10BDA000B5FBF4F104FB115171B108F1FF300AEB5E
:10BDB0000E030DF1170201443344701812F8011FED
:10BDC00003F8011F8342F9D17545F046CCD803A88A
:10BDD000F2F77EFA16A88021F5F7C0FE484640210A
:10BDE000F5F7BCFE002037B0BDE8F08F2146DBE759
:10BDF000044837B0BDE8F08F0DF11809E7E70248B5
:10BE000098E700BF008FFFFF0094FFFF70B584B07C
:10BE1000089E099D0A9C009313460A460146019616
:10BE2000062002950394FFF74FFF04B070BD00BFDA
:10BE300070B584B0089E099D0A9C009313460A467B
:10BE400001460196072002950394FFF73DFF04B0D9
:10BE500070BD00BF2DE9F04FADB090469A468B46BD
:10BE6000019004A8379D389CF2F72CFA404606F062
:10BE700027FF369B00EB030909F11406802E00F220
:10BE8000D88007460246414611A806F0D5FE0CAB05
:10BE900007F114005146369A184406F0CDFE0320EF
:10BEA000F2F704FA0146002800F0CC80012204A831
:10BEB000F2F728FA074618B138462DB0BDE8F08FE2
:10BEC0000BF1010A019904A84FEA5A031A4602939A
:10BED000F2F790FA11A94A4604A8F2F701FB0DA95E
:10BEE00004A8F2F711FBACB3BA4604F00F0309F152
:10BEF000100807AF039304A8F2F73CFB42460DA9D4
:10BF000004A8F2F7EDFA394604A8F2F7FDFA04A8FE
:10BF1000F2F730FB10220DA90DEB0200F2F7E0FA68
:10BF20000DA904A8F2F7F0FA0AF1100E7445C0F05A
:10BF3000848010200AF1FF320DF11B0100232A44F6
:10BF4000013311F801CF984202F801CFF8D87445B7
:10BF5000F246D0D804A8F2F7BBF90420F2F7A6F90C
:10BF6000014600286ED0012204A8F2F7CBF907465B
:10BF70000028A1D1029A04A8019BC2EB0B010B443B
:10BF80001946F2F737FA11A94A4604A8F2F7A8FAB7
:10BF90000CA904A8F2F7B8FA002C5AD02E4BB946D7
:10BFA00007AFA3FB04384FEA181808EB8808A4EB86
:10BFB000880804A8F2F7DEFA32460CA904A8F2F7C2
:10BFC0008FFA394604A8F2F79FFA04A8F2F7D2FADA
:10BFD00014220CA904A8F2F783FA0CA904A8F2F71A
:10BFE00093FA09F1140C64452ED34FF0140E09F1A5
:10BFF000FF320DF11B0000212A4412F8019F01318C
:10C0000010F8013F8E4589EA03031370F5D86445A3
:10C01000E146CED804A8F2F75BF90CA88021F5F729
:10C020009DFD38461421F5F799FD00202DB0BDE89F
:10C03000F08F0A482DB0BDE8F08F039B1846002B07
:10C0400085D077E7064838E7B8F1000FDFD0C6465D
:10C05000CDE707AFDEE700BFCDCCCCCC008FFFFF34
:10C060000094FFFF022906D049420238C9B2C043FA
:10C070005170107070470238FF21C043517010702A
:10C08000704700BF4FF48472002106F0E9BD00BF85
:10C0900090F8CC3061F3000380F8CC30704700BFDB
:10C0A00090F8CC3061F3410380F8CC30704700BF8A
:10C0B00090F8CC3061F3830380F8CC30704700BF38
:10C0C00041638263704700BF8161C261704700BFF6
:10C0D00001614261704700BF10B4019C81624462FB
:10C0E000C26103625DF8044B704700BFC0F8A8103E
:10C0F000704700BF83650165426542B1084610B4D0
:10C1000014460022234611465DF8044B1847704739
:10C110000165426583657047C1650266704700BF6F
:10C1200090F8CD3061F3C30380F8CD30704700BF85
:10C13000C0F8C010704700BFC0F8AC10C0F8B02005
:10C14000704700BF816202624362704701604160D4
:10C150008160C160704700BF032A03D1032B98BFE1
:10C1600040F82310704700BF41667047C166026700
:10C17000704700BF683045E5002B18BF00292DE946
:10C18000F047089E4BD0202A49D8340C47D1B6F549
:10C19000205F94BF4FF000084FF00108B8F1000F86
:10C1A0003DD10446D0F894001F468A46154658B142
:10C1B000D4F89810F5F7D2FCD4F8940006F088FD76
:10C1C000C4F89480C4F89880D4F89C0030B106F08C
:10C1D0007FFD0023C4F89C30C4F8A030294601201C
:10C1E00006F06AFD8146C4F8940050B33146012040
:10C1F00006F062FD8046C4F89C0098B12A4651467C
:10C20000C4F898504846C4F8A06006F015FD3246C0
:10C210003946404606F010FD0020BDE8F0870A4888
:10C22000BDE8F0870546484606F052FD284606F070
:10C230004FFD00230548C4F89430C4F89C30BDE895
:10C24000F087D4F89C50EEE7008FFFFF0081FFFFDE
:10C25000A1B32DE9F041C46B54B3202A94BF4FF031
:10C2600000084FF00108B8F1000F21D10646D4F8BC
:10C27000B8010F46154658B1D4F8BC11F5F76EFC5D
:10C28000F36BD3F8B80106F023FDF46BC4F8BC815E
:10C290002946012006F010FDC4F8B80158B1C4F8D1
:10C2A000BC512A46394606F0C7FC0020BDE8F081A3
:10C2B0000348BDE8F0810348BDE8F08100487047BD
:10C2C000008FFFFF0081FFFFC1630264704700BF62
:10C2D000F8B500F17C06044617460A4630461021A0
:10C2E000E8F780FA48B1054688343046E7F768FC3D
:10C2F0002046E7F765FC2846F8BD88343A46102109
:10C300002046E8F76FFA05460028EED12846F8BD2A
:10C31000F8B500F17C0604461F463046E7F754FEA8
:10C3200048B1054688343046E7F74AFC2046E7F72F
:10C3300047FC2846F8BD88343946069A2046E7F778
:10C3400043FE05460028EED12846F8BDF8B500F1B9
:10C350007C0604460F4604313046E7F7B3FC48B18B
:10C36000054688343046E7F72BFC2046E7F728FCE3
:10C370002846F8BD883407F110012046E7F7A2FCF3
:10C3800005460028EED12846F8BD00BFC0F8C4100D
:10C39000704700BF8167704741677047F8B5054631
:10C3A00019B308460E4606F08BFCFF2804462ED82B
:10C3B000D5F8D87057B1384606F082FC01463846A9
:10C3C000F5F7CCFBD5F8D80006F082FC611C012003
:10C3D00006F072FC0746C5F8D800D0B131462246B7
:10C3E00006F02AFC00203855F8BDD0F8D84054B1EA
:10C3F000204606F065FC01462046F5F7AFFBD5F870
:10C40000D80006F065FC0020C5F8D800F8BD024849
:10C41000F8BD0248F8BD00BF008FFFFF0081FFFF9D
:10C42000C06B00F5E470FFF7EDBB00BFC36BC3F852
:10C43000CC11C3F8D0217047C36BC3F8C411704747
:10C44000C1620263704700BF2DE9F0418046086871
:10C450000F4678B10D4600244FF6FF7606F030FC0B
:10C46000431E0444FE2B0AD8B44208D855F8040FE2
:10C470000028F3D1C8F8A4700020BDE8F08101487D
:10C48000BDE8F081008FFFFFD0F8DC00704700BFEF
:10C4900080F8C81080F8C920704700BF80F8CA1023
:10C4A00080F8CB20704700BF90F8CE3061F30003D6
:10C4B00080F8CE30704700BF90F8CD3061F3410373
:10C4C00080F8CD30704700BF90F8CD3061F3820323
:10C4D00080F8CD30704700BF90F8CE3061F3410353
:10C4E00080F8CE30704700BF0429034610D84A1E9A
:10C4F000032A07D9B3F8CC20002061F38812A3F8EF
:10C50000CC207047034850F82220B2F5205FF1D9C3
:10C51000014870478C050020008FFFFF90F8CD3058
:10C5200061F3861380F8CD30704700BF90F8CD30AE
:10C5300061F3041380F8CD30704700BF90F8CD3020
:10C5400061F3C71380F8CD30704700BF90F8CD304D
:10C5500061F3451380F8CD30704700BF90F8CC30C0
:10C5600061F3051380F8CC30704700BFC0F8B410F9
:10C57000704700BF0A684B68C0F8B820C0F8BC30EC
:10C58000704700BF0346D0F8A800012816D01A68EB
:10C5900092F8CC20920705D5D3F88010D3F88820E4
:10C5A00091420AD8D3F8A02012B1D96F8A4204D39D
:10C5B000586F003018BF012070470120704700BF3E
:10C5C000436F0BB1C06F704718467047436B0BB198
:10C5D000186E7047836B002BFAD14FF0FF30704715
:10C5E00020B1436B13B11868FBF752BD00207047B0
:10C5F000036893F8CC309B0708D54269022A0ED015
:10C60000084B0948032A08BF184670474369032BA3
:10C6100003D8064A52F8230070470548704705487A
:10C62000704700BF304100203C41002044050020FD
:10C63000F42D002024410020436CCBB11A6DAAB127
:10C64000517802290ED011D3063902290ED89A68E2
:10C65000036893F8CC3013F0020F0CBF05230D23B1
:10C66000D018704752695B691A44F1E70548704772
:10C67000036893F8CC3013F0020F0CBF05200D2097
:10C68000704700BF0094FFFF0368B3F8CC30C3F3DA
:10C690008213013B032B10D80D4A52F82320036B61
:10C6A0004BB193F87030013B032B09D9B2F5205FF1
:10C6B00028BF4FF42052104670474FF42052EEE747
:10C6C000034951F823309A4228BF1A461046704752
:10C6D0008C05002010B1406B00B1C06D704700BFE9
:10C6E000A0B1026892B110B592F8CC300446DA07D6
:10C6F00004D52046BDE81040FDF79EBBFBF776FD54
:10C70000236893F8CC30DB07F3D410BD00487047A2
:10C71000008FFFFF78B1036810B504461BB908E02D
:10C72000FFF7DEFF30B963682046102BF8D10020F8
:10C7300010BD024810BD0148704700BF008FFFFFC9
:10C74000D022002106F08CBAF0B51F4690F8CC300C
:10C75000C5B0044661F300030D46164662F341037B
:10C7600080F8CC3000294BD1D9B2022390F8CD20EB
:10C770004FF47A7E63F3830190F8CE30A0F8B8507E
:10C7800042F09E0243F00203494884F8CC104EF672
:10C79000602184F8CD20102284F8CE304FF0FF3392
:10C7A00060644448C4F8ACE0A064C4F8B010C4F8B5
:10C7B000B420C4F8BA30A4F8BE30022F5CD00122F5
:10C7C0000323964284F8CA3084F8C83084F8C9300C
:10C7D00084F8CB2068D0FBF7B9FB374A374B626649
:10C7E0006367E060A06060602060EEF79FFA4FF43E
:10C7F00080620023A067C4F8C420184645B0F0BD8D
:10C8000090F8CD204FF47A7190F8CE304EF6602E2D
:10C81000C0F8AC1042F01E0243F00203244884F832
:10C82000CD20102184F8CE3000224FF0FF33606419
:10C83000012D2048C4F8B0E0A064C4F8B410A4F8F6
:10C84000B820C4F8BA30A4F8BE30B6D14FF4807224
:10C850001B4904A806F0F0F94FF0020E04A9009558
:10C8600003AB4FF4807220468DF80CE0FFF750FDCB
:10C870000028A2D00346C0E7002312480321124A31
:10C88000124E134DA067184684F8CA1084F8CB10D6
:10C8900084F8C81084F8C910E260A2606260226067
:10C8A0006666656745B0F0BD022384F8CB3092E739
:10C8B000F5BB0160FDBB016008F60260D05B0020A3
:10C8C00034040020F45B0020E85B002018F60260CE
:10C8D000F85B002038B505467C30E7F771F905F1C3
:10C8E0008800E7F76DF9D5F8940060B1D5F8981095
:10C8F000F5F734F9D5F8940006F0EAF90023C5F805
:10C900009430C5F89830D5F89C0060B1D5F8A010E7
:10C91000F5F724F9D5F89C0006F0DAF90023C5F8FC
:10C920009C30C5F8A030A86E28B1846806F0D0F914
:10C930002046002CF9D12846D021BDE83840F5F733
:10C940000DB900BF7C22002106F08AB988B110B56C
:10C950000446C06D20B105F005F8E06D06F0B8F9A9
:10C96000606E06F0B5F920467C21BDE81040F5F771
:10C97000F5B8704770B50C460646FFF7E7FF7C2216
:10C980002146304606F058F9E36D83B14FF49A71B1
:10C99000012006F091F9F065F8B104F0DDFFE36DD8
:10C9A000F06D5A68996805F049F8054670B9606EEF
:10C9B00058B1A56E0120294606F07EF9706660B177
:10C9C0002A46616E06F038F9002070BDF06D06F061
:10C9D0007FF900232846F36570BD014870BD00BF94
:10C9E0000081FFFF98B191B1836B83B1026892F827
:10C9F000CC20D2070BD410B504461846FFF7BAFF77
:10CA000020B9E36B0122C3F8782610BD10BD0148A0
:10CA1000704700BF008FFFFF0B4648B141B1416B2B
:10CA200031B1026892F8CC20D20701D41846A1E7B0
:10CA300000487047008FFFFF012905D0042901D16C
:10CA4000407870470020704700787047012906D071
:10CA5000042903D1437803B94270704770470378C3
:10CA6000002BFAD10270704701704170704700BF0F
:10CA7000B0B110B504465030EAF78CFF04F19000D5
:10CA8000EAF788FF04F13800F1F722FC04F14400D2
:10CA9000F1F71EFC2046D021BDE81040F5F75EB846
:10CAA000704700BF38B5C56B002D41D005F5027049
:10CAB000F1F7C2FD05F51870F7F7FEFB05F52F70CD
:10CAC000F8F720FF05F54A70F9F762FE281DECF72C
:10CAD00027FF05F18000EDF73DF8D5F8B40106F029
:10CAE000F7F8D5F8B80138B1D5F8BC11F5F736F834
:10CAF000D5F8B80106F0ECF8D5F8C80128B184687B
:10CB000006F0E6F82046002CF9D1D5F8DC0106F055
:10CB1000DFF8D5F8E40106F0DBF8D5F8F001FFF70F
:10CB20008FF828464FF4D261BDE83840F5F716B8C3
:10CB300038BD00BF2DE9F0410446C06C08B1FFF7D5
:10CB400097FFA06B08B1FFF701FFE56B1DB1204611
:10CB5000FFF7A8FFE56BE36C002B00F08980A36B67
:10CB6000002B76D0002D7AD0E36C002B00F086806D
:10CB7000A06B002800F082807C22002106F070F873
:10CB8000E56CD0220021284606F06AF805F1500035
:10CB9000EAF7FCFE05F19000EAF7F8FE05F138002F
:10CBA000F1F790FB05F14400F1F78CFBE56B4FF4D6
:10CBB000D262002105F5027805F51876284605F5BC
:10CBC0002F7706F04DF84046F1F732FD3046F7F783
:10CBD0006FFB4046F1F73CFD3046F7F779FB05F572
:10CBE0004A763846F8F78AFE00213846F8F796FE6E
:10CBF0003046F9F7C9FD01213046F9F7D5FD00238C
:10CC0000264A281D2B70C5F800246B70ECF71EFC1B
:10CC100005F18000ECF798FF03222368C5F8C421D2
:10CC200093F8CC20920711D5E26B616CC2F8FC112D
:10CC300093F8CC3013F0010318BF022382F8EC31D3
:10CC4000636D1BB10022206D114698470020BDE89E
:10CC5000F0817C21012006F02FF8A06382E74FF4D9
:10CC6000D261012006F028F8E06338B105467BE781
:10CC7000D021012006F020F8E06470E7284606F095
:10CC800027F8E06C06F024F8A06B06F021F80023EA
:10CC90000348E363E364A363BDE8F08151B9016035
:10CCA0000081FFFFF8B504460F46012042F64D1102
:10CCB000276006F001F8E06500284FD0054642F6EF
:10CCC0004D11012005F0F8FF0646C4F8AC0000281D
:10CCD00040D097F8CC309B071ED400F1080E00F12D
:10CCE0000B0700F10D0205F10D0305F1080005F138
:10CCF0000B01C4F8B060606620462566C4F8B4E055
:10CD0000C4F8B870C4F8BC20C4F8C020A166E366BB
:10CD10002367BDE8F8400DE700F1030E00F10B07B3
:10CD200000F10D0205F10D03E81C05F10B01C4F83B
:10CD3000B460206620466566C4F8B0E0C4F8B870F8
:10CD4000C4F8BC20C4F8C020A166E3662367BDE830
:10CD5000F840EFE6284605F0BBFFE6650048F8BD61
:10CD60000081FFFFF8B50022436D04460D46426086
:10CD700013B11146006D9847E26D00230D32A36098
:10CD8000E360C4F8EC30C4F8F030C4F8F430C4F810
:10CD9000F830C4F8FC30C4F80031C4F80431C4F8E9
:10CDA000E8306367A367E36722670DB9C4F8805072
:10CDB000D4F8AC0000230026002700F10D0194F9FF
:10CDC000D020C4F88830A4F88430C4F8C010C4F867
:10CDD000A030C4F8A430C4F8A830C4F8C430C4F8F3
:10CDE000C830C4F8CC30C4E92467C4E926670AB166
:10CDF00084F8D030002342F64D1223641946636450
:10CE000005F02EFFCDB1A06C30B1FFF731FEA06C64
:10CE100005F05EFF0023A364606B30B1FFF796FD61
:10CE2000606B05F055FF002363630023C4F8DC301A
:10CE300055B12046BDE8F8407CE642F64D12294641
:10CE4000E06D05F00DFFDEE7D4F8E00005F040FFEF
:10CE5000C4F8E050C4F8E4502046BDE8F84069E664
:10CE600000217FE710B50446FFF764FE80B9236810
:10CE700093F8CC309A0702D5A268032A09D0002281
:10CE8000012320466260A360BDE81040FFF742BC6A
:10CE900010BD13F0010F4FF00102E36B14BFC3F894
:10CEA000D421C3F8D821EAE7002850D038B5044689
:10CEB000D0F8AC0038B142F64D11F4F74FFED4F87B
:10CEC000AC0005F005FFE06D30B142F64D11F4F70E
:10CED00045FEE06D05F0FCFEA06C20B1FFF7C8FD3B
:10CEE000A06C05F0F5FEE36B8BB12046FFF7DAFD91
:10CEF000E06CFFF7BDFDA06BFFF728FDE06B05F0D0
:10CF0000E7FEE06C05F0E4FEA06B05F0E1FE606B6F
:10CF100020B1FFF71BFD606B05F0DAFED4F8D850A6
:10CF200055B1284605F0CCFE01462846F4F716FE1A
:10CF3000D4F8D80005F0CCFED4F8E00005F0C8FE27
:10CF400020464FF48471BDE83840F4F707BE7047BF
:10CF500010B50446FFF7A6FDE06B05F0B9FE00230F
:10CF6000A06CE36320B1FFF783FDA06C05F0B0FE79
:10CF7000E26C0023A264E36410BD00BF38B583688F
:10CF80000446C26B012BD2F878562CD0606B38B1B6
:10CF9000826FA36B9A67FFF7D9FC606B05F098FE70
:10CFA00023680020A16B5A6A6163A06312B188688C
:10CFB00000B1EDB193F8CC309B070DD5E36BD3F8FE
:10CFC000F0314BB1636D1BB10022206D11469847C3
:10CFD00063680133636038BD2046FFF7B9FF6368BB
:10CFE0000133636038BD022200238260C360CDE755
:10CFF000986A90472368DDE710B50446C06B00F5DA
:10D000000270F1F725FBE06B00F51870F7F760F997
:10D01000E06B002100F52F70F8F780FCE06B012138
:10D0200000F54A70BDE81040F9F7BEBB2DE9F04F9E
:10D03000836BD9B0C66C054604933368C46B187A09
:10D04000EAF77EFC002800F0F08133688046587AC9
:10D05000F1F72CF98246002800F0E7816B69022B7A
:10D060002FDC934B934AC4F80C34934BC4F804243C
:10D07000C4F80834D4F8783653BBEB6BD3F88C265D
:10D08000012A00F0F080049B302204F2544904F29B
:10D09000144B2C33D4F810140292184606934023F4
:10D0A000864A0190484600935B46D4F80C74B84712
:10D0B00058B918AB05934FF409714846F4F74EFD83
:10D0C0000FE0032B00F07A817D4859B0BDE8F08F66
:10D0D000049B04F2144B04F254492C33069318AB0E
:10D0E00005935F460DF1200C3868103757F80C1C7B
:10D0F000E64657F8082C0CF1100C57F8043C4F4545
:10D10000AEE80F00F0D110AF0DF1200E0FCFCBF82D
:10D110000000CBF80410CBF80820CBF80C300FCF70
:10D12000CBF810004027CBF81410CBF81820CBF820
:10D130001C30BEE80F00C4F83404C4F83814C4F836
:10D140003C24C4F84034BEE80F00C4F8440408A8E6
:10D15000C4F848143946C4F84C24C4F85034F4F7E1
:10D16000FDFC4FF48072059B3021029201935B46D7
:10D1700000970698D4F80C44524AA0470028A4D13E
:10D1800039465846F4F7EAFC98F80120D8F80440EC
:10D1900002F0FD03E408082B746000F09780062A73
:10D1A00000F094800122514606F13800F1F7AAF808
:10D1B00000288AD10122514606F14400F1F7A2F875
:10D1C000002882D15046F1F7DDF8049B81465B6F61
:10D1D0007061012B00F03581024698F80130D8F8D3
:10D1E0000C10072BF16000F02281049B9B6F012B38
:10D1F000D8F8143000F03881B2FBF3F203FB0232AE
:10D20000B2606B69012B40F22D81023B012B3FF68E
:10D210005BAF03B2B268059C0A445B0005992044E9
:10D220003769746801EB030BB2602A6892F8CC206E
:10D23000D20700F11C8104EB030A059B07909A4476
:10D2400007B9F768059B3A460AEB040106F1180096
:10D25000049305F0F1FC39193A4606F128005144CF
:10D2600005F0EAFC68E018AAD3F804342846114611
:10D27000059298476B69032B00F0AE802422049B33
:10D2800004F25449D4F810142C3300920E4A184674
:10D2900006933023019048460293059BD4F80C7402
:10D2A000B84700287FF411AF04F2144B03E700BF26
:10D2B00055BE0160B5B9016005BA01606441002046
:10D2C0000094FFFF744100204C41002000230C27F4
:10D2D0000A2A7361F76000F096800422082317463B
:10D2E000326131682A68097F11F0020F0CBF1021EA
:10D2F00008210B44B36092F8CC9019F0010900F0BA
:10D300008E80059A002392469946049204EB030B03
:10D31000059B9B44002F67D0059B3A460BEB04010D
:10D3200006F12800079305F087FC39193A4606F103
:10D330001800594405F080FC6B69002B7FF7C4AEE0
:10D34000B9F1000F52D12B68DC6D3CB1186E4B4621
:10D35000019775680699059A0095A04706F1500453
:10D3600041462046EAF726FB00287FF4AEAE903611
:10D3700041463046EAF71EFB00287FF4A6AE594628
:10D380000123D8F804202046EAF740FB00287FF468
:10D390009CAE03465146D8F804203046EAF736FBE7
:10D3A00000287FF492AE98F80130022B4CD00598FB
:10D3B0004FF48071F4F7D2FB002086E633685B7A85
:10D3C000072B22D02B4B2C4AC4F80C342B4BC4F81F
:10D3D0000424C4F808344DE6EB6C1B685B7A072B19
:10D3E00014BF202230224AE7F76895E704994A469D
:10D3F00006F13800F0F7FEFF4A46079906F14400AF
:10D40000F0F7F8FF9FE737616BE71D4B1D4AC4F843
:10D410000C341D4BC4F80424C4F808342AE6059AD9
:10D4200002EB040A079293460CE718484DE603B254
:10D43000B26005995B0074680844376901EB030B1F
:10D44000F3E60A227261C8E620460421EAF702FBED
:10D4500000287FF43AAE30460421EAF7FBFA0028B0
:10D46000A5D032E603B2E4E71344B360C9E6049002
:10D47000DA464BE70DBE0160A9BA0160D5BA01607A
:10D4800031BE016055BB016081BB0160008FFFFFB1
:10D490004368102B10B5044607D0C36B8BB1D3F88B
:10D4A0000034D0F8A020016F9847236893F8CC305F
:10D4B0009B0706D5E36B23B1D3F8D8210132C3F81B
:10D4C000D82110BD70B5C569002D47D00446D0F8ED
:10D4D000CC0050B936E0D4F8CC108142A1EB00006A
:10D4E00032D3C4F8CC00A8B1E56923680246D4F869
:10D4F000C81093F8CC30091AD4F8B46013F0020FB6
:10D50000A06A0CBF05230D2319443144A847002805
:10D51000E1DC70BD082107E0D4F8B050AB5C01330A
:10D52000DBB2AB5493B9D1B223684A1E93F8CC3026
:10D5300003F00203994203F0FF05EDD805B1022084
:10D54000814209D0002070BD054870BD236893F862
:10D55000CC309B07F6D5F2E7024870BD024870BD9B
:10D560000094FFFF8094FFFF008FFFFF03682DE909
:10D57000F04F93F8CC309DB00446D0F8C8609A07BD
:10D5800043D5C76B002F00F0FA8197F8EC31D0F843
:10D59000C450012B2ED0162D2CD1D4F8C0301D78BC
:10D5A0001DB1E26B002A00F09E80321F100C110AA0
:10D5B0005870D4F8C0309970D4F8C030DA7023684D
:10D5C00093F8CC309B0700F19F81002D00F0A582DD
:10D5D000E36B3246D4F8C0102046D3F800349847A5
:10D5E000236893F8CC309F0740F19782E76BD4F81B
:10D5F000C45047B197F8EC31012B04D025F0020359
:10D60000142B00F0D281EBB204E0D0F8C430162B1A
:10D61000C3D0DBB2D4F8B42013702368206993F828
:10D62000CC3061699D07D4F8B42000F1AE81507010
:10D630009170D4F8B830320A1A70D4F8B8305E70ED
:10D64000656C002D00F0AC80216B00294BD02A6D59
:10D65000D4F8C830002A00F0A281B3F5205F92F818
:10D6600001801E4600F29F81B8F1070F00F0AB80E9
:10D67000B8F1020F00F08D8108F0FD03082B40F097
:10D680007981002310AF0A932A68BE46D4F8B030DF
:10D69000127F1868596812F0020FEB68226808BF01
:10D6A0004FF01008099318BF4FF0080894F8C430E1
:10D6B000D5F81090AEE803008DF8483092F8CC20F1
:10D6C00020699307616900F1BD81DDF824E08DF8E0
:10D6D00049008DF84A10320ABEF10C0F8DF84C60EB
:10D6E0008DF84B2003D0C9481DB0BDE8F08FD5F8A8
:10D6F00010A0BAF1040F00F0B681BAF10C0FF2D10C
:10D700002A46D4F8B0100DAB0DF1370E52F8180FB1
:10D7100001F1FF3C0B930DF13F0B5168926807C379
:10D72000099B1EF8011F1CF8012FF34582EA010234
:10D730008EF80020F5D10993099B0DF1300CD4F837
:10D74000C0E005F15000C9EB0303CDF818800EEBE3
:10D75000060B02969A193B460D270B99C4F8C82070
:10D760005246CDF80CE0CDF804E0CDF814B0CDF879
:10D7700010C00097EAF7F6FB0028B5D10C9BB34226
:10D78000B1D1D4F8C8300A9A4344C4F8C830002A4A
:10D79000A9D1D4F8B820190A1170D4F8B820537060
:10D7A00023682046D4F8C82093F8CC3013F0020F39
:10D7B0000CBF05230D231344C4F8CC30FFF782FEC1
:10D7C0001DB0BDE8F08F6369002B8CDD05F13800DA
:10D7D0000822D4F8B01010AFF0F782FE606C03227C
:10D7E000D4F8B4103830F0F77BFE606C0222D4F825
:10D7F000B8103830F0F774FE606CD4F8C820D4F854
:10D80000C0103830F0F76CFE606C39463830F0F7F5
:10D810007BFE606C3830F0F7ADFED4F8C820636C46
:10D820003946D4F8C00010445A6905F005FA656C11
:10D83000D4F8C86008F0FD026B69082A3344C4F8C4
:10D84000C8301E4600F06681B8F1060F00F0628114
:10D85000B8F1020F7FF447AF01260022581C0D9249
:10D86000ED68B0FBF5F105FB1100281A854200F0C8
:10D87000C780C5B201E0D4F8C830D4F8C0100B445A
:10D880009D5401329042F6D2D4F8C85063690135F4
:10D89000012B0544C4F8C85040F3D0802268636C63
:10D8A0009569D06903F11801DA68A84700287FF468
:10D8B0001BAF616CD4F8BC00CA68183105F0BCF924
:10D8C000606CD4F8C850C268D4F8C0302A44C4F898
:10D8D000C8200DA9C2680193029100F118010095BA
:10D8E0005030EAF713FB00287FF4FEAE0D9B9D42FB
:10D8F0007FF4F9AE6369012B40F3AD80002E00F098
:10D90000CA80D4F8C83044E7D4F8C830C3F52053EF
:10D91000072B48D9D4F8C0000836011D0C3005F09B
:10D92000C7F9D4F8C8300833C4F8C830002D71D016
:10D93000E36B0022D4F8C010D3F8D4311B0A0B716A
:10D94000E16BD4F8C030D1F8D4115971E06BD4F840
:10D95000C010D0F8D4310133C0F8D431CA800A7273
:10D96000D4F8C0301A4632F8011F9278A3F8091093
:10D97000DA722DE6B8F1060F3FF483AEB3E6D0F8C5
:10D98000C450162D3FF409AE3DE60132FEF76AFBA6
:10D990004FE68A6F002A3FF416AF00265DE7B3F525
:10D9A000205F7FF6A0AE1A489EE61021012005F008
:10D9B00083F98046002800F0AB80D4F8C89001209D
:10D9C000494605F079F9C8F80000002800F09D806C
:10D9D0004A46D4F8C01005F02FF90022EBB2C8F87F
:10D9E0000490C8F80C2088F80830D7F8F01109B96D
:10D9F0004EE01146CA68002AFBD1C1F80C8009E646
:10DA0000D4F8C0101046CA543EE700BF0094FFFF90
:10DA1000008FFFFFD4F8C0301D71D4F8C0305D71A5
:10DA2000D4F8C030DD801D72D4F8C0301A4632F808
:10DA3000011F9278A3F80910DA72D1E5D4F8C0304A
:10DA4000606C46E70DF14902FEF70CFBD5F80CE0DF
:10DA5000D4F8C8603FE6606CC26800F17801183005
:10DA600005F0EAF84AE7D4F8B0200EAEA8690DAB8D
:10DA70000D90106851680B9303C6D4F8BC10106861
:10DA8000526808604A60D4F8C860D5F80CA053E624
:10DA9000C7F8F081BEE5D4F8B01010ABD4F8B4608C
:10DAA0000D220868D4F8C8504968676C03C32B0A74
:10DAB000B6F800E0B67810A907F13800ADF848E0F4
:10DAC0008DF84B308DF84A608DF84C50F0F708FD1A
:10DAD000606CD4F8C820D4F8BC103830F0F700FDE2
:10DAE000D4F8C830D4F8BC10606C19443830F0F762
:10DAF0000BFD606C3830F0F73DFD626CD4F8C83037
:10DB000052691344C4F8C83043E6404605F0E0F8D3
:10DB10000348E9E501230A93B6E594F8C43079E5B2
:10DB20000081FFFF02680146D2F8B430002B10B428
:10DB30000EDB04201624D1F8C0300022C1F8C80042
:10DB40000846C1F8C4401A705DF8044BFFF70EBDDB
:10DB5000D2F8B030D2F8AC20B3FBF2F201324FF081
:10DB6000010303D001335208DBB2FBD1CA68013292
:10DB70009A42CA60DDDD00205DF8044B704700BFAB
:10DB8000A0B170B4046874B1D0F8C0401526022565
:10DB9000C0F8C460C0F8C8502170D0F8C0305A70C6
:10DBA00070BCFFF7E3BC024870BC70470048704788
:10DBB000008FFFFF28220221FFF7E2BF20B3026897
:10DBC00012B392F8CC20D20714D54268102A1BD188
:10DBD0000321D0F8CC208160A2B9D0F8C01030B4B5
:10DBE00004251624C0F8C850C0F8C4400A7030BCE0
:10DBF000FFF7BCBC8268012A08D04368102B03D110
:10DC0000FFF730B9FFF75EBC01487047FEF782BDF1
:10DC1000008FFFFF90E80A00102B91F8CC2001D074
:10DC2000002070478368032BFAD091F8CD309B0613
:10DC3000F6D5B8312DE9F04102F002060446006E37
:10DC4000C6F108078D1930443A46294605F03CF8DC
:10DC50008046D4F8B00029463A46304405F034F8FE
:10DC6000B8F1000F04DC002802DC0020BDE8F081E0
:10DC70002046BDE8F041FFF7A1BF00BF70B51446D4
:10DC80000E460546FEF700FDA04205D22B6893F82C
:10DC9000CC309B071BD40446D5F8CC3083B917236E
:10DCA000C5F8C84031462246C5F8C430D5F8C00092
:10DCB00004F0C2FF2846FFF759FC38B9204670BD72
:10DCC0002846FFF7FFFB0028F8D070BD70BD014863
:10DCD000FBE700BF008FFFFF002846D0036870B548
:10DCE0000446E3B116460D46FFF794FFC0B96368DA
:10DCF000102B04D02046FEF70DFD002834D12368F8
:10DD000093F8CD30DB0604D5012E02D96369012BCF
:10DD100007DD324629462046BDE87040AEE714488C
:10DD200070BD636C13F1500FF3D01B6D002BF0D05E
:10DD30005B78022BEDD194F9D0304BB90122294602
:10DD40002046FFF79BFF0028EADD012384F8D0304E
:10DD5000721E691C2046FFF791FF0028E0DD0023BA
:10DD6000013084F8D03070BD70BD0148704700BFED
:10DD7000008FFFFF70B1026862B1D0F8CC2022B9E9
:10DD80004368102B03D010467047FFF79BBB01215F
:10DD9000FFF7F6BE00487047008FFFFFF8B5C36C71
:10DDA0001B689A7A0B2A3BD90268064692F8CC3057
:10DDB000DB0740D5C36B002B6ED0D3F8C051002DCC
:10DDC0006AD02B68002B69D02D68002D40D06C687C
:10DDD00042F2F6739C4220D80723D6F8C020210CCB
:10DDE000200ADF1CD1542246D6F8C01019444870CE
:10DDF000D6F8C0100B449C70D6F8C000A96838440F
:10DE000004F01AFF42F2FD723B19D5F83051D21AD4
:10DE1000002D3AD06C689442DFD9244A1046F8BDF0
:10DE20004FF41663D340DA07BED5436800220133AE
:10DE300043601046F8BDD0F8D430002BF5D0C36B4A
:10DE40001BB1D3F8C051002DBED1956E002DBBD1B2
:10DE500007232F462846D6F8C02016240B21107120
:10DE60003046D6F8C0205771D6F8C0209571D6F844
:10DE7000C020C6F8C830C6F8C440117073680133BA
:10DE80007360BDE8F840FFF771BBDD1FC5F30740C5
:10DE9000C5F30727EDB2DEE7956E0DB9044AC8E772
:10DEA00029680029FAD0002BCBD18DE7008BFFFF2A
:10DEB000808AFFFF10B401221424D0F8C010C0F8EB
:10DEC000C440C0F8C8200A7042685DF8044B0132B3
:10DED0004260FFF74BBB00BF4369022B08DD4B7A62
:10DEE000072BC36B0CBF054A054AC3F800247047D3
:10DEF000C36B044AC3F80024704700BF49BB0160EC
:10DF00009DBA016091B901602DE9F047C56B84B0FD
:10DF100007688046D5F8B89105F2544305F5CF66F9
:10DF2000D7F89420D7F89840B9F1000F7BD0D5F8F6
:10DF3000BC4105293AD007294ED0062958D00829D6
:10DF400073D1FB6905F2564A03A905F180000193DC
:10DF50005246BF69CAEB06030097EBF7DDFE10BB24
:10DF6000039B190A0AEB030285F8553485F854140B
:10DF7000B31A012B53DD1346210A03F8021B9E42FC
:10DF800054704CD3F61AB44249D822461846494632
:10DF900004F052FED8F83C200444002002F254431E
:10DFA000E41AC2F8104404B0BDE8F087F31A012B5C
:10DFB00035DD05F25647230A85F85544BE4285F8FB
:10DFC00054342CD3F31B9C4229D8224600213846D6
:10DFD00004F046FE3A19CBE7F31A012B1FDD0021AE
:10DFE000302305F2864285F8541485F85534BFE78E
:10DFF000FA6905F2564A03AB281D01925146BF69E2
:10E00000CAEB06020097EBF78DFB0028CBD1039AF1
:10E01000130A85F85524524485F85434A8E7044877
:10E0200004B0BDE8F087914683E70248BBE700BF34
:10E03000008FFFFF0094FFFF10B501210446F1F7A8
:10E0400039FF08B1012010BD20460421F1F732FF4D
:10E05000002814BF0320002010BD00BF022807D0F5
:10E06000042805D0A0F10100B0FA80F04009704703
:10E0700003207047012803D003280CBF0420002090
:10E08000704700BF0138C0B2052802D8024B185CA7
:10E0900070470020704700BF6C050020033805283A
:10E0A00002D8024B185C70470020704774050020AE
:10E0B0004369032B05D104290BD0052903D002297C
:10E0C0000DD00A487047C36B0020094AC3F80424E6
:10E0D0007047C36B0020074AC3F804247047C36B22
:10E0E0000020054AC3F80424704700BF009AFFFFD0
:10E0F00055BB0160A9BA0160B5B9016003689A6FA8
:10E1000052B1137843B1994202D108E08B4206D054
:10E1100012F8013F002BF9D14FF0FF30704700207B
:10E12000704700BF03685A6F52B1136843B19942F8
:10E1300002D108E08B4206D052F8043F002BF9D1FF
:10E140004FF0FF3070470020704700BF012A70B5C4
:10E150001D46064611D0802103F090F9C0B12B680E
:10E160004FF0FF341B4943F400632B603046082214
:10E1700003F08EF9F8B9204670BD897A0A290AD9C8
:10E180000021304603F07AF9E0B904461249EDE780
:10E1900004461049EAE78A4012F0820F07D112F4D0
:10E1A000C06F06D112F01C0118BF8021E9E72021C1
:10E1B000E7E70821E5E72B684FF0FF3443F480538D
:10E1C0002B60D8E72B684FF0FF34034943F400631A
:10E1D0002B60CBE7D4210020C41C0020012A04D0EE
:10E1E0001870597030B430BC70471A46FDF73ABF0A
:10E1F000012A04D01A7802605B780B60704710B473
:10E2000040F201121C78121B02605A78C2F580732A
:10E21000012B03D00B605DF8044B704740F20113F3
:10E220009B1AF7E7026838B5D2F8AC200446C36BF6
:10E23000456DC3F8E8211DB19108006DA847E36B57
:10E24000A26F162A03D0022283F8EC2138BD226F78
:10E250001278142AF7D1032283F8EC2138BD00BFCD
:10E260004369012B70B5044640F38D80C26CD0F831
:10E27000BC001169D3685B1AC118C4F8C0102268C9
:10E280000431E36B204692F8CC20D3F8083402F036
:10E29000010298476369D4F8C05004F1F000002BE4
:10E2A00005F1040115BF0C22242210262826C4F8EB
:10E2B000EC2004F0C1FC16221423C4F8C860C4F892
:10E2C000C4202B70E26BD2F878362BB3216891F81A
:10E2D000CC30DD0705D40F23636091F8CC30D8072C
:10E2E00020D50A23636091F8CC3003F0020303F0D9
:10E2F000FF01EBB9D4F8B03019605960E16CA26B42
:10E3000023686164226393F8CC309B0733D42046A2
:10E31000BDE87040FFF72AB994E80A000133636052
:10E3200091F8CC3003F0020303F0FF01002BE1D0A1
:10E33000D4F8B0100023606CC2F8FC01086849688A
:10E34000C2F80002C2F80412D4F8B020C2F80230B9
:10E35000D380D4F8B02053780133DBB25370002B54
:10E36000CCD1D4F8B02013780133DBB21370002B7A
:10E37000C4D1074870BD2046FFF754FF2046BDE8D2
:10E380007040FFF7F3B8D0F8BC10C0F8C01076E7C3
:10E390008094FFFF38B5C36B0446D3F8F001FDF756
:10E3A0004FFCE36B0022D3F8D811C3F8F021C3F877
:10E3B000F421656DC3F8F8111DB11146206DA84711
:10E3C000E36BA26F162A03D0002283F8EC2138BD3C
:10E3D000226F1278142AF7D1032283F8EC2138BD7A
:10E3E00038B5C36B054693F8EC21012A1FD0D3F84A
:10E3F000F021C3F8F421FDF733FCEB6B012283F825
:10E40000EC21EB6B13E06268D5F8C00004F014FC5B
:10E410006368E2682846C5F8C830EB6B217AC5F816
:10E42000C410C3F8F421FFF7A1F880B9EB6BD3F85F
:10E43000F4416CB1237A2168162BE4D10B78142BAC
:10E44000E1D12846FDF70CFC2168DCE7184638BD11
:10E450006A68102A0DD0022283F8EC216B6D002B24
:10E46000F4D0EA6B286DD2F8E8219108984720464D
:10E4700038BD0322204683F8EC2138BD01682DE920
:10E48000F04791F8CC30C76F9C0703D50B2F3AD9D2
:10E490000C2402E0032F36D90424056FAA786B7888
:10E4A0001202EE7842EA034333431E19C0F8A0601B
:10E4B00091F8CC3099071FD52A7904466B79D0F8AA
:10E4C0003C8043EA0223B8F1000F00F0F480426878
:10E4D000102A1ED0D8F8D82193421DD0D8F8F821A0
:10E4E000013A934212D12B78032B0FD02046FFF72D
:10E4F00077FF58B1BDE8F0879F4BB74234BF18464D
:10E500000020BDE8F0879D48BDE8F0879C48BDE845
:10E51000F0872A78012AE1D1B74280F01B81A6F169
:10E520000C07D8F8E491B9F1000F00F0E88004225C
:10E530002946484604F0C8FB0028E4D1EA7909F1ED
:10E540000C00AB7A95F806A012026E7A1B0242EA22
:10E550000A4295F808A043EA0643EE7A42EA0A0A1C
:10E5600000EB07091E430AEB0603BB42CBD806F1BA
:10E570000C08E36F9845C6D8324605F10C015044AB
:10E5800004F05AFB0AF00702C2F10803002A76D011
:10E590009E424FEADA0064D866B19E1B19F800204B
:10E5A000012505FA06F101360A439E42D2B2F8D19E
:10E5B00009F80020F8080ED099F80030FF2BA5D1FB
:10E5C00009F1010309EB000103E013F8012BFF2A15
:10E5D0009CD18B42F9D117F007070FD019F8001022
:10E5E000CB0993D0C7F10707062301E0D2078DD5E9
:10E5F000BB4241FA03F203F1FF33F7D1E36F9845D1
:10E600007AD3D4F88020D4F888108A4216D9266F9D
:10E61000521AD4F8A00042F64D15636E3044E66DF0
:10E620001944C71A9B1BED1AD319C4F88870AB4262
:10E63000C4F8803000F2978004F03AFBE36BD4F822
:10E64000A020D3F8E411206F04F0F6FAE36BD3F8BE
:10E65000E40104F03DFBE36B0020C3F8E401BDE8F6
:10E66000F0879A44F61A19F800200125013B05FAB3
:10E6700003F10A43D2B2002BF8D109F8002016F0BA
:10E68000070311D006EB0A05C3F10802F61A0120B0
:10E69000ED0819F8053000FA02F101320B43082A9F
:10E6A000DBB2F8D109F80530F208FF2109EBDA00F6
:10E6B00004F0D6FA7EE7B7421ED303223149A81DE3
:10E6C00004F002FBC0B90322691C05F1090004F043
:10E6D000FBFA58B9B8F1000F3FF40CAFD8F8E49149
:10E6E000B9F1000F42D0A6F10C0720E7A6F10C0704
:10E6F000B8F1000F7FF415AF1F48BDE8F087B6F5FD
:10E70000205FF9D817F007034FF0010006EBD7019F
:10E7100018BF0346194404F0CFFA0346C8F8E401D1
:10E7200030B328681860AA889A80D8F8E431A3F832
:10E73000069083F80890E36BD3F8E4311A4632F878
:10E74000011F9278A3F80910DA72E36B256FD3F8F2
:10E75000E491F3E603220B49A81D04F0B5FA002862
:10E760007FF4DDAEAFE70848BDE8F087BDE8F0878D
:10E770000648BDE8F08700BF808FFFFF008EFFFFD7
:10E78000809AFFFF340500200096FFFF0081FFFF05
:10E79000836F162B10B5044622D0152B0ED023689C
:10E7A00093F8CC3003F0020303F0FF002BB1E06BD1
:10E7B00018B16368102B19D0002010BDE36F022B35
:10E7C00019D1226F1378022B17D0012B01D00D48DD
:10E7D00010BD53789BB1642B0A4808BF002010BDC0
:10E7E000FFF74CFE0028E8D1A36FD6E72046FEF7DE
:10E7F000AFFB002010BD044810BD044810BD044804
:10E8000010BD00BF8099FFFF008EFFFF8088FFFFD3
:10E810008087FFFF036A2DE9F041002B00F0BC80E8
:10E82000456E42F64D13C26DAA1A9B1A8B42C0F078
:10E83000B78003680F46044693F8CC309A072FD46C
:10E84000D0F88060B14230461FD880E0D4F88060B4
:10E85000D4F82480B8F1000F00F08B8023682A469A
:10E86000616ED3F8A8303144A06AC047002800F098
:10E8700089807CDB8542C0F09680D4F8806030448B
:10E880008742C4F88000064661D9A36D3D1A002B6B
:10E89000DED0206D98470228D8D14948BDE8F081E4
:10E8A000436D002B7CD0836D002B79D0D0F888107D
:10E8B000D0F8802049B1914275D8521AC0F8802012
:10E8C000002A62D10023C4F8883097423FD9002A39
:10E8D00069D1A36D13B3206D984702281ED1636DD3
:10E8E0001BB10022206D114698476368102B31D070
:10E8F000E36B2168D3F8E821D1F8B0108A42CCD27A
:10E90000500081425AD3824258D8C3F8E8012046C9
:10E91000FFF766FD58BB2B48BDE8F0816368102BFC
:10E9200044D0E36BD3F8E831616E42F64D12E06DEE
:10E93000656A081A121A002D3CD0A06AA84708B3CD
:10E9400010F5D04FCBD0002811DBC4F88000002098
:10E95000BDE8F081236893F8CC30DB079DD5A36830
:10E96000032B9AD12046FFF7DDF80028D3D0BDE86D
:10E97000F081616E2A46236A3144A06A98470028D4
:10E980007FF477AF1048BDE8F0812944284604F0B1
:10E990008FF9D4F8802095E7436A002B7FF440AFCD
:10E9A0000A48BDE8F0810A48BDE8F0812368D3F841
:10E9B000A830B9E7236AA06A9847C0E70846A4E7E9
:10E9C0000098FFFF0097FFFF808DFFFF008FFFFF84
:10E9D0000094FFFF036893F8CD3003F00803002B89
:10E9E0005FD0016E00222DE9F00F8C7884B00025F5
:10E9F00016462302CC7991F804A01643CF784FEA4B
:10EA00000A684FEA1A2991F805A01F43CDE902458B
:10EA1000DDE9024534433D4344EA080445EA09057B
:10EA2000A0464FEA1A44A94601944FEA0A4491F8D5
:10EA300006A000944FEA1A674FEA0A26DDE900456E
:10EA4000D0E924AB45EA090544EA080445EA070988
:10EA500044EA0608CB4508BFC2451DD3BAEB0806F9
:10EA60006BEB0907002F08BF402E1ED2D0F89C4048
:10EA7000C6F12001D0F89830A6F1200204FA01F185
:10EA800023FA06F024FA02F20843104340F3000090
:10EA900004B0BDE8F00F7047104604B0BDE8F00FB9
:10EAA000704703F0FF02104670474FF0FF30EFE76A
:10EAB000036893F8CD301B0761D5016E00232DE963
:10EAC000F00F8A7884B0CF7800241502CA7991F8C3
:10EAD00004A026462F434FEA1A2926434FEA0A6824
:10EAE00091F805A0CDE90223DDE902233B4332433F
:10EAF00043EA090342EA080299464FEA1A4390465C
:10EB000001934FEA0A4391F806A000934FEA1A676F
:10EB10004FEA0A26DDE90023D0E924AB43EA0903E2
:10EB200042EA080243EA070942EA0608CB4508BF61
:10EB3000C24525D2B8EB0A0A69EB0B0BBBF1000FFB
:10EB400008BFBAF1400F3BD2D0F89830AAF12006A6
:10EB5000D0F89C20CAF1200103FA06F603FA0AF461
:10EB600002FA0AF523FA01F144F0010435430D439A
:10EB7000C0E92645C0E9248904B0BDE8F00F70471C
:10EB8000BAEB080A6BEB090BBBF1000F08BFBAF137
:10EB9000400FF1D20121AAF12005CAF1200401FAA7
:10EBA00005F301FA0AF221FA04F42343D0E92645D9
:10EBB00022432B43C0E9262304B0BDE8F00FDEE773
:10EBC00001220023C0E92623D4E700BFD0F8A0101B
:10EBD0002DE9F04F04469DB0C9B1456F002D40D1DD
:10EBE000C26F91423FD3C567C0F8A050236820464A
:10EBF00093F8CC3013F0020F0CBF05210D21FFF765
:10EC000009FE58B1054628461DB0BDE8F08F436F98
:10EC10002BB3002528461DB0BDE8F08F636EA26EB1
:10EC20001E782068A6671578527842EA0525E567C0
:10EC300090F8CCE01EF0020F40F0CF8159789F7819
:10EC4000A6F11402032A1AD91EF0020F00F0A981BE
:10EC50000023724DC4F88830C4F88030DAE7C36707
:10EC6000C4E76F4DD6E7521A006FE267014404F023
:10EC70001FF8E36FC4F8A050002BCAD1B6E7236990
:10EC80008B4240F0D58190F8C930BB42C0F2D081B0
:10EC9000E76D42F64D12216FC91B521A954200F2E0
:10ECA000C7810EF0020202F0FF03002A40F0BC8090
:10ECB000226C002A00F0428292689542C0F04382A2
:10ECC0006169002904DD02F52452954200F23B827D
:10ECD000002B20460CBF05210D212944FFF79AFD8A
:10ECE00000288FD1226892F8CC3003F0020303F0A1
:10ECF000FF01002B00F06E81E36F0D33C4F8883004
:10ED0000256C002D00F05D81E06A002800F025826E
:10ED1000D5F89030002B00F01B82E76FAE68597871
:10ED2000B742C0F0798101F0FD03082B00F0638148
:10ED3000A1F10603B3FA83F35B09002B40F05B817A
:10ED4000022940F00A8261690B93012940F30E8287
:10ED5000EB68194619448F42C0F05E8169694E1C08
:10ED600033449F42C0F05881836FD4F87080012BE8
:10ED700000F07C8338464FF00009EA68B0FBF2F6F9
:10ED800002FB1606002E40F017826369012B11DD8D
:10ED9000801ABF1AE0676AB130463146E36E0D440F
:10EDA00001311B5CC9B285F82830256C0846EA6839
:10EDB0009142F3D30BA9434605F19000029105F16E
:10EDC00028018DE88001E9F7A1F8002840F0B3811F
:10EDD0000B9B9F4200F006822268114D92F8CC30C6
:10EDE0009E0740F11B8125F0800313F5E44F7FF46B
:10EDF00011AF63680B2B00F011810D2B00F00E8119
:10EE0000D2F8C020002A3FF423AFA36901339A420D
:10EE1000A3613FF61DAF034DFCE600BF809AFFFFE4
:10EE20000094FFFF808EFFFF216EB4F884C091F83C
:10EE300000804A7842EA0822624500F099811EF07B
:10EE4000010F00F014816368102B08BF162E40F0EC
:10EE50000E81002A40F00B81D4F880300D2B40F257
:10EE600006817A7B012A40F00281D0F84480856CCB
:10EE7000B8F1000F00F0F882002D00F0F5823C2B75
:10EE800040F26D813A78162A40F06981FA78002ABA
:10EE900040F065813A79002A40F06181FA7C002ACD
:10EEA00040F05D813A7D002A40F059817A7D002A48
:10EEB00040F0558197F83B10A3F13D02914200F2DA
:10EEC0004E817A183C3B92F83C209A4200F24781EE
:10EED000D0F84CA03D31D4F8E0B0D4F8E4903944F7
:10EEE00050465B46CDF80090D4F8AC60A8470028A7
:10EEF00000F0A68039685B467A685046FD684FF09E
:10EF0000030AD7F808B04FF0FE0CF5604FF0FF0E83
:10EF1000316006F11C057260C6F808B039697A697B
:10EF200031611CA9726106F520523F7E86F80DA062
:10EF3000377686F819C086F81AE0CDF8009041F8C7
:10EF4000305DC047002840F03481109A9F4D921BDD
:10EF5000D1B2A2F11903A2F10D07A1F11C0EA1F18A
:10EF600019000D393F0AC0B286F81BE03173C3F3B4
:10EF70000741C3F3072330763074B175B173F3756D
:10EF8000F373F772E369D4F8AC10A06A984723686A
:10EF900093F8CC3003F00203DBB2002B3FF43AAE1F
:10EFA00056E60A2202212046894DFEF7E9FD236834
:10EFB00093F8CC3003F00203DBB2002B3FF42AAE0F
:10EFC00046E692F8CC309B077FF523AE2046FFF74C
:10EFD0006FFD1EE6C4F8801092E69A7840F20111A7
:10EFE0005B78C2F58077C91A012F7FF429AE40F211
:10EFF0000117BF1A24E62968EB68087F296910F019
:10F00000020FA3EB01030CBF4FF010084FF00808EC
:10F0100003EB08018F4230D26E4DDFE615F5E34F6A
:10F020007FF4F8AD204614220221FEF7A9FDF1E598
:10F030000EF00203664DDBB2002B3FF4EBAD07E6AA
:10F0400001212046FDF78EFE002800F06382236830
:10F0500093F8CC309F077FF5D5AD10F5CF4F05461F
:10F060003FF4D8AD15F5CE4F7FF4F2ADE56F05F165
:10F070000D03594DC4F88830CCE5FE1A216E0DF110
:10F080004009A76FC8EB06064B46E6670868496863
:10F0900003C38DF8487092F8CC30276F9B07206926
:10F0A000616900F18C8033468DF849008DF84A1073
:10F0B0001A0A8DF84C308DF84B20EB680C2B7FF43E
:10F0C0008BAE2B69042B00F028820C2B7FF484AECE
:10F0D00055F8280F0DF1300C236E6968E246AA68D6
:10F0E00003F1FF3E0DF13B050DF13303AAE80700E4
:10F0F00013F8011F1EF8012F9D4282EA01021A70C7
:10F10000F6D1206C0BAA07EB060E0D2504924B4698
:10F11000CDF8188061460397903002960C22019733
:10F12000CDF814E00095E8F75DFF002800F0EA81D3
:10F1300010F5C64F40D0054622684FE66A1EB2F56C
:10F14000205FFFF4C5AD224D002B3FF463AD7FE59A
:10F15000AB68E76F9F42FFF45FAF204D3EE6204D66
:10F1600090F8CC3098077FF555AD7BE7E968F1E57D
:10F1700020460993FFF72EFC00287FF478AF142E69
:10F18000099B0ED0172E7FF493AD6268102A3FF4CE
:10F190008FADA16801297FF46AAF022A3FF488ADE0
:10F1A00065E762680C2A3FF483AD0A2A3FF480AD1C
:10F1B0005DE70A4D2068D3E72268064D0EE60DF1A3
:10F1C0004902FCF74FFFE36F72E700BF8095FFFF36
:10F1D000008EFFFF808EFFFF809AFFFF0094FFFFED
:10F1E0000087FFFF6269012A40F3A181D4F87CE027
:10F1F00089F00109206F216C00EB0E03D1F814A0F7
:10F2000013F8017C013707EB0A039E4580F08081EB
:10F21000B9F1000F00F07C8100231F46002A7FF720
:10F22000DBADBE4534BF4FF0000803F00108C7EB6B
:10F230000E020AF52053002507F1FF3C01219A42F6
:10F240008CBF4FF0000808F001082B4608FB0202B3
:10F25000501E10F8012FBB422CBF002101F001010C
:10F260000133CCEB0202B3F5807FB2FA82F24FEAAF
:10F27000521201FB0255ECD1AF4214BF002508F039
:10F2800001056B025B1B1F40C7EB0E03E367B9F17F
:10F29000000F00F0A280CAEB0303A26E190AE36715
:10F2A0001170A36EE26F5A706369002B40F3708196
:10F2B000206CE36F026807EB0308527AB8F5807F91
:10F2C000A2F1030288BFA8F58076042A00F26081CB
:10F2D000DFE812F0C300C3005E01C30005001D3368
:10F2E00008F11D02DB09C3EBD2134FEA052A0822FD
:10F2F000216E4430C5EB0A0A0AEA030AEFF7F0F878
:10F30000206C0322616E4430EFF7EAF8206C022291
:10F31000A16E4430EFF7E4F8206CE26F4430216FC7
:10F32000EFF7DEF8226FE36F1344002F00F018812F
:10F330001F44002213F8011BBB4282EA0102F9D1EB
:10F340000DF14009206C8DF830200AF1010A494680
:10F3500044309DF83030EFF7D7F80027206C0137A4
:10F36000216F4430EFF75AF95745F7D1206C4430FC
:10F37000EFF700F9236C206F5A69811908EB02033B
:10F380009B1B07D0CE18002311F8017B7B40B142B4
:10F39000DBB2F9D100218DF82C30E36F9DF82C60A1
:10F3A0008DF82B1082B11A44C618024416F8011BBE
:10F3B00019F8010B9DF82B70964281EA000141EA91
:10F3C00007018DF82B10F1D19DF82B20D2B2002D22
:10F3D00000F0C380002A40F0C080002B40F0B080D5
:10F3E0006269032A00F0CA80D4F8A4200132032AFB
:10F3F000C4F8A4203FF7E0AE206890F8CC20920734
:10F4000019D4082208E0216E4B5D0133DBB24B5565
:10F41000002B40F09980EAB22068551E90F8CC107D
:10F4200001F002018A4201F0FF03ECD89A4200F099
:10F43000AC80E36F2068B3F5205F02467FF6C1AD74
:10F4400090F8CC30990705D563680D2B02D00B2BB3
:10F450007FF4D6AC4F4DFFF7DDBB153308F1150235
:10F460009B09C3EB921340E74B4D79E67F1A216E5F
:10F47000626E0CABE7673E0A0868496803C393787D
:10F480000CA9B2F800E005F144000D228DF83A30E5
:10F49000ADF838E08DF83C708DF83B60EFF720F860
:10F4A000206CE26FE16E4430EFF71AF8206C10A97F
:10F4B0004430EFF729F8206C4430EFF75BF8256C07
:10F4C0000021E26E6B698DF82A10E06F93B103445E
:10F4D00010AE111802EB030E11F8013B16F8012BC8
:10F4E0009DF82AC0714583EA02034CEA03038DF8B4
:10F4F0002A30F1D19DF82A30002B7FF45DAE4FF019
:10F5000001093AE40B9B9E427FF466ACE36F64E72B
:10F51000012383E6214DFFF77DBBA86A0DABE26EA8
:10F520000DF1300C0C901068516803C3E9E5206CB4
:10F53000C26800F1B801283003F07EFB626955E62D
:10F540000022C4F8A42057E7206890F8CC309B072D
:10F5500001D4E36F6FE7022368E7114D22683DE4B1
:10F560000DF14009206C8DF830700AF1010A49460E
:10F5700044309DF83030EEF7C7FFEEE6A26F172A51
:10F580003FF432AF2268034D28E40246054D25E4DE
:10F59000054DE3E7008EFFFF008FFFFF8098FFFF20
:10F5A000808EFFFF8094FFFF0094FFFF38B5D0F8F6
:10F5B000A850044675B10025C0F8A850284638BDAB
:10F5C0002046F3B9FFF7E4F810F5CD4F02D010F55F
:10F5D000CB4F0ED12046FFF7F9FA10F5CB4F03467B
:10F5E000EED12046FFF7F2FA10F5CB4F0346F1D0EB
:10F5F000E6E748B9A36F162BE0D12046FDF748FF98
:10F60000DCE71D46284638BD0546284638BD00BF04
:10F61000002800F0E880036870B50446002B00F075
:10F62000E48093F8CC3015460E469B0709D5FDF7CC
:10F6300049FF68B9E36B23B193F8EC31012B00F07B
:10F64000BE802046FEF7E6FA10F5D64F01D000B195
:10F6500070BD6368102B07D02046FDF75BF810F5EE
:10F66000D64F01D00028F3D1616F002940F090807F
:10F67000A36D1BB1206D984701305ED02046FFF787
:10F6800095FF002840F09580E36F23BBA36F172BF5
:10F690001CD0162B22D0A268032A43D0152B00F0D1
:10F6A0009D80172B25D16368226F102B62674ED087
:10F6B000236893F8CC30DB07D6D5A368032BD3D1CE
:10F6C0002046FEF72FFA0028CED0C1E72046FFF7EC
:10F6D0006DFF00287ED1A36F162BDCD12268216F2D
:10F6E00092F8CC300978D80705D501290BD09907B5
:10F6F000BAD4404870BD0029F9D19807D4F8A010B9
:10F7000042D40429F5D192F8CD20920627D463691A
:10F71000002B6CDD642201212046FEF731FA00281F
:10F72000A2D070BD2268D2F8B4100029B6DBE2681E
:10F7300001329142E260B1DADBE7636D002B9DD0CC
:10F740002268206DD2F8A8209108984796E7636D4B
:10F75000002BADD00022206D11469847A8E7D4F8C1
:10F76000E82012B913F0300FD1D003F00303022BBD
:10F7700036D02046FDF776FB10F5D64F3FF474AF38
:10F7800000287FF465AF6FE70C297FF46DAFBAE70F
:10F79000E26F3046954228BF15462A4603F04CFAE0
:10F7A000E36F5B1BE3678BB1636F2B446367284692
:10F7B00070BD10F5E54F7FF44BAF002070BD2046C3
:10F7C000FEF70EFE00283FF43CAF70BD6367C4F83F
:10F7D000A830ECE710F5E54FEFD070BD064870BDDE
:10F7E0000323A360C5E705487047044870BD04487B
:10F7F00070BD00BF0089FFFF0097FFFF008FFFFF74
:10F800000094FFFFC26C03462DE9F047166884B0F0
:10F81000B17A0B291BD91A68072992F8CC2002F07B
:10F82000010000D1C0B9D96BC2F38102D1F8C47113
:10F83000032F08BF1746B7B9A8B15A688024996B3F
:10F84000002001320C665A6004B0BDE8F0874FF426
:10F850001662CA40D007DED55A68002001325A60CD
:10F8600004B0BDE8F08718461C46FFF79FFE05462A
:10F8700008BB94E80C000133636092F8CC30DA07DF
:10F880001DD56269DAB103F0020AD4F8A090BAF18A
:10F89000000F0CBF07220F220AF0FF0191450ED185
:10F8A000A36F162B00F0228120460A220221FEF7C8
:10F8B00067F9B748D4E7284604B0BDE8F087A26FDF
:10F8C000162AF1D1D4F8708098F800200B2A7DD147
:10F8D00003F0020AD4F8A090BAF1000F5ED0B9F19B
:10F8E000110F73D998F80D1098F80E3098F80C2075
:10F8F00043EA0123002A69D14FF00C084344033343
:10F90000994563D1D4F83890D9F85C0038B102F049
:10F9100029F8A36BD86D03F0DBF9D4F838904FF4D5
:10F920009A71012003F0C8F9C9F85C00002800F0C2
:10F93000168108F10308DFF86C9202F00DF8D4F894
:10F94000A00008F1030E804547D270453ED3236FD7
:10F9500003EB080203EB0E0113F80830B3BB557834
:10F96000937843EA05237F2B1A460EEB03082DD923
:10F9700040452BD3A36BD86D02F060F8484505468F
:10F98000DDD01ADD10F5165F1CD12B222046022196
:10F99000FEF7F6F8284604B0BDE8F087B9F1090F84
:10F9A00014D998F8051098F8063098F8042043EA1E
:10F9B00001235AB94FF00408A0E710F5225F03D1E4
:10F9C0005022E3E70028BAD02A22DFE7204632227D
:10F9D0000221FEF7D5F86F4842E7D4F8009099F875
:10F9E000CC30DB0702D4A368012B69D0002F3FF491
:10F9F00062AFE36BD3F8CC81B8F1000F00F0C180A7
:10FA0000D3F8D021A36B4146D9F83850D86D03F113
:10FA1000600ED9F864300395D9F834C0D4F8D850C2
:10FA2000CDF808C08DE8204001F07EFDA36B0546AF
:10FA30000221D3F85C9009F1BC00F0F73BFAD4F84E
:10FA400000E078B1D9F8C030DEF878201978002AC3
:10FA500067D0137823B964E012F8013F002B60D01F
:10FA60009942F9D19EF8CC203146A06B02F00102F8
:10FA700000F16003C06D82F00102FEF767FB002811
:10FA800063D0002D61D1012F49D0B8F1000F7DD195
:10FA9000022F7BD1404DA36B1B6EDF0566D45E0742
:10FAA00092D413F4DC3F7FF470AFD80700F180806C
:10FAB00099077BD413F0080F0CBF2E22302265E784
:10FAC000636BDB6D5BB1A16B5A68C96D486882429C
:10FAD00005D18968986803F0F7F8002886D0204699
:10FAE00031220221FEF74CF82A48B9E6D4F870809A
:10FAF00098F800300B2B7FF469AF00294FF0030218
:10FB000026490CBF04200C20404403F0DDF80028F7
:10FB10007FF4E2AEA36B4022012F1A6644D100208D
:10FB20009EE6A36B31461B4E1A6ED86D002D08BFA2
:10FB3000354642F4803243F8602F9EF8CC2002F024
:10FB4000010282F00102FEF701FB012F10D0B8F193
:10FB5000000F01D1022F9DD0002DE0D09BE7204661
:10FB600050220221FEF70CF80D4879E631220DE70C
:10FB700015F51C5FD3D015F5F44FD0D0002DCED0A5
:10FB800089E7D9F86C80D9F870203BE7014D82E70E
:10FB90000089FFFF0086FFFF8089FFFF34050020FA
:10FBA0000081FFFFD2D9FFFF024859E62C22EDE683
:10FBB0002D22EBE6808BFFFF10B50446FFF7F6FC25
:10FBC000002832D1A36F142B40D1E36F012B36D123
:10FBD000236F1B78012B32D1A26BE16C2368E262A8
:10FBE000216493F8CC3003F0020303F0FF02EBB181
:10FBF000B4F884300020002101339BB2C4E9240111
:10FC0000A4F88430C4E9260173B16369012B13DDC4
:10FC1000E16CE06ECA680B69D31A0344236763681A
:10FC200000200133636010BD0C4810BD236E1A60C4
:10FC30005A606369012BEBDCE36E2367EFE7204634
:10FC400032220221FDF79CFF054810BD20460A2202
:10FC50000221FDF795FF034810BD00BF8094FFFF10
:10FC60000082FFFF0089FFFF0268C36BF0B592F8C6
:10FC7000CC2085B00546D3F80834D24301A902F060
:10FC8000010298472846FFF791FC00284CD1AB6F42
:10FC9000162B67D12E6F3378142B5CD12F68D5F8D3
:10FCA000A02097F8CC30980740D4102A53D10421D3
:10FCB00001F10C030022314401A81E448DF80320F9
:10FCC00011F8013B10F8012B9DF80340B14283EA83
:10FCD000020343EA04038DF80330F1D19DF80330A9
:10FCE000002B38D10C2201AB05F1FC04C5F8EC2047
:10FCF00007CBC5F8FC006160A260EB6BD3F87836E7
:10FD0000C3B197F8CC30D90705D40A236B6097F8B4
:10FD1000CC30DA0713D50F236B6097F8CC3003F0A3
:10FD2000020303F0FF0083B905B0F0BD182A12D119
:10FD30000C21BDE76B6801336B6097F8CC3003F0A2
:10FD4000020303F0FF00002BEED02846FEF722FB53
:10FD5000002005B0F0BD284632220221FDF710FF39
:10FD60000448E1E728460A220221FDF709FF02487C
:10FD7000DAE700BF8081FFFF0089FFFF2DE9F04136
:10FD8000AEB005468846164601A81F46EEF750FC61
:10FD900017A8F4F78DFA01A8EEF75AFC044670B1E3
:10FDA00001A8EEF749FC17A8F4F786FA2846502276
:10FDB0000221FDF7E5FE20462EB0BDE8F081E96B9B
:10FDC000402201A801F21441EFF786F8044600280A
:10FDD000E6D13A46314601A8EFF77EF804460028FE
:10FDE000DED1414601A8EFF77BF804460028D7D1C1
:10FDF00017A8F4F76DFA04460028D1D1E96B402228
:10FE000017A801F21441F5F717FC04460028C7D1E2
:10FE10003A46314617A8F5F70FFC04460028BFD133
:10FE200008F1100117A8F5F70BFC044601A8EEF73E
:10FE300003FC17A8F4F740FA002CBCD0B6E700BFCB
:10FE40002DE9F04184B01546064688469DF82C0001
:10FE50001F46EEF72BFA0446EEF794FA286001A845
:10FE6000EEF730FA214601A80022EEF74BFA0446DD
:10FE700058B101A8EEF72CFA304650220221FDF7C6
:10FE80007FFE204604B0BDE8F08101A8EEF786FAB7
:10FE900004460028EDD1F16B402201A801F2144183
:10FEA000EEF786FA04460028E3D139460A9A01A8FB
:10FEB000EEF77EFA04460028DBD1414601A8EEF7B2
:10FEC00081FA044601A8EEF703FA002CD9D0D3E753
:10FED0002DE9F04FC3B00024924680460DF1080989
:10FEE0008B464FF4807221464846019402F0B8FEDA
:10FEF000BAF1000F70D055465F463F26AB68002B25
:10FF000055D0AA450ED0354B3946354A4046002CCF
:10FF100018BF1A4602F094FE002857DBB84255D2AB
:10FF20003F1A804401A92846EFF72CFA002846D151
:10FF3000019B39462B4A404602F082FE002845DBF1
:10FF400087428CBF00240124002C3FD12B693F1A2B
:10FF50008044002B3ED049460BE07F2B10D01E2A58
:10FF60000ED90B7001342B690131A3420ED9FE2C3E
:10FF70000CD86B691B5D03F17F021F2BD2B2ECD84A
:10FF80000E7001342B690131A342F0D84FF0000EFE
:10FF90004B46154A3946404609F804E002F050FE47
:10FFA000002813DB874211D93F1A80442C7FAD69AA
:10FFB000002DA3D1C7EB0B0043B0BDE8F08F0B4A77
:10FFC0003946404602F03CFE0028B9DA084843B002
:10FFD000BDE8F08F1C46D9E75046F8E7A441002061
:10FFE000A8410020AC410020BC410020B0410020CD
:10FFF00080D6FFFF2DE9F04F576885B09046064642
:02000004600298
:10000000202F03913BD94FF001091C27039D0024A9
:10001000DFF894B0DFF894A0D8F8083024B9B9F12B
:10002000000F01D01A78A2B107F1FF3E1B5D3046E8
:100030001A4AA64594BFDE46D6462946CDF800E0CA
:1000400002F0FEFD0028064421DBA842A5EB0005D6
:100050001DD20134BC42DFD3D8F80430BB4209D0F2
:1000600030460F4A294602F0EBFD00280FDB85429F
:100070000DD92D1A039B581B05B0BDE8F08F57B161
:10008000012F94BF4FF000094FF00109BEE705486A
:1000900005B0BDE8F08F3846EEE700BFB84100205C
:1000A000C041002080D6FFFFA81C0020B4410020E2
:1000B000002070470020704770B5ADF5207D53AD2E
:1000C00068B9284601F048FC314A324B284612688C
:1000D000196802F025F8C0B10DF5207D70BD2E48DD
:1000E00002F0CAFD284601F037FC2A4B284A284670
:1000F0001968126802F014F8044638B3274802F071
:1001000097FD20460DF5207D70BD06AE304601F00E
:1001100023FC234A234B30461268196802F000F88A
:100120000028D9D105AA02900190034600923146D9
:100130000246284601F000FC0028CDD1304601F0EF
:1001400011FC284601F00EFC0020C5E706AE304643
:1001500001F002FC134B124A30461968126801F094
:10016000DFFF04460028C9D10F4802F085FD05A92C
:10017000029423460194224600912846314601F01C
:10018000DBFB04460028B9D1084802F051FDD5E751
:10019000780C0020B85B0020C8410020D01100205E
:1001A000740C0020B45B0020E441002014120020F5
:1001B0002DE9F041044682B0884615463B4F312375
:1001C0006A4641462046E2F785FC002868D1266849
:1001D000009B1E44302301AA31462046E2F77AFCF8
:1001E00008BB2368F21A002A56DD18782A4606232F
:1001F000314642F8040B2046E2F76CFC98B92368BC
:10020000D5F804E0AB60D4F800C00CEB0E03F21A92
:100210002360002A40DD1CF80E201E2A13D9244832
:1002200002B0BDE8F081A0F50E500028F8D1236897
:100230009E4223D001202021287702F03DFDA861B5
:1002400030B30546C6E727FA02F2D207E7D50133F5
:1002500005F110023146204623601CF80E30EB6099
:10026000E2F7E8FB0028DED122682B696A61226888
:1002700013442360A86123689E42DBD1B04512D0AD
:100280002021012002F018FDA86108B1054696E77B
:10029000084802B0BDE8F081074802B0BDE8F0812F
:1002A000A0F50E50BCE70020BAE700BF0810585078
:1002B0001EDCFFFF80D7FFFF20DCFFFF08B5E2F761
:1002C000C1FD08B1A0F50C5008BD00BF08B5E2F7AC
:1002D0004BFD08B1A0F50C5008BD00BF2DE9F0435F
:1002E000042414258FB00C7014701D600468302C29
:1002F00061D18768446801973C44A74240D01D46BD
:1003000016468846A023214602AA01A8E2F7E2FB8E
:10031000002839D010F1620F04D0A0F50C500FB0B6
:10032000BDE8F083019B9C422AD0A12302AA21466A
:1003300001A8E2F7CFFB00283FD010F1620FECD10B
:10034000019B9C421CD0A22302AA214601A8E2F7ED
:10035000C1FB002844D010F1620FDED1019B9C420A
:100360000ED002AAA323214601A8E2F7B3FB00287E
:1003700000F0888010F1620FCFD1019B9C4218D110
:1003800000200FB0BDE8F083019F01A8029B05AAE1
:100390001F443946E2F756FD10B1B0F50C50BED1FE
:1003A000414605A8EFF7D0F80028B6D1019B9F423F
:1003B000B9D03F48B3E73F48B1E7029908AB019F86
:1003C00005AA01A80F443946E2F7CEFC20B9069AE7
:1003D000092A13D03848A2E7B0F50C509FD1F6E7B0
:1003E00001992A46029B01A8CD182946E2F7B0FBE5
:1003F000002892D1019B9D42B1D0DAE707992F489E
:1004000002F062FC0028E5D1089B302BD3D10A9B77
:10041000099A039303EB0208434547D293F800E09F
:100420000DF13809062303A80CAA414649F80CED42
:10043000E2F750FB48B1A0F50C5000287FF46FAFF5
:10044000019B9F423FF47DAFB3E7039A31460C9B7B
:1004500048460D9213440393EFF776F80028EAD14B
:10046000039B9845ECD003A8052304AA4146E2F774
:1004700031FB0028DFD1049B002BDCD1039B984586
:10048000DED096E7019D01A8029B0BAA1D442946D8
:10049000E2F75EFB00287FF440AF019B9D4288D1CC
:1004A0000B9A012A3FF46AAF054838E7054836E75A
:1004B0009ADCFFFF9EDCFFFF52DFFFFF08420020B7
:1004C00000DDFFFFA0DCFFFF036870B5CE1A82B02D
:1004D000002E14DD154601AA04461E78E2F7A0FBA3
:1004E00048B92368019AAB6023682E6013446A60A0
:1004F000236002B070BDA0F5125002B070BD01487B
:10050000F7E700BF20DBFFFF2DE9F041069E3468CE
:10051000CCB917460D461A461C463946EEF7DCFFA5
:1005200068B92378062B11D02B68052B00D033BB7C
:100530006B681648002B08BF0020BDE8F081A0F5CD
:100540001850BDE8F0811248BDE8F0810821012073
:1005500002F0B2FB8046A8B13946284608F10403F0
:100560004246FFF7BBFE044618B9C6F80080BDE856
:10057000F081404602F0ACFB2046BDE8F081034824
:10058000BDE8F0810348BDE8F08100BF00DDFFFF5A
:1005900000D8FFFF80D7FFFF03682DE9F043CD1A95
:1005A00083B0002D40F31F811D78172D00F0D280FD
:1005B000182D40F0D18004260133144601AA0546C7
:1005C0000360E2F737FA20B1A0F5105003B0BDE8A0
:1005D000F083019F06F108039F42C0F0B0802968B4
:1005E000206088190B780131303B092B00F2A7807D
:1005F0002368814203EB83034FEA430323602960AE
:1006000011F8012CA2F1300213442360EAD1022E2A
:1006100000F099800023811C024663601378013248
:10062000303B092B00F28B806368914203EB83031C
:100630004FEA430363602A6012F801ECAEF1300E1A
:1006400073446360EAD1002200F1040EA2600A78CC
:100650000131303A092A72D8A2688E4502EB820233
:100660004FEA4202A260296011F801CCACF1300CD3
:100670006244A260EBD1002100F1060CE1609EF81B
:1006800000100EF1010E3039092958D8E168E6450D
:1006900001EB81014FEA4101E160C5F800E01EF87D
:1006A000018CA8F130084144E160E8D14FF0000E20
:1006B00000F10808C4F810E09CF800E00CF1010C0F
:1006C000AEF1300EBEF1090F39D8D4F810E0C445B0
:1006D0000EEB8E0E4FEA4E0EC4F810E0C5F800C0C7
:1006E0001CF8019CA9F13009CE44C4F810E0E3D114
:1006F000BF1BA7F10806012E21D9002600F10A0C24
:10070000666108F1010698F800003038092816D80B
:100710006069B44500EB80004FEA400060612E60E4
:1007200016F8019CA9F130094844606116D0B04622
:1007300098F8000008F1010630380928E8D9334854
:1007400003B0BDE8F083312BD8BF643303F26C7380
:1007500023605FE702262FE72D4837E7A7F10A0657
:10076000012E35D0002EEAD1246842F20F75AC423A
:10077000E5D81729E3D8BEF13B0FE0D83B28DED8F7
:100780000C2BDCD8012141F2AA5001FA03F31840E6
:1007900058BB13F4256F2AD15907D0D5A30728D009
:1007A000E3171C494FF4C87081FB0451C3EBE113FC
:1007B00000FB1344002C14BF1C231D23002ABEDDA4
:1007C0009A42D4BF0020012000283FF4FFAEB6E7D4
:1007D00098F801605A2EB2D108F10208A7F10B0671
:1007E000C5F80080BEE70C48F0E61F23E6E71E23AD
:1007F000E4E70849E317642081FB0451C3EB61116E
:1008000000FB11410029CCD01D23D7E700DCFFFFFE
:100810009EDBFFFF1F85EB51A0DBFFFF036870B578
:10082000CE1A002E1ADD1D7805F07F05022D13D19A
:100830005E1C1546044606601B7842F8043BE2F74E
:10084000F9F830B922686B68AA6022681344236003
:1008500070BDA0F50A5070BD014870BD014870BD63
:100860001EDDFFFF20DDFFFF70B5056882B08D4201
:100870001CD02D78144643F0A003064642F8045BD2
:10088000E2F728F908B102B070BD30683023616822
:1008900001AAA060304634680C442146E2F71AF9F8
:1008A00038B93268019B13449C4206D1002002B043
:1008B00070BDA0F5145002B070BD0148E3E700BF61
:1008C0009ADAFFFF2DE9F04385B0002607460C4673
:1008D00004AD104698469DF8309045F8046D2946C1
:1008E000EEF70AFE90B1244A2146384602F0A8F9F4
:1008F0000546002D38DBAC4236D9B8F1060FA4EB23
:1009000005060BD0A01B05B0BDE8F083039B214674
:100910001A4A384602F094F90546EAE74846EDF7E8
:10092000C5FC0D9B81461878EDF7C0FC8046B9F1F7
:10093000000F1DD04846EDF72DFD8146B8F1000FA0
:1009400014D04046EDF726FD0D9B31465A684B46C4
:100950000090781901920A4A02F072F9002803DB2C
:10096000864201D9361ACDE70648CCE70248EBE7C4
:10097000DFF80490E2E700BF14420020BC410020F1
:100980001842002080D6FFFF10B51346064A0C46D9
:1009900002F056F9002805DB84428CBF00200120BC
:1009A00000B910BD0148FCE73042002080D6FFFFAF
:1009B0002DE9F043044695B090F828010D46EDF777
:1009C00075FC226904AB61690646EDF705FDF8B9CF
:1009D000304694F82971D4F82C9194F82881EDF7D9
:1009E000D1FCD4F8206105F1BC02D4F8244104AD57
:1009F0000190494643463846009503960294EFF726
:100A00008FFA003018BF0120404215B0BDE8F083D6
:100A10004FF0FF30F9E700BFF0B5044683B00D4654
:100A200021B9061C18BF0126002E35D095B38CB312
:100A30002A6823689A422DD162686B68934229D153
:100A4000A968A06802F040F9064618BBE768EB68A1
:100A50009F423CD00C2F01D0132F1BD10C2B01D067
:100A6000132B17D123692A69934213D162696F69E5
:100A7000BBB1013F02EB030E12F8013B17F8010F67
:100A800023F020014340A1F1410108D0202B01D1E6
:100A9000192904D94FF0FF36304603B0F0BD964512
:100AA000EAD1227F2B7F9A42F4D1A469AD690CB9B7
:100AB000002DF1D0002CEDD0002DEBD022682B685A
:100AC0009A42E7D162686B689A42B9D0E2E722693C
:100AD00029698A42BED169696069019302F0F4F81C
:100AE000019B0028B6D1DCE770B5054610461446D8
:100AF0000E46EFF719FB012812D0062810D0023855
:100B0000C0B2022816D86368012229681B78013B0D
:100B100002FA03F30B420CBF4FF0FF30002070BD10
:100B20002046EFF7BFF9336898424FF0FF3028BFF7
:100B3000002070BD4FF0FF3070BD00BF70B506687B
:100B40008E420CD03678154643F0A003044642F896
:100B5000046BE1F7BFFF20B110F1620F07D1002055
:100B600070BD22686B68AA6022681344236070BD60
:100B7000F8B5466896423AD0044608460F4602F059
:100B80009FF8022E14D9A5682B782A2B10D16B78E8
:100B90002E2B0DD160B13B782E2B09D03A46002385
:100BA00003E012F8014F2E2C05D001339842F8D102
:100BB0004FF0FF30F8BD002BFAD0C01A013EB04212
:100BC000F6D12C463B44002514F8012F013513F8CB
:100BD000016B22F020017240A1F1410103D0202AD3
:100BE000E6D11929E4D8A842EED80020F8BD8268E1
:100BF000AEB102F1FF3C0D468B1915F8012B1CF824
:100C000001EF22F0200492EA0E02A4F1410403D085
:100C1000202AB1D1192CAFD89D42EED1E5E730465C
:100C2000F8BD00BFD0F804210B4B18461340084014
:100C30000B4098420ED148F201000A43074B10B412
:100C4000044610400C40844214BF184600205DF852
:100C5000044B704701487047FE7FFFFF00D8FFFF3D
:100C60002DE9F8430C46002947D01546089A8146DD
:100C700000F14C069B1A002703F1010818E0A36954
:100C8000022B1EDCD4F80031002B01DD43450CD3D0
:100C900021464846FFF78CFE38B904F1A400FFF75F
:100CA00007FA20B3002F08BF2746D4F830412CB3F1
:100CB00004F16C013046FFF7AFFE0028F5D1002D9E
:100CC000DDD1D4F8FC30002BEFD0D4F8F8305B073E
:100CD00017D4D4F80031002B01DD4345E5D3002DB6
:100CE000D6D104F1A400FFF7E3F90028DAD104F12A
:100CF0008C00FFF7DFF90028D4D127463846BDE83D
:100D0000F88304212046FFF78DFF0028E1D0CCE7CF
:100D10002DE9F04F89468DB0002B00F052819C697F
:100D200016461D46134600940746B24A01F088FF56
:100D30000028C0F24D81814540F24A81C0EB090490
:100D400007443346AC4A2146384601F079FF002873
:100D5000C0F23E81844240F23B81241A074405F1EF
:100D60001C0221463846FFF745F90028C0F23081C1
:100D7000844240F22D81241A074433469F4A21467B
:100D8000384601F05DFF0028C0F22281844240F223
:100D90001F81241A074405F14C0221463846FFF70B
:100DA00097F80028C0F21481844240F21181241A7D
:100DB00007443346924A2146384601F041FF002855
:100DC000C0F20681844240F20381241A074405F1EF
:100DD0006C0221463846FFF77BF80028C0F2F88005
:100DE000844240F2F580D5F8A02007EB0008241AD1
:100DF000334605924046D5F89C702146814A0497B7
:100E0000D5F898700397D5F894700297D5F890703C
:100E10000197D5F88C70009701F012FF0028C0F2FE
:100E2000D780844240F2D480D5F8B820241A804478
:100E3000334605922146D5F8B4704046724A04976D
:100E4000D5F8B0700397D5F8AC700297D5F8A870B4
:100E50000197D5F8A470009701F0F2FE0028C0F2C7
:100E6000B780844240F2B480241A80443346674AF3
:100E70002146404601F0E4FE0028C0F2A9808442E9
:100E800040F2A680D5F82C21241A95F82931804407
:100E90000192214695F82871404605F128020097F5
:100EA000FFF710FDB0F1000AC0F29280544540F205
:100EB0008F8005F1BC0B5846EFF72CF91221024642
:100EC00007A8FFF761FD002840F083805846CAEB71
:100ED0000404EEF7E7FFD04407AB019021464046FB
:100EE000009333464A4A01F0ABFE002870DB84428F
:100EF0006ED9D5F8F830271A08EB0004DA0528D5A2
:100F0000D5F8FC203346DFF834C13946DFF830E14C
:100F10002046002A18BFE6463E4ACDF800E001F020
:100F20008FFE002854DB874252D9D5F800313F1A92
:100F30000444002B0BDD013B374A3946204601F0C3
:100F40007FFE002844DB874242D93F1A0444D5F88B
:100F5000F830980676D4D90300F1AD805A0700F135
:100F6000D9801B0538D533462C4A3946204601F036
:100F700067FE00282CDBB8422AD23F1A044405F54C
:100F80008475274EDFF8A48011E0069B0093394654
:100F90003346244A2046244E01F052FE002817DB37
:100FA00087420444A7EB000712D9ED68A5B106A952
:100FB0002846EEF70DFB1D4B0028E6D0CDF8188033
:100FC000E4E71B4A01F03CFE002801DB814500D824
:100FD00018480DB0BDE8F08F2046174A394601F099
:100FE0002FFE0028F4DB8742F2D9381AC0EB090043
:100FF000EFE700BF6C42002088420020A0420020A2
:10100000B8420020D0420020084300204043002086
:10101000584300206C4300208C430020F8440020FB
:10102000A81C002010450020A841002014420020E8
:101030004C42002080D6FFFF902100203C4200203F
:10104000444200203346C84A3946204601F0F8FDA4
:101050000028BDDBB84234BF00230123002BB7D1E9
:101060003F1A044405F1E802DFF804E35168C818A8
:10107000874240F287803F1A4BB19EF80010022B46
:10108000217002D19EF8011061701C44516841B179
:1010900000239168C95C013304F8011B51688B423D
:1010A000F7D3D2680223DFF8D8E2002ADED122701B
:1010B000D5F8F8304FE73346AC4A3946204601F0C0
:1010C000BFFD002884DBB84282D295F818813F1A10
:1010D0000444A74B18F0800F40F0728118F0400FC5
:1010E00040F0818018F0200F6ED118F0100F5CD105
:1010F00018F0080F4AD118F0040F40F0838018F060
:10110000020F40F09C8018F0010F40F08A80D5F863
:10111000F83023E73346974A3946204601F090FDE0
:101120000028FFF655AFB842BFF452AFD5F804819E
:101130003F1A04448E4B18F0800F40F09E8018F048
:10114000400F40F08B8018F0200F40F0B48018F072
:10115000100F40F0A18018F0080F40F0CA8018F07E
:10116000040F40F0B78018F0020F40F0EE8018F046
:10117000010F40F0DB8018F4004F40F0C980D5F833
:10118000F830EEE600237C48237022E77B4A39469C
:10119000204601F055FD0028FFF61AAF87427FF682
:1011A00017AF3F1A0444764BA5E7764A39462046E6
:1011B00001F046FD0028FFF60BAF87427FF608AF2F
:1011C0003F1A04446E4B93E76F4A3946204601F0BC
:1011D00037FD0028FFF6FCAE87427FF6F9AE3F1AD6
:1011E0000444674B81E7694A3946204601F028FDEF
:1011F0000028FFF6EDAE87427FF6EAAE3F1A0444C0
:101200005F4B6FE7624A3946204601F019FD00281E
:10121000FFF6DEAE87427FF6DBAE3F1A0444584B42
:101220006DE75C4A3946204601F00AFD0028FFF6CA
:10123000CFAE87427FF6CCAE3F1A044467E7564AEA
:101240003946204601F0FCFC0028FFF6C1AE87427B
:101250007FF6BEAE3F1A0444494B54E74F4A394625
:10126000204601F0EDFC0028FFF6B2AE87427FF683
:10127000AFAE3F1A0444424B65E73946484A204620
:1012800001F0DEFC0028FFF6A3AE87427FF6A0AE99
:101290003F1A04443A4B52E7424A3946204601F08D
:1012A000CFFC0028FFF694AE87427FF691AE3F1A3E
:1012B0000444334B4FE73C4A3946204601F0C0FC1A
:1012C0000028FFF685AE87427FF682AE3F1A0444BF
:1012D0002B4B3CE7354A3946204601F0B1FC00284B
:1012E000FFF676AE87427FF673AE3F1A0444244B76
:1012F00039E72F4A3946204601F0A2FC0028FFF6C4
:1013000067AE87427FF664AE3F1A04441C4B26E763
:10131000284A3946204601F093FC0028FFF658AED3
:1013200087427FF655AE3F1A044428E7224A3946E1
:10133000204601F085FC0028FFF64AAE87427FF682
:1013400047AE3F1A04440E4B15E71C4A3946204667
:1013500001F076FC0028FFF63BAE87427FF638AE00
:101360003F1A0444064B02E7A0430020B843002084
:10137000A81C00204444002080D6FFFF0C4400201D
:10138000A8410020F8430020F0430020E043002063
:1013900018440020304400202444002070440020E1
:1013A0005C4400209844002084440020BC44002079
:1013B000AC440020E8440020D8440020CC44002065
:1013C0003946074A204601F03BFC0028FFF600AEF4
:1013D00087427FF6FDAD3F1A0444024B7EE600BF14
:1013E000D0430020A84100202DE9F04390461D463F
:1013F00083B0894607460E461B4C01221B4B05E075
:10140000083454F8043CCBB154F8082C2A42F7D0E5
:10141000009338464346164A314601F011FC002835
:1014200007441DDBB042A6EB000619D254F8083C75
:1014300008345D4054F8043C002BE5D125B9C6EBD7
:10144000090003B0BDE8F08343463846094A3146F7
:1014500001F0F6FB002803DB864201D9361AEEE7DD
:10146000054803B0BDE8F08368F502601845002028
:10147000404500204845002080D6FFFFD0F8F830D6
:1014800013F0040301D0FFF7CDBB1846704700BF2F
:10149000F8B50446D0F8F80010F4006012D01646F3
:1014A0000F4604F5847403E0042D0CD0E468A4B165
:1014B0006568B542F8D132463946A06801F004FCAF
:1014C0000028F1D1F8BD2A46A168054801F0FCFBCF
:1014D0000028F7D0E468002CEAD10248F8BD00BF2C
:1014E0003805002000D8FFFF38B511F1840419D069
:1014F000D1F89420054622B914E0E46B94B1226936
:1015000082B12B6A9342F8D16169686A01F0DCFB11
:101510000028F2D104F11800FEF7CAFD0028ECD033
:10152000012038BD002038BD2DE9F04FB5B00024B2
:10153000984681463F9B20A80E9121460F9250224B
:101540001C603E9C01F08CFBB8F1000F00F0EA81BA
:10155000B4B1204601F0B4FBD9F8F83005469A063C
:1015600040F1AE8109F1E80603E0F668002E00F0D4
:10157000C1812A4621463046FFF7FAFA0028F4D105
:1015800009F1BC042046EEF7CFFD01230138D8F85D
:1015900004208340134200F08E8108F10C0208F110
:1015A000080311460892184622460793FFF79CFA53
:1015B000002840F07B81002420AF4FF0010A0B94FB
:1015C0000D9420AB09F1A40043F83490631C0693FA
:1015D000FEF76EFD18B17B6843F001037B6009F1F3
:1015E0008C00FEF767FD18B17B6843F400737B60E5
:1015F0000D9B002B40F0118199F82831D8F800207C
:10160000013B0AFA03F3134203D17B6843F480439E
:101610007B6099F82931D8F80420013B0AFA03F3DA
:10162000134203D17B6843F400437B60069B012B8C
:1016300000F0D5800B9B01220E994846009323466B
:10164000FFF70EFB0546002800F00C8109F16C0144
:1016500009F14C00FFF7E0F9002840F0BB800123BE
:101660000B9A01320B92002B40F0B480069B082BA2
:1016700000F2568129464846FFF79AF97B68002810
:1016800040F00B810A9305F1BC03089907981A46AC
:101690009B46FFF729FA20B10A9B43F480330A9353
:1016A0007B600F9B002B00F039811C4600260C97B5
:1016B000CDF810B0CDF8249003E0D4F8F040002C21
:1016C0007BD0A369002BF8D0E26A6B6C9A42F4D10C
:1016D000A96C206B01F0F8FA0028EED1D5F8F830AB
:1016E0005B0706D502212846FFF79CFA002840F048
:1016F000D98094F8E800D8F80020431E0AFA03F3D2
:10170000134201D146F4003694F8E930D8F80420A9
:10171000013B0AFA03F3134201D146F48026ECF7A9
:10172000C5FD10AB226983466169ECF755FE0028C0
:1017300040F0B880049A08990798FFF7D5F908B1E6
:1017400046F48036D4F8EC10584694F8E89094F8B3
:10175000E9B00591ECF716FED4F8E0704B46059918
:101760000397D4F8E470049A029710AF019058469A
:101770000097EEF7D5FB002840F0948004F16C0050
:10178000FEF796FC08B146F0200604F15400FEF77F
:1017900091FC08B146F4806621460998FFF7A4FE43
:1017A00000288AD00C9F46F002060A9BA946069C98
:1017B00008371E4347F8046C03E70C9FF5E70B9BC3
:1017C00001220E99484600932346FFF749FA054641
:1017D000002847D07B680A9301230D9353E709F152
:1017E0006C0109F14C00FFF717F90028E7D10E9BB7
:1017F000002BE4D0D9F804601D4603E0D5F8305141
:10180000002DDCD06B68B342F8D13246A968D9F814
:10181000080001F059FA0028F0D120AA069D3F9F48
:1018200002EBC504DDF800816E1E54F8041C10ABF9
:10183000419832461091B8F1000F05D054F8081CB9
:10184000C047002859D110993B68083C35461943D8
:101850003960002EE8D10029334808BF002035B098
:10186000BDE8F08F0B9A2346D9F830114846009214
:101870000022FFF7F5F9054600284AD0069B012B08
:101880003FF4F8AE09F16C0109F14C00FFF7C4F820
:1018900000287FF4EBAE0346E2E643F008030A9328
:1018A0007B60F0E60C9F46F010067EE7219B43F438
:1018B000803321937FE6219B43F4004321936CE620
:1018C00009F16C0601E0B669A6B17268032AFAD183
:1018D000B168164801F0F8F92A4621460028F2D1ED
:1018E00006F10C00FFF744F900283FF449AEB66951
:1018F000002EEAD10423219342E610F51C5F0C4B25
:1019000008BF18464FF0FF333F9A136035B0BDE86B
:10191000F08F7B6843F008037B607EE70F9E44E70F
:101920000348EFE70348EDE700D9FFFF881C0020DC
:1019300000D0FFFF00D8FFFF70B584B0089E099D5E
:101940000A9C029503948DE84800024BFFF7ECFDDA
:1019500004B070BD08F602604FF49A72002101F0E5
:101960007FB900BF002868D0F8B50746064606F1E3
:10197000BC00EEF743FAD6F82C0101F0A9F9746E19
:1019800054B12046A5692021F0F7E8F8204601F07F
:101990009FF92C46002DF4D1D6F8844054B120464E
:1019A000A5692021F0F7DAF8204601F091F92C46DC
:1019B000002DF4D1D6F8144154B12046E568102129
:1019C000F0F7CCF8204601F083F92C46002DF4D135
:1019D000D6F8F44054B12046E5681021F0F7BEF87F
:1019E000204601F075F92C46002DF4D1B06828B1DD
:1019F0007168F0F7B3F8B06801F06AF9D6F83061B1
:101A0000002EB4D14FF49A713846D7F83041F0F730
:101A1000A5F820464FF49A7174B1D4F83051F0F71C
:101A20009DF8A74220462C46F3D001F051F92046FC
:101A30004FF49A71002CF0D1F8BD70472DE9F04FAA
:101A40009DB0002800F08D81B1FA81F56D09002D5F
:101A500040F08781824690460F46044605E0D4F860
:101A600030612546002E75D03446A369002BF6D18F
:101A700010A90DAA0D930846049113A9109313936E
:101A80000E460392059153609360436083607360D8
:101A9000B3601CAE07EB080B302308A846F8548D42
:101AA000594632460897E1F715F8002840F08F8133
:101AB000089BDDF81C80C3EB0B0BC345C0F03F81D6
:101AC00043440120C7EB0309C4F80490494601F0E0
:101AD000F3F883460890A060002800F07D81394625
:101AE0004A4601F0A9F8C8EB0901302332465944AF
:101AF00008A801EB08076161089139460297E0F7F1
:101B0000E9FF804600284FD1079FA023089819AA13
:101B1000616900EB070B08A8C1EB0B075946276169
:101B2000E0F7D8FF0346002849D010F1620F00F01B
:101B30000B8120461F46FFF715FF15B10023C5F89E
:101B40003031A24502D0204601F0C2F838461DB01F
:101B5000BDE8F08F4FF49A71012001F0ADF8C4F8A0
:101B60003001002800F03A8131464FF49A7201F0BA
:101B700077F80DAB0D961946039310AB109613969C
:101B80001846049313AB4E608E601D460593D4F83F
:101B900030316E60AE60254646608660002B40F0B6
:101BA0006082A14F1C46C8E7A8F506572046FFF7FC
:101BB000D9FE002FC1D138461DB0BDE8F08F08997D
:101BC00004F11802199B08A801EB03084146E0F74D
:101BD000BFFF002840F0BB80089B984540F0F5808F
:101BE00004F11C02594608A8FEF718FE0346002817
:101BF0009FD104F12807039B594608A83A46FEF7EF
:101C000065FB0346002894D1A369022B00F20281F0
:101C1000013304F5967203993846A36104F229133F
:101C2000009204F59472FEF76FFC8046002840F0A5
:101C300093800898302332465946E06308A8E0F7BD
:101C400049FF0746002840F0B780089904F14C028C
:101C5000079B08A81944FEF7ABFA0746002840F096
:101C6000A78008983023E76B19AA5946C71B08A814
:101C7000A763E0F72FFF002800F0B280B0F51057FF
:101C800040F09680089BA36432463023594608A84A
:101C9000E0F720FF0746002840F08E80079B4BB1FD
:101CA000089904F16C0208A81944FEF781FA074666
:101CB00000287DD1A06C04F1BC02089B59461B1A78
:101CC00008A86364EFF73AFE0746002870D1A369BD
:101CD000023B012B47D9089B9B4530D1049B08A8A8
:101CE000059A0299FEF7F2FA0746002860D1E26AE7
:101CF000149B9A4240F093801599206B00F0E4FF0A
:101D00000746002840F08B800E9A119B9A4240F0C3
:101D100086802AB112990F9800F0D6FF00287ED154
:101D200008A804F58E720299FEF7CEFB0346002840
:101D30007FF4FFAE089B029A9A423FF407AF204619
:101D40003A4FFFF70FFEF8E6C4F8188048E7B0F501
:101D500008533FF445AFECE620464746FFF702FE46
:101D6000EBE6314FF2E6012304F1C402594608A81C
:101D7000FEF7E4FE0746D8B9A369023B012BAAD8B7
:101D8000022304F1D002594608A8FEF7D7FE074601
:101D900070B9A369032B9ED104F1DC02594608A84F
:101DA000FEF762FD00284DD010F1620F93D0074678
:101DB0002046FFF7D7FDC0E6A7F506572046FFF7F8
:101DC000D1FD002F3FF4F7AEB7E6194BB1E6204640
:101DD000184FFFF7C7FDB0E6174FAEE6164FB5E652
:101DE000089904F18C02199B08A801EB03094946E4
:101DF000FEF7D2FB0028DAD104F1A402494608A874
:101E0000FEF7CAFB0028D2D1089B994540F02B81F0
:101E10004B4638E72046094FFFF7A4FD8DE62046E4
:101E2000074FFFF79FFD88E600D8FFFF1ADEFFFF90
:101E30009ADDFFFF80DEFFFF80D7FFFF80DAFFFF24
:101E400080D9FFFF8046089B9B454DD930235946DA
:101E500008A809AACDF85880CDF85C80CDF860803C
:101E6000CDF82880CDF82C80E0F734FE002840F033
:101E7000F280089E0623099817AA37785946064427
:101E800008A81697E0F726FE002840F0E480089A9C
:101E9000179B18921344C3EB0B020893002A27DD0B
:101EA0000AAA314608A8E0F729FE10F1620F02D015
:101EB000002840F0D08009AA0423314608A8E0F7A2
:101EC00009FE002840F0C780089A099B13449E42EF
:101ED0000CD10BA916A8EDF733FA68B10A9B089646
:101EE00043B933469B45B1D83FF4F8AE844F5FE722
:101EF000844F5DE7844F5BE7D4F8F8200B9B12EA30
:101F0000030740F0F5801A43B3F5807FC4F8F8204A
:101F100000F0AB8076DC042B51D0202B46D130234F
:101F2000314608A804F1E8070DEB0302E0F7D2FD03
:101F3000002834D1089B0C9A1A449642D6D19E426E
:101F400036D9F21A002AD3DD13F8019B19AA3146BB
:101F500008A80893E0F76EFD08BB09F0C003802BCA
:101F6000C8D1B9F1820F04D0089A199B1344089381
:101F7000E5E7BB6853B1FB68002B40F0B980102146
:101F8000012000F099FEF860B8B107468223089A54
:101F90003B60199BBA607B6013440893CFE7A0F5C0
:101FA0001457002F7FF404AF089B4DE7574FFFE60F
:101FB000C7F80C803FF448AF98E7554FF8E6314634
:101FC00019AA08A819978DF868701B97E0F7F6FD15
:101FD000002840F08F80199F002F3AD01B9A0646A8
:101FE000C4F804010346501E10F8012FD900013334
:101FF0008A40032B46EA0206C4F80461D4D89F4203
:10200000F2D8D1E7B3F5006F16D0B3F5803FCDD14C
:10201000314619AA08A819978DF868701B97E0F740
:10202000CDFD002866D1199B012B12D11B9A089B6C
:10203000127884F8182107E73146062304F58472E4
:1020400008A8E0F713FE002854D1D4F81031002B73
:10205000AAD1304FACE6A0F51457002F3FF43BAEA9
:10206000A6E61C4615E52C4FA2E6C4F8FC7030230A
:10207000C4F8007119AA314608A8E0F72BFD04F155
:10208000FC0704F58079002889D1089B9E423FF423
:10209000DBAE3A46314608A8E0F730FD88B110F1D2
:1020A000620F7FF47CAF3A46314608A8E0F750FD56
:1020B00000287FF474AFD4F8FC3013B10123C4F8C6
:1020C000FC30089B9E423FF4BFAE4A46314608A80A
:1020D000E0F73EFD00287FF462AF089B9E427FF44C
:1020E00005AFD4F8002133460132C4F80021ABE635
:1020F0000A4F5DE6B0F514573FF456AF58E600BFFF
:102100009ADAFFFFA0DAFFFF9EDAFFFF80DFFFFF12
:1021100096DAFFFF9CDAFFFF9ADBFFFF00DBFFFF91
:10212000002872D02DE9F04F0C468BB000296AD000
:1021300015460746002A3CD08B1813F8016C002E78
:1021400037D13349204600F09BFD90B3012D56D97D
:102150000DF1180AB146B046059607A8EDF7CEFB7B
:10216000CDF808A0CDF804802346CDF8008007A85C
:10217000284A2749EDF7C8FB834610B31BF5A45F37
:1021800007A83ED01BF5845F0BD0EDF78DFD069AB6
:10219000B9F1000F08BFD9460136AD1A1444012D1C
:1021A000DBD8059B4BBB1C48B9F1000F18BF484654
:1021B00004E02A4621463846FFF740FC0BB0BDE854
:1021C000F08F069B3846089A0799ED1A1C44FFF7D2
:1021D00035FC834607A8EDF767FDBBF1000F09D07A
:1021E0001BF5225F06F101060BD0B9F1000F08BF05
:1021F000D946D4E701230593D1E73046DEE7064808
:10220000DCE75846DAE70548D8E70448704700BFDE
:10221000744500209045002080D8FFFF00D8FFFFC4
:102220002DE9F041294F002542690124B96B4FF097
:10223000020E16684FF4303821F47C010369DFF890
:102240009CC041F48021B9633168576839433160DB
:102250004FF001161E49C3F810E01D61C3F848C0D5
:102260005C629962C3F82C809F6C1A491F651D62DD
:102270009E651C61037E184E02EB03152C7A2B46DB
:1022800001EB0414A46826602C7AED6801EB0414B9
:10229000646825601C690CB15B692360407E0E4C4C
:1022A00002EB001393F828001A4601EB0010806837
:1022B000046093F82840D86A01EB04114B68186059
:1022C000136B0BB1526B1A60BDE8F08100C00F4078
:1022D000B80B05051C08002061F801003B372819E0
:1022E0004369027E03EB0212F0B4147A8C4209D0E7
:1022F0001A7AFF2A06D08A4228D01A7EFF2A01D0F5
:102300008A4201D0F0BC704701252E4693E80600B2
:102310000968114217D00F4A03EB061305270E4E2A
:1023200002EB041461680F60197A02EB01118968ED
:102330000E601C7AD96802EB0412526811601A69A7
:102340000AB15B6913600576F0BC704700252E4624
:10235000DCE700BF1C08002061F8010043690B4A5C
:1023600003EB011010B4017A094C02EB01118968EA
:102370000C60047AC16802EB0412526811600269B1
:102380000AB1436913605DF8044B70471C080020D4
:1023900061F801004369427E03EB0212F0B492F847
:1023A00028408C420BD093F82820FF2A07D08A427D
:1023B0002BD093F83820FF2A01D08A4201D0F0BCFC
:1023C000704701252E4693E806000968114219D08E
:1023D0000F4A03EB061305270E4E02EB0414616847
:1023E0000F6093F8281002EB011189680E6093F8D2
:1023F0002840D96A02EB0412526811601A6B0AB1C4
:102400005B6B13604576F0BC704700252E46DAE71B
:102410001C08002061F8010043690C4A03EB01101D
:1024200010B490F828100A4C02EB011189680C6076
:1024300090F82840C16A02EB041252681160026BE6
:102440000AB1436B13605DF8044B70471C08002011
:1024500061F80100114B1249D86E0A4640F4403031
:1024600030B4D86640F23765D86EA02440F440708E
:10247000D8664D648C64936C1B06FCD4094B40F207
:102480003760A0211A4658649964936C13F0800356
:10249000FBD1054A137030BC704700BF00C00F402D
:1024A00000400C4000800C406D660120704700BF6A
:1024B000704700BF704700BFF0B5244A0020244B8E
:1024C0004FF0100C234C1126DFF8C8E012272060D3
:1024D0000125C2F800C0C3F800E01660DFF8B8E0DC
:1024E0001D4EC3F800E01D4917601E6041F0150144
:1024F0001B4F1C4E17601E601B4F1C4E17601E604A
:102500001B4F11601B4E1C491F6016601B4F19604A
:102510001B4E1C4917601E601B4F11601B4E1C494F
:102520001F60166019602560BFF34F8FBFF36F8F78
:10253000C3F8B001BFF34F8FBFF36F8F52F8883CE1
:1025400043F4403342F8883CF0BD00BF9CED00E00E
:10255000A0ED00E094ED00E00900100060680120AB
:10256000130020002100020714000020250008139A
:10257000090000101600202027000B131700004050
:1025800033001013180000602F000B0719000070B3
:102590002F000B133F00001025000803F0B58D4BF2
:1025A00018228D4E01208D4948F20C7E8C4D4FF043
:1025B000FF378C4C83B0C3F85C12C3F8605200251F
:1025C000C3F86412C3F868424FF40054C3F86C6255
:1025D0008549C3F87062C3F87462C3F87862834EA9
:1025E000DA661A675A679A67DA67C3F88020C3F811
:1025F0008420C3F8882040F20562C1F82C03C1F89A
:102600003003C1F83403C1F83803C1F83C03C1F802
:1026100050032946B36976481840764B0343764801
:10262000B361D6F8843043F00C03C6F88430022638
:10263000036833430360036803EA0E0E6F4B4EEAF0
:102640000303DFF8F0E103606D4B4760DEF80870CC
:102650003B406C4F43F000538360C36823F0780322
:10266000C360036A1F40684B3B43664F0362036AC3
:102670001F40654B3B43654F43628762C762DEF88C
:10268000B830634F23F03F0343F00103C0F8B83084
:10269000DEF8BC30DFF884E123F03F0343F00103B0
:1026A000C0F8BC30056104660767C0F88020446646
:1026B0004767C0F884200468564B24F00204564A49
:1026C0000460C0F818E0C66143F8041B9342FBD1D4
:1026D000494B1A68194642F001021A600B68464AD3
:1026E00013F00103FAD14D4E022540F2F56440F299
:1026F000664040F299414A4F966142F20146D561E7
:1027000040F23545C2F8004242F20124C2F81002FC
:102710000120C2F820121146C2F8307207F15A4760
:10272000C2F8346207F51377C2F840523D4E3E4D71
:10273000C2F85072C2F85462C2F86052C2F86442E1
:10274000C2F8A030C2F8A430C2F8B0004B692A4ADF
:10275000DD07FBD5012300244FF48030114653617F
:10276000C2F8A040C2F8A400C2F8B0304B69224AB7
:10277000DC07FBD5012300244FF4003011465361E0
:10278000C2F8A040C2F8A400C2F8B0304B691A4A9F
:10279000D807FBD501230024244811465361C2F811
:1027A000A040C2F8A400C2F8B0304B69124ADB075F
:1027B000FBD5D2F8003145F60D5121209BB2506176
:1027C0008B4239D01A4B00221A605A609A60DA6044
:1027D00003B0F0BD00801F40F9700100F9B00100A6
:1027E000F9100100F900010000841F4000C00F40F3
:1027F000FFFCFF1F000300A000402A401200FFFF63
:10280000FF37F70000FFF07C40000080FF000F83DF
:102810006300020000422A4000432A40F05AF05A66
:102820009F041830063201263806180A04000300F7
:102830001068012000802A4000244FF480200123EA
:102840001146C2F8A040C2F8A400C2F8B0304B69EB
:102850003B4ADF07FBD501234FF40004002011465B
:102860005361C2F8A040C2F8A400C2F8B0304B696E
:10287000334ADE07FBD501234FF400044FF48030C8
:1028800011465361C2F8A040C2F8A400C2F8B030AB
:102890004B692B4ADD07FBD501234FF400044FF4AD
:1028A000003011465361C2F8A040C2F8A400C2F83B
:1028B000B0304B69224ADC07FBD501234FF40004FA
:1028C000204811465361C2F8A040C2F8A400C2F8E3
:1028D000B0304B691A4AD807FBD5D2F8003145F61B
:1028E0000D5121209BB250618B4210D0164B082213
:1028F0004FF400041A7015490020154A0123009076
:10290000521A1448224400F0A3F903B0F0BD4FF46A
:1029100000044FF4802101231046C2F8A040C2F801
:10292000A410C2F8B03043690549DB07FBD501208C
:10293000054B10224FF0807448611A70DBE700BF2E
:1029400000402A400400030070660120000000706F
:102950000000007010680120F0B4174A40274FF4BF
:1029600080314FF480564FF400554FF4404443F209
:102970004200136913F0020F06D094615161906117
:10298000136913F0020FF8D113F4005F01D1556100
:10299000EFE713F4805F01D15661EAE7002BE8DA34
:1029A00013F4803F01D09161E3E75B0601D45761E6
:1029B000DFE7F0BC704700BF00800D40394A0320BC
:1029C0003949F3EE095A13689FED386A23F0010381
:1029D000DFED376AF0B4136000241061D1F8E03005
:1029E000344FD8B2C3F30B211B0D334E07EE100A40
:1029F00005EE101A07EE903A304BB8EEC55A304D3E
:102A0000B8EEC77A3060F8EEE77A29602D4937EEE4
:102A1000466A2D4E77EEC57A2C4877EE666A2C4DC5
:102A200037EE657A26EE276AC7ED007A66EEA76A6A
:102A3000176867EE277A83ED007AC6EE075A86EEAE
:102A4000876AC7EE876A35EE857AFCEEC77A36EE7E
:102A5000057A17EE903ABCEEC77A47EA035376EE52
:102A6000857A136017EE103AD2F81071FCEEE77A0F
:102A700001EA0341394317EE903AC2F81011C3F34B
:102A80000B03D2F810110B43C2F81031136843F056
:102A9000020313603470C0F840510E4B0122F0BCA9
:102AA0001A60704780810D4000441F400000AA4218
:102AB0000000B4426C63012064630120686301205C
:102AC000606301200000FF0F40E400E00060002090
:102AD000B914010008E100E0304B40F6617270B5B6
:102AE000C3F8202140F2044500F0AEF82C492D48EF
:102AF000D1F880202C4C42F003022C4BC1F88020EE
:102B0000C0F86051226813401BB9D0F8A8319A0769
:102B10001AD0244B4FF00041234A51631A46D3F890
:102B2000401141F00201C3F84011D2F840319B0737
:102B3000FBD44FF400301E491B4B4FF0004208609D
:102B400019209A6300F0A8F81A4D0022164B4FF096
:102B50008041144C0A26996328461A601146C4F82D
:102B6000A8614FF4207200F07BF84FF4810640F228
:102B700043114FF48000104B104A2E602864C4F8B3
:102B80005851C4F84811C3F804220D4A4FF40031DB
:102B900001231160C4F8403170BD00BF00800D40BA
:102BA00000C00F4000002E4000900D40001C1E0091
:102BB0008CE200E00000002000600020851601008B
:102BC0000CE100E008B50E4B1B6E9B0700D4FBBE6A
:102BD00072B60C4B00200C4AC3F8400103F160436D
:102BE0000A49A3F55F2311649D46BFF34F8F084A3E
:102BF00003F5E0430749126818461960936898473F
:102C000000441F4000002E4000C00A400300200086
:102C10001C002000000012EBF8B500BFF8BC08BC97
:102C20009E467047000000005FF800F0553F01002D
:102C30005FF800F09D4801005FF800F0F108010026
:102C40005FF800F0014D01005FF800F0251E010063
:102C50005FF800F0153B01005FF800F0DD37010080
:102C60005FF800F0554701005FF800F0C94E010021
:102C70005FF800F05D3601005FF800F0F9470100F1
:102C80005FF800F07D5601005FF800F0B10A010026
:102C90005FF800F0214801005FF800F0750D0100B9
:102CA0005FF800F0AD4801005FF800F0B53B0100AF
:102CB0005FF800F08D4601005FF800F0CD3E0100A6
:102CC0005FF800F0815201005FF800F02946010032
:102CD0005FF800F07D40010045000000CD7100006C
:082CE000217A0000F933010024
:102CE80001000000020000000400000008000000CD
:102CF80010000000200000004000000080000000DC
:102D08001B00000036000000637C777BF26B6FC508
:102D18003001672BFED7AB76CA82C97DFA5947F0D6
:102D2800ADD4A2AF9CA472C0B7FD9326363FF7CCB2
:102D380034A5E5F171D8311504C723C31896059A4F
:102D4800071280E2EB27B27509832C1A1B6E5AA072
:102D5800523BD6B329E32F8453D100ED20FCB15B5D
:102D68006ACBBE394A4C58CFD0EFAAFB434D3385C6
:102D780045F9027F503C9FA851A3408F929D38F59A
:102D8800BCB6DA2110FFF3D2CD0C13EC5F974417D1
:102D9800C4A77E3D645D197360814FDC222A908848
:102DA80046EEB814DE5E0BDBE0323A0A4906245CD4
:102DB800C2D3AC629195E479E7C8376D8DD54EA939
:102DC8006C56F4EA657AAE08BA78252E1CA6B4C605
:102DD800E8DD741F4BBD8B8A703EB5664803F60E5E
:102DE800613557B986C11D9EE1F8981169D98E944D
:102DF8009B1E87E9CE5528DF8CA1890DBFE6426866
:102E080041992D0FB054BB1651F4A7507E4165531C
:102E18001A17A4C33A275E963BAB6BCB1F9D45F1AF
:102E2800ACFA58AB4BE303932030FA55AD766DF608
:102E380088CC7691F5024C254FE5D7FCC52ACBD72F
:102E480026354480B562A38FDEB15A4925BA1B677F
:102E580045EA0E985DFEC0E1C32F7502814CF01261
:102E68008D4697A36BD3F9C6038F5FE715929C95A0
:102E7800BF6D7AEB955259DAD4BE832D587421D39D
:102E880049E069298EC9C84475C2896AF48E79787F
:102E980099583E6B27B971DDBEE14FB6F088AD1782
:102EA800C920AC667DCE3AB463DF4A18E51A318290
:102EB8009751336062537F45B16477E0BB6BAE8452
:102EC800FE81A01CF9082B94704868588F45FD199D
:102ED80094DE6C87527BF8B7AB73D323724B02E254
:102EE800E31F8F576655AB2AB2EB28072FB5C203ED
:102EF80086C57B9AD33708A5302887F223BFA5B2A9
:102F080002036ABAED16825C8ACF1C2BA779B492A9
:102F1800F307F2F04E69E2A165DAF4CD0605BED5F5
:102F2800D134621FC4A6FE8A342E539DA2F355A045
:102F3800058AE132A4F6EB750B83EC394060EFAA01
:102F48005E719F06BD6E10513E218AF996DD063DE1
:102F5800DD3E05AE4DE6BD4691548DB571C45D05A7
:102F68000406D46F605015FF1998FB24D6BDE99765
:102F7800894043CC67D99E77B0E842BD07898B88E2
:102F8800E7195B3879C8EEDBA17C0A477C420FE978
:102F9800F8841EC90000000009808683322BED48A2
:102FA8001E1170AC6C5A724EFD0EFFFB0F85385621
:102FB8003DAED51E362D39270A0FD964685CA62187
:102FC8009B5B54D124362E3A0C0A67B19357E70F0E
:102FD800B4EE96D21B9B919E80C0C54F61DC20A2A7
:102FE8005A774B691C121A16E293BA0AC0A02AE54E
:102FF8003C22E043121B171D0E090D0BF28BC7ADC7
:103008002DB6A8B9141EA9C857F11985AF75074C74
:10301800EE99DDBBA37F60FDF701269F5C72F5BCCE
:1030280044663BC55BFB7E348B432976CB23C6DCE9
:10303800B6EDFC68B8E4F163D731DCCA42638510A9
:103048001397224084C61120854A247DD2BB3DF8BF
:10305800AEF93211C729A16D1D9E2F4BDCB230F39A
:103068000D8652EC77C1E3D02BB3166CA970B999D1
:10307800119448FA47E96422A8FC8CC4A0F03F1ACE
:10308800567D2CD8223390EF87494EC7D938D1C105
:103098008CCAA2FE98D40B36A6F581CFA57ADE2875
:1030A800DAB78E263FADBFA42C3A9DE45078920D36
:1030B8006A5FCC9B547E4662F68D13C290D8B8E8FE
:1030C8002E39F75E82C3AFF59F5D80BE69D0937CD1
:1030D8006FD52DA9CF2512B3C8AC993B10187DA781
:1030E800E89C636EDB3BBB7BCD2678096E5918F4F0
:1030F800EC9AB701834F9AA8E6956E65AAFFE67E1B
:1031080021BCCF08EF15E8E6BAE79BD94A6F36CE5F
:10311800EA9F09D429B07CD631A4B2AF2A3F233123
:10312800C6A5943035A266C0744EBC37FC82CAA6C8
:10313800E090D0B033A7D815F104984A41ECDAF7FB
:103148007FCD500E1791F62F764DD68D43EFB04DAB
:10315800CCAA4D54E49604DF9ED1B5E34C6A881B93
:10316800C12C1FB84665517F9D5EEA04018C355D10
:10317800FA877473FB0B412EB3671D5A92DBD25248
:10318800E91056336DD647139AD7618C37A10C7A5C
:1031980059F8148EEB133C89CEA927EEB761C935CF
:1031A800E11CE5ED7A47B13C9CD2DF5955F2733FFB
:1031B8001814CE7973C737BF53F7CDEA5FFDAA5B02
:1031C800DF3D6F147844DB86CAAFF381B968C43E2B
:1031D8003824342CC2A3405F161DC372BCE2250CF0
:1031E800283C498BFF0D954139A80171080CB3DEC5
:1031F800D8B4E49C6456C1907BCB8461D532B67058
:10320800486C5C74D0B85742F4A750514165537E5E
:1032180017A4C31A275E963AAB6BCB3B9D45F11FAB
:10322800FA58ABACE303934B30FA5520766DF6AD04
:10323800CC769188024C25F5E5D7FC4F2ACBD7C52B
:103248003544802662A38FB5B15A49DEBA1B67257B
:10325800EA0E9845FEC0E15D2F7502C34CF012815D
:103268004697A38DD3F9C66B8F5FE703929C95159C
:103278006D7AEBBF5259DA95BE832DD47421D35899
:10328800E0692949C9C8448EC2896A758E7978F47B
:10329800583E6B99B971DD27E14FB6BE88AD17F07E
:1032A80020AC66C9CE3AB47DDF4A18631A3182E58C
:1032B80051336097537F45626477E0B16BAE84BB4E
:1032C80081A01CFE082B94F94868587045FD198F99
:1032D800DE6C87947BF8B75273D323AB4B02E27250
:1032E8001F8F57E355AB2A66EB2807B2B5C2032FE9
:1032F800C57B9A863708A5D32887F230BFA5B223A5
:10330800036ABA0216825CEDCF1C2B8A79B492A7A5
:1033180007F2F0F369E2A14EDAF4CD6505BED506F1
:1033280034621FD1A6FE8AC42E539D34F355A0A241
:103338008AE13205F6EB75A483EC390B60EFAA40FD
:10334800719F065E6E1051BD218AF93EDD063D96DD
:103358003E05AEDDE6BD464D548DB591C45D0571A3
:1033680006D46F045015FF6098FB2419BDE997D661
:103378004043CC89D99E7767E842BDB0898B8807DE
:10338800195B38E7C8EEDB797C0A47A1420FE97C74
:10339800841EC9F800000000808683092BED48329E
:1033A8001170AC1E5A724E6C0EFFFBFD8538560F1D
:1033B800AED51E3D2D3927360FD9640A5CA6216883
:1033C8005B54D19B362E3A240A67B10C57E70F930A
:1033D800EE96D2B49B919E1BC0C54F80DC20A261A3
:1033E800774B695A121A161C93BA0AE2A02AE5C04A
:1033F80022E0433C1B171D12090D0B0E8BC7ADF2C3
:10340800B6A8B92D1EA9C814F119855775074CAF70
:1034180099DDBBEE7F60FDA301269FF772F5BC5CCA
:10342800663BC544FB7E345B4329768B23C6DCCBE5
:10343800EDFC68B6E4F163B831DCCAD763851042A5
:1034480097224013C61120844A247D85BB3DF8D2BB
:10345800F93211AE29A16DC79E2F4B1DB230F3DC96
:103468008652EC0DC1E3D077B3166C2B70B999A9CD
:103478009448FA11E9642247FC8CC4A8F03F1AA0CA
:103488007D2CD8563390EF22494EC78738D1C1D901
:10349800CAA2FE8CD40B3698F581CFA67ADE28A571
:1034A800B78E26DAADBFA43F3A9DE42C78920D5032
:1034B8005FCC9B6A7E4662548D13C2F6D8B8E890FA
:1034C80039F75E2EC3AFF5825D80BE9FD0937C69CD
:1034D800D52DA96F2512B3CFAC993BC8187DA7107D
:1034E8009C636EE83BBB7BDB267809CD5918F46EEC
:1034F8009AB701EC4F9AA883956E65E6FFE67EAA17
:10350800BCCF082115E8E6EFE79BD9BA6F36CE4A5B
:103518009F09D4EAB07CD629A4B2AF313F23312A1F
:10352800A59430C6A266C0354EBC377482CAA6FCC4
:1035380090D0B0E0A7D8153304984AF1ECDAF741F7
:10354800CD500E7F91F62F174DD68D76EFB04D43A7
:10355800AA4D54CC9604DFE4D1B5E39E6A881B4C8F
:103568002C1FB8C165517F465EEA049D8C355D010C
:10357800877473FA0B412EFB671D5AB3DBD2529244
:10358800105633E9D647136DD7618C9AA10C7A3758
:10359800F8148E59133C89EBA927EECE61C935B7CB
:1035A8001CE5EDE147B13C7AD2DF599CF2733F55F7
:1035B80014CE7918C737BF73F7CDEA53FDAA5B5FFE
:1035C8003D6F14DF44DB8678AFF381CA68C43EB927
:1035D80024342C38A3405FC21DC37216E2250CBCEC
:1035E8003C498B280D9541FFA80171390CB3DE08C1
:1035F800B4E49CD856C19064CB84617B32B670D554
:103608006C5C7448B85742D05051F4A7537E41655A
:10361800C31A17A4963A275ECB3BAB6BF11F9D45A7
:10362800ABACFA58934BE303552030FAF6AD766D00
:103638009188CC7625F5024CFC4FE5D7D7C52ACB27
:10364800802635448FB562A349DEB15A6725BA1B77
:103658009845EA0EE15DFEC002C32F7512814CF059
:10366800A38D4697C66BD3F9E7038F5F9515929C98
:10367800EBBF6D7ADA9552592DD4BE83D358742195
:103688002949E069448EC9C86A75C28978F48E7977
:103698006B99583EDD27B971B6BEE14F17F088AD7A
:1036A80066C920ACB47DCE3A1863DF4A82E51A3188
:1036B800609751334562537FE0B1647784BB6BAE4A
:1036C8001CFE81A094F9082B58704868198F45FD95
:1036D8008794DE6CB7527BF823AB73D3E2724B024C
:1036E80057E31F8F2A6655AB07B2EB28032FB5C2E5
:1036F8009A86C57BA5D33708F2302887B223BFA5A1
:10370800BA02036A5CED16822B8ACF1C92A779B4A1
:10371800F0F307F2A14E69E2CD65DAF4D50605BEED
:103728001FD134628AC4A6FE9D342E53A0A2F3553D
:1037380032058AE175A4F6EB390B83ECAA4060EFF9
:10374800065E719F51BD6E10F93E218A3D96DD06D9
:10375800AEDD3E05464DE6BDB591548D0571C45D9F
:103768006F0406D4FF605015241998FB97D6BDE95D
:10377800CC8940437767D99EBDB0E8428807898BDA
:1037880038E7195BDB79C8EE47A17C0AE97C420F70
:10379800C9F8841E000000008309808648322BED9A
:1037A800AC1E11704E6C5A72FBFD0EFF560F853819
:1037B8001E3DAED527362D39640A0FD921685CA67F
:1037C800D19B5B543A24362EB10C0A670F9357E706
:1037D800D2B4EE969E1B9B914F80C0C5A261DC209F
:1037E800695A774B161C121A0AE293BAE5C0A02A46
:1037F800433C22E01D121B170B0E090DADF28BC7BF
:10380800B92DB6A8C8141EA98557F1194CAF75076C
:10381800BBEE99DDFDA37F609FF70126BC5C72F5C6
:10382800C544663B345BFB7E768B4329DCCB23C6E1
:1038380068B6EDFC63B8E4F1CAD731DC10426385A1
:10384800401397222084C6117D854A24F8D2BB3DB7
:1038580011AEF9326DC729A14B1D9E2FF3DCB23092
:10386800EC0D8652D077C1E36C2BB31699A970B9C9
:10387800FA1194482247E964C4A8FC8C1AA0F03FC6
:10388800D8567D2CEF223390C787494EC1D938D1FD
:10389800FE8CCAA23698D40BCFA6F58128A57ADE6D
:1038A80026DAB78EA43FADBFE42C3A9D0D5078922E
:1038B8009B6A5FCC62547E46C2F68D13E890D8B8F6
:1038C8005E2E39F7F582C3AFBE9F5D807C69D093C9
:1038D800A96FD52DB3CF25123BC8AC99A710187D79
:1038E8006EE89C637BDB3BBB09CD2678F46E5918E8
:1038F80001EC9AB7A8834F9A65E6956E7EAAFFE613
:103908000821BCCFE6EF15E8D9BAE79BCE4A6F3657
:10391800D4EA9F09D629B07CAF31A4B2312A3F231B
:1039280030C6A594C035A26637744EBCA6FC82CAC0
:10393800B0E090D01533A7D84AF10498F741ECDAF3
:103948000E7FCD502F1791F68D764DD64D43EFB0A3
:1039580054CCAA4DDFE49604E39ED1B51B4C6A888B
:10396800B8C12C1F7F466551049D5EEA5D018C3508
:1039780073FA87742EFB0B415AB3671D5292DBD240
:1039880033E91056136DD6478C9AD7617A37A10C54
:103998008E59F81489EB133CEECEA92735B761C9C7
:1039A800EDE11CE53C7A47B1599CD2DF3F55F273F3
:1039B800791814CEBF73C737EA53F7CD5B5FFDAAFA
:1039C80014DF3D6F867844DB81CAAFF33EB968C423
:1039D8002C3824345FC2A34072161DC30CBCE225E8
:1039E8008B283C4941FF0D957139A801DE080CB3BD
:1039F8009CD8B4E4906456C1617BCB8470D532B650
:103A080074486C5C42D0B857A75051F465537E4156
:103A1800A4C31A175E963A276BCB3BAB45F11F9DA3
:103A280058ABACFA03934BE3FA5520306DF6AD76FC
:103A3800769188CC4C25F502D7FC4FE5CBD7C52A23
:103A480044802635A38FB5625A49DEB11B6725BA73
:103A58000E9845EAC0E15DFE7502C32FF012814C55
:103A680097A38D46F9C66BD35FE7038F9C95159294
:103A78007AEBBF6D59DA9552832DD4BE21D3587491
:103A8800692949E0C8448EC9896A75C27978F48E73
:103A98003E6B995871DD27B94FB6BEE1AD17F08876
:103AA800AC66C9203AB47DCE4A1863DF3182E51A84
:103AB800336097517F45625377E0B164AE84BB6B46
:103AC800A01CFE812B94F90868587048FD198F4591
:103AD8006C8794DEF8B7527BD323AB7302E2724B48
:103AE8008F57E31FAB2A66552807B2EBC2032FB5E1
:103AF8007B9A86C508A5D33787F23028A5B223BF9D
:103B08006ABA0203825CED161C2B8ACFB492A7799D
:103B1800F2F0F307E2A14E69F4CD65DABED50605E9
:103B2800621FD134FE8AC4A6539D342E55A0A2F339
:103B3800E132058AEB75A4F6EC390B83EFAA4060F5
:103B48009F065E711051BD6E8AF93E21063D96DDD5
:103B580005AEDD3EBD464DE68DB591545D0571C49B
:103B6800D46F040615FF6050FB241998E997D6BD59
:103B780043CC89409E7767D942BDB0E88B880789D6
:103B88005B38E719EEDB79C80A47A17C0FE97C426C
:103B98001EC9F8840000000086830980ED48322B96
:103BA80070AC1E11724E6C5AFFFBFD0E38560F8515
:103BB800D51E3DAE3927362DD9640A0FA621685C7B
:103BC80054D19B5B2E3A243667B10C0AE70F935702
:103BD80096D2B4EE919E1B9BC54F80C020A261DC9B
:103BE8004B695A771A161C12BA0AE2932AE5C0A042
:103BF800E0433C22171D121B0D0B0E09C7ADF28BBB
:103C0800A8B92DB6A9C8141E198557F1074CAF7568
:103C1800DDBBEE9960FDA37F269FF701F5BC5C72C2
:103C28003BC544667E345BFB29768B43C6DCCB23DD
:103C3800FC68B6EDF163B8E4DCCAD731851042639D
:103C480022401397112084C6247D854A3DF8D2BBB3
:103C58003211AEF9A16DC7292F4B1D9E30F3DCB28E
:103C680052EC0D86E3D077C1166C2BB3B999A970C5
:103C780048FA1194642247E98CC4A8FC3F1AA0F0C2
:103C88002CD8567D90EF22334EC78749D1C1D938F9
:103C9800A2FE8CCA0B3698D481CFA6F5DE28A57A69
:103CA8008E26DAB7BFA43FAD9DE42C3A920D50782A
:103CB800CC9B6A5F4662547E13C2F68DB8E890D8F2
:103CC800F75E2E39AFF582C380BE9F5D937C69D0C5
:103CD8002DA96FD512B3CF25993BC8AC7DA7101875
:103CE800636EE89CBB7BDB3B7809CD2618F46E59E4
:103CF800B701EC9A9AA8834F6E65E695E67EAAFF0F
:103D0800CF0821BCE8E6EF159BD9BAE736CE4A6F53
:103D180009D4EA9F7CD629B0B2AF31A423312A3F17
:103D28009430C6A566C035A2BC37744ECAA6FC82BC
:103D3800D0B0E090D81533A7984AF104DAF741ECEF
:103D4800500E7FCDF62F1791D68D764DB04D43EF9F
:103D58004D54CCAA04DFE496B5E39ED1881B4C6A87
:103D68001FB8C12C517F4665EA049D5E355D018C04
:103D78007473FA87412EFB0B1D5AB367D25292DB3C
:103D88005633E91047136DD6618C9AD70C7A37A150
:103D9800148E59F83C89EB1327EECEA9C935B761C3
:103DA800E5EDE11CB13C7A47DF599CD2733F55F2EF
:103DB800CE79181437BF73C7CDEA53F7AA5B5FFDF6
:103DC8006F14DF3DDB867844F381CAAFC43EB9681F
:103DD800342C3824405FC2A3C372161D250CBCE2E4
:103DE800498B283C9541FF0D017139A8B3DE080CB9
:103DF800E49CD8B4C190645684617BCBB670D5324C
:103E08005C74486C5742D0B8C66363A5F87C7C8460
:103E1800EE777799F67B7B8DFFF2F20DD66B6BBD53
:103E2800DE6F6FB191C5C554603030500201010397
:103E3800CE6767A9562B2B7DE7FEFE19B5D7D7624B
:103E48004DABABE6EC76769A8FCACA451F82829D47
:103E580089C9C940FA7D7D87EFFAFA15B25959EB3D
:103E68008E4747C9FBF0F00B41ADADECB3D4D46736
:103E78005FA2A2FD45AFAFEA239C9CBF53A4A4F761
:103E8800E47272969BC0C05B75B7B7C2E1FDFD1CBA
:103E98003D9393AE4C26266A6C36365A7E3F3F4198
:103EA800F5F7F70283CCCC4F6834345C51A5A5F400
:103EB800D1E5E534F9F1F108E2717193ABD8D87323
:103EC800623131532A15153F0804040C95C7C752AF
:103ED800462323659DC3C35E30181828379696A1DC
:103EE8000A05050F2F9A9AB50E07070924121236EC
:103EF8001B80809BDFE2E23DCDEBEB264E27276956
:103F08007FB2B2CDEA75759F1209091B1D83839E86
:103F1800582C2C74341A1A2E361B1B2DDC6E6EB2DC
:103F2800B45A5AEE5BA0A0FBA45252F6763B3B4D26
:103F3800B7D6D6617DB3B3CE5229297BDDE3E33E04
:103F48005E2F2F7113848497A65353F5B9D1D16886
:103F580000000000C1EDED2C40202060E3FCFC1FB8
:103F680079B1B1C8B65B5BEDD46A6ABE8DCBCB467E
:103F780067BEBED97239394B944A4ADE984C4CD444
:103F8800B05858E885CFCF4ABBD0D06BC5EFEF2AE1
:103F98004FAAAAE5EDFBFB16864343C59A4D4DD7BC
:103FA80066333355118585948A4545CFE9F9F9106B
:103FB80004020206FE7F7F81A05050F0783C3C440A
:103FC800259F9FBA4BA8A8E3A25151F35DA3A3FE76
:103FD800804040C0058F8F8A3F9292AD219D9DBC45
:103FE80070383848F1F5F50463BCBCDF77B6B6C164
:103FF800AFDADA754221216320101030E5FFFF1A8D
:10400800FDF3F30EBFD2D26D81CDCD4C180C0C143C
:1040180026131335C3ECEC2FBE5F5FE1359797A2EB
:10402800884444CC2E17173993C4C45755A7A7F210
:10403800FC7E7E827A3D3D47C86464ACBA5D5DE72C
:104048003219192BE6737395C06060A019818198A5
:104058009E4F4FD1A3DCDC7F44222266542A2A7E5D
:104068003B9090AB0B8888838C4646CAC7EEEE29F6
:104078006BB8B8D32814143CA7DEDE79BC5E5EE2C8
:10408800160B0B1DADDBDB76DBE0E03B6432325612
:10409800743A3A4E140A0A1E924949DB0C06060A7B
:1040A8004824246CB85C5CE49FC2C25DBDD3D36E67
:1040B80043ACACEFC46262A6399191A8319595A43E
:1040C800D3E4E437F279798BD5E7E7328BC8C84374
:1040D8006E373759DA6D6DB7018D8D8CB1D5D564D2
:1040E8009C4E4ED249A9A9E0D86C6CB4AC5656FA8D
:1040F800F3F4F407CFEAEA25CA6565AFF47A7A8E55
:1041080047AEAEE9100808186FBABAD5F0787888C3
:104118004A25256F5C2E2E72381C1C2457A6A6F142
:1041280073B4B4C797C6C651CBE8E823A1DDDD7CDC
:10413800E874749C3E1F1F21964B4BDD61BDBDDCAE
:104148000D8B8B860F8A8A85E07070907C3E3E428C
:1041580071B5B5C4CC6666AA904848D8060303056D
:10416800F7F6F6011C0E0E12C26161A36A35355FBF
:10417800AE5757F969B9B9D01786869199C1C15810
:104188003A1D1D27279E9EB9D9E1E138EBF8F813AF
:104198002B9898B322111133D26969BBA9D9D97068
:1041A800078E8E89339494A72D9B9BB63C1E1E22A6
:1041B80015878792C9E9E92087CECE49AA5555FFC8
:1041C80050282878A5DFDF7A038C8C8F59A1A1F8B5
:1041D800098989801A0D0D1765BFBFDAD7E6E63160
:1041E800844242C6D06868B8824141C3299999B0CF
:1041F8005A2D2D771E0F0F117BB0B0CBA85454FC4D
:104208006DBBBBD62C16163A6363A5C67C7C84F8B6
:10421800777799EE7B7B8DF6F2F20DFF6B6BBDD64F
:104228006F6FB1DEC5C55491303050600101030293
:104238006767A9CE2B2B7D56FEFE19E7D7D762B547
:10424800ABABE64D76769AECCACA458F82829D1F43
:10425800C9C940897D7D87FAFAFA15EF5959EBB239
:104268004747C98EF0F00BFBADADEC41D4D467B332
:10427800A2A2FD5FAFAFEA459C9CBF23A4A4F7535D
:10428800727296E4C0C05B9BB7B7C275FDFD1CE1B6
:104298009393AE3D26266A4C36365A6C3F3F417E94
:1042A800F7F702F5CCCC4F8334345C68A5A5F451FC
:1042B800E5E534D1F1F108F9717193E2D8D873AB1F
:1042C8003131536215153F2A04040C08C7C75295AB
:1042D80023236546C3C35E9D181828309696A137D8
:1042E80005050F0A9A9AB52F0707090E12123624E8
:1042F80080809B1BE2E23DDFEBEB26CD2727694E52
:10430800B2B2CD7F75759FEA09091B1283839E1D82
:104318002C2C74581A1A2E341B1B2D366E6EB2DCD8
:104328005A5AEEB4A0A0FB5B5252F6A43B3B4D7622
:10433800D6D661B7B3B3CE7D29297B52E3E33EDD00
:104348002F2F715E848497135353F5A6D1D168B982
:1043580000000000EDED2CC120206040FCFC1FE3B4
:10436800B1B1C8795B5BEDB66A6ABED4CBCB468D7A
:10437800BEBED96739394B724A4ADE944C4CD49840
:104388005858E8B0CFCF4A85D0D06BBBEFEF2AC5DD
:10439800AAAAE54FFBFB16ED4343C5864D4DD79AB8
:1043A80033335566858594114545CF8AF9F910E967
:1043B800020206047F7F81FE5050F0A03C3C447806
:1043C8009F9FBA25A8A8E34B5151F3A2A3A3FE5D72
:1043D8004040C0808F8F8A059292AD3F9D9DBC2141
:1043E80038384870F5F504F1BCBCDF63B6B6C17760
:1043F800DADA75AF2121634210103020FFFF1AE589
:10440800F3F30EFDD2D26DBFCDCD4C810C0C141838
:1044180013133526ECEC2FC35F5FE1BE9797A235E7
:104428004444CC881717392EC4C45793A7A7F2550C
:104438007E7E82FC3D3D477A6464ACC85D5DE7BA28
:1044480019192B32737395E66060A0C081819819A1
:104458004F4FD19EDCDC7FA3222266442A2A7E5459
:104468009090AB3B8888830B4646CA8CEEEE29C7F2
:10447800B8B8D36B14143C28DEDE79A75E5EE2BCC4
:104488000B0B1D16DBDB76ADE0E03BDB323256640E
:104498003A3A4E740A0A1E144949DB9206060A0C77
:1044A80024246C485C5CE4B8C2C25D9FD3D36EBD63
:1044B800ACACEF436262A6C49191A8399595A4313A
:1044C800E4E437D379798BF2E7E732D5C8C8438B70
:1044D8003737596E6D6DB7DA8D8D8C01D5D564B1CE
:1044E8004E4ED29CA9A9E0496C6CB4D85656FAAC89
:1044F800F4F407F3EAEA25CF6565AFCA7A7A8EF451
:10450800AEAEE94708081810BABAD56F787888F0BF
:1045180025256F4A2E2E725C1C1C2438A6A6F1573E
:10452800B4B4C773C6C65197E8E823CBDDDD7CA1D8
:1045380074749CE81F1F213E4B4BDD96BDBDDC61AA
:104548008B8B860D8A8A850F707090E03E3E427C88
:10455800B5B5C4716666AACC4848D8900303050669
:10456800F6F601F70E0E121C6161A3C235355F6ABB
:104578005757F9AEB9B9D06986869117C1C158990C
:104588001D1D273A9E9EB927E1E138D9F8F813EBAB
:104598009898B32B111133226969BBD2D9D970A964
:1045A8008E8E89079494A7339B9BB62D1E1E223CA2
:1045B80087879215E9E920C9CECE49875555FFAAC4
:1045C80028287850DFDF7AA58C8C8F03A1A1F859B1
:1045D800898980090D0D171ABFBFDA65E6E631D75C
:1045E8004242C6846868B8D04141C3829999B029CB
:1045F8002D2D775A0F0F111EB0B0CB7B5454FCA849
:10460800BBBBD66D16163A2CA5C6636384F87C7CB2
:1046180099EE77778DF67B7B0DFFF2F2BDD66B6B4B
:10462800B1DE6F6F5491C5C550603030030201018F
:10463800A9CE67677D562B2B19E7FEFE62B5D7D743
:10464800E64DABAB9AEC7676458FCACA9D1F82823F
:104658004089C9C987FA7D7D15EFFAFAEBB2595935
:10466800C98E47470BFBF0F0EC41ADAD67B3D4D42E
:10467800FD5FA2A2EA45AFAFBF239C9CF753A4A459
:1046880096E472725B9BC0C0C275B7B71CE1FDFDB2
:10469800AE3D93936A4C26265A6C3636417E3F3F90
:1046A80002F5F7F74F83CCCC5C683434F451A5A5F8
:1046B80034D1E5E508F9F1F193E2717173ABD8D81B
:1046C800536231313F2A15150C0804045295C7C7A7
:1046D800654623235E9DC3C328301818A1379696D4
:1046E8000F0A0505B52F9A9A090E070736241212E4
:1046F8009B1B80803DDFE2E226CDEBEB694E27274E
:10470800CD7FB2B29FEA75751B1209099E1D83837E
:1047180074582C2C2E341A1A2D361B1BB2DC6E6ED4
:10472800EEB45A5AFB5BA0A0F6A452524D763B3B1E
:1047380061B7D6D6CE7DB3B37B5229293EDDE3E3FC
:10474800715E2F2F97138484F5A6535368B9D1D17E
:10475800000000002CC1EDED604020201FE3FCFCB0
:10476800C879B1B1EDB65B5BBED46A6A468DCBCB76
:10477800D967BEBE4B723939DE944A4AD4984C4C3C
:10478800E8B058584A85CFCF6BBBD0D02AC5EFEFD9
:10479800E54FAAAA16EDFBFBC5864343D79A4D4DB4
:1047A8005566333394118585CF8A454510E9F9F963
:1047B8000604020281FE7F7FF0A0505044783C3C02
:1047C800BA259F9FE34BA8A8F3A25151FE5DA3A36E
:1047D800C08040408A058F8FAD3F9292BC219D9D3D
:1047E8004870383804F1F5F5DF63BCBCC177B6B65C
:1047F80075AFDADA63422121302010101AE5FFFF85
:104808000EFDF3F36DBFD2D24C81CDCD14180C0C34
:10481800352613132FC3ECECE1BE5F5FA2359797E3
:10482800CC884444392E17175793C4C4F255A7A708
:1048380082FC7E7E477A3D3DACC86464E7BA5D5D24
:104848002B32191995E67373A0C06060981981819D
:10485800D19E4F4F7FA3DCDC664422227E542A2A55
:10486800AB3B9090830B8888CA8C464629C7EEEEEE
:10487800D36BB8B83C28141479A7DEDEE2BC5E5EC0
:104888001D160B0B76ADDBDB3BDBE0E0566432320A
:104898004E743A3A1E140A0ADB9249490A0C060673
:1048A8006C482424E4B85C5C5D9FC2C26EBDD3D35F
:1048B800EF43ACACA6C46262A8399191A431959536
:1048C80037D3E4E48BF2797932D5E7E7438BC8C86C
:1048D800596E3737B7DA6D6D8C018D8D64B1D5D5CA
:1048E800D29C4E4EE049A9A9B4D86C6CFAAC565685
:1048F80007F3F4F425CFEAEAAFCA65658EF47A7A4D
:10490800E947AEAE18100808D56FBABA88F07878BB
:104918006F4A2525725C2E2E24381C1CF157A6A63A
:10492800C773B4B45197C6C623CBE8E87CA1DDDDD4
:104938009CE87474213E1F1FDD964B4BDC61BDBDA6
:10494800860D8B8B850F8A8A90E07070427C3E3E84
:10495800C471B5B5AACC6666D89048480506030365
:1049680001F7F6F6121C0E0EA3C261615F6A3535B7
:10497800F9AE5757D069B9B9911786865899C1C108
:10498800273A1D1DB9279E9E38D9E1E113EBF8F8A7
:10499800B32B989833221111BBD2696970A9D9D960
:1049A80089078E8EA7339494B62D9B9B223C1E1E9E
:1049B8009215878720C9E9E94987CECEFFAA5555C0
:1049C800785028287AA5DFDF8F038C8CF859A1A1AD
:1049D80080098989171A0D0DDA65BFBF31D7E6E658
:1049E800C6844242B8D06868C3824141B0299999C7
:1049F800775A2D2D111E0F0FCB7BB0B0FCA8545445
:104A0800D66DBBBB3A2C161663A5C6637C84F87CAE
:104A18007799EE777B8DF67BF20DFFF26BBDD66B47
:104A28006FB1DE6FC55491C530506030010302018B
:104A380067A9CE672B7D562BFE19E7FED762B5D73F
:104A4800ABE64DAB769AEC76CA458FCA829D1F823B
:104A5800C94089C97D87FA7DFA15EFFA59EBB25931
:104A680047C98E47F00BFBF0ADEC41ADD467B3D42A
:104A7800A2FD5FA2AFEA45AF9CBF239CA4F753A455
:104A88007296E472C05B9BC0B7C275B7FD1CE1FDAE
:104A980093AE3D93266A4C26365A6C363F417E3F8C
:104AA800F702F5F7CC4F83CC345C6834A5F451A5F4
:104AB800E534D1E5F108F9F17193E271D873ABD817
:104AC80031536231153F2A15040C0804C75295C7A3
:104AD80023654623C35E9DC31828301896A13796D0
:104AE800050F0A059AB52F9A07090E0712362412E0
:104AF800809B1B80E23DDFE2EB26CDEB27694E274A
:104B0800B2CD7FB2759FEA75091B1209839E1D837A
:104B18002C74582C1A2E341A1B2D361B6EB2DC6ED0
:104B28005AEEB45AA0FB5BA052F6A4523B4D763B1A
:104B3800D661B7D6B3CE7DB3297B5229E33EDDE3F8
:104B48002F715E2F8497138453F5A653D168B9D17A
:104B580000000000ED2CC1ED20604020FC1FE3FCAC
:104B6800B1C879B15BEDB65B6ABED46ACB468DCB72
:104B7800BED967BE394B72394ADE944A4CD4984C38
:104B880058E8B058CF4A85CFD06BBBD0EF2AC5EFD5
:104B9800AAE54FAAFB16EDFB43C586434DD79A4DB0
:104BA800335566338594118545CF8A45F910E9F95F
:104BB800020604027F81FE7F50F0A0503C44783CFE
:104BC8009FBA259FA8E34BA851F3A251A3FE5DA36A
:104BD80040C080408F8A058F92AD3F929DBC219D39
:104BE80038487038F504F1F5BCDF63BCB6C177B658
:104BF800DA75AFDA2163422110302010FF1AE5FF81
:104C0800F30EFDF3D26DBFD2CD4C81CD0C14180C30
:104C180013352613EC2FC3EC5FE1BE5F97A23597DF
:104C280044CC884417392E17C45793C4A7F255A704
:104C38007E82FC7E3D477A3D64ACC8645DE7BA5D20
:104C4800192B32197395E67360A0C0608198198199
:104C58004FD19E4FDC7FA3DC226644222A7E542A51
:104C680090AB3B9088830B8846CA8C46EE29C7EEEA
:104C7800B8D36BB8143C2814DE79A7DE5EE2BC5EBC
:104C88000B1D160BDB76ADDBE03BDBE03256643206
:104C98003A4E743A0A1E140A49DB9249060A0C066F
:104CA800246C48245CE4B85CC25D9FC2D36EBDD35B
:104CB800ACEF43AC62A6C46291A8399195A4319532
:104CC800E437D3E4798BF279E732D5E7C8438BC868
:104CD80037596E376DB7DA6D8D8C018DD564B1D5C6
:104CE8004ED29C4EA9E049A96CB4D86C56FAAC5681
:104CF800F407F3F4EA25CFEA65AFCA657A8EF47A49
:104D0800AEE947AE08181008BAD56FBA7888F078B7
:104D1800256F4A252E725C2E1C24381CA6F157A636
:104D2800B4C773B4C65197C6E823CBE8DD7CA1DDD0
:104D3800749CE8741F213E1F4BDD964BBDDC61BDA2
:104D48008B860D8B8A850F8A7090E0703E427C3E80
:104D5800B5C471B566AACC6648D890480305060361
:104D6800F601F7F60E121C0E61A3C261355F6A35B3
:104D780057F9AE57B9D069B986911786C15899C104
:104D88001D273A1D9EB9279EE138D9E1F813EBF8A3
:104D980098B32B981133221169BBD269D970A9D95C
:104DA8008E89078E94A733949BB62D9B1E223C1E9A
:104DB80087921587E920C9E9CE4987CE55FFAA55BC
:104DC80028785028DF7AA5DF8C8F038CA1F859A1A9
:104DD800898009890D171A0DBFDA65BFE631D7E654
:104DE80042C6844268B8D06841C3824199B02999C3
:104DF8002D775A2D0F111E0FB0CB7BB054FCA85441
:104E0800BBD66DBB163A2C1652096AD53036A53872
:104E1800BF40A39E81F3D7FB7CE339829B2FFF879A
:104E2800348E4344C4DEE9CB547B9432A6C2233D7E
:104E3800EE4C950B42FAC34E082EA16628D924B22F
:104E4800765BA2496D8BD12572F8F6648668981650
:104E5800D4A45CCC5D65B6926C704850FDEDB9DAAF
:104E68005E154657A78D9D8490D8AB008CBCD30A9D
:104E7800F7E45805B8B34506D02C1E8FCA3F0F0279
:104E8800C1AFBD0301138A6B3A9111414F67DCEA48
:104E980097F2CFCEF0B4E67396AC7422E7AD3585C1
:104EA800E2F937E81C75DF6E47F11A711D29C589CB
:104EB8006FB7620EAA18BE1BFC563E4BC6D27920AD
:104EC8009ADBC0FE78CD5AF41FDDA8338807C731B6
:104ED800B11210592780EC5F60517FA919B54A0DAE
:104EE8002DE57A9F93C99CEFA0E03B4DAE2AF5B023
:104EF800C8EBBB3C83539961172B047EBA77D6263F
:104F0800E169146355210C7D6BC1BEE22E409F966A
:104F1800E93D7E117393172AAE2D8A571E03AC9C68
:104F28009EB76FAC45AF8E5130C81C46A35CE411E8
:104F3800E5FBC1191A0A52EFF69F2445DF4F9B176C
:104F4800AD2B417BE66C371044416AC2D1F53C5821
:104F58003303917E6BE9EBE048E31E9E256718F268
:104F68009229319C19F15BA4058CCFFDBBCB382D60
:104F78001F6F56585D8A4ADEC34C052CC0DA8D7304
:104F8800451AFE5F03BE297FF3F6752AE8D7831119
:104F980038F041560631B1148B79EECC93A0EE5D12
:104FA800FF30B4EA21636DA4FACA37E0B0C853737E
:104FB800DF706E73F7C9AF865DF678DD17BA4E7588
:104FC800B61768C6ADEF7C7B4804E1818FE629758A
:104FD80019A3E88C573104138A05FC5E095AF48436
:104FE8008A08D328D3688E3D7BD966D53AD8C1BB09
:104FF80085D2ADFAE87BB104FE3C53653E2F45B53A
:105008006FCD88B2CC898FF0000102030405060732
:1050180008090A0B0C0D0E0F2B7E151628AED2A60A
:10502800ABF7158809CF4F3C0000000000000000D6
:1050380000000000000000008E73B0F7DA0E645222
:10504800C810F32B809079E562F8EAD2522C6B7B7A
:105058000000000000000000603DEB1015CA71BEA2
:105068002B73AEF0857D77811F352C073B6108D700
:105078002D9810A30914DFF43B3FD92EB72DAD208E
:10508800333449F8E83CFB4AC8A64537A0B3A93FE2
:10509800CDE3CDAD9F1CE58B26751F67A3CBB14033
:1050A800B1808CF187A4F4DFC04B05357C5D1C0E04
:1050B800EAC4C66F9FF7F2E6CDC80D6FDDF18CAB81
:1050C80034C25909C99A417467CE7F7F8117362146
:1050D800961A2B70171D3D7A2E1E8A1DD59B88B1F6
:1050E800C8E60FED1EFAC4C9C05F9F9CA9834FA0F4
:1050F80042AE8FBA584B09FFDC7E84BFDA79164B73
:105108007ECD8486985D386039FFED143B28B1C8A0
:1051180032113C6331E5407BDF10132415E54B92D7
:10512800A13ED0A8267AE2F975A385741AB9CEF8FB
:105138002031623D55B1E4710000003000000000EC
:105148000000000000000001006CB6DBC0543B59B1
:10515800DA48D90B0000000100E0017B27777F3F88
:105168004A1786F000000001AE6852F8121067CCAA
:105178004BF7A5765577F39E7E24067817FAE0D785
:1051880043D6CE1F325391637691BE035E5020A85A
:10519800AC6E618529F9A0DC100000002000000039
:1051A80024000000E4095D4FB7A7B3792D6175A30A
:1051B800261311B8000000000000000000000000E5
:1051C80000000000000000000000000000000000D7
:1051D800000000005104A106168A72D9790D41EE2B
:1051E8008EDAD388EB2E1EFC46DA57C8FCE630DF91
:1051F8009141BE28000000000000000000000000EF
:1052080000000000C1CF48A89F2FFDD9CF4652E922
:10521800EFDB72D74540A42BDE6D7836D59A5CEA71
:10522800AEF3105325B2072F000000000000000065
:105238000000000053696E676C6520626C6F636BD9
:10524800206D7367000000000000000000000000EF
:105258000000000000000000000000000000000046
:1052680000000000000102030405060708090A0BF4
:105278000C0D0E0F101112131415161718191A1BEE
:105288001C1D1E1F000000000000000000000000A0
:1052980000000000000102030405060708090A0BC4
:1052A8000C0D0E0F101112131415161718191A1BBE
:1052B8001C1D1E1F202122230000000000000000EA
:1052C800000000004142434445464748494A4B4C88
:1052D8004D4E4F505152535455565758595A616272
:1052E800636465666768696A6B6C6D6E6F7071720E
:1052F800737475767778797A303132333435363756
:1053080038392B2F7F7F7F7F7F7F7F7F7F7F7F7FD6
:105318007F7F7F7F7F7F7F7F7F7F7F7F7F7F7F7F95
:105328007F7F7F7F7F7F7F7F7F7F7F7F7F7F7F3EC6
:105338007F7F7F3F3435363738393A3B3C3D7F7F76
:105348007F407F7F7F000102030405060708090AE2
:105358000B0C0D0E0F101112131415161718197FB8
:105368007F7F7F7F7F1A1B1C1D1E1F202122232465
:1053780025262728292A2B2C2D2E2F303132337F12
:105388007F7F7F7F24486E5687625ABDBF17D9A298
:10539800C4171A0194ED8F1E11B3D7090CB6E91082
:1053A8006F22EE13CAB3070576C9FA316C0834FFC9
:1053B8008DC26C380043E95497AF504BD141BA9530
:1053C800315A0B974A456875566F64695772322F80
:1053D80046396D6978426361415A54746A78345227
:1053E8007339634A444C6270454738693768504B93
:1053F8007377634664736E364D5777494E502B4E1C
:10540800776D773441455070564A657655457652E2
:10541800516271564D566F4C6C773D3D000000004F
:105428000300000005000000070000000B0000005A
:105438000D0000001100000013000000170000001C
:105448001D0000001F0000002500000029000000CA
:105458002B0000002F000000350000003B0000007A
:105468003D00000043000000470000004900000024
:105478004F000000530000005900000061000000C8
:1054880065000000670000006B0000006D00000070
:10549800710000007F000000830000008900000008
:1054A8008B00000095000000970000009D000000A0
:1054B800A3000000A7000000AD000000B30000003A
:1054C800B5000000BF000000C1000000C5000000DA
:1054D800C7000000D3000000DF000000E300000068
:1054E800E5000000E9000000EF000000F100000006
:1054F800FB00000001010000070100000D01000091
:105508000F01000015010000190100001B01000037
:1055180025010000330100003701000039010000B7
:105528003D0100004B010000510100005B0100003B
:105538005D01000061010000670100006F010000CB
:10554800750100007B0100007F010000850100005B
:105558008D0100009101000099010000A3010000E5
:10556800A5010000AF010000B1010000B701000073
:10557800BB010000C1010000C9010000CD0100000D
:10558800CF010000D3010000DF010000E7010000A7
:10559800EB010000F3010000F7010000FD0100002D
:1055A800090200000B0200001D0200002302000097
:1055B8002D02000033020000390200003B02000007
:1055C800410200004B020000510200005702000097
:1055D800590200005F020000650200006902000035
:1055E8006B020000770200008102000083020000C5
:1055F800870200008D02000093020000950200005F
:10560800A1020000A5020000AB020000B3020000E6
:10561800BD020000C5020000CF020000D702000052
:10562800DD020000E3020000E7020000EF020000D4
:10563800F5020000F9020000010300000503000064
:10564800130300001D030000290300002B030000C2
:1056580035030000370300003B0300003D03000052
:105668004703000055030000590300005B030000D6
:105678005F0300006D030000710300007303000066
:10568800770300008B0300008F03000097030000DE
:10569800A1030000A9030000AD030000B30300004C
:1056A800B9030000C7030000CB030000D1030000CA
:1056B800D7030000DF030000E503000099FFFFFFA8
:1056C800B50200006102000015000000E4060000B9
:1056D800640300001C0000000BB1CD2D06D3502040
:1056E8000100000038411676D99360F272C2AB9A75
:1056F800750657A091F7B5C9A28CD290F607A727CF
:105708008EB249DE435CD7C73EF58F671F186EAF70
:105718002FE2850D53F09C65EAA3AE9EEC802D6BBD
:10572800A82B36A6C5864D33FD6658963A099510BE
:1057380078D842CCEF26E5611A3F3B82B6DBD49895
:10574800E88B02EB0A2C1DB06F8D880E19874E0B63
:10575800A90C79117F22E759E1DA3DC81204745483
:10576800307EB428556850BED0C431CB2AAD0FCA9C
:1057780070FF326908620024D1FBBAED4581736D70
:10578800849FEE4AC32EC101E6254899B9B37BF937
:10579800CEBFDF7129CD6C13649B639DC04BB7A549
:1057A800895FB117F4BCD346CF375E4794FAFC5BE8
:1057B80097FE5AAC3C4C0335F323B85D6A92D52169
:1057C8004451C67D3983DCAA7C7756051BA4153461
:1057D8001E1CF8522014E9BDDDE4A1E08AF1D67A56
:1057E800BBE3404F70822CECB327C0E5E485573506
:1057F800EA0CAE4123EF6B934519A521ED0E4F4EF0
:105808001D6592BD86B8AF8F7CEB1FCE3E30DC5F46
:105818005EC50B1AA6E139CAD5475D3DD9015AD6EE
:1058280051566C4D8B0D9A66FBCCB02D74122B2003
:10583800F0B18499DF4CCBC2347E76056DB7A931BF
:10584800D11704D714583A61DE1B111C320F9C166D
:105858005318F222FE44CFB2C3B57A912408E8A8BF
:1058680060FC6950AAD0A07DA1896297545B1E95FF
:10587800E0FF64D210C40048A3F775DB8A03E6DAB8
:10588800093FDD94875C8302CD4A90337367F6F352
:105898009D7FBFE2529BD826C837C63B81966F4B87
:1058A80013BE632EE979A78C9F6EBC8E29F5F9B6D5
:1058B8002FFDB4597898066AE74671BAD425AB42E9
:1058C80088A28DFA7207B955F8EEAC0A36492A68EB
:1058D8003C38F1A44028D37BBBC943C115E3ADF4E0
:1058E80077C7809E702CB3C0E457EAAE236B45A5FA
:1058F800ED4F1D9286AF7C1F3EDC5E0BA639D55D51
:10590800D95A516C8B9AFBB0742BF084DFCB347668
:105918006DA9D104143ADE11329C53F2FECFC37A3A
:1059280024E86069AAA0A162541EE0641000A3756F
:105938008AE609DD8783CD9073F69DBF52D8C8C625
:10594800816F1363E9A79FBC29F92FB47806E77123
:10595800D4AB888D72B9F8AC362A3CF140D3BB433E
:1059680015AD778082EC27E585350C41EF93192139
:105978000E4E65BDB88FEBCE305FC51AE1CA473D04
:1059880001D6564D0D66CC2D1220B1994CC27E051C
:10599800B73117D758611B1C0F16182244B2B5919E
:1059A80008A8FC50D07D89975B95FFD2C448F7DBE7
:1059B80003DA3F945C024A3367F37FE29B26373B66
:1059C800964BBE2E798C6E8EF5B6FD59986A46BAFE
:1059D8002542A2FA0755EE0A496838A4287BC9C1AE
:1059E800E3F4C79EE00558D9674E81CBC90BAE6A70
:1059F800D5185D8246DFD6278A324B42DB1C9E9C37
:105A08003ACA257B0D715F1FF8D73E9D7C60B9BEF1
:105A1800BC8B16344DC37295AB8EBA7AB302B4AD53
:105A2800A2ACD89A171A35CCF799615AE82456408F
:105A3800E1630933BF98978568FCEC0ADA6F536213
:105A4800A32E08AF28B074C2BD362238641E392C84
:105A5800A630E544FD889F65876BF4234810D15133
:105A6800C0F9D2A055A141FA4313C42FA8B63C2BC4
:105A7800C1FFC8A52089009047EFEAB71506CDB544
:105A8800127EBB290FB807049B942166E6CEEDE78A
:105A98003BFE7FC5A437B14C916E8D76032DDE9603
:105AA800267DC65CD3F24F193FDC791D52EBF36DAE
:105AB8005EFB69B2F0310CD4CF8CE275A94A5784E9
:105AC80011451BF5E40E73AAF1DD59146C9254D0FC
:105AD8007870E3498050A7F6779386832AC75BE9F5
:105AE800EE8F013DA09E667F3BCC908BB67AE8583E
:105AF8004CAA73B2C6EF372FE94F82BE54FF53A5A5
:105B0800F1D36F1C10E527FADE682D1DB05688C248
:105B1800B3E6C1FD0101010100000000010101011E
:105B28000000000001000101010100010101010064
:105B3800010100010001020308090A0B2627242598
:105B4800171415161BFFFF1AFFFFFFFFFFFFFFFFCC
:105B5800FFFFFFFFFFFFFFFFFFFFFFFF0405060733
:105B68000C0D0E0F10111213FF1819FF1F1C1D1E0C
:105B7800FFFFFFFFFFFFFFFFFFFFFFFFFFFFFFFF2D
:105B8800FFFFFFFF000102033D3E3F3CFFFFFFFF19
:105B98001B18191A23202122FFFFFFFF08090A0BEF
:105BA80010111213FFFFFFFF27242526FFFFFFFF19
:105BB8000C0D0E0F3A3B38391F1C1D1EFFFFFFFF4F
:105BC800040506074142434014151617FFFFFFFF5F
:105BD8002B28292A15161714FFFFFFFF121310117F
:105BE8000B08090A0F0C0D0E191A1B181D1E1F1C75
:105BF80012131011FFFFFFFFFFFFFFFF012345678F
:105C080089ABCDEFFEDCBA98765432100000000064
:105C1800000000000000000000000000000000007C
:105C2800000000000000000000000000000000006C
:105C3800000000000000000000000000012345678C
:105C480089ABCDEFFEDCBA987654321000112233BE
:105C580044556677000000000000000000000000C6
:105C6800000000000000000000000000000000002C
:105C7800000000000000000000000000012345674C
:105C880089ABCDEFFEDCBA9876543210001122337E
:105C9800445566778899AABBCCDDEEFF000000006A
:105CA80000000000000000000000000000000000EC
:105CB80000000000000000000000000067673138A5
:105CC800549669730857065648EABE43383C6C2A0E
:105CD800ABEF7FDE25CD470BF774A331B4993401C0
:105CE800B3E996F84EE5CEE7D79B09B9D1763FC020
:105CF80019D77CC930BFF2A56F7C93649ACC237DF9
:105D0800FF16D76C20EF7C919E3A75090503FB10AE
:105D1800AB241E7CF45D8CDEEE47433501234567DA
:105D280089ABCDEFFEDCBA98765432100000000043
:105D38000200000000000000000000000001020353
:105D48000405060708090A0B0C0D0E0F2B7E151605
:105D580028AED2A6ABF7158809CF4F3C000000004B
:105D68000000000000000000000000008E73B0F783
:105D7800DA0E6452C810F32B809079E562F8EAD203
:105D8800522C6B7B0000000000000000603DEB100F
:105D980015CA71BE2B73AEF0857D77811F352C0730
:105DA8003B6108D72D9810A30914DFF41607CF49D3
:105DB8004B36BBF00DAEB0B503C831ABA2F2CF671E
:105DC8001629EF7840C5A5DFB50748870F06165096
:105DD80008CF8B8B5A63586362543E542A4830ABC1
:105DE8005AC4A1A2405955FD2195CF935D5A869B6F
:105DF800D14CE54264F892A6DD2EC3D537D359C3FA
:105E0800349836D884E310ADDF68C449E6CFA35F81
:105E1800C02B134A4D2C0B6737AC3EDA36CBEB73ED
:105E2800BD504B4070B1B7DE2B21EB50E31A6055E3
:105E3800297D96CA3330CDF1B1860A836BC1BEE2A3
:105E48002E409F96E93D7E117393172AAE2D8A57EF
:105E58001E03AC9C9EB76FAC45AF8E5130C81C4634
:105E6800A35CE411E5FBC1191A0A52EF00000030E7
:105E7800000000000000000000000001006CB6DB1C
:105E8800C0543B59DA48D90B0000000100E0017BFF
:105E980027777F3F4A1786F000000001AE6852F866
:105EA800121067CC4BF7A5765577F39E7E240678BB
:105EB80017FAE0D743D6CE1F325391637691BE03CB
:105EC8005E5020A8AC6E618529F9A0DCD09DC29AED
:105ED8008214619A20877C76DB1F0B3F000000004C
:105EE80000000000000000000000000000000000AA
:105EF800000000000000000000000000DBF3C78D78
:105F0800C08396D4DA7C907765BBCB442B8E8E0FFA
:105F180031F0DCA72C7417E35360E0480000000060
:105F2800000000000000000000000000B19D1FCD2F
:105F3800CB75EB882F849CE24D85CF739CE64B2B69
:105F48005C9D73F14F2D5D9DCE9889CDDF5086966F
:105F580000000000000000000000000053696E67A8
:105F68006C6520626C6F636B206D736700000000C6
:105F78000000000000000000000000000000000019
:105F88000000000000000000000000000001020303
:105F98000405060708090A0B0C0D0E0F1011121341
:105FA8001415161718191A1B1C1D1E1F00000000B7
:105FB80000000000000000000000000000010203D3
:105FC8000405060708090A0B0C0D0E0F1011121311
:105FD8001415161718191A1B1C1D1E1F2021222301
:105FE8000000000000000000000000001000000099
:105FF8002000000024000000404142434445464739
:1060080048494A4B4C4D4E4F07000000080000001D
:106018000C00000008000000100000001400000040
:106028000400000010000000180000000400000038
:1060380006000000080000007162015B4DAC255DA0
:106048000000000000000000000000000000000048
:106058000000000000000000D2A1F0E051EA5F62F9
:10606800081A7792073D593D1FC64FBFACCD0000B7
:106078000000000000000000E3B201A9F5B71A7A99
:106088009B1CEAECCD97E70B6176AAD9A4428AA5B6
:10609800484392FBC1B099511011121314151617E9
:1060A80018191A1B202122232425262728292A2BC0
:1060B8002C2D2E2F30313233343536370001020380
:1060C8000405060708090A0B0C0D0E0F1011121310
:1060D800A70D00002D2D2D2D2D424547494E20435B
:1060E800455254494649434154452D2D2D2D2D0DDA
:1060F8000A4D494944687A4343416D2B67417749C2
:1061080042416749424144414E42676B71686B693D
:10611800473977304241515546414441374D5173D3
:1061280077435159445651514745774A4F5444454E
:10613800520D0A4D4138474131554543684D49553F
:1061480047397359584A545530777847544158421B
:10615800674E5642414D5445464276624746795508
:10616800314E4D4946526C6333516751304577483B
:1061780068634E0D0A4D5445774D6A45794D545123
:10618800304E4441775768634E4D6A45774D6A45AE
:10619800794D5451304E444177576A41374D5173C8
:1061A80077435159445651514745774A4F544445CE
:1061B800524D4138470D0A4131554543684D4955BF
:1061C80047397359584A545530777847544158429B
:1061D800674E5642414D5445464276624746795588
:1061E800314E4D4946526C6333516751304577679C
:1061F8006745694D4130470D0A435371475349621A
:106208003344514542415155414134494244774113
:10621800776767454B416F494241514441337A663C
:1062280038463776676C70302F687436574D6E3144
:1062380045705261677A5348780D0A6D6454733615
:10624800737438474667496C4B58736D38574C33ED
:10625800786F656D54695A687835377749303533C2
:106268007A6864634867483035375A6B2B693563F9
:106278006C48467A714D7755716E790D0A35304202
:1062880077464D74456F6E494C777556412B543798
:106298006C7067367A2B65784B593843344B5142CA
:1062A800306E466337714B55456B48487876595080
:1062B8005A5039616C346A77716A2B386E0D0A59F5
:1062C8004D50476E38753637474239742B61454D06
:1062D8007235502B31676D49674E62314C54562BDD
:1062E8002F586A6C693577774F51757666777537A9
:1062F800754A42566341304C6E306B636D6E4C0D7F
:106308000A5237455551494E395A2F5347396A472A
:106318007238586D6B7372557545766D45462F42C8
:10632800696279632B45316978564130686D6E4DE5
:10633800336F54445062354C6339756E38724E73FE
:10634800750D0A4B4E462B416B736A6F4258794F55
:1063580047566B43656F4D626F34624636427879B3
:106368004C4F6279617670772F4C50683561506771
:106378004149796E706C5962364C5641674D4241BD
:1063880041476A0D0A675A5577675A497744415910
:10639800445652305442415577417745422F7A410D
:1063A8006442674E564851344546675155744672A3
:1063B8006B70625065306C4C327564576D6C512F40
:1063C8007250727A480D0A2F6638775977594456B1
:1063D80052306A42467777576F41557446726B70F0
:1063E800625065306C4C327564576D6C512F725029
:1063F800727A482F662B68503651394D447378436A
:106408007A414A42674E560D0A42415954416B350A
:106418004D4D524577447759445651514B4577680D
:106428005162327868636C4E545444455A4D426305
:10643800474131554541784D515547397359584A67
:1064480054553077675647567A0D0A64434244518B
:106458005949424144414E42676B71686B694739FB
:106468007730424151554641414F4341514541756D
:10647800503155324142556B49736C734366646CB5
:10648800633269393451484859654A0D0A53735281
:106498003445646748746463695549354936324AF6
:1064A800364D6F6D2B593064542F37612B38533666
:1064B8004D564D435A503643354E794E79587731BB
:1064C8004757592F5952383258544A38480D0A44B8
:1064D800424A6943546F6B3544625A36537A614F66
:1064E8004E427A645748587757776D6935766731E1
:1064F80064786E375978724D396430496A784D320C
:1065080037574E4B7334734451685A42516B460D9A
:106518000A706A6D6673326362346F506C3459392D
:1065280054396D6554782F6C76646B52594575678C
:1065380036314A666E3663412B714870795059641A
:1065480054482B55736849546E6D70352F5A746BC7
:10655800660D0A6D2F5554534C424E464E4865738E
:1065680069545A654833314E637859476448536DC6
:1065780065394E632F67666964526130464C4F43F4
:10658800665778526C4671414934377A47396A41BF
:1065980051435A0D0A375A326D4347444E4D686A83
:1065A80051632B425963646E6C306C50586A644472
:1065B8004B36563071436731645665776855426388
:1065C8005735675A4B7A563765392B447056413DD3
:1065D8003D0D0A2D2D2D2D2D454E44204345525459
:1065E800494649434154452D2D2D2D2D0D0A2D2D5C
:1065F8002D2D2D424547494E204345525449464981
:10660800434154452D2D2D2D2D0D0A4D49494468E2
:106618007A4343416D2B674177494241674942417B
:1066280044414E42676B71686B6947397730424124
:10663800517346414441374D51737743515944563C
:1066480051514745774A4F544445520D0A4D4138F8
:106658004741315545436777495547397359584A32
:1066680054553077784754415842674E5642414D09
:106678004D454642766247467955314E4D49465218
:106688006C63335167513045774868634E0D0A4D46
:106698005463774E5441304D5459314E7A417857AE
:1066A80068634E4D6A63774E5441314D5459314EAB
:1066B8007A4178576A41374D517377435159445657
:1066C80051514745774A4F544445524D4138470D3B
:1066D8000A41315545436777495547397359584AEF
:1066E80054553077784754415842674E5642414D89
:1066F8004D454642766247467955314E4D49465298
:106708006C6333516751304577676745694D413050
:10671800470D0A4353714753496233445145424137
:1067280051554141344942447741776767454B4168
:106738006F494241514441337A6638463776676C2F
:1067480070302F687436574D6E3145705261677AD4
:106758005348780D0A6D6454733673743847466726
:10676800496C4B58736D38574C33786F656D546965
:106778005A6878353777493035337A6864634867BB
:10678800483035375A6B2B6935636C48467A714DFA
:106798007755716E790D0A35304277464D74456FDD
:1067A8006E494C777556412B54376C7067367A2B87
:1067B80065784B593843344B5142306E46633771D4
:1067C8004B55456B4848787659505A5039616C3466
:1067D8006A77716A2B386E0D0A594D50476E3875B5
:1067E8003637474239742B61454D7235502B316726
:1067F8006D49674E62314C54562B2F586A6C693577
:1068080077774F51757666777537754A4256634183
:10681800304C6E306B636D6E4C0D0A5237455551D6
:10682800494E395A2F5347396A477238586D6B7336
:1068380072557545766D45462F42696279632B45D9
:10684800316978564130686D6E4D336F54445062EB
:10685800354C6339756E38724E73750D0A4B4E465A
:106868002B416B736A6F4258794F47566B43656F7C
:106878004D626F346246364278794C4F6279617660
:1068880070772F4C5068356150674149796E706C4C
:106898005962364C5641674D424141476A0D0A6775
:1068A8005A5577675A4977485159445652304F429A
:1068B800425945464C5261354B577A33744A5339DD
:1068C800726E5670705550367A3638782F332F4D91
:1068D800474D4741315564497752634D4671410DE3
:1068E8000A464C5261354B577A33744A5339726EA3
:1068F8005670705550367A3638782F332F6F542BA0
:106908006B505441374D5173774351594456515147
:106918004745774A4F544445524D413847413155D0
:10692800450D0A436777495547397359584A5455AD
:106938003077784754415842674E5642414D4D454D
:106948004642766247467955314E4D4946526C6308
:106958003351675130474341514177444159445677
:106968005230540D0A42415577417745422F7A41BA
:106978004E42676B71686B69473977304241517392
:106988004641414F4341514541484B2F4848725475
:106998005A4D6E6E564D70646531696F2B766F4136
:1069A80074716C376A0D0A347352684C726A4437D2
:1069B8006F33544874775262446132646943767025
:1069C8007130537132334E67324C4D596F58734F93
:1069D800786F4C2F52514B33694E37554B7856339D
:1069E8004D4B50457230770D0A5851532B6B4B5114
:1069F80071695432627366726A6E574D56485A749A
:106A0800554F4D706D36464E716364476D2F527306
:106A18007333764B6461326C634B6C386B556E71B3
:106A28002F796C63312B5162420D0A473641367417
:106A38005576516372325A79576656672B6D4D35C4
:106A4800586B6854724F4F587573324F4C696B626C
:106A580034577745744A544A524E4530662B79501C
:106A68004F4453557A302F765435370D0A417048C4
:106A780030436E42383062594A7368594850484822
:106A8800796D4F746C654142384B535974716D3749
:106A980035672F594E6F626A6E6A4236636D3448A5
:106AA8006B57334F5A5256496C366659590D0A6E10
:106AB80032304E52564131566A73364741524F7200
:106AC800344E7157346B2F2B4C6F66593979304CD3
:106AD8004C44452B70306F49454B5849734976688B
:106AE8005072333973777853413D3D0D0A2D2D2D62
:106AF8002D2D454E4420434552544946494341545F
:106B0800452D2D2D2D2D0D0A2D2D2D2D2D42454791
:106B1800494E2043455254494649434154452D2D39
:106B28002D2D2D0D0A4D494943556A43434164654E
:106B380067417749424167494A414D4644346E3579
:106B48006951387A6F4D416F4743437147534D340C
:106B58003942414D434D443478437A414A42674E65
:106B680056424159540D0A416B354D4D52457744B3
:106B78007759445651514B4577685162327868636A
:106B88006C4E54544445634D426F4741315545411D
:106B9800784D545547397359584A7A63327767564E
:106BA80047567A644342460D0A517942445154414A
:106BB80065467730784D7A41354D6A51784E545153
:106BC800354E446861467730794D7A41354D6A498A
:106BD800784E5451354E4468614D443478437A4177
:106BE8004A42674E56424159540D0A416B354D4D44
:106BF800524577447759445651514B45776851620D
:106C0800327868636C4E54544445634D426F474133
:106C180031554541784D545547397359584A7A6327
:106C28003277675647567A644342460D0A5179428D
:106C380044515442324D42414742797147534D3491
:106C4800394167454742537542424141694132499A
:106C580041424D50614B7A52424E316776683162FB
:106C68002B2F496D364B554E4C547542750D0A778E
:106C7800773558557A4D35574E5253744A47564FC3
:106C880051736A333138584A474A492F4271564B33
:106C98006334734C59664369464B4172395A717172
:106CA800794864754E4D63626C6934797569790DFC
:106CB8000A6159377A516130707737526664616476
:106CC800486239555A4B5656706D6C4D37494C527F
:106CD8006D466D417A48714F426F4443426E54414C
:106CE8006442674E5648513445466751556E573091
:106CF800670D0A4A456B425079764C654C555A7671
:106D080048346B796476374E6E77776267594456A4
:106D180052306A424763775A5941556E5730674A2D
:106D2800456B425079764C654C555A7648346B79A8
:106D38006476370D0A4E6E7968517152414D44346C
:106D480078437A414A42674E5642415954416B351D
:106D58004D4D524577447759445651514B457768C4
:106D68005162327868636C4E54544445634D426FA7
:106D780047413155450D0A41784D545547397359A6
:106D8800584A7A633277675647567A64434246517F
:106D98007942445159494A414D4644346E35695106
:106DA800387A6F4D41774741315564457751464DA3
:106DB800414D42416638770D0A436759494B6F5A2E
:106DC800497A6A304541774944615141775A674960
:106DD80078414D4F30596E4E574B4A55416658676A
:106DE800534A744A7865786E346970672B6B7634C9
:106DF8007A6E755235307635360D0A7434643050F3
:106E080043753431326D5543364E6E6437697A7640
:106E18007445324D6749784150316E6E4A516A5A0D
:106E2800384257756B737A465144473438777843FC
:106E38004379636939717064534D760D0A75436AF5
:106E48006E387077554F6B4142584B384D737339D4
:106E580030667A436643454F7449413D3D0D0A2DDE
:106E68002D2D2D2D454E4420434552544946494326
:106E78004154452D2D2D2D2D0D0A0000AB06000087
:106E88002D2D2D2D2D424547494E2052534120503E
:106E9800524956415445204B45592D2D2D2D2D0D28
:106EA8000A4D4949457041494241414B4341514589
:106EB80041794854457A4C6E3574586E7052646BFB
:106EC80055594C423975355079617836664D3630AA
:106ED8004E6A346F38566D586C3345545A7A476148
:106EE800460D0A423958344A37424B4E64426A6E5C
:106EF8006770754737666138483672376777516B00
:106F0800345A4A4744547A71437253562F5575314F
:106F18004339334B59526854594A516A3665565366
:106F28004844310D0A626B327931525044306872EC
:106F380074356B507151685472644F724137522FD7
:106F4800555630367038366A74307544424D484567
:106F5800774D6A4456302F594930465A50526F3748
:106F680079582F6B390D0A5A3547494D43354373C4
:106F78007439392B2B554D642F2F734D6342346A66
:106F8800372F4366387174624348576A646D4C61A1
:106F98006F3576344A76344546624D7334345446F8
:106FA800655930424762480D0A37766B32446D7135
:106FB8005639676D61426D66305A58483479715355
:106FC800784A65442B504973314247653634453910
:106FD800326866782F2F445A7274656E4E4C514E43
:106FE8006954724D39414D2B760D0A6471427056C1
:106FF8006F4E7130716A553531427835725532426B
:1070080058634662587649354D5439544E55685838
:1070180077494441514142416F49424147644E7466
:1070280066594469617036627A73740D0A796843E7
:107038006949386D39547472685A77344D69736187
:1070480045614E2F6C6C3358536A614F47326476F2
:107058005636784D5A434D562B3554655844484F4B
:10706800415A6E59313859693138767A7A0D0A346D
:10707800557432546E4E467A697A434543594E6187
:107088004132665354335767496E6E78556B5633A1
:10709800595841795036434E784A61436D7632618A
:1070A8004130794672326B46565365614B47740DD1
:1070B8000A796D766C6A4E70324E566B766D37541F
:1070C8006838664251424F3749374158687A3433F5
:1070D8006B306D5237586D50676577653841705A17
:1070E8004F47336873746B4F614D766257417657DB
:1070F800410D0A7A435A757064446A5A596A4F4A6C
:10710800716C41346545413448382F7737463833F8
:107118007235437567654245384C674552456A4C38
:10712800506979656A725535483166756245592BDB
:107138006830640D0A6C35485A424A3638796254C8
:107148005866513555396F2F514B4133646430744B
:107158006F4245686864525544477A57746A76772F
:107168006B455166714631726547576A2F746F6473
:107178002F674370660D0A444669365830454367A1
:1071880059454134774F762F706A534333747936B3
:1071980054754F764B5832724F556942724C585855
:1071A80076324A53785A6E4D6F4D69574935697032
:1071B8004C51742B5259540D0A565061664C2F6D20
:1071C80037446E364D62776A61794F6B635A68420D
:1071D800776B35434E7A35413651346C4A36344DE7
:1071E800712F6C71487A6E52435151324D63314759
:1071F80038657944462F66594C0D0A5A6532704CE9
:10720800767750395644356A5463326D69446677E7
:107218002B4D6E764A68797752524C63656D4446B9
:1072280050386B34685156746D38504D70335A6D00
:107238004E45436759454134677A370D0A777A4F87
:10724800625234676E386962653631377551505A03
:107258006A577A556A3964554859642B696E31679B
:107268007742434972744E6E61526E394939552FCF
:10727800513674656752597069693479730D0A63B8
:107288003137364E6D552B756D7936586D75534BB4
:1072980056357144396253705A5747326E4C466EB0
:1072A800736C724E31354C6D3366685A786F654D24
:1072B8004E6842614544546E4C543236796F690DBC
:1072C8000A33336770306D5353577939345A4571DF
:1072D80069706D732B554C46367359315A7446573D
:1072E80036747047466F7938436759415148686E1C
:1072F8006E764A666C4973326B7934713130423636
:10730800300D0A5A6378467033727444706B70306B
:107318004A7868464C6869697A4672756A4D745A43
:10732800536A594E6D3555374B6B67505648684C04
:10733800454C455576436D4F6E4B54743461702FF0
:10734800765A300D0A42784A4E6531475A483370AA
:107358005736534176474451706C397347377575C2
:107368002F765446502B6C4378756B6D7A78423083
:107378004472724463766F72456B4B4D6F6D375A2A
:1073880043435276570D0A4B5A735A365965483259
:107398005A3831426175526A3231386B514B426703
:1073A800514355562F44674B503239383578445439
:1073B8005437394E30386A556F33685450354D5606
:1073C800594343756A2F2B0D0A5565457731547615
:1073D8005A6378334C4A627937503658616436615B
:1073E800312F42717665614779464B496645464972
:1073F8006142554249746B3830317344447044617A
:10740800596334674C303058630D0A376C467542FF
:10741800484F5A6B784A596C737335517247707577
:107428004F456C395A775574354972464C42645900
:10743800614B714E487A4E56433170435066622F05
:107448004A794836447232485578710D0A6778553A
:107458007741514B4267514363553647324C384167
:1074680047396439633055704F794C31744D7646DD
:107478006535547477304B6A6C5156647368314D76
:107488005036796967596F3944597577750D0A62AD
:107498004846565732723064425471656750322FED
:1074A8004B544F784B7A6148664331716630524786
:1074B8004473556F4A434E4A72643163776F434C45
:1074C8004738503245463477334F42724B71760D08
:1074D8000A38753479745930462B566C616E6A35A2
:1074E8006C6D3354616F48535646312B4E57507963
:1074F8004F5469776576494543474B775378766C9F
:107508006B6934664441413D3D0D0A2D2D2D2D2DCD
:10751800454E44205253412050524956415445202B
:107528004B45592D2D2D2D2D0D0A00001705000056
:107538002D2D2D2D2D424547494E20434552544966
:107548004649434154452D2D2D2D2D0D0A4D4949B0
:107558004468544343416D32674177494241674922
:10756800424244414E42676B71686B6947397730D4
:107578004241517346414441374D51737743515904
:10758800445651514745774A4F544445520D0A4D88
:10759800413847413155454367774955473973590C
:1075A800584A54553077784754415842674E5642A6
:1075B800414D4D454642766247467955314E4D49D3
:1075C80046526C63335167513045774868634E0DB6
:1075D8000A4D5463774E5441314D544D774E7A5588
:1075E800355768634E4D6A63774E5441324D544D5A
:1075F800774E7A5535576A41384D5173774351590B
:10760800445651514745774A4F544445524D4138A5
:10761800470D0A41315545436777495547397359ED
:10762800584A5455307778476A415942674E56420E
:10763800414D4D455642766247467955314E4D4942
:10764800454E7361575675644341794D49494249DE
:107658006A414E0D0A42676B71686B69473977302A
:10766800424151454641414F43415138414D4949B5
:107678004243674B4341514541794854457A4C6EE2
:107688003574586E7052646B55594C423975355083
:1076980079617836660D0A4D36304E6A346F385641
:1076A8006D586C3345545A7A476146423958344AC2
:1076B80037424B4E64426A6E677075473766613869
:1076C800483672376777516B345A4A4744547A714F
:1076D800437253562F55750D0A314339334B59525E
:1076E8006854594A516A36655653484431626B3278
:1076F800793152504430687274356B507151685406
:1077080072644F724137522F555630367038366A88
:1077180074307544424D4845770D0A4D6A445630D9
:107728002F594930465A50526F3779582F6B395A6A
:107738003547494D433543737439392B2B554D64BF
:107748002F2F734D6342346A372F43663871746242
:107758004348576A646D4C616F35760D0A344A7632
:10776800344546624D733434544665593042476255
:107778004837766B32446D715639676D61426D6674
:10778800305A584834797153784A65442B504973B4
:107798003142476536344539326866782F0D0A2FED
:1077A800445A7274656E4E4C514E6954724D39414B
:1077B8004D2B7664714270566F4E7130716A553533
:1077C80031427835725532425863466258764935A7
:1077D8004D5439544E556858774944415141420DEA
:1077E8000A6F3447534D4947504D42304741315550
:1077F8006444675157424252786F51427A636B41F1
:107808007656485A654D2F78536A377A78335774C5
:10781800474954426A42674E5648534D4558444278
:10782800610D0A674253305775536C733937535596
:1078380076613531616156442B732B764D66392F4D
:1078480036452F704430774F7A454C4D416B474150
:1078580031554542684D43546B7778455441504201
:10786800674E560D0A42416F4D434642766247467F
:107878007955314E4D4D526B774677594456515193
:10788800444442425162327868636C4E54544342D5
:10789800555A584E3049454E42676745414D416BF0
:1078A80047413155640D0A457751434D414177446D
:1078B80051594A4B6F5A496876634E4151454C427B
:1078C80051414467674542414337794F3738364E0F
:1078D800766348704B38556F764B49473963423366
:1078E800326F5351516F6D0D0A4C6F5230654844D9
:1078F800527A6471456B6F713779475A7566484695
:10790800695241417A624D714A666F675274786C68
:10791800725741654234792F6A47614D4256323574
:107928004962464F49634832570D0A694345614DDC
:107938004D62472B56514C4B4E76754336336B6D23
:10794800772F5A6577633954684D365061314863EB
:1079580079306178543066616631422F5530316A2A
:1079680030464963772F366D54664B0D0A44387795
:1079780034384F497763317972304A747574435695
:107988006A696735444330797A6E474D74333252A9
:107998007973654F4C6355652B6C6671303035765D
:1079A80032504169436F7A7235583872450D0A6F03
:1079B80066475A70694D324E715250655067597911
:1079C8002B566337355A6B3238786B525171316E9A
:1079D8006370726751623353347654735A645363D5
:1079E800704D39684C662B654D6C7267716C6A0D09
:1079F8000A6335504C536B5842654C45352B6665C8
:107A0800646B796654614C7878516C674370756F14
:107A18004F684B426D30342F523170574E7A55486B
:107A2800797161676A4F39513D0D0A2D2D2D2D2D24
:107A3800454E442043455254494649434154452DF7
:107A48002D2D2D2D0D0A0000AB0600002D2D2D2DFE
:107A58002D424547494E20525341205052495641E4
:107A68005445204B45592D2D2D2D2D0D0A4D494995
:107A7800457041494241414B434151454177553257
:107A88006A3365664E4864454531306C79754A6D90
:107A980073446E6A6B4F6A784B7A7A6F54467442B5
:107AA80061354D326A4149696E376835720D0A6C25
:107AB800716453744A44764C584A36506953612F5E
:107AC8004C593072435431642B416D5A4979637370
:107AD8004368396F6472716A4F624A484A61382F45
:107AE80073454555724D32314B5036346246320D2E
:107AF8000A324A44425962526D556A61694A6C4F6A
:107B080071713352654233305A6774737132422B44
:107B180067325130634C556C6D3931736C63306228
:107B28006F4334705061517931414A4468326F492A
:107B3800510D0A5A6E32755643754C5A586D526F2C
:107B4800654A687738314153516A7561417A786975
:107B580034625352722F51754B6F524178352F56FC
:107B6800716761486B515944772B466939714C529A
:107B78004637690D0A474D5A694C38646D6A667014
:107B8800643248337A4A346B7041635751446A38D7
:107B98006E38544449536737763174374878796476
:107BA800727877553965735143504A6F6450672F1F
:107BB8006F4E4A68620D0A79334E4C5570625945CA
:107BC800614973674968704F567254443744655722
:107BD800533852782F6671456745776C7749444129
:107BE800514142416F4942415143585230533845FF
:107BF800494846474F525A0D0A2B2B41744F673656
:107C080065454E78442B7856733066314965477A16
:107C18003537546A6F33516E58583756425A4E6446
:107C28006A2B70314543766843452F4737586E6B4A
:107C3800675535684C5A582B470D0A5A306A6B7A83
:107C48002F74714A4F4930765253644C42626970BE
:107C5800486E576F7579425134652F413179494AD9
:107C6800646C42747158784A314B452F6974754871
:107C780052624E63346A346B4C385A0D0A2F72368E
:107C88007076776E5449305053783245717330347A
:107C98003859645339324C543671417634666C62C3
:107CA8004E44784D6E327559377334796353345175
:107CB8003877314A586E436561416E596D0D0A57E0
:107CC80059493577784F2B627652454C52324D637D
:107CD8007A35446D566E4C386A52796D6C366C360E
:107CE800353832625376356F756652654649627922
:107CF800505A6251576C5867596E70753648650D01
:107D08000A4754633745317A4B595147472F392B26
:107D18004451556C2F3176517543507151776E79B6
:107D28003074516F5832773574645970644D6456A5
:107D38006D2B7A6B4C7462616A7A645476694A4A2C
:107D4800610D0A54577A4C366C7435416F4742417D
:107D58004E38362B5356654A44636D514A63763420
:107D680045713655687452723451474D69514D7A90
:107D780030536F64366574745978597A4D677874DE
:107D88007732380D0A43497267706F7A43632B550F
:107D9800615A4A4C6F375578764336616E3835727A
:107DA8003162326E4B50434C51466167674A3048E6
:107DB8003451304A2F735A4F68424958616F427A9A
:107DC800577876654B0D0A6E757063654B64567807
:107DD8004773466938434479383644426669794678
:107DE800697666426A2B3437426261517A50426A38
:107DF800374334724B37556C4C6A61623272444176
:107E08006F4742414E32750D0A414D326763686FC4
:107E180046697534763148464C3844376C77654541
:107E28007069365A6E4D4A6A6E45752F64456747C4
:107E3800514A466A7764704C6E5062736A3463378D
:107E4800356F645134477A38670D0A7377396C6136
:107E58006F3956567A6275736F52452F4A474934BF
:107E68006154644F307041545879473765473151F0
:107E7800752B355963315947586343726C694132E0
:107E8800784D3978782B6437662B730D0A6D507AE4
:107E98004E2B5749456735474A44595A446A417AEF
:107EA800484735424E76692F46664D314339644F0F
:107EB800746A763264416F4741463074354B6D774A
:107EC800626A574842686356714F3449630D0A42E3
:107ED80056764E3342496C6331756532595258456E
:107EE800446C785935623072384E345863654D6742
:107EF8004B6D5731384F4841705A78666C38755019
:107F0800446175575A4C584F676C34756570760DD7
:107F18000A77685A43334575577253797949434EFE
:107F2800684C593231416837686249454250463396
:107F38004C335A734F77432B5545724C2B64585723
:107F48004C644235364A677933675A614265573718
:107F5800620D0A764472456E6F634A6271436D37EB
:107F680049756B6858484F424B38436759454177C4
:107F780071644842306871794E537A494F4759378E
:107F8800763961627A42367055644133425A695192
:107F98007645730D0A334C6A4856643448504A3261
:107FA80078304E384367724249574F453071382B05
:107FB8003068534D6D6545393657572F376A443306
:107FC800665057774352357A6C586B6E78425173C6
:107FD80066763067500D0A3342433550523051644B
:107FE80079707A2B642B397A664D663632356B791F
:107FF800697434542F687A77684476655A557A4894
:108008006E6B3143662B494737512B544F456E4CA5
:108018006E5741574245440D0A49534F576D7255A3
:108028004367594146456D5278677741632F752BF1
:10803800443674307379437741596836504F7473B6
:10804800637139593069394779576B38394E7A67CE
:1080580043344E6477776242480D0A344167616859
:108068004F78497858783267784A6E713379666BF9
:108078004A66496A7766307332447950306B5932B0
:1080880079365561314F656F6D506559396D724953
:1080980053347443754451364C72450D0A54423674
:1080A8006C3956476F784A4C346679486E5A62384C
:1080B8004C356747766E423162624438634C3659B4
:1080C800506144694F686352736543397642694524
:1080D8007556673D3D0D0A2D2D2D2D2D454E4420FD
:1080E8005253412050524956415445204B45592D31
:1080F8002D2D2D2D0D0A0000AD0400002D2D2D2D48
:108108002D424547494E204345525449464943412B
:1081180054452D2D2D2D2D0D0A4D4949444E7A4398
:108128004341682B674177494241674942416A4167
:108138004E42676B71686B694739773042415155D8
:1081480046414441374D5173774351594456515133
:108158004745774A4F544445520D0A4D41384741E7
:1081680031554543684D495547397359584A54550F
:108178003077784754415842674E5642414D5445EE
:108188004642766247467955314E4D4946526C63B0
:10819800335167513045774868634E0D0A4D544551
:1081A800774D6A45794D5451304E44413257686392
:1081B8004E4D6A45774D6A45794D5451304E44418C
:1081C80032576A41304D5173774351594456515192
:1081D8004745774A4F544445524D4138470D0A4167
:1081E80031554543684D495547397359584A54558F
:1081F800307778456A415142674E5642414D544363
:10820800577876593246736147397A644443434113
:108218005349774451594A4B6F5A496876634E0D12
:108228000A415145424251414467674550414443E0
:108238004341516F4367674542414D464E6F39335D
:108248006E7A523352424E644A6372695A724135A9
:108258003435446F385373383645786251577554FE
:108268004E0D0A6F774349702B34656135616E5541
:1082780072535137793179656A346B6D7679324E3C
:108288004B776B395866674A6D534D6E4C416F6634
:10829800614861366F7A6D79527957765037424224
:1082A800464B7A0D0A4E74536A2B75477864746985
:1082B80051775747305A6C49326F695A5471717403
:1082C800305867643947594C624B7467666F4E6B18
:1082D8004E4843314A5A7664624A584E4736417589
:1082E8004B54326B4D0D0A745143513464714345FC
:1082F800475A39726C5172693256356B61486959FF
:1083080063504E51456B49376D674D385975473045
:108318006B612F304C697145514D656631616F470E
:10832800683545474138500D0A68597661693052B9
:108338006534686A4759692F485A6F3336586468F4
:10834800393879654A4B5148466B41342F4A2F4595
:108358007779456F4F373962657838636E6138636E
:108368004650587245416A79610D0A48543450366E
:108378004453595738747A53314B57324247694CF2
:1083880049434961546C6130772B77336C6B764580
:10839800636633366849424D4A63434177454141F4
:1083A800614E4E4D457377435159440D0A5652302C
:1083B80054424149774144416442674E56485134DA
:1083C80045466751557051586F5A4C6A633332416C
:1083D8005055424A4E594B686B7230324C51354DAC
:1083E80077487759445652306A424267770D0A46B1
:1083F8006F41557446726B70625065306C4C3275C3
:1084080064576D6C512F7250727A482F66387744D2
:1084180051594A4B6F5A496876634E415145464215
:1084280051414467674542414A786E58436C590D3B
:108438000A6F486B62703730637142727347584CE9
:108448007962413734637A624F3552644C456746E6
:1084580073377248565339722B633239336C7553FC
:108468002F4B646C694C53635A71417A5956796C35
:10847800770D0A55665257764B4D6F576848594BDA
:10848800703364454953347854586B362F357A58CD
:108498007868763952773853476338716E3676493B
:1084A80054486B3153316D50657674656B676173F1
:1084B8005935590D0A695751754D33683459566CF9
:1084C8005248334848454D414431546E41657866B9
:1084D80058484844465147652B4264316941627A9D
:1084E800312F73483948386C345374775836656778
:1084F80076544B334D0D0A775852776B4B6B766A2F
:108508004B61454441394154625A78306D49384C81
:10851800477378537543716539723964796A6D7434
:10852800746434374A31703152756C7A33434C7AFB
:10853800615263564975530D0A5252516661443867
:108548006E654D396331532F694A2F616D545671E9
:108558004A7841314B4F644F53353738305768505C
:1085680066534172412B673471416D536A656C6380
:108578003370347757706861380D0A7A687559779F
:108588006A567558364A484730633D0D0A2D2D2DD9
:108598002D2D454E442043455254494649434154A4
:1085A800452D2D2D2D2D0D0A000000000C0000007A
:1085B800506F6C617253534C546573740000000023
:1085C800F60600002D2D2D2D2D424547494E2052EF
:1085D80053412050524956415445204B45592D2D61
:1085E8002D2D2D0D0A50726F632D547970653A2028
:1085F800342C454E435259505445440D0A44454B7A
:108608002D496E666F3A204445532D454445332D18
:108618004342432C4138413935423035443542379D
:10862800323036420D0A0D0A3951643947654172B4
:10863800656A6C3147445668326C4C5631624874EE
:108648003063507466626835682F357A56704156C3
:10865800614670717453504D72456C703530526E6E
:10866800746E3965742B4A410D0A37564F79626F1B
:10867800522B497932742F4855345776413638375A
:108688006B33427070653947774B486A4868746C39
:108698002F2F3878464B775A7233586235794F35D1
:1086A8004A5550384155637451710D0A4E6238432A
:1086B8004C6C5A797555432B353252454141746893
:1086C80064576773582B37644A4F347961627A5517
:1086D800635132325470394A53443068694C3433E8
:1086E800426C6B5759554E4B3364416F0D0A505AC3
:1086F8006C6D6970746A6E7A56546A67314D787316
:10870800425379645A696E574F4C4256382F4A5132
:10871800677853506F3279443475456669673238E3
:108728007162765132774E496E30706E41620D0A31
:1087380047786E53414F617A6B6F6E67454766762F
:10874800636A4949732B4C5A4E39675846687863AF
:108758004F68366B6334512F633939423751574567
:1087680054774C4C6B59675A2B7A316139565939C1
:108778000D0A67455537437743785943442B683981
:1087880068593646506D734B302F6C43344F376100
:1087980065524B7059713030725050787336693762
:1087A8007068696578673661783679544D6D4172BD
:1087B80051710D0A516D4B335441734A6D38562F20
:1087C8004A354157704C4556366A41466752477993
:1087D8006D4747486E6F663044587A56575A6964F1
:1087E80072635A4A57544E7547455839306E42336A
:1087F800656532770D0A50584A4546574B6F4433E2
:108808004B33614663534C64485972336D4C477817
:108818005037483954685161693956737963785AC1
:108828004B53356B7776424B512F2F594D726D460E
:108838006677506B38780D0A76546559344B5A4D23
:10884800615572766545656C3574575A43393452AB
:10885800534D4B67785236637945316E4258795497
:10886800516E444F476266704E4E67424B78794B63
:1088780062494E576F4F4A550D0A574A5A41776C0D
:1088880073516E2B517A434477707269372B735644
:10889800316D53336742453655593761516D6E6DA9
:1088A80069696143325633486270687863742F652A
:1088B8006E35517366444F7431580D0A4A637A53C2
:1088C800667052574C6C62507A6E5A67384F5168CE
:1088D8002F5667434D4135384E35446A4F7A5449CF
:1088E8004B37734A4A35722B39345A4254437067AE
:1088F800414D624635383866304E54520D0A4B4366
:108908006534797278474A52375830324D346E762A
:10891800443449774F6C707351387851785A744F92
:1089280053675876344C6B7876645539584A4A4BB5
:10893800575A2F584E4B4A65577A747853650D0A23
:108948005A3176645463325966734442413253450E
:10895800763333767848783267317671747738535E
:108968006A44525432526151535330517553614DD8
:108978004A696D644F58366D544F43424B6B314AC8
:108988000D0A3951356D58547245522B2F4C6E4B88
:10899800306A456D58734258574135627171565A5D
:1089A800497961685853783456595A376C37772F54
:1089B80050486955447444677952684D4D4B693441
:1089C8006E320D0A6951765163575351546A727069
:1089D8006E6C4A626361312F446B705274335977FD
:1089E80072764A776471623861735A553256724E9C
:1089F8004554683578305156656644524C46695638
:108A08007069662F0D0A7455616541652F503146AE
:108A1800384F6B53374F495A447331535562762F49
:108A2800734432764D62684E6B556F436D73332FC6
:108A380050764E74646E76674C3446307A6861447A
:108A4800704B436D6C540D0A50387678343945377D
:108A580076354379524E6D4544397A5A67346F33C7
:108A6800776D4D7172514F39335074547567334572
:108A780075396F5678317A50514D314E564D79428D
:108A880061322B663239444C0D0A316E7554436598
:108A980058646F392B6E69343578782B6A414934BC
:108AA800444377725264684A39757A5A7943363939
:108AB80036324833374836442B356E614E76436C30
:108AC80046523173366C693147620D0A6E71506FC8
:108AD80069792F4F4273457839436144476371512F
:108AE800427035576D652F3358572B367A314953B5
:108AF8004F782B6967774E5456435431346D486428
:108B0800424D6279613065494B6674350D0A582BC0
:108B1800476E777467454D79435979795775556329
:108B280074386734527A45726359392B7957394FFB
:108B38006D35487A7078347A4F7557344E505A6785
:108B4800504454674B2B743252534C2F59710D0AB1
:108B58007245316E6A726765475963566547336671
:108B68002B4F6674483473366650627137743141DE
:108B7800355A67557363624C4D42717239744B2B89
:108B88004F717967523445674B4250734836437A80
:108B98000D0A4C367A6C762F32525630714148762F
:108BA8005675444A6349444967775935724A744946
:108BB8004E456D333272684F65464E4A775A533583
:108BC8004D4E494331637A585A78352F2F75675877
:108BD800376C0D0A49347379356E62566877536A73
:108BE80074416B38586735645A6264545A366D4913
:108BF8007262377871482B6664616B5A6F72316B99
:108C08006847376243327549776962443363536C06
:108C180032586B520D0A774E34386C736C62486E5A
:108C2800717161677236586D316E4E4F53566C389C
:108C3800432F366B624A45734D704C6841657A66BE
:108C480052744777764F75636F61452B5762655548
:108C58004E6F6C4764650D0A502F65516964645303
:108C6800663062726E70694C4A526837715A726C1B
:108C78003958757159647055716E6F45644D416608
:108C88006F74444F4944384F7456376774386134A9
:108C980038616438565057320D0A2D2D2D2D2D452B
:108CA8004E44205253412050524956415445204B7E
:108CB80045592D2D2D2D2D0D0A0000002D2D2D2D62
:108CC8002D424547494E2043455254494649434160
:108CD80054452D2D2D2D2D0D0A4D494944687A43B3
:108CE80043416D2B674177494241674942414441BD
:108CF8004E42676B71686B6947397730424151550D
:108D080046414441374D5173774351594456515167
:108D18004745774A4F544445520D0A4D413847411B
:108D280031554543684D495547397359584A545543
:108D38003077784754415842674E5642414D544522
:108D48004642766247467955314E4D4946526C63E4
:108D5800335167513045774868634E0D0A4D544585
:108D6800774D6A45794D5451304E44417757686381
:108D78004E4D6A45774D6A45794D5451304E4441C0
:108D880077576A41374D517377435159445651517A
:108D98004745774A4F544445524D4138470D0A419B
:108DA80031554543684D495547397359584A5455C3
:108DB8003077784754415842674E5642414D5445A2
:108DC8004642766247467955314E4D4946526C6364
:108DD80033516751304577676745694D4130470DD5
:108DE8000A435371475349623344514542415155EF
:108DF8004141344942447741776767454B416F4960
:108E08004241514441337A6638463776676C703050
:108E18002F687436574D6E3145705261677A5348E2
:108E2800780D0A6D64547336737438474667496C15
:108E38004B58736D38574C33786F656D54695A6861
:108E480078353777493035337A686463486748300E
:108E580035375A6B2B6935636C48467A714D7755AF
:108E6800716E790D0A35304277464D74456F6E49FB
:108E78004C777556412B54376C7067367A2B65786A
:108E88004B593843344B5142306E466337714B551A
:108E9800456B4848787659505A5039616C346A772E
:108EA800716A2B386E0D0A594D50476E3875363732
:108EB800474239742B61454D7235502B31676D49E6
:108EC800674E62314C54562B2F586A6C6935777748
:108ED8004F51757666777537754A42566341304CFF
:108EE8006E306B636D6E4C0D0A5237455551494EC5
:108EF800395A2F5347396A477238586D6B73725510
:108F08007545766D45462F42696279632B4531690F
:108F180078564130686D6E4D336F54445062354C0D
:108F28006339756E38724E73750D0A4B4E462B4178
:108F38006B736A6F4258794F47566B43656F4D6242
:108F48006F346246364278794C4F62796176707731
:108F58002F4C5068356150674149796E706C596281
:108F6800364C5641674D424141476A0D0A675A558A
:108F780077675A49774441594456523054424155CB
:108F880077417745422F7A416442674E56485134BB
:108F980045466751557446726B70625065306C4C2B
:108FA800327564576D6C512F7250727A480D0A2FC2
:108FB800663877597759445652306A424677775718
:108FC8006F41557446726B70625065306C4C3275E7
:108FD80064576D6C512F7250727A482F662B685007
:108FE8003651394D447378437A414A42674E560D9B
:108FF8000A42415954416B354D4D52457744775992
:10900800445651514B4577685162327868636C4ECB
:10901800545444455A4D4263474131554541784D72
:10902800515547397359584A5455307767564756FA
:109038007A0D0A64434244515949424144414E42DF
:10904800676B71686B6947397730424151554641C2
:10905800414F434151454175503155324142556B5D
:1090680049736C734366646C633269393451484898
:1090780059654A0D0A5373523445646748746463EA
:10908800695549354936324A364D6F6D2B5930642A
:10909800542F37612B3853364D564D435A5036436B
:1090A800354E794E795877314757592F59523832BA
:1090B80058544A38480D0A44424A6943546F6B353C
:1090C80044625A36537A614F4E427A645748587709
:1090D80057776D693576673164786E375978724D90
:1090E800396430496A784D3237574E4B733473447C
:1090F80051685A42516B460D0A706A6D6673326345
:1091080062346F506C34593954396D6554782F6C0A
:1091180076646B525945756736314A666E366341D7
:109128002B7148707950596454482B5573684954C9
:109138006E6D70352F5A746B660D0A6D2F5554532A
:109148004C424E464E48657369545A654833314E11
:10915800637859476448536D65394E632F6766696C
:1091680064526130464C4F43665778526C467141A1
:109178004934377A47396A4151435A0D0A375A32C6
:109188006D4347444E4D686A51632B425963646E80
:109198006C306C50586A64444B36563071436731B2
:1091A80064566577685542635735675A4B7A563720
:1091B80065392B447056413D3D0D0A2D2D2D2D2D21
:1091C800454E442043455254494649434154452D50
:1091D8002D2D2D2D0D0A00002D2D2D2D2D4245470D
:1091E800494E2043455254494649434154452D2D43
:1091F8002D2D2D0D0A4D494944687A4343416D2B65
:109208006741774942416749424144414E42676B51
:1092180071686B694739773042415173464144411F
:10922800374D517377435159445651514745774A01
:109238004F544445520D0A4D413847413155454335
:109248006777495547397359584A5455307778479D
:1092580054415842674E5642414D4D45464276620A
:1092680047467955314E4D4946526C6333516751E3
:109278003045774868634E0D0A4D5463774E544124
:10928800304D5459314E7A41785768634E4D6A6370
:10929800774E5441314D5459314E7A4178576A418D
:1092A800374D517377435159445651514745774A81
:1092B8004F544445524D4138470D0A4131554543B5
:1092C8006777495547397359584A5455307778471D
:1092D80054415842674E5642414D4D45464276628A
:1092E80047467955314E4D4946526C633351675163
:1092F800304577676745694D4130470D0A435371DB
:1093080047534962334451454241515541413449DB
:1093180042447741776767454B416F494241514421
:1093280041337A6638463776676C70302F68743602
:10933800574D6E3145705261677A5348780D0A6D02
:1093480064547336737438474667496C4B58736D69
:1093580038574C33786F656D54695A687835377764
:10936800493035337A6864634867483035375A6B13
:109378002B6935636C48467A714D7755716E790D56
:109388000A35304277464D74456F6E494C777556AD
:10939800412B54376C7067367A2B65784B593843B4
:1093A800344B5142306E466337714B55456B4848D4
:1093B800787659505A5039616C346A77716A2B380B
:1093C8006E0D0A594D50476E387536374742397415
:1093D8002B61454D7235502B31676D49674E6231AF
:1093E8004C54562B2F586A6C693577774F517576E0
:1093F80066777537754A42566341304C6E306B63F9
:109408006D6E4C0D0A5237455551494E395A2F53F6
:1094180047396A477238586D6B7372557545766D62
:1094280045462F42696279632B4531697856413048
:10943800686D6E4D336F54445062354C6339756EA8
:1094480038724E73750D0A4B4E462B416B736A6F1B
:109458004258794F47566B43656F4D626F34624689
:10946800364278794C4F6279617670772F4C506824
:10947800356150674149796E706C5962364C564176
:10948800674D424141476A0D0A675A5577675A49FD
:1094980077485159445652304F42425945464C52EA
:1094A80061354B577A33744A5339726E567070551A
:1094B80050367A3638782F332F4D474D474131553E
:1094C80064497752634D4671410D0A464C526135E5
:1094D8004B577A33744A5339726E567070555036FA
:1094E8007A3638782F332F6F542B6B505441374DC1
:1094F800517377435159445651514745774A4F5410
:109508004445524D413847413155450D0A43677727
:10951800495547397359584A545530777847544113
:109528005842674E5642414D4D454642766247463F
:109538007955314E4D4946526C6333516751304726
:10954800434151417744415944565230540D0A42DF
:10955800415577417745422F7A414E42676B716892
:109568006B6947397730424151734641414F434116
:10957800514541484B2F484872545A4D6E6E564DCE
:1095880070646531696F2B766F4174716C376A0D41
:109598000A347352684C726A44376F33544874778C
:1095A8005262446132646943767071305371323368
:1095B8004E67324C4D596F58734F786F4C2F52513C
:1095C8004B33694E37554B7856334D4B50457230B7
:1095D800770D0A5851532B6B4B5171695432627392
:1095E80066726A6E574D56485A74554F4D706D36AF
:1095F800464E716364476D2F52737333764B6461C3
:10960800326C634B6C386B556E712F796C63312BF0
:109618005162420D0A4736413674557651637232AB
:109628005A79576656672B6D4D35586B6854724F8B
:109638004F587573324F4C696B6234577745744A8B
:10964800544A524E4530662B79504F4453557A3020
:109658002F765435370D0A41704830436E42383002
:1096680062594A73685948504848796D4F746C6517
:109678004142384B535974716D3735672F594E6FC6
:10968800626A6E6A4236636D34486B57334F5A527A
:1096980056496C366659590D0A6E32304E5256414B
:1096A80031566A73364741524F72344E7157346B94
:1096B8002F2B4C6F66593979304C4C44452B703000
:1096C8006F49454B584973497668507233397377F7
:1096D8007853413D3D0D0A2D2D2D2D2D454E44200D
:1096E80043455254494649434154452D2D2D2D2D6E
:1096F8000D0A00001B0500002D2D2D2D2D4245477C
:10970800494E2043455254494649434154452D2D1D
:109718002D2D2D0D0A4D494944687A4343416D2B3F
:109728006741774942416749424144414E42676B2C
:1097380071686B69473977304241517346414441FA
:10974800374D517377435159445651514745774ADC
:109758004F544445520D0A4D413847413155454310
:109768006777495547397359584A54553077784778
:1097780054415842674E5642414D4D4546427662E5
:1097880047467955314E4D4946526C6333516751BE
:109798003045774868634E0D0A4D5463774E5441FF
:1097A800304D5459314E7A41785768634E4D6A634B
:1097B800774E5441314D5459314E7A4178576A4168
:1097C800374D517377435159445651514745774A5C
:1097D8004F544445524D4138470D0A413155454390
:1097E8006777495547397359584A545530777847F8
:1097F80054415842674E5642414D4D454642766265
:1098080047467955314E4D4946526C63335167513D
:10981800304577676745694D4130470D0A435371B5
:1098280047534962334451454241515541413449B6
:1098380042447741776767454B416F4942415144FC
:1098480041337A6638463776676C70302F687436DD
:10985800574D6E3145705261677A5348780D0A6DDD
:1098680064547336737438474667496C4B58736D44
:1098780038574C33786F656D54695A68783537773F
:10988800493035337A6864634867483035375A6BEE
:109898002B6935636C48467A714D7755716E790D31
:1098A8000A35304277464D74456F6E494C77755688
:1098B800412B54376C7067367A2B65784B5938438F
:1098C800344B5142306E466337714B55456B4848AF
:1098D800787659505A5039616C346A77716A2B38E6
:1098E8006E0D0A594D50476E3875363747423974F0
:1098F8002B61454D7235502B31676D49674E62318A
:109908004C54562B2F586A6C693577774F517576BA
:1099180066777537754A42566341304C6E306B63D3
:109928006D6E4C0D0A5237455551494E395A2F53D1
:1099380047396A477238586D6B7372557545766D3D
:1099480045462F42696279632B4531697856413023
:10995800686D6E4D336F54445062354C6339756E83
:1099680038724E73750D0A4B4E462B416B736A6FF6
:109978004258794F47566B43656F4D626F34624664
:10998800364278794C4F6279617670772F4C5068FF
:10999800356150674149796E706C5962364C564151
:1099A800674D424141476A0D0A675A5577675A49D8
:1099B80077485159445652304F42425945464C52C5
:1099C80061354B577A33744A5339726E56707055F5
:1099D80050367A3638782F332F4D474D4741315519
:1099E80064497752634D4671410D0A464C526135C0
:1099F8004B577A33744A5339726E567070555036D5
:109A08007A3638782F332F6F542B6B505441374D9B
:109A1800517377435159445651514745774A4F54EA
:109A28004445524D413847413155450D0A43677702
:109A3800495547397359584A5455307778475441EE
:109A48005842674E5642414D4D454642766247461A
:109A58007955314E4D4946526C6333516751304701
:109A6800434151417744415944565230540D0A42BA
:109A7800415577417745422F7A414E42676B71686D
:109A88006B6947397730424151734641414F4341F1
:109A9800514541484B2F484872545A4D6E6E564DA9
:109AA80070646531696F2B766F4174716C376A0D1C
:109AB8000A347352684C726A44376F335448747767
:109AC8005262446132646943767071305371323343
:109AD8004E67324C4D596F58734F786F4C2F525117
:109AE8004B33694E37554B7856334D4B5045723092
:109AF800770D0A5851532B6B4B517169543262736D
:109B080066726A6E574D56485A74554F4D706D3689
:109B1800464E716364476D2F52737333764B64619D
:109B2800326C634B6C386B556E712F796C63312BCB
:109B38005162420D0A473641367455765163723286
:109B48005A79576656672B6D4D35586B6854724F66
:109B58004F587573324F4C696B6234577745744A66
:109B6800544A524E4530662B79504F4453557A30FB
:109B78002F765435370D0A41704830436E423830DD
:109B880062594A73685948504848796D4F746C65F2
:109B98004142384B535974716D3735672F594E6FA1
:109BA800626A6E6A4236636D34486B57334F5A5255
:109BB80056496C366659590D0A6E32304E52564126
:109BC80031566A73364741524F72344E7157346B6F
:109BD8002F2B4C6F66593979304C4C44452B7030DB
:109BE8006F49454B584973497668507233397377D2
:109BF8007853413D3D0D0A2D2D2D2D2D454E4420E8
:109C080043455254494649434154452D2D2D2D2D48
:109C18000D0A0000E90000002D2D2D2D2D4245478D
:109C2800494E2045432050524956415445204B4502
:109C3800592D2D2D2D2D0D0A4D4863434151454574
:109C480049506233686D54785A332F6D5A493376C8
:109C5800796B37703355337742662B57496F7036B7
:109C68006844686B467A4A686D4C63716F416F4708
:109C780043437147534D34390D0A417745486F5571
:109C8800514451674145562B5775735850663036C5
:109C980079376B3769422F784B7537755A54724D3F
:109CA8003556552F59304473777534324D6C4339D6
:109CB8002B5934764E63594461570D0A774E5559DE
:109CC8004648446C66352F565330555935624273B1
:109CD80031567A346C6F2B48634B506B78773D3D27
:109CE8000D0A2D2D2D2D2D454E4420454320505233
:109CF8004956415445204B45592D2D2D2D2D0D0AE2
:109D0800000000003D0300002D2D2D2D2D4245475C
:109D1800494E2043455254494649434154452D2D07
:109D28002D2D2D0D0A4D4949434C44434341624B67
:109D38006741774942416749424454414B4267670A
:109D480071686B6A4F50515144416A412B4D5173B0
:109D580077435159445651514745774A4F544445E2
:109D6800524D4138470D0A4131554543684D4955D3
:109D780047397359584A54553077784844416142B5
:109D8800674E5642414D54453142766247467963A3
:109D9800334E734946526C6333516752554D675180
:109DA8003045774868634E0D0A4D544D774F5449F6
:109DB800304D5455314D6A41305768634E4D6A4DA8
:109DC800774F5449794D5455314D6A4130576A425D
:109DD800424D517377435159445651514745774A3B
:109DE8004F544445524D4138470D0A41315545437A
:109DF800684D495547397359584A5455307778480A
:109E08007A416442674E5642414D54466C427662EE
:109E180047467955314E4D4946526C633351675127
:109E28003278705A573530494449770D0A575441AA
:109E38005442676371686B6A4F5051494242676781
:109E480071686B6A4F50514D4242774E43414152BF
:109E5800583561367863392F54724C7554754948B2
:109E68002F45713775356C4F737A6C56540D0A3916
:109E78006A514F7A43376A5979554C33356A69388C
:109E88003178674E70624131526755634F562F6E75
:109E980039564C52526A6C73477A56585069576A09
:109EA8003464776F2B54486F3447644D4947610DCC
:109EB8000A4D416B4741315564457751434D414106
:109EC80077485159445652304F4242594546486F97
:109ED8004158345A6B2F4F4264355245514F374CD5
:109EE8006D4F38516D50382F694D473447413155C2
:109EF800640D0A4977526E4D475741464A317449B5
:109F080043524A41543872793369314762782B4A4F
:109F18004D6E622B7A5A386F554B6B5144412B4D1D
:109F2800517377435159445651514745774A4F54D5
:109F38004445520D0A4D4138474131554543684D16
:109F4800495547397359584A5455307778484441E8
:109F58006142674E5642414D54453142766247460A
:109F68007963334E734946526C6333516752554D8A
:109F780067513047430D0A43514442512B4A2B59EC
:109F88006B504D3644414B42676771686B6A4F505E
:109F980051514441674E6F4144426C416A424B5AA9
:109FA80051313749494F696D626D6F442F794E378A
:109FB8006F38397533424D0D0A6C674F736A6E6896
:109FC800773366494F6F4C49577932574F47736B10
:109FD8002F4C47462B2B447A7672527A754E69413C
:109FE800434D5143643869656D315853344A4B3792
:109FF80068616A38786F6370550D0A4C776A516AE0
:10A00800653550444748666433683974503338516D
:10A018006B6E7535624A717773306D64324B4F4B96
:10A028004879655630553D0D0A2D2D2D2D2D454E5F
:10A03800442043455254494649434154452D2D2D0A
:10A048002D2D0D0A00000000E90000002D2D2D2DFA
:10A058002D424547494E20454320505249564154C8
:10A0680045204B45592D2D2D2D2D0D0A4D48634367
:10A07800415145454950457145794232416E436FDA
:10A08800504C2F39552F59444876647158596249B4
:10A098006F67547977777970362F55664477366EBF
:10A0A8006F416F4743437147534D34390D0A417728
:10A0B80045486F555144516741454E387857325895
:10A0C800594A486C70795073645A4C66386762759F
:10A0D80035382B516152644E4374464C58336143B2
:10A0E8004A5A59704A4F355144594978482F0D0AF0
:10A0F80036692F534E4631644672324B694D4A7267
:10A10800647731567A596F7144766F42794C54743A
:10A118002F773D3D0D0A2D2D2D2D2D454E442045E3
:10A12800432050524956415445204B45592D2D2D19
:10A138002D2D0D0A000000002D0300002D2D2D2DC2
:10A148002D424547494E20434552544946494341CB
:10A1580054452D2D2D2D2D0D0A4D494943487A433F
:10A1680043416157674177494241674942435441F6
:10A178004B42676771686B6A4F50515144416A415D
:10A188002B4D517377435159445651514745774A9E
:10A198004F544445524D4138470D0A4131554543C6
:10A1A800684D495547397359584A54553077784856
:10A1B80044416142674E5642414D544531427662B0
:10A1C80047467963334E734946526C63335167523D
:10A1D800554D67513045774868634E0D0A4D544DCB
:10A1E800774F5449304D5455314D6A413057686363
:10A1F8004E4D6A4D774F5449794D5455314D6A410A
:10A2080030576A41304D5173774351594456515133
:10A218004745774A4F544445524D4138470D0A4106
:10A2280031554543684D495547397359584A54552E
:10A23800307778456A415142674E5642414D544302
:10A24800577876593246736147397A6444425A4D91
:10A25800424D4742797147534D3439416745470D5F
:10A268000A43437147534D34394177454841304992
:10A27800414244664D56746C3243523561636A37C5
:10A28800485753332F4947377566506B476B5854B7
:10A2980051725253313932676957574B5354755578
:10A2A800410D0A32434D522F2B6F76306A52645853
:10A2B800526139696F6A436133634E5663324B4B5F
:10A2C8006737364163693037662B6A675A30776774
:10A2D8005A6F774351594456523054424149774155
:10A2E8004441640D0A42674E564851344546675109
:10A2F800555547476C6A3951483264654341517A2C
:10A308006C5A582B4D5930616E453734776267590E
:10A31800445652306A424763775A5941556E57300E
:10A32800674A456B420D0A5079764C654C555A760A
:10A3380048346B796476374E6E7968517152414D65
:10A34800443478437A414A42674E5642415954410F
:10A358006B354D4D524577447759445651514B45CD
:10A36800776851623278680D0A636C4E54544445DC
:10A37800634D426F474131554541784D54554739F2
:10A388007359584A7A633277675647567A64434214
:10A3980046517942445159494A414D4644346E35F3
:10A3A8006951387A6F4D416F470D0A4343714753DE
:10A3B8004D343942414D43413267414D4755434D34
:10A3C8005143614C467A58707475693557514E3807
:10A3D8004C6C4F3364646831684D787836747A67AA
:10A3E8004C765430334D54564B32530D0A43313268
:10A3F80072304C7A3372692F6D6F5345704E5A57CD
:10A4080071506A6B434D434532663533475863593B
:10A418004C717966794A52303738632F784E5355E4
:10A4280055352B58786C37565A343134560D0A66E0
:10A438004761356B48764841524250633859414923
:10A448005649714476484831513D3D0D0A2D2D2D10
:10A458002D2D454E442043455254494649434154C5
:10A46800452D2D2D2D2D0D0A000000000C0000009B
:10A47800506F6C617253534C546573740000000044
:10A488006A0100002D2D2D2D2D424547494E2045AE
:10A49800432050524956415445204B45592D2D2DA6
:10A4A8002D2D0D0A50726F632D547970653A203442
:10A4B8002C454E435259505445440D0A44454B2DA2
:10A4C800496E666F3A204445532D454445332D4324
:10A4D80042432C33303745414234363939333344DB
:10A4E8003634450D0A0D0A49786272526D4B634144
:10A4F8007A63744A71506454514C413453577942C9
:10A50800595947594A566B59456E612B4637506120
:10A5180035743559672F674B414472464B636D3626
:10A52800423732653744470D0A69684578745A4995
:10A5380036343873307A6459773671534A373476FB
:10A548007250537557446535716D3933427173666E
:10A55800564839737674437A57485730706D31705E
:10A56800304B544243466655710D0A55737557541E
:10A578004954774A496D636E6C4173316761525A29
:10A58800337341576D37634F5569644C30666F328A
:10A598004730665955464E63596F43534C66664378
:10A5A800465445484275506E6167620D0A613737F7
:10A5B800782F735931427669693853392F5868446E
:10A5C80054623670544D783036777A726D0D0A2D94
:10A5D8002D2D2D2D454E442045432050524956419E
:10A5E8005445204B45592D2D2D2D2D0D0A000000C9
:10A5F800730300002D2D2D2D2D424547494E204334
:10A60800455254494649434154452D2D2D2D2D0D74
:10A618000A4D494943556A4343416465674177494F
:10A62800424167494A414D4644346E356951387A4A
:10A638006F4D416F4743437147534D343942414D44
:10A64800434D443478437A414A42674E5642415911
:10A65800540D0A416B354D4D524577447759445650
:10A6680051514B4577685162327868636C4E545447
:10A678004445634D426F474131554541784D5455E6
:10A6880047397359584A7A633277675647567A6416
:10A698004342460D0A517942445154416546773048
:10A6A800784D7A41354D6A51784E5451354E44684B
:10A6B80061467730794D7A41354D6A49784E545123
:10A6C800354E4468614D443478437A414A42674E76
:10A6D80056424159540D0A416B354D4D5245774408
:10A6E8007759445651514B457768516232786863BF
:10A6F8006C4E54544445634D426F47413155454172
:10A70800784D545547397359584A7A6332776756A2
:10A7180047567A644342460D0A517942445154429D
:10A72800324D42414742797147534D34394167456B
:10A7380047425375424241416941324941424D5075
:10A74800614B7A52424E3167766831622B2F496DE0
:10A75800364B554E4C547542750D0A77773558551A
:10A768007A4D35574E5253744A47564F51736A3390
:10A778003138584A474A492F4271564B6334734C13
:10A7880059664369464B4172395A71717948647503
:10A798004E4D63626C6934797569790D0A61593770
:10A7A8007A5161307077375266646164486239550E
:10A7B8005A4B5656706D6C4D37494C526D466D412B
:10A7C8007A48714F426F4443426E54416442674E27
:10A7D8005648513445466751556E5730670D0A4AF9
:10A7E800456B425079764C654C555A7648346B79AE
:10A7F8006476374E6E7777626759445652306A42AC
:10A808004763775A5941556E5730674A456B4250EE
:10A8180079764C654C555A7648346B796476370DA1
:10A828000A4E6E7968517152414D443478437A41E9
:10A838004A42674E5642415954416B354D4D524537
:10A8480077447759445651514B457768516232786D
:10A8580068636C4E54544445634D426F47413155CB
:10A86800450D0A41784D545547397359584A7A630A
:10A878003277675647567A64434246517942445183
:10A8880059494A414D4644346E356951387A6F4DBD
:10A8980041774741315564457751464D414D4241D5
:10A8A8006638770D0A436759494B6F5A497A6A30B7
:10A8B8004541774944615141775A674978414D4F3D
:10A8C80030596E4E574B4A5541665867534A744A39
:10A8D8007865786E346970672B6B76347A6E75524A
:10A8E80035307635360D0A7434643050437534315A
:10A8F800326D5543364E6E6437697A767445324DFB
:10A908006749784150316E6E4A516A5A38425775D4
:10A918006B737A465144473438777843437963698F
:10A9280039717064534D760D0A75436A6E387077C5
:10A93800554F6B4142584B384D73733930667A43E3
:10A948006643454F7449413D3D0D0A2D2D2D2D2D52
:10A95800454E442043455254494649434154452DA8
:10A968002D2D2D2D0D0A00000200000064B002609C
:10A978000300000048B00260040000002CB0026030
:10A988000500000010B0026006000000F4AF02608D
:10A9980007000000D8AF026008000000BCAF0260EA
:10A9A80009000000A0AF02600A00000084AF026046
:10A9B8000B00000068AF02600C0000004CAF0260A2
:10A9C8000D00000030AF02600E000000F0AE026023
:10A9D8000F000000D4AE026010000000B8AE0260A4
:10A9E8002B00000078AE02602C0000005CAE026014
:10A9F8002D00000040AE02601100000000AE0260B1
:10AA080012000000E4AD026013000000C8AD02604F
:10AA180014000000ACAD02601500000090AD0260AB
:10AA28001600000074AD02601700000058AD026007
:10AA3800180000003CAD02601900000020AD026063
:10AA48001A00000004AD02601B000000E8AC0260C0
:10AA58001C000000CCAC02601D0000008CAC026041
:10AA68001E00000070AC02601F00000054AC0260C1
:10AA78002E00000014AC02602F000000F8AB02604A
:10AA880030000000DCAB0260200000009CAB0260DC
:10AA98002200000040AB026024000000E4AA02602B
:10AAA8002100000080AB02602300000024AB02609C
:10AAB80025000000C8AA0260000000000000000095
:10AAC80025020000C0000000F01600200800000069
:10AAD800000000000800000000AB02602401000034
:10AAE800C00000000017002008000000000000005F
:10AAF8000800000000AB026004000000F580006060
:10AB08000981006000000000000000002981006049
:10AB180025810060A58100602D810060230200006E
:10AB2800800000001017002008000000000000004E
:10AB3800080000005CAB02602201000080000000F9
:10AB48001C1700200800000000000000080000009A
:10AB58005CAB026003000000F580006009810060C2
:10AB68000000000000000000218100601D810060DD
:10AB7800A58100602D8100602102000040000000D6
:10AB8800501D002008000000000000000800000020
:10AB9800B8AB026020010000400000002817002028
:10ABA800080000000000000008000000B8AB0260C8
:10ABB80003000000ED800060FD80006000000000E0
:10ABC800000000001981006015810060BD810060EF
:10ABD80041810060300800000001000030170020AB
:10ABE8000C000000010000001000000030AC026002
:10ABF8002F080000C0000000441700200C000000CF
:10AC0800010000001000000030AC02602E080000B7
:10AC180080000000581700200C0000000100000010
:10AC28001000000030AC02600500000000000000C9
:10AC3800000000000000000000000000E18000604B
:10AC4800E1800060D5810060558100601F0600002A
:10AC5800000100006C1700200C000000010000003B
:10AC680010000000A8AC02601E060000C000000032
:10AC7800801700200C0000000100000010000000F8
:10AC8800A8AC02601D060000800000009417002098
:10AC98000C0000000100000010000000A8AC0260D9
:10ACA8000500000000000000000000000000000097
:10ACB80000000000D5800060D5800060ED81006054
:10ACC800698100601C05000000010000A817002031
:10ACD8001000000000000000100000001CAE026020
:10ACE8001B050000C0000000BC1700201000000079
:10ACF80000000000100000001CAE02601A050000F1
:10AD080080000000D01700201000000000000000A4
:10AD1800100000001CAE02601903000000010000D2
:10AD2800E4170020100000000000000010000000E0
:10AD38001CAE026018030000C0000000F8170020D5
:10AD48001000000000000000100000001CAE0260AF
:10AD580017030000800000000C18002010000000FD
:10AD680000000000100000001CAE02601602000087
:10AD78000001000020180020100000000000000062
:10AD8800100000001CAE026015020000C0000000A8
:10AD9800341800201000000000000000100000001F
:10ADA8001CAE026014020000800000004818002059
:10ADB8001000000000000000100000001CAE02603F
:10ADC80013010000000100005C18002010000000C2
:10ADD80000000000100000001CAE0260120100001C
:10ADE800C0000000701800201000000000000000E3
:10ADF800100000001CAE026011010000800000007D
:10AE0800841800201000000000000000100000005E
:10AE18001CAE026005000000AD800060B1800060DB
:10AE2800BD800060C5800060D1800060CD8000607A
:10AE3800058200607D8100602D080000000100008F
:10AE4800981800200C00000001000000100000000D
:10AE580094AE02602C080000C0000000A418002076
:10AE68000C000000010000001000000094AE026019
:10AE78002B08000080000000B01800200C00000023
:10AE8800010000001000000094AE02600200000003
:10AE980000000000000000000000000000000000AA
:10AEA800A1800060A1800060D581006055810060AC
:10AEB8001006000000010000BC1800200C00000073
:10AEC80001000000100000000CAF02600F06000037
:10AED800C0000000C81800200C000000010000009D
:10AEE800100000000CAF02600E0600008000000099
:10AEF800D41800200C000000010000001000000021
:10AF08000CAF02600200000000000000000000001A
:10AF1800000000000000000095800060958000603F
:10AF2800ED810060698100600D05000000010000EE
:10AF3800E0180020100000000000000010000000D1
:10AF480080B002600C050000C0000000EC18002072
:10AF580010000000000000001000000080B0026037
:10AF68000B05000080000000F81800201000000009
:10AF7800000000001000000080B002600A0300001A
:10AF8800000100000419002010000000000000006B
:10AF98001000000080B0026009030000C00000003B
:10AFA800141900201000000000000000100000002C
:10AFB80080B002600803000080000000241900200F
:10AFC80010000000000000001000000080B00260C7
:10AFD80007020000000100003419002010000000E2
:10AFE800000000001000000080B0026006020000AF
:10AFF800C000000040190020100000000000000000
:10B008001000000080B0026005020000800000000F
:10B018004C19002010000000000000001000000083
:10B0280080B00260040100000001000058190020EF
:10B0380010000000000000001000000080B0026056
:10B0480003010000C0000000641900201000000087
:10B05800000000001000000080B002600201000043
:10B06800800000007019002010000000000000009F
:10B078001000000080B00260020000006D800060D7
:10B08800718000607D800060858000609180006034
:10B098008D8000601D8200609181006001020407BC
:10B0A800080B0D0E10131516191A1C1F2023252620
:10B0B800292A2C2F31323437383B3D3E4043454610
:10B0C800494A4C4F51525457585B5D5E6162646700
:10B0D800686B6D6E70737576797A7C7F80838586F0
:10B0E800898A8C8F91929497989B9D9EA1A2A4A7E0
:10B0F800A8ABADAEB0B3B5B6B9BABCBFC1C2C4C7D0
:10B10800C8CBCDCED0D3D5D6D9DADCDFE0E3E5E6BF
:10B11800E9EAECEFF1F2F4F7F8FBFDFE01010101B9
:10B1280001010101FEFEFEFEFEFEFEFE1F1F1F1FA7
:10B138000E0E0E0EE0E0E0E0F1F1F1F1011F011F4B
:10B14800010E010E1F011F010E010E0101E001E0B9
:10B1580001F101F1E001E001F101F10101FE01FE5F
:10B1680001FE01FEFE01FE01FE01FE011FE01FE0DF
:10B178000EF10EF1E01FE01FF10EF10E1FFE1FFE93
:10B188000EFE0EFEFE1FFE1FFE0EFE0EE0FEE0FE91
:10B19800F1FEF1FEFEE0FEE0FEF1FEF140100010CF
:10B1A800001000000000040040100410000000100F
:10B1B8004010001040000000000000104000040093
:10B1C80000000410401004100010040000100410C7
:10B1D80040100400001000004000000000000410AF
:10B1E8004000001000100010401000000010040083
:10B1F800400004004000041000100410401000003B
:10B208000000000000000000400004104000001092
:10B21800001000104010040000000400401004005A
:10B22800000004000010041000100000400000009E
:10B23800400004100010000040100400001000102E
:10B2480040000000400000100000041040000410FE
:10B258000000001000000400401000100000000072
:10B2680040100410400004004000001000000410CA
:10B2780000100010401000100000000040100410E2
:10B2880000100400001004004010000040100000EE
:10B29800400004000000001000100410000020000E
:10B2A800020020040208000400000000000800005A
:10B2B80002080004020820000008200402082004F4
:10B2C800000020000000000002000004020000004E
:10B2D8000000000402002004020800000008000426
:10B2E80002082000020020000008000402000004F8
:10B2F80000002004000820040200200000002004B0
:10B3080000080000020800000208200400082000CD
:10B3180002000000000000040008200000000004F3
:10B3280000082000000020000208000402080004B1
:10B338000200200402002004020000000200200095
:10B348000000000400080004000020000008200499
:10B35800020800000208200000082004020800007B
:10B368000200000402082004000020040008200055
:10B378000000000002000000020820040000000095
:10B388000208200000002004000800000200000459
:10B39800000800040008000002002000100000203F
:10B3A80000004020004000001040402000004020E5
:10B3B8001000000010404020000040000040002025
:10B3C8001040400000004000100000201000400025
:10B3D8000040002000000020104000000000000095
:10B3E80010004000104000200040000000404000D5
:10B3F80010400020100000001000402010004020E5
:10B4080000000000104040000040402010400000B4
:10B418000040400000404020000000200040002084
:10B428001000000010004020004040001040402064
:10B438000000400010400000100000200000400004
:10B4480000400020000000201040000010000020F4
:10B4580010404020004040000000402010404000C4
:10B4680000404020000000001000402010000000B4
:10B478000040000000004020104040000040000054
:10B488001000400010400020000000000040402054
:10B498000000002010004000104000200120800023
:10B4A80081200000812000008000000080208000B2
:10B4B80081008000010080000120000000000000E1
:10B4C8000020800000208000812080008100000092
:10B4D80000000000800080000100800001000000E2
:10B4E8000020000000008000012080008000000093
:10B4F8000000800001200000802000008100800002
:10B508000100000080200000800080000020000072
:10B518008020800081208000810000008000800061
:10B528000100800000208000812080008100000050
:10B5380000000000000000000020800080200000C3
:10B548008000800081008000010000000120800050
:10B558008120000081200000800000008120800000
:10B5680081000000010000000020000001008000B0
:10B578000120000080208000810080000120000060
:10B588008020000000008000012080008000000072
:10B5980000008000002000008020800020801080B3
:10B5A8000080008000800000208010000000100053
:10B5B80020000000200010802080008020000080F3
:10B5C80020801080008010800000008000800080B3
:10B5D80000001000200000002000108000801000F3
:10B5E8002000100020800080000000000000008083
:10B5F8000080000020801000000010802000100053
:10B608002000008000000000008010002080000062
:10B6180000801080000010802080000000000000E2
:10B628002080100020001080000010002080008082
:10B638000000108000801080008000000000108052
:10B6480000800080200000002080108020801000F2
:10B658002000000000800000000000802080000022
:10B6680000801080000010002000008020001000E2
:10B678002080008020000080200010000080100042
:10B688000000000000800080208000000000008092
:10B698002000108020801080008010000001000031
:10B6A8000001080200000802000100420000080032
:10B6B80000010000000000400000080200010840EE
:10B6C80000000800000100020001084000010042DB
:10B6D80000000842000108000000004000000002CD
:10B6E8000000084000000840000000000001004081
:10B6F800000108420001084200010002000008425F
:10B7080000010040000000000000004200010802A3
:10B7180000000002000000420001080000000800CC
:10B72800000100420001000000000002000000408B
:10B738000000080200010042000108400001000268
:10B748000000004000000842000108020001084013
:10B758000001000000000002000008420001084249
:10B768000001080000000042000108420000080231
:10B77800000000000000084000000042000108002E
:10B788000001000200010040000008000000000065
:10B798000000084000010802000100400802000003
:10B7A8000002020800000000080002080002000869
:10B7B8000000000008020200000200080800020061
:10B7C800080000080800000800000200080202083B
:10B7D800080002000000020808020000000000083B
:10B7E8000800000000020208000200000002020037
:10B7F8000000020808000208080202000802000807
:10B808000002020000000200080200080800000010
:10B8180008020208000200000000000800020208F6
:10B8280000000008080002000802000000000200F2
:10B8380000020208000200080000000000020000E8
:10B8480008000200080202080002000808000008B8
:10B8580000020000000000000800020808020008BA
:10B8680000000200000000080802020808000000AA
:10B878000802020000020200080000080000020896
:10B88800080200080802000000000208080202007E
:10B89800080000000800020800020200000401017C
:10B8A800000000000000010004040101040001017F
:10B8B800040401000400000000000100000400006E
:10B8C8000004010104040101000400000404000153
:10B8D800040001010000000104000000040400004D
:10B8E800000400010004000100040100000401003C
:10B8F800000001010000010104040001040001002E
:10B908000400000104000001040001000000000020
:10B91800040400000404010000000001000001000C
:10B9280004040101040000000000010100040101F9
:10B9380000000001000000010004000004000101F3
:10B9480000000100000401000400000100040000E0
:10B9580004000000040400010404010004040101BF
:10B9680004000100000001010404000104000001BA
:10B9780004040000040401000004010104040000A0
:10B9880000040001000400010000000004000100A0
:10B998000004010000000000040001010000000094
:10B9A800010000000001000001010000000001008A
:10B9B8000100010000010100010101000000000177
:10B9C8000100000100010001010100010000010166
:10B9D8000100010100010101010101010000000055
:10B9E800000000010000010000000101000100004A
:10B9F8000001000100010100000101010100000037
:10BA08000100000101000100010001010101000025
:10BA18000101000101010100010101014E6F7720C0
:10BA2800697320740123456789ABCDEF2345678986
:10BA3800ABCDEF01456789ABCDEF0123CDD64F2FB5
:10BA48009427C15D6996C8FA47A2ABEB832539767E
:10BA580044091A0A6A2A19F41ECA854B03E69F5B31
:10BA6800FA58EB42DD17E8B8B437D23212345678B8
:10BA780090ABCDEF54F15AF6EBE3A4B435761156FA
:10BA88005FA18E4DCB191F85D1ED8439129F40B926
:10BA9800D20056B3470EFC9A6B8EE393C5CECF63A4
:10BAA800ECEC514C2D2D2D2D2D424547494E20446F
:10BAB8004820504152414D45544552532D2D2D2D6E
:10BAC8002D0D0A4D494748416F4742414A343139A3
:10BAD8004442454F676D51547A6F3571586C3566DD
:10BAE80051634E39544E343535776B4F4C373035BA
:10BAF80032487A787852564D7968596D775163672C
:10BB08004A76680D0A317361313866796652394F61
:10BB18006956454D59676C4F706B71566F474C4E5F
:10BB28003771643561514E4E693557372F432B565F
:10BB380042644854424A63475A4A797950354233F5
:10BB480071637A33320D0A396D4C4A4B75646C5601
:10BB58007564563051786B3571554A61505A2F7853
:10BB680075707A304E796F567076697569424F49AB
:10BB780031674E69386F765358577A416745430D98
:10BB88000A2D2D2D2D2D454E44204448205041523C
:10BB9800414D45544552532D2D2D2D2D0D0A000094
:10BBA8000400180080010000001A0020030017009C
:10BBB80000010000BC1B002002001500E00000008E
:10BBC800C81B002001001300C0000000D41B002087
:10BBD800000000000000000000000000FFFFFFFF61
:10BBE800FFFFFFFFFEFFFFFFFFFFFFFFFFFFFFFF5E
:10BBF800FFFFFFFFB1B946C1ECDEB8FE4930247241
:10BC0800ABE9A70FE7809CE5190521643128D2B478
:10BC1800B1C96B1436F8DE99FFFFFFFFFFFFFFFF86
:10BC2800FFFFFFFF1210FF82FD0AFFF40088A14307
:10BC3800EB20BF7CF69030B00EA88D181148791E05
:10BC4800A177F973D5CD246BED11106378DAC8FFAD
:10BC5800952B1907010000000000000000000000FB
:10BC6800FFFFFFFFFFFFFFFFFFFFFFFFFFFFFFFFDC
:10BC780000000000B4FF552343390B27BAD8BFD7BB
:10BC8800B7B04450563241F5ABB3040C850A05B43D
:10BC98003D2A5C5C4529DD133EF0B8E0A216FFFFA3
:10BCA800FFFFFFFFFFFFFFFFFFFFFFFF211D5C11ED
:10BCB800D68032342211C256D3C1034AB990133206
:10BCC8007FBFB46BBD0C0EB7347E00859981D54417
:10BCD8006447075AA07543CDE6DF224CFB23F7B52E
:10BCE800886337BDFFFFFFFFFFFFFFFFFFFFFFFF79
:10BCF800000000000000000000000000010000003B
:10BD0800FFFFFFFF4B60D2273E3CCE3BF6B053CC43
:10BD1800B0061D65BC86987655BDEBB3E7933AAA85
:10BD2800D835C65A512563FCC2CAB9F3849E17A7F1
:10BD3800ADFAE6BCFFFFFFFFFFFFFFFF00000000BA
:10BD4800FFFFFFFF96C298D84539A1F4A033EB2D29
:10BD5800817D0377F240A463E5E6BCF847422CE115
:10BD6800F2D1176BF551BF376840B6CBCE5E316B59
:10BD78005733CE2B169E0F7C4AEBE78E9B7F1AFE1D
:10BD8800E242E34FFFFFFFFF000000000000000059
:10BD9800FFFFFFFFFEFFFFFFFFFFFFFFFFFFFFFFAC
:10BDA800FFFFFFFFFFFFFFFFFFFFFFFFFFFFFFFF9B
:10BDB800FFFFFFFFEF2AECD3EDC8852A9DD12E8A1D
:10BDC8008D3956C65A8713508F081403124181FEC5
:10BDD8006E9C1D18192DF8E36B058E98E4E73EE27A
:10BDE800A72F31B37329C5CC6A19ECEC7AA7B048F0
:10BDF800B20D1A58DF2D37F4814D63C7FFFFFFFFDF
:10BE0800FFFFFFFFFFFFFFFFFFFFFFFFFFFFFFFF3A
:10BE1800FFFFFFFFB70A7672385E543A6C2955BFA8
:10BE28005DF20255382A5482E041F759989BA78B56
:10BE3800623B1D6E74AD20F31EC7B18E37058BBEF5
:10BE480022CA87AA5F0EEA907C1D437A9D817E1DD7
:10BE5800CEB1600AC0B8F0B51331DAE97C149A287B
:10BE6800BD1DF4F829DC9292BF989E5D6F2C269632
:10BE78004ADE173600000000000000000000000045
:10BE8800201C0000000000004038000000000000F6
:10BE98006024000000000000807000000000000026
:10BEA800A06C000000000000C04800000000000076
:10BEB800E05400000000000000E100000000000065
:10BEC80020FD00000000000040D900000000000034
:10BED80060C5000000000000809100000000000024
:10BEE800A08D000000000000C0A9000000000000B4
:10BEF800E0B500000000000058E2FCCEFA7E306198
:10BF0800367F1D57A4E7455AAB6E47D42CEC13BDBA
:10BF1800F53A67B21257BDDF4D5C2AF327CD64A608
:10BF28002CF35ABD2BA6FAB45BC94FBC3221A5DB52
:10BF380094FAE95AE7121A473612D2E79E3B078568
:10BF4800561BE14AACA2FCCB619CC5AEFFFE0BFAC6
:10BF5800462AF43C1699D050CD33B28AC773F74BB2
:10BF6800A00ED1F3125724352FF58D80033927AB56
:10BF78008EF4D4587514F0FB9924A7C8587336BFAB
:10BF8800B118024DB8674A142519498E80F1478FB8
:10BF980037BA55BD6D27618C65DCC57FCF623A2401
:10BFA800094FCCA40D3533F8DCF566FF291C25BBF9
:10BFB800B8568FC3D376A6D9530F8AFBC74536B96F
:10BFC800A963B4F1C4CB738BD0D1C8A799996BF08E
:10BFD800265B98B5D48AB919B094DAC5D93471BD3D
:10BFE800EC1A502270E3CC6C76FC6ECE0F4E1768BC
:10BFF800CDDF8853BB2D551B3A337DBF46A792C46E
:10C008005E454913FE2EA8F2A44A8266EE1C8EB045
:10C01800C8B5D4CF5AE9F19A00000000000000002A
:10C028000000000000000000000000000000000008
:10C0380000000000000000000000000000000000F8
:10C0480000000000000000000000000000000000E8
:10C0580000000000000000000388DACE60B6A3925A
:10C06800F328C2B971B2FE78000000000000000099
:10C0780000000000000000000000000000000000B8
:10C0880000000000000000000000000000000000A8
:10C09800000000000000000042831EC221777424C3
:10C0A8004B7221B784D0D49CE3AA212F2C02A4E0A0
:10C0B80035C17E2329ACA12E21D514B25466931C18
:10C0C8007D8F6A5AAC84AA051BA30B396A0AAC9700
:10C0D8003D58E091473F598542831EC22177742419
:10C0E8004B7221B784D0D49CE3AA212F2C02A4E060
:10C0F80035C17E2329ACA12E21D514B25466931CD8
:10C108007D8F6A5AAC84AA051BA30B396A0AAC97BF
:10C118003D58E0910000000061353B4C2806934AE9
:10C12800777FF51FA22A4755699B2A714FCDC6F81C
:10C138003766E5F97B6C742373806900E49F24B249
:10C148002B097544D4896B424989B5E1EBAC0F07DB
:10C15800C23F4598000000008CE24998625615B627
:10C1680003A033ACA13FB894BE9112A5C3A211A8F5
:10C17800BA262A3CCA7E2CA701E4A9A4FBA43C90B9
:10C18800CCDCB281D48C7C6FD62875D2ACA41703D2
:10C198004C34AEE500000000000000000000000084
:10C1A8000000000000000000000000000000000087
:10C1B8000000000000000000000000000000000077
:10C1C8000000000000000000000000000000000067
:10C1D800000000000000000098E7247C07F0FE4102
:10C1E8001C267E4384B0F60000000000000000001A
:10C1F8000000000000000000000000000000000037
:10C208000000000000000000000000000000000026
:10C2180000000000000000003980CA0B3C00E84123
:10C22800EB06FAC4872A2757859E1CEAA6EFD9840D
:10C23800628593B40CA1E19C7D773D00C144C5257E
:10C24800AC619D18C84A3F4718E2448B2FE324D9B4
:10C25800CCDA2710ACADE2563980CA0B3C00E84175
:10C26800EB06FAC4872A2757859E1CEAA6EFD984CD
:10C27800628593B40CA1E19C7D773D00C144C5253E
:10C28800AC619D18C84A3F4718E2448B2FE324D974
:10C29800CCDA2710000000000F10F599AE14A15455
:10C2A800ED24B36E25324DB8C566632EF2BBB34F8D
:10C2B8008347280FC4507057FDDC29DF9A471F7544
:10C2C800C66541D4D4DAD1C9E93A19A58E8B473F5E
:10C2D800A0F062F700000000D27E88681CE3243CCE
:10C2E8004830165A8FDCF9FF1DE9A1D8E6B447EFAC
:10C2F8006EF7B79828666E4581E79012AF34DDD99E
:10C30800E2F037589B292DB3E67C036745FA22E70C
:10C31800E9B7373B00000000000000000000000003
:10C328000000000000000000000000000000000005
:10C3380000000000000000000000000000000000F5
:10C3480000000000000000000000000000000000E5
:10C358000000000000000000CEA7403D4D606B6E5D
:10C36800074EC5D3BAF39D18000000000000000076
:10C3780000000000000000000000000000000000B5
:10C3880000000000000000000000000000000000A5
:10C398000000000000000000522DC1F099567D07F2
:10C3A800F47F37A32A84427D643A8CDCBFE5C0C998
:10C3B8007598A2BD2555D1AA8CB08E48590DBB3DA4
:10C3C800A7B08B1056828838C5F61E6393BA7A0ACE
:10C3D800BCC9F662898015AD522DC1F099567D070A
:10C3E800F47F37A32A84427D643A8CDCBFE5C0C958
:10C3F8007598A2BD2555D1AA8CB08E48590DBB3D64
:10C40800A7B08B1056828838C5F61E6393BA7A0A8D
:10C41800BCC9F66200000000C3762DF1CA787D32EF
:10C42800AE47C13BF19844CBAF1AE14D0B976AFA7E
:10C43800C52FF7D79BBA9DE0FEB582D33934A4F057
:10C44800954CC2363BC73F7862AC430E64ABE49967
:10C45800F47C9B1F000000005A8DEF2F0C9E53F1B7
:10C46800F75D7853659E2A20EEB2B22AAFDE6419D2
:10C47800A058AB4F6F746BF40FC0C3B780F244453C
:10C488002DA3EBF1C5D82CDEA2418997200EF82EFA
:10C4980044AE7E3F000000000000000000000000E5
:10C4A8000000000000000000000000000000000084
:10C4B8000000000000000000FEFFE9928665731C82
:10C4C8006D6A8F9467308308FEFFE9928665731C56
:10C4D8006D6A8F9467308308000000000000000038
:10C4E8000000000000000000000000000000000044
:10C4F8000000000000000000000000000000000034
:10C508000000000000000000000000000000000023
:10C518000000000000000000000000000000000013
:10C528000000000000000000000000000000000003
:10C5380000000000000000000000000000000000F3
:10C5480000000000000000000000000000000000E3
:10C5580000000000000000000000000010000000C3
:10C56800400000003C0000003C0000003C000000CF
:10C5780000000000000000000000000000000000B3
:10C5880000000000000000000000000000000000A3
:10C598000000000000000000000000000000000093
:10C5A8000000000000000000000000000000000083
:10C5B800CAFEBABEFACEDBADDECAF88800000000BB
:10C5C8000000000000000000000000000000000063
:10C5D8000000000000000000000000000000000053
:10C5E8000000000000000000000000000000000043
:10C5F8009313225DF88406E555909C5AFF5269AA68
:10C608006A7A9538534F7DA1E4C303D2A318A728AB
:10C61800C3C0C95156809539FCF0E2429A6B525416
:10C6280016AEDBF5A0DE6A57A637B39B0000000004
:10C6380000000000000000000000000000000000F2
:10C6480000000000000000000000000000000000E2
:10C6580000000000000000000000000000000000D2
:10C6680000000000000000000000000000000000C2
:10C6780000000000000000000000000000000000B2
:10C6880000000000000000000000000000000000A2
:10C698000000000000000000000000000000000092
:10C6A8000000000000000000000000000000000082
:10C6B8000000000000000000000000000000000072
:10C6C8000000000000000000000000000000000062
:10C6D8000000000000000000000000000000000052
:10C6E8000000000000000000000000000000000042
:10C6F8000000000000000000010000000100000030
:10C7080001000000020000000C0000000C00000006
:10C718000C0000000C000000080000003C000000B5
:10C728000000000000000000000000000000000001
:10C7380000000000000000000000000000000000F1
:10C7480000000000000000000000000000000000E1
:10C7580000000000000000000000000000000000D1
:10C76800FEEDFACEDEADBEEFFEEDFACEDEADBEEFEB
:10C77800ABADDAD2000000000000000000000000AD
:10C7880000000000000000000000000000000000A1
:10C798000000000000000000000000000000000091
:10C7A8000000000000000000000000000000000081
:10C7B8000000000000000000000000000000000071
:10C7C8000000000000000000000000000000000061
:10C7D8000000000000000000000000000000000051
:10C7E8000000000000000000000000000000000041
:10C7F8000000000000000000000000000000000031
:10C808000000000000000000000000000000000020
:10C818000000000000000000000000000000000010
:10C828000000000000000000000000000000000000
:10C8380000000000000000000000000000000000F0
:10C8480000000000000000000000000000000000E0
:10C8580000000000000000000000000000000000D0
:10C8680000000000000000000000000000000000C0
:10C8780000000000000000000000000000000000B0
:10C8880000000000000000000000000000000000A0
:10C898000000000000000000000000000000000090
:10C8A800000000000000000000000000010000007F
:10C8B800010000000100000000000000000000006E
:10C8C8000000000014000000140000001400000024
:10C8D8000000000000000000000000000000000050
:10C8E8000000000000000000000000000000000040
:10C8F8000000000000000000000000000000000030
:10C90800000000000000000000000000000000001F
:10C91800D9313225F88406E5A55909C5AFF5269A17
:10C9280086A7A9531534F7DA2E4C303D8A318A721E
:10C938001C3C0C95956809532FCF0E2449A6B525A4
:10C94800B16AEDF5AA0DE657BA637B391AAFD2552D
:10C9580000000000000000000000000000000000CF
:10C9680000000000000000000000000000000000BF
:10C9780000000000000000000000000000000000AF
:10C98800000000000000000000000000000000009F
:10C99800000000000000000000000000000000008F
:10C9A800000000000000000000000000000000007F
:10C9B800000000000000000000000000000000006F
:10C9C800000000000000000000000000000000005F
:10C9D800000000000000000000000000000000004F
:10C9E800000000000000000000000000000000003F
:10C9F800000000000000000000000000000000002F
:10CA0800000000000000000000000000000000001E
:10CA1800000000000000000000000000000000000E
:10CA280000000000000000000000000000000000FE
:10CA380000000000000000000000000000000000EE
:10CA480000000000000000000000000000000000DE
:10CA580000000000000000000100000001000000CC
:10CA68000100000001000000A0C9AB58F1E2E5A4F4
:10CA7800DE3EBD4FF73E9C5B64EFD8CA028CF811CE
:10CA880048A584FE69AB5AEE42AA4D42176099D474
:10CA98005E1397DC404D86A37BF55954756951E4C4
:10CAA8009A00A2D00ED59BFE31ECB1399B6081482B
:10CAB800D1969D250D3C1E94101098129325CAB846
:10CAC800FCCC2D54731970C0107AA4892519955E71
:10CAD8004BC6001D7F4E6A2BF8A301AB46055C09C7
:10CAE800A67188F1A740EEF3E15C029B44AF0344D2
:10CAF80079349BBF7CDDA5799557866621C9138358
:10CB08001146733ABF8C35C8C7215B5B96C48E9BB0
:10CB1800338C74E3E99DFEDFC6A16AB8D420706F38
:10CB28000F34AB7FEC5ADCA9D8CA3A133E159CA641
:10CB3800AC43C6F8A2BE22834A4C0A0AFFB10D7163
:10CB480094F1C1A5CF7322EC1AE0964ED4BF1227F8
:10CB580046E087FDB5B3E91B3493D5BB98FAED4998
:10CB6800E85F130FC8A459B70800000007000000C9
:10CB7800060000000500000004000000030000009B
:10CB88000000000000000000010000000300000099
:10CB98000E0000001A0000003E00000050000000D7
:10CBA800D41D8CD98F00B204E9800998ECF8427E34
:10CBB8000CC175B9C0F1B6A831C399E2697726618D
:10CBC800900150983CD24FB0D6963F7D28E17F72B5
:10CBD800F96B697D7CB7938D525A2F31AAF161D0D8
:10CBE800C3FCD3D76192E4007DFB496CCA67E13B83
:10CBF800D174AB98D277D9F5A5611C2C9F419D9F24
:10CC080057EDF4A22BE3C955AC49DA2E2107B67AC1
:10CC1800000000000000000000000000000000000C
:10CC280000000000000000000000000000000000FC
:10CC380000000000000000000000000000000000EC
:10CC480000000000000000000000000000000000DC
:10CC580000000000000000000000000000000000CC
:10CC6800006100000000000000000000000000005B
:10CC780000000000000000000000000000000000AC
:10CC8800000000000000000000000000000000009C
:10CC9800000000000000000000000000000000008C
:10CCA800000000000000000000000000000000007C
:10CCB8000000616263000000000000000000000046
:10CCC800000000000000000000000000000000005C
:10CCD800000000000000000000000000000000004C
:10CCE800000000000000000000000000000000003C
:10CCF800000000000000000000000000000000002C
:10CD08000000006D6573736167652064696765730A
:10CD18007400000000000000000000000000000097
:10CD280000000000000000000000000000000000FB
:10CD380000000000000000000000000000000000EB
:10CD480000000000000000000000000000000000DB
:10CD5800000000006162636465666768696A6B6CFD
:10CD68006D6E6F707172737475767778797A00006A
:10CD780000000000000000000000000000000000AB
:10CD8800000000000000000000000000000000009B
:10CD9800000000000000000000000000000000008B
:10CDA80000000000004142434445464748494A4B79
:10CDB8004C4D4E4F505152535455565758595A612D
:10CDC80062636465666768696A6B6C6D6E6F7071C3
:10CDD80072737475767778797A30313233343536C0
:10CDE8003738390000000000000000000000000093
:10CDF800000000000000313233343536373839301E
:10CE080031323334353637383930313233343536D8
:10CE180037383930313233343536373839303132C2
:10CE280033343536373839303132333435363738AC
:10CE380039303132333435363738393031323334AA
:10CE4800353637383930000008000000181E002039
:10CE5800400000008000000081F1006069F100607E
:10CE68006DF1006089F1006029F20060CDF1006089
:10CE780079F100607DF10060070000007431002046
:10CE8800300000008000000061F1006069F100607E
:10CE98006DF1006071F1006029F20060CDF1006071
:10CEA80079F100607DF10060060000004831002043
:10CEB800200000004000000051F1006039F10060DE
:10CEC8003DF1006059F1006011F20060B9F10060B5
:10CED80049F100604DF1006005000000A01D002030
:10CEE8001C0000004000000031F1006039F10060D2
:10CEF8003DF1006041F1006011F20060B9F100609D
:10CF080049F100604DF10060040000007C1D002024
:10CF180014000000400000001DF1006021F10060D5
:10CF280025F1006071570160F9F10060A5F100601A
:10CF380029F100602DF1006003000000541C00205E
:10CF4800100000004000000009F100600DF10060D1
:10CF580011F10060F5EF0060E1F1006091F100600F
:10CF680015F1006019F100606C1C00200900000038
:10CF78004C1F0020641F002003010000741F0020C4
:10CF880009000000801F0020981F002004010000F5
:10CF9800A81F002009000000B41F0020CC1F00209B
:10CFA80005010000E01F002009000000EC1F002020
:10CFB80004200020060100001820002009000000BD
:10CFC800242000203C2000200701000050200020E1
:10CFD800090000005C2000207420002008010000E7
:10CFE8008820002005000000801F0020981F0020D6
:10CFF8000401000090200020070000009820002075
:10D00800A820002004040000B82000200800000028
:10D01800C4200020D820002005040000EC200020B7
:10D0280008000000F82000200C2100200604000061
:10D0380020210020080000002C2100204021002091
:10D04800070400005421002008000000602100208F
:10D058007421002008040000882100200900000035
:10D068009421002094210020000600000000000008
:10D0780000000000000000000000000000000000A8
:10D08800841C002003000000DC220020F422002081
:10D098000001000008230020030000000C230020EA
:10D0A8001C230020040000002823002003000000A7
:10D0B8002C230020402300200008000054230020D7
:10D0C80003000000582300207023002020000000E7
:10D0D800842300200900000090230020A8230020BA
:10D0E8000000010000000000000000000000000037
:10D0F8000000000000000000881C00200300000061
:10D10800C4230020D8230020E4230020E8230020A3
:10D1180003000000EC230020002400200824002045
:10D128000C240020030000001024002020240020EC
:10D138002C24002030240020030000003424002088
:10D1480040240020482400204C2400200300000034
:10D158005024002068240020782400207C2400200B
:10D168000300000080240020A0240020AC2400201C
:10D17800B024002009000000BC240020CC2400209A
:10D18800BC240020DC24002003000000E024002050
:10D19800F4240020042500201425002003000000AA
:10D1A800182500202C2500203C2500204C25002097
:10D1B8000300000050250020642500207025002071
:10D1C8007C250020030000008025002090250020F9
:10D1D800982500209C25002003000000A0250020A1
:10D1E800B0250020BC250020C02500200300000039
:10D1F800C4250020D4250020E0250020EC250020AF
:10D2080003000000F02500200C2600202426002022
:10D2180038260020030000003C2600204826002075
:10D228005026002058260020030000005C2600201D
:10D2380070260020902600209C2600200300000075
:10D24800A0260020B0260020BC260020C8260020EA
:10D258000A000000D4260020E8260020FC26002032
:10D268000027002003000000042700201C270020BE
:10D27800302700200000000000000000000000002F
:10D2880000000000000000008C1C002009000000C5
:10D29800F81E0020081F002001000000981C002034
:10D2A800070000000C1F00201C1F002002000000C7
:10D2B8002C1F002005000000341F00203C1F002008
:10D2C8000300000000000000000000000000000053
:10D2D8000000000000000000A01C00200800000062
:10D2E800D41B0020D41B002001000000D003002024
:10D2F80005000000C81B0020C81B00200200000019
:10D30800EC1E002008000000BC1B0020BC1B0020F5
:10D3180003000000D803002005000000001A0020C8
:10D32800001A0020040000000000000000000000B7
:10D33800000000000000000000000000AC1C0020FD
:10D3480008000000301E0020541C002003000000CC
:10D35800D01C002005000000381E0020401E0020C0
:10D3680004000000481E002009000000541E002090
:10D37800601E002005000000681E00200900000053
:10D38800741E0020801E002006000000881E002059
:10D3980009000000941E0020A01E002007000000C5
:10D3A800A81E002009000000B41E0020C01E002096
:10D3B800080000000000000000000000000000005D
:10D3C8000000000000000000B81C00200800000059
:10D3D800781D0020841D002004000000901D0020FE
:10D3E800080000009C1D0020A81D0020050000006A
:10D3F800B81D002008000000C41D0020D01D00201A
:10D4080006000000E01D002008000000EC1D0020C0
:10D41800F81D002007000000081E0020080000007A
:10D42800141E0020201E002008000000000000003C
:10D4380000000000000000000000000000000000E4
:10D44800C41C002008000000A0210020B4210020F6
:10D45800D421002008000000E0210020F421002051
:10D46800142200200800000020220020342200207E
:10D4780044220020080000005022002068220020DA
:10D488007C22002008000000882200209C22002026
:10D49800AC22002008000000B8220020CC22002086
:10D4A8000000000000000000000000000000000074
:10D4B800D81C002005000000C81E0020501D0020B8
:10D4C80021000000D01E002008000000DC1E002003
:10D4D800F0160020250000000000000000000000F9
:10D4E800000000000000000000000000E01C002018
:10D4F8000A000000EC1C00200C1D00200425000080
:10D508002C1D00200A000000381D0020581D002096
:10D5180004230000000000000000000000000000DC
:10D5280000000000000000000500000004280020A2
:10D53800A50301609903016000000000B1030160C8
:10D54800FD03016000000000E1040160D9040160EE
:10D558007904016000000000040000000C2800208D
:10D56800A90201608D030160AD020160D102016072
:10D57800000000000000000069030160C1040160B0
:10D58800650401606D030160030000001428002099
:10D59800A902016081030160000000000000000092
:10D5A800000000000000000069030160A904016098
:10D5B800510401606D030160020000001C28002076
:10D5C800A90201609D020160D90201601D0301608A
:10D5D800000000000000000069030160A904016068
:10D5E800510401606D03016001000000081F002064
:10D5F8004501016035010160510101609D01016033
:10D60800D901016029020160710201608D04016085
:10D618003D04016075020160080000000800000078
:10D6280008000000180000000900000000000000C9
:10D6380004000000040000000400000024000000B2
:10D6480005000000000000000100000002000000CA
:10D658000010000000100000001000000000000092
:10D66800140000001400000014000000190000005D
:10D6780010000000000000000C60C80F961F0E711B
:10D68800F3A9B524AF6012062FE037A6000000000A
:10D698000000000000000000EA6C014DC72D6F8CEF
:10D6A800CD1ED92ACE1D41F0D8DE895700000000D2
:10D6B80000000000000000004B007901B765489A9F
:10D6C800BEAD49D926F721D065A429C100000000C4
:10D6D80000000000000000003D2EEC4FE41C849B7D
:10D6E80080C8D83662C0E44A8B291A964CF2F0708A
:10D6F800380000000000000056FA6AA75548099D46
:10D70800CC37D7F03425E0C300000000000000004B
:10D718000000000000000000000000000000000001
:10D7280000000000000000000000000000000000F1
:10D73800000000000000000070617373776F72646E
:10D7480000000000000000000000000000000000D1
:10D75800000000000000000070617373776F72644E
:10D7680000000000000000000000000000000000B1
:10D77800000000000000000070617373776F72642E
:10D788000000000000000000000000000000000091
:10D79800000000000000000070617373776F72640E
:10D7A80050415353574F524470617373776F72648B
:10D7B80000000000000000007061737300776F7252
:10D7C80064000000000000000000000000000000ED
:10D7D8000000000000000000000000000000000041
:10D7E8000000000000000000000000000000000031
:10D7F800000000000000000073616C74000000006D
:10D808000000000000000000000000000000000010
:10D818000000000000000000000000000000000000
:10D8280073616C740000000000000000000000003C
:10D8380000000000000000000000000000000000E0
:10D84800000000000000000073616C74000000001C
:10D8580000000000000000000000000000000000C0
:10D8680000000000000000000000000000000000B0
:10D8780073616C7453414C5473616C7453414C54D0
:10D8880073616C7453414C5473616C7453414C54C0
:10D8980073616C74000000007361006C7400000018
:10D8A8000000000000000000000000000000000070
:10D8B8000000000000000000000000000000000060
:10D8C8000000000000000000000000000000000050
:10D8D8000000000000000000000000000000000040
:10D8E8000000000000000000A9993E364706816A42
:10D8F800BA3E25717850C26C9CD0D89D84983E441D
:10D908001C3BD26EBAAE4AA1F95129E5E54670F141
:10D9180034AA973CD4C4DAA4F61EEB2BDBAD27312E
:10D928006534016F616263000000000000000000C0
:10D9380000000000000000000000000000000000DF
:10D9480000000000000000000000000000000000CF
:10D958000000000000000000000000000061626399
:10D968006462636465636465666465666765666763
:10D9780068666768696768696A68696A6B696A6B13
:10D988006C6A6B6C6D6B6C6D6E6C6D6E6F6D6E6FC3
:10D99800706E6F7071000000000000000000000051
:10D9A800000000000000000000000000000000006F
:10D9B800000000000000000000000000000000005F
:10D9C800000000000000000000000000000000004F
:10D9D8000300000038000000E8030000982F8A4286
:10D9E80091443771CFFBC0B5A5DBB5E95BC25639A9
:10D9F800F111F159A4823F92D55E1CAB98AA07D8C1
:10DA0800015B8312BE853124C37D0C55745DBE72E3
:10DA1800FEB1DE80A706DC9B74F19BC1C1699BE463
:10DA28008647BEEFC69DC10FCCA10C246F2CE92DF3
:10DA3800AA84744ADCA9B05CDA88F97652513E9817
:10DA48006DC631A8C82703B0C77F59BFF30BE0C61E
:10DA58004791A7D55163CA0667292914850AB727AC
:10DA680038211B2EFC6D2C4D130D385354730A6549
:10DA7800BB0A6A762EC9C281852C7292A1E8BFA220
:10DA88004B661AA8708B4BC2A3516CC719E892D188
:10DA9800240699D685350EF470A06A1016C1A4190B
:10DAA800086C371E4C774827B5BCB034B30C1C390A
:10DAB8004AAAD84E4FCA9C5BF36F2E68EE828F74C9
:10DAC8006F63A5781478C8840802C78CFAFFBE90E3
:10DAD800EB6C50A4F7A3F9BEF27871C623097D2236
:10DAE8003405D8228642A477BDA255B32AADBCE43A
:10DAF800BDA0B3F7E36C9DA70000000075388B1636
:10DB0800512776CC5DBA5DA1FD890150B0C6455C50
:10DB1800B4F58B195252252500000000207946558E
:10DB2800980C91D8BBB4C1EA97618A4BF03F425830
:10DB38001948B2EE4EE7AD6700000000BA7816BF8C
:10DB48008F01CFEA414140DE5DAE2223B00361A3DD
:10DB580096177A9CB410FF61F20015AD248D6A61A6
:10DB6800D20638B8E5C026930C3E6039A33CE45988
:10DB780064FF2167F6ECEDD419DB06C1CDC76E5CF6
:10DB88009914FB9281A1C7E284D73E67F1809A4835
:10DB9800A497200E046D39CCC7112CD003000000C7
:10DBA80038000000E8030000616263000000000024
:10DBB800000000000000000000000000000000005D
:10DBC800000000000000000000000000000000004D
:10DBD800000000000000000000000000000000003D
:10DBE8000061626364626364656364656664656654
:10DBF8006765666768666768696768696A68696AA1
:10DC08006B696A6B6C6A6B6C6D6B6C6D6E6C6D6E50
:10DC18006F6D6E6F706E6F70710000000000000015
:10DC280000000000000000000000000000000000EC
:10DC380000000000000000000000000000000000DC
:10DC480000000000000000000000000000000000CC
:10DC5800000000000000000022AE28D7982F8A425A
:10DC6800CD65EF23914437712F3B4DECCFFBC0B509
:10DC7800BCDB8981A5DBB5E938B548F35BC2563909
:10DC880019D005B6F111F1599B4F19AFA4823F92F3
:10DC980018816DDAD55E1CAB420203A398AA07D897
:10DCA800BE6F7045015B83128CB2E44EBE85312491
:10DCB800E2B4FFD5C37D0C556F897BF2745DBE72EB
:10DCC800B196163BFEB1DE803512C725A706DC9B50
:10DCD800942669CF74F19BC1D24AF19EC1699BE435
:10DCE800E3254F388647BEEFB5D58C8BC69DC10F4F
:10DCF800659CAC77CCA10C2475022B596F2CE92DAF
:10DD080083E4A66EAA84744AD4FB41BDDCA9B05C46
:10DD1800B5531183DA88F976ABDF66EE52513E9837
:10DD28001032B42D6DC631A83F21FB98C82703B027
:10DD3800E40EEFBEC77F59BFC28FA83DF30BE0C604
:10DD480025A70A934791A7D56F8203E05163CA06B6
:10DD5800706E0E0A67292914FC2FD246850AB72748
:10DD680026C9265C38211B2EED2AC45AFC6D2C4D81
:10DD7800DFB3959D130D3853DE63AF8B54730A657B
:10DD8800A8B2773CBB0A6A76E6AEED472EC9C281D7
:10DD98003B358214852C72926403F14CA1E8BFA232
:10DDA800013042BC4B661AA89197F8D0708B4BC2D1
:10DDB80030BE5406A3516CC71852EFD619E892D159
:10DDC80010A96555240699D62A20715785350EF471
:10DDD800B8D1BB3270A06A10C8D0D2B816C1A41985
:10DDE80053AB4151086C371E99EB8EDF4C774827AF
:10DDF800A8489BE1B5BCB034635AC9C5B30C1C39FB
:10DE0800CB8A41E34AAAD84E73E363774FCA9C5B37
:10DE1800A3B8B2D6F36F2E68FCB2EF5DEE828F74B2
:10DE2800602F17436F63A57872ABF0A11478C8848C
:10DE3800EC39641A0802C78C281E6323FAFFBE90C7
:10DE4800E9BD82DEEB6C50A41579C6B2F7A3F9BE22
:10DE58002B5372E3F27871C69C6126EACE3E27CA3C
:10DE680007C2C021C7B886D11EEBE0CDD67DDAEA5D
:10DE780078D16EEE7F4F7DF5BA6F1772AA67F006FC
:10DE8800A698C8A2C57D630AAE0DF9BE04983F11D5
:10DE98001B471C13350B711B847D0423F577DB2886
:10DEA8009324C7407BABCA32BCBEC9150ABE9E3C90
:10DEB8004C0D109CC4671D43B6423ECBBED4C54C26
:10DEC8002A7E65FC9C297F59ECFAD63AAB6FCB5F6A
:10DED8001758474A8C19446CCB00753F45A35E8B95
:10DEE800B5A03D699AC65007272C32AB0EDED16328
:10DEF8001A8B605A43FF5BED8086072BA1E7CC2382
:10DF080058BAECA134C825A70000000000000000A2
:10DF1800000000000000000009330C33F71147E847
:10DF28003D192FC782CD1B4753111B173B3B05D209
:10DF38002FA08086E3B0F712FCC7C71A557E2DB90B
:10DF480066C3E9FA9174603900000000000000001F
:10DF580000000000000000009D0E1809716474CBD9
:10DF6800086E834E310A4A1CED149E9C00F24852FA
:10DF78007972CEC5704C2A5B07B8B3DC38ECC4EBB9
:10DF8800AE97DDD87F3D89850000000000000000C5
:10DF98000000000000000000DDAF35A193617ABAEF
:10DFA800CC417349AE20413112E6FA4E89A97EA2CE
:10DFB8000A9EEEE64B55D39A2192992A274FC1A87B
:10DFC80036BA3C23A3FEEBBD454D4423643CE80E22
:10DFD8002A9AC94FA54CA49F8E959B75DAE313DA4C
:10DFE8008CF4F72814FC143F8F7779C6EB9F7FA138
:10DFF8007299AEADB6889018501D289E4900F7E476
:10E00800331B99DEC4B5433AC7D329EEB6DD26548F
:10E018005E96E55B874BE909E718483D0CE76964BC
:10E028004E2E42C7BC15B4638E1F98B13B204428BE
:10E038005632A803AFA973EBDE0FF244877EA60A17
:10E048004CB0432CE577C31BEB009C5C2C49AA2EF3
:10E058004EADB217AD8CC09B0300000070000000ED
:10E06800E803000061626300000000000000000097
:10E078000000000000000000000000000000000098
:10E088000000000000000000000000000000000088
:10E098000000000000000000000000000000000078
:10E0A8000000000000000000000000000000000068
:10E0B8000000000000000000000000000000000058
:10E0C8000000000000000000000000000000000048
:10E0D80000000000006162636465666768626364EB
:10E0E8006566676869636465666768696A646566C2
:10E0F8006768696A6B65666768696A6B6C66676892
:10E10800696A6B6C6D6768696A6B6C6D6E68696A61
:10E118006B6C6D6E6F696A6B6C6D6E6F706A6B6C31
:10E128006D6E6F70716B6C6D6E6F7071726C6D6E01
:10E138006F707172736D6E6F70717273746E6F70D1
:10E148007172737475000000000000000000000088
:10E1580000000000000000000000000000000000B7
:10E1680000000000000000000000000000000000A7
:10E178000000000000000000000000000000000097
:10E188000000000000000000000000000000000087
:10E198000000000000000000000000000000000077
:10E1A8000000000000000000000000000000000067
:10E1B800000000000000000009C00000CC2D002075
:10E1C8000504040003000000010000000300000033
:10E1D80003000000000000000AC00000FC2D002021
:10E1E8000704040003000000010000000300000011
:10E1F800030000000000000023C00000242E0020BF
:10E2080005060400030000000300000003000000EE
:10E2180003000000000000002BC000004C2E00206E
:10E228000E060400030000000300000003000000C5
:10E23800030000000000000024C00000742E00202D
:10E2480007070400030000000300000003000000AB
:10E2580003000000000000002CC000009C2E0020DD
:10E268001007040003000000030000000300000082
:10E278000300000000000000ADC00000C42E002014
:10E288002D06040003000000030000000300000046
:10E298000300000000000000AFC00000E82E0020CE
:10E2A8002D06040003000000030000000300000026
:10E2B8000300000002000000ACC000000C2F00208A
:10E2C8002B06040003000000030000000300000008
:10E2D8000300000000000000AEC00000302F002046
:10E2E8002B060400030000000300000003000000E8
:10E2F800030000000200000072C00000542F00203C
:10E3080014060400030000000100000003000000E0
:10E31800030000000000000073C00000842F0020EC
:10E3280016070400030000000100000003000000BD
:10E33800030000000000000086C00000B42F002089
:10E348001D06040003000000030000000300000095
:10E35800030000000000000087C00000E42F002038
:10E368001F07040003000000030000000300000072
:10E37800030000000000000008C000001430002066
:10E388002504040003000000010000000300000051
:10E39800030000000000000013C000003C30002013
:10E3A8000504030003000000010000000300000052
:10E3B800030000000000000014C0000060300020CE
:10E3C8000704030003000000010000000300000030
:10E3D800030000000000000027C000008430002077
:10E3E800050603000300000003000000030000000E
:10E3F80003000000000000002FC00000AC30002027
:10E408000E060300030000000300000003000000E4
:10E41800030000000000000028C00000D4300020E5
:10E4280007070300030000000300000003000000CA
:10E43800030000000000000030C00000FC30002095
:10E4480010070300030000000300000003000000A1
:10E45800030000000000000076C000002431002006
:10E468001406030003000000010000000300000080
:10E47800030000000000000077C0000050310020B9
:10E48800160703000300000001000000030000005D
:10E4980003000000000000008AC000007C3100205A
:10E4A8001D06030003000000030000000300000035
:10E4B80003000000000000008BC00000A83100200D
:10E4C8001F07030003000000030000000300000012
:10E4D800030000000000000012C00000D43100203A
:10E4E80025040300030000000100000003000000F1
:10E4F80003000000000000009F000000F831002029
:10E5080010070200030000000300000003000000E1
:10E5180003000000000000009E0000001C320020E4
:10E528000E060200030000000300000003000000C4
:10E5380003000000000000006700000040320020D7
:10E5480005060200030000000300000003000000AD
:10E5580003000000000000006B000000643200208F
:10E56800070602000300000003000000030000008B
:10E578000300000000000000330000008832002083
:10E588000504020003000000000000000300000072
:10E59800030000000000000039000000AC32002039
:10E5A8000704020003000000000000000300000050
:10E5B80003000000000000009FC00000D0320020CF
:10E5C8002D06020003000000030000000300000005
:10E5D8000300000000000000A3C00000F03200208B
:10E5E8002D060200030000000300000003000000E5
:10E5F80003000000020000009EC00000103300204D
:10E608002B060200030000000300000003000000C6
:10E618000300000000000000A2C00000303300200A
:10E628002B060200030000000300000003000000A6
:10E638000300000002000000BE000000503300206C
:10E64800140602000300000003000000030000009D
:10E658000300000000000000C40000007C3300201C
:10E66800160602000300000003000000030000007B
:10E67800030000000000000045000000A83300204F
:10E688001404020003000000000000000300000062
:10E69800030000000000000088000000D0330020C4
:10E6A8001604020003000000000000000300000040
:10E6B80003000000000000007CC00000F8330020C8
:10E6C8001D06020003000000030000000300000014
:10E6D80003000000000000007DC00000243400207A
:10E6E8001F070200030000000300000003000000F1
:10E6F8000300000000000000160000005034002055
:10E7080025040200030000000000000003000000D0
:10E7180003000000000000009D0000007434002089
:10E7280010070100030000000300000003000000C0
:10E7380003000000000000009C000000943400204A
:10E748000E060100030000000300000003000000A3
:10E7580003000000000000003C000000B43400206A
:10E76800050601000300000003000000030000008C
:10E7780003000000000000003D000000D434002029
:10E78800070601000300000003000000030000006A
:10E7980003000000000000002F000000F4340020F7
:10E7A8000504010003000000000000000300000051
:10E7B80003000000000000003500000014350020B0
:10E7C800070401000300000000000000030000002F
:10E7D80003000000000000009DC000003435002048
:10E7E8002D060100030000000300000003000000E4
:10E7F8000300000000000000A1C000005035002008
:10E808002D060100030000000300000003000000C3
:10E8180003000000020000009CC000006C350020CE
:10E828002B060100030000000300000003000000A5
:10E838000300000000000000A0C000008835002090
:10E848002B06010003000000030000000300000085
:10E858000300000002000000BA000000A4350020F8
:10E86800140601000300000003000000030000007C
:10E878000300000000000000C0000000CC350020AC
:10E88800160601000300000003000000030000005A
:10E89800030000000000000041000000F4350020E3
:10E8A8001404010003000000000000000300000041
:10E8B800030000000000000084000000183600205B
:10E8C800160401000300000000000000030000001F
:10E8D80003000000000000007AC000003C36002061
:10E8E8001D060100030000000300000003000000F3
:10E8F80003000000000000007BC000006436002018
:10E908001F070100030000000300000003000000CF
:10E9180003000000000000000A0000008C36002000
:10E9280025040100030000000000000003000000AF
:10E9380003000000000000000EC00000AC360020FC
:10E9480005040900030000000100000003000000A6
:10E9580003000000000000000FC00000D0360020B7
:10E968000704090003000000010000000300000084
:10E97800030000000000000029C00000F436002059
:10E988000506090003000000030000000300000062
:10E99800030000000000000031C000001C37002008
:10E9A8000E06090003000000030000000300000039
:10E9B80003000000000000002AC0000044370020C7
:10E9C800070709000300000003000000030000001F
:10E9D800030000000000000032C000006C37002077
:10E9E80010070900030000000300000003000000F6
:10E9F800030000000000000078C0000094370020E9
:10EA080014060900030000000100000003000000D4
:10EA1800030000000000000079C00000C03700209B
:10EA280016070900030000000100000003000000B1
:10EA380003000000000000008CC00000EC3700203C
:10EA48001D06090003000000030000000300000089
:10EA580003000000000000008DC0000018380020EE
:10EA68001F07090003000000030000000300000066
:10EA780003000000000000000DC000004438002022
:10EA88002504090003000000010000000300000045
:10EA9800030000000000000004C0000068380020E7
:10EAA80005040A0003000000010000000300000044
:10EAB800030000000000000005C000008C380020A2
:10EAC80007040A0003000000010000000300000022
:10EAD800030000000000000025C00000B03800203E
:10EAE80005060A0003000000030000000300000000
:10EAF80003000000000000002DC00000D8380020EE
:10EB08000E060A00030000000300000003000000D6
:10EB1800030000000000000026C0000000390020AB
:10EB280007070A00030000000300000003000000BC
:10EB380003000000000000002EC00000283900205B
:10EB480010070A0003000000030000000300000093
:10EB5800030000000000000074C0000050390020CD
:10EB680014060A0003000000010000000300000072
:10EB7800030000000000000075C000007C39002080
:10EB880016070A000300000001000000030000004F
:10EB9800030000000000000088C00000A839002021
:10EBA8001D060A0003000000030000000300000027
:10EBB800030000000000000089C00000D4390020D4
:10EBC8001F070A0003000000030000000300000004
:10EBD800030000000000000003C00000003A00200D
:10EBE80025040A00030000000100000003000000E3
:10EBF8000300000000000000A8000000283A0020E0
:10EC08000E060500030000000300000003000000DA
:10EC18000300000000000000A9000000483A00209E
:10EC280010070500030000000300000003000000B7
:10EC38000300000000000000AE000000683A002059
:10EC480005060500030000000100000003000000A5
:10EC58000300000000000000AF000000883A002018
:10EC68000707050003000000010000000300000082
:10EC780003000000000000008C000000A83A0020FB
:10EC88000504050003000000000000000300000068
:10EC980003000000000000008D000000C83A0020BA
:10ECA8000704050003000000000000000300000046
:10ECB8000300000000000000A5C00000E83A0020A2
:10ECC8002D060500030000000300000003000000FB
:10ECD8000300000000000000A9C00000043B002061
:10ECE8002D060500030000000300000003000000DB
:10ECF8000300000002000000A4C00000203B002028
:10ED08002B060500030000000300000003000000BC
:10ED18000300000000000000A8C000003C3B0020E9
:10ED28002B0605000300000003000000030000009C
:10ED3800030000000200000094C00000583B0020BF
:10ED48001406050003000000010000000300000095
:10ED5800030000000000000095C00000803B002078
:10ED68001607050003000000010000000300000072
:10ED780003000000000000008EC00000A83B002037
:10ED88001D0605000300000003000000030000004A
:10ED980003000000000000008FC00000D03B0020EE
:10EDA8001F07050003000000030000000300000027
:10EDB80003000000000000008B000000F83B00206A
:10EDC8002504050003000000000000000300000007
:10EDD8000300000000000000AA000000183C00200A
:10EDE8000E060600030000000300000003000000F8
:10EDF8000300000000000000AB0000003C3C0020C5
:10EE080010070600030000000300000003000000D4
:10EE18000300000000000000B2000000603C002079
:10EE280005060600030000000100000003000000C2
:10EE38000300000000000000B3000000843C002034
:10EE4800070706000300000001000000030000009F
:10EE5800030000000000000090000000A83C002013
:10EE68000504060003000000000000000300000085
:10EE7800030000000000000091000000CC3C0020CE
:10EE88000704060003000000000000000300000063
:10EE98000300000000000000A7C00000F03C0020B4
:10EEA8002D06060003000000030000000300000018
:10EEB8000300000000000000ABC00000103D00206F
:10EEC8002D060600030000000300000003000000F8
:10EED8000300000002000000A6C00000303D002032
:10EEE8002B060600030000000300000003000000DA
:10EEF8000300000000000000AAC00000503D0020F0
:10EF08002B060600030000000300000003000000B9
:10EF1800030000000200000096C00000703D0020C1
:10EF280014060600030000000100000003000000B2
:10EF3800030000000000000097C000009C3D002076
:10EF4800160706000300000001000000030000008F
:10EF5800030000000000000090C00000C83D002031
:10EF68001D06060003000000030000000300000067
:10EF7800030000000000000091C00000F43D0020E4
:10EF88001F07060003000000030000000300000044
:10EF980003000000000000008F000000203E002059
:10EFA8002504060003000000000000000300000024
:10EFB800030000000000000037C00000443E0020AD
:10EFC800050608000300000001000000030000001F
:10EFD800030000000000000038C000006C3E002064
:10EFE80007070800030000000100000003000000FC
:10EFF800030000000000000035C00000943E00201F
:10F0080005040800030000000100000003000000E0
:10F01800030000000000000036C00000B83E0020D9
:10F0280007040800030000000100000003000000BE
:10F0380003000000000000009AC00000DC3E002031
:10F04800140608000300000001000000030000008F
:10F0580003000000000000009BC00000083F0020E3
:10F06800160708000300000001000000030000006C
:10F07800030000000000000034C00000343F0020FE
:10F088002504080003000000010000000300000040
:10F098000300000000000000AC000000583F002002
:10F0A8000E06070003000000030000000300000034
:10F0B8000300000000000000AD0000007C3F0020BD
:10F0C8001007070003000000030000000300000011
:10F0D8000300000000000000B6000000A03F002070
:10F0E80005060700030000000100000003000000FF
:10F0F8000300000000000000B7000000C43F00202B
:10F1080007070700030000000100000003000000DB
:10F11800030000000000000094000000E83F002009
:10F1280005040700030000000100000003000000C0
:10F138000300000000000000950000000C400020C3
:10F14800070407000300000001000000030000009E
:10F15800030000000000000098C0000030400020BC
:10F16800140607000300000001000000030000006F
:10F17800030000000000000099C000005C4000206F
:10F18800160707000300000001000000030000004C
:10F19800030000000000000092C00000884000202A
:10F1A8001D06070003000000030000000300000024
:10F1B800030000000000000093C00000B4400020DD
:10F1C8001F07070003000000030000000300000001
:10F1D800030000000000000093000000E040002051
:10F1E80025040700030000000100000003000000E0
:10F1F800030000000000000000000000A81C002020
:10F2080000000000000000000000000000000000F6
:10F218000000000000000000A8CC0000A9CC0000FD
:10F22800AACC00002CC0000030C000009F000000E5
:10F23800ADC000009FC0000024C0000028C000002E
:10F248006B0000000AC0000014C000003900000074
:10F25800AFC00000A3C0000087C000008BC0000042
:10F268007DC0000073C0000077C00000C40000002B
:10F27800880000005DC0000061C0000053C00000AD
:10F2880049C000004DC0000045C000002BC0000070
:10F298002FC000009E000000ACC000009EC000000F
:10F2A80023C0000027C000006700000009C000005C
:10F2B80013C0000033000000AEC00000A2C0000070
:10F2C80086C000008AC000007CC0000072C0000038
:10F2D80076C00000BE000000450000005CC00000D1
:10F2E80060C0000052C0000048C000004CC00000D0
:10F2F80044C0000008C0000012C000001600000052
:10F30800ACCC0000ADCC0000AB000000A7C00000F2
:10F3180038C00000B300000036C0000091000000B3
:10F3280091C000009BC0000097C00000ABC0000067
:10F338006DC0000071C0000067C00000AA00000096
:10F34800A6C0000037C00000B200000035C00000B1
:10F358009000000090C0000096C000009AC0000015
:10F36800AAC000006CC0000070C0000066C00000A9
:10F3780034C000008F000000FFC000009D000000A6
:10F388009DC000003D0000003500000032C00000B4
:10F398002AC000000FC000002EC0000026C00000D8
:10F3A80005C00000A1C000007BC00000C000000034
:10F3B800840000008DC0000079C0000089C00000F2
:10F3C80075C000005FC0000063C0000051C00000AD
:10F3D8004BC000004FC000003DC000009C00000072
:10F3E8009CC000003C0000002F00000031C000005D
:10F3F80029C000000EC000002DC0000025C000007C
:10F4080004C00000A0C000007AC00000BA000000DC
:10F41800410000008CC0000078C0000088C00000D7
:10F4280074C000005EC0000062C0000050C0000050
:10F438004AC000004EC000003CC000000A000000A6
:10F448000DC0000003C00000AECC0000AD000000FD
:10F45800B70000009500000093C0000099C00000AC
:10F468006FC0000069C00000AC000000B6000000DA
:10F478009400000092C0000098C000006EC0000018
:10F4880068C0000093000000ABCC0000A900000099
:10F49800A5C00000AF0000008D0000008FC0000074
:10F4A80095C00000A9C000006BC0000065C0000046
:10F4B800A8000000A4C00000AE0000008C000000FE
:10F4C8008EC0000094C00000A8C000006AC0000000
:10F4D80064C000008B00000007C0000011C00000DD
:10F4E80033C000008E00000005000000040000008A
:10F4F8000CC0000002C00000920000008A0000005A
:10F50800150000000900000006C0000010C000003F
:10F518003BC000003AC0000039C00000B500000040
:10F52800B40000002D0000003B00000002000000B5
:10F53800010000000BC0000001C00000B90000007D
:10F54800B80000002E000000B1000000B00000006C
:10F558002C000000000000000100000018450020F9
:10F5680002000000AC45002004000000DC4500203B
:10F57800080000002446002010000000604600201B
:10F58800200000009446002040000000A84600200B
:10F5980080000000C046002000010000E84600206E
:10F5A800000200001847002000040000484700201F
:10F5B8000008000064470020001000009047002069
:10F5C80000200000C447002000400000F44700204D
:10F5D800008000002C48002000000100784800202E
:10F5E80000000200CC48002000000400FC48002075
:10F5F8000000080040490020000000000000000052
:10F60800F0000000FFFFFF0FFFFFFF0F00080000E2
:10F61800600000000A0000000C000000000000006C
:10F62800E0000000FFFFFF0FFC08000000080000DA
:10F6380080C00F4000000003190000001000000007
:10F64800E8841F4001000000FF000000FF000000E8
:10F65800000000000000000018000000100000007A
:10F66800E4841F4001000000FF000000FF000000CC
:10F6780000000000000000001F000000E508010075
:10F6880070C00F40000C00001100000011000000C5
:10F69800E0841F40020000002C000000120000005F
:10F6A800E0841F400100000010000000110000006D
:10F6B800DC841F40020000002D0000001200000042
:10F6C800DC841F40010000001E000000D908010072
:10F6D80070C00F40C00000001200000013000000BE
:10F6E800D0841F4001000000FF000000FF00000060
:10F6F80000000000000000001300000013000000DC
:10F70800CC841F4001000000FF000000FF00000043
:10F7180000000000000000001C000000CD080100EF
:10F728001603550053004200200053006500720084
:10F73800690061006C000000180354006500650052
:10F748006E00730079006400750069006E006F0038
:10F758000403090409024B00020100C032080B002F
:10F76800020202010009040000010202010005244E
:10F7780000100105240101010424020605240600E5
:10F78800010705820310001009040100020A0000A5
:10F79800000705030240000007058402400000003E
:10F7A80009024B00020100C032080B0002020201EC
:10F7B80000090400000102020100052400100105EF
:10F7C800240101010424020605240600010705821C
:10F7D8000310000509040100020A000000070503E0
:10F7E8000200020007058402000200000A06000267
:08F7F800EF02014001000101D4
:10F8000000000000000000000000000000000000F8
:10F8100000000000000000000000000000000000E8
:10F8200010B5054C237833B9044B13B10448AFF33A
:10F8300000800123237010BD888A00200000000092
:10F8400074AA0100084B10B51BB108490848AFF372
:10F8500000800848036803B910BD074B002BFBD09C
:10F86000BDE81040184700BF000000008C8A00204F
:10F8700074AA0100C0620020000000000020704750
:10F8800000207047034B186810B103681B681847C5
:10F89000704700BF00590120034B186810B103687E
:10F8A0001B681847704700BF04590120034B1868B4
:10F8B00010B103681B681847704700BF0859012042
:10F8C000704700BF2DE9F04344F260235D4C91B0D6
:10F8D000DFF884E1C1501646206810AC5A4B009006
:10F8E0001B6A5A48C3F3012305680246234404688F
:10F8F00005F0807513F8407C44F0A0430EFB07FE32
:10F900000360BEFBF1F0BEFBF0F7CF1B1368DC0118
:10F91000FCD5052840F2938000221446931C013246
:10F92000B0FBF3FCBCF1190F0CFB03F3F6D84FF05E
:10F930000108BEFBF3F3CB1A002BB8BF5B42BB42FE
:10F940006CDB18BF4FF00008ACF10C03062B03D89A
:10F95000B8F1000F18BF1446BCF1050FDED8631CC8
:10F96000B7F5967FB0FBF3F0A0F1050E59DCBEF1C0
:10F97000140F56D8364FE84607F13009386810376B
:10F9800057F80C1CC44657F8082C08F1100857F813
:10F99000043C4F45ACE80F00F0D10EEB4E0E10AB1F
:10F9A0003868022E73447968BA68B7F80CE0BF7BF8
:10F9B000A8E80700A8F800E088F8027013F8400CE7
:10F9C00013F83F1C00F0070013F83E3C4FEAC1411A
:10F9D000204A40F480004FEA034301F4601103F42D
:10F9E000E02341EA000143EA010343F4804343EA90
:10F9F00004641460136814BF23F0080343F0080381
:10FA0000136045B9114B19681A4621F080511960ED
:10FA10001368DB01FCD411B0BDE8F0831F46144627
:10FA200092E7002DF7D1094B19681A4621F0805151
:10FA300019601368D901FCD411B0BDE8F08301232B
:10FA400000248DE77003002000C00F4000401D40DF
:10FA50007403002004401D4040420F002DE9F04394
:10FA600044F260235D4C91B0DFF884E1C15016464A
:10FA7000206810AC5A4B00901B6A5A48C3F301230C
:10FA8000056802462344046805F0807513F8407C3D
:10FA900044F0A0430EFB07FE0360BEFBF1F0BEFB8B
:10FAA000F0F7CF1B1368DC01FCD5052840F29380EA
:10FAB00000221446931C0132B0FBF3FCBCF1190F79
:10FAC0000CFB03F3F6D84FF00108BEFBF3F3CB1A9F
:10FAD000002BB8BF5B42BB426CDB18BF4FF0000885
:10FAE000ACF10C03062B03D8B8F1000F18BF144675
:10FAF000BCF1050FDED8631CB7F5967FB0FBF3F0C1
:10FB0000A0F1050E59DCBEF1140F56D8364FE84669
:10FB100007F130093868103757F80C1CC44657F8FD
:10FB2000082C08F1100857F8043C4F45ACE80F00CA
:10FB3000F0D10EEB4E0E10AB3868022E734479688C
:10FB4000BA68B7F80CE0BF7BA8E80700A8F800E0A7
:10FB500088F8027013F8400C13F83F1C00F00700FF
:10FB600013F83E3C4FEAC141204A40F480004FEA7E
:10FB7000034301F4601103F4E02341EA000143EA86
:10FB8000010343F4804343EA04641460136814BF20
:10FB900023F0080343F00803136045B9114B1968BB
:10FBA0001A4621F0805119601368DB01FCD411B0B2
:10FBB000BDE8F0831F46144692E7002DF7D1094BAC
:10FBC00019681A4621F0805119601368D901FCD4D4
:10FBD00011B0BDE8F083012300248DE770030020FD
:10FBE00000C00F4000801D407403002004801D40B1
:10FBF00040420F002DE9F04344F260235D4C91B088
:10FC0000DFF884E1C1501646206810AC5A4B0090D2
:10FC10001B6A5A48C3F3012305680246234404685B
:10FC200005F0807513F8407C44F0A0430EFB07FEFE
:10FC30000360BEFBF1F0BEFBF0F7CF1B1368DC01E5
:10FC4000FCD5052840F2938000221446931C013213
:10FC5000B0FBF3FCBCF1190F0CFB03F3F6D84FF02B
:10FC60000108BEFBF3F3CB1A002BB8BF5B42BB42CB
:10FC70006CDB18BF4FF00008ACF10C03062B03D867
:10FC8000B8F1000F18BF1446BCF1050FDED8631C95
:10FC9000B7F5967FB0FBF3F0A0F1050E59DCBEF18D
:10FCA000140F56D8364FE84607F130093868103738
:10FCB00057F80C1CC44657F8082C08F1100857F8E0
:10FCC000043C4F45ACE80F00F0D10EEB4E0E10ABEC
:10FCD0003868022E73447968BA68B7F80CE0BF7BC5
:10FCE000A8E80700A8F800E088F8027013F8400CB4
:10FCF00013F83F1C00F0070013F83E3C4FEAC141E7
:10FD0000204A40F480004FEA034301F4601103F4F9
:10FD1000E02341EA000143EA010343F4804343EA5C
:10FD200004641460136814BF23F0080343F008034D
:10FD3000136045B9114B19681A4621F080511960BA
:10FD40001368DB01FCD411B0BDE8F0831F461446F4
:10FD500092E7002DF7D1094B19681A4621F080511E
:10FD600019601368D901FCD411B0BDE8F0830123F8
:10FD700000248DE77003002000C00F4000001D40EC
:10FD80007403002004001D4040420F000020704713
:10FD900000207047082070470020704700207047FF
:10FDA00008207047002070470020704708207047E7
:10FDB00010B50A4807F06CFB00B910BD04460246B6
:10FDC0000749064807F006FB064B22460449186817
:10FDD0000368BDE810405B68184700BFE08C002056
:10FDE000A48A0020644F0020104A11491368086853
:10FDF0001268096802F07F02C1F303610132043125
:10FE0000B2EB410F10D303F07F03C0F30360053B57
:10FE10000130A3EB4000C3B2044A106800F07F0039
:10FE20000130C01AC0B270470023F5E700801D40C2
:10FE300034801D40104A1149136808681268096827
:10FE400002F07F02C1F3036101320431B2EB410FD2
:10FE500010D303F07F03C0F30360053B0130A3EB35
:10FE60004000C3B2044A106800F07F000130C01A9D
:10FE7000C0B270470023F5E700001D4034001D406C
:10FE80002DE9F041114C94F85B50C5F15A05002D55
:10FE90001ADD94F85910002794F8586021440C4852
:10FEA00014F80680A75514F079FD042D04F8068097
:10FEB0000ADD94F8545094F85510665D21440548C5
:10FEC000675514F06BFD6655BDE8F081986201201E
:10FED00040660120FC630120034901220B6802FAFD
:10FEE00000F003430B60704730801D40034901223E
:10FEF0000B6802FA00F003430B60704730401D406E
:10FF0000104A1149136808681268096802F07F02F4
:10FF1000C1F3036101320431B2EB410F10D303F09E
:10FF20007F03C0F30360053B0130A3EB4000C3B285
:10FF3000044A106800F07F000130C01AC0B2704758
:10FF40000023F5E700401D4034401D4003490122D5
:10FF50000B6802FA00F003430B60704730001D404D
:10FF60002DE9F041022182B0072010F07DFB022133
:10FF7000062010F079FB0221082010F075FB052106
:10FF8000262010F071FB57480FF09AFE55481AF0E2
:10FF90006BF9554806F09CFE002855D011215348B6
:10FFA00011F09AFE5248534E12F0F6FB524C0020CC
:10FFB00010F0F0FB2070012010F0ECFB40F6631312
:10FFC0006070B4F900209A4249D002A804220021AE
:10FFD0004A4D40F8043D462410F06CFD10220A21E1
:10FFE000474810F067FD0D222821464810F062FDB9
:10FFF00003223C21444810F05DFD2046013410F0FE
:02000004600397
:10000000C9FB05F8010F4E2CF7D1DFF8F48098F802
:100010000110F0EE086A98F8053032785B1A3B4917
:1000200007EE903AF8EEE77A87EEA67A81ED007A4D
:10003000002A44D12121364811F04EFE2C4812F0FE
:10004000ABFB02B0BDE8F081044615213148294ED2
:1000500011F042FE264812F09FFB3470A6E72E4CAA
:1000600004F1010804F11007C8F10B05281910F07C
:1000700091FB04F8010FBC42F8D1224D2824204600
:10008000013410F087FB05F8010B352CF7D11E4F1A
:100090003C2010F07FFB194D387046243D2010F0B5
:1000A00079FB78703E2010F075FBB8702046013463
:1000B00010F070FB05F8010F4E2CF7D1A7E72821AF
:1000C000164811F009FE0A4812F066FB8021064826
:1000D00006F0FCFD0021044806F0F4FD02B0BDE886
:1000E000F08100BFA8500020D0590120B40C00209E
:1000F000F44E00203C5C0020506601202359002073
:10010000145C0020045C0020C05B0020B86101206A
:100110000C0D0020C80C0020135C0020E00C002017
:10012000F0B50B4C83B0526805460E46094F01925C
:1001300069461A462046009707F010F932462946CC
:10014000204607F01FF9204607F010F903B0F0BD74
:10015000B08C0020D8060020AD4B1B7803B9704747
:100160002DE9F043AB4C89B0204607F091F980B2FD
:10017000042802D809B0BDE8F083A74D1822204614
:10018000294607F027F92B78802BF3D16B78812B48
:10019000F0D1AB787F2BEDD1EB78FE2B1BD0FC2B75
:1001A00000F0EC80FB2B00F07381C82B00F0D681AF
:1001B000C92B00F0EA81CA2B00F01A82EE2B00F066
:1001C0007082EF2BD6D1954B1B78002BD2D0944B5D
:1001D00000221A70CEE7914B1B78002BCAD095F9FC
:1001E0000920B5F805102B7A07EE101A8D4943EA5D
:1001F00002238D4EB8EEC77B0A7806EE103AEB79F3
:100200008A4CB8EEC66BD71A0B70894918BF012704
:10021000327088482468884E884A377014609FED91
:10022000765B9FED774B27EE057B26EE046BB7EEF2
:10023000C77BB7EEC66B81ED007AD90780ED006A07
:1002400040F1D281B7EEC77AB4EEC57BF1EE10FA79
:1002500000F1CA817A4B1B78012B00F0C581794BE4
:1002600000221A70784927239FED787A0F22D1ED6A
:10027000007AB820764C222167EE877A754E237279
:10028000754BFDEEE77A754FE2711A78CDED017A84
:10029000BDF90430B6F800C097F900E01E12637192
:1002A000A671BEF1020F6E4E6072AF7AA172E27259
:1002B0006C49E87A2A7B6C4B84F80CC03770087064
:1002C0001A7040F33C820222002013460133A25CE4
:1002D000DBB21044734500B21A46F7DBDFF8A881A1
:1002E00004AD624F0E21D8F804602A46DFF89C91D5
:1002F00004F80E003B8856480596CDF81090FFF79D
:100300000FFF5B4B1A7A1AB95B7A002B3FF432AFBE
:10031000584C23785A1C022B22707FF62BAF564B79
:10032000564AD3ED007A92F90060FCEEE77ADFF8E6
:1003300050E1022E17EE903A8EF8053040F3FC8122
:1003400002224FF0000C134601331EF80220DBB2EC
:100350006244B3420FFA82FC1A46F5DBD8F8040077
:100360002A463B880E21059045480EF806C0CDF878
:100370001090FFF7D5FE00232370FBE6274B1B7878
:10038000002B3FF4F7AE287A10222B7B0A2107EED0
:10039000900A3C4C06EE103A6B7AB8EE677AEF7A28
:1003A00005EE903AB8EE466AAB7AB7EEC77A6E7948
:1003B000F8EE655A43EA0723B7EEC66AAD79638063
:1003C000C4ED025A20712046267065719FED0E4BD8
:1003D0009FED0B5B27EE047B26EE056BB7EEC77B2C
:1003E000FCEEC77AB7EEC66B17EE903A84ED036A5F
:1003F000637010F05FFBBDE69A9999999999B93F9E
:100400007B14AE47E17A843F333333333333F33FE6
:1004100062660120B08C0020F45901203C5C002071
:100420008966012071660120756601203066012011
:10043000B06101201464012072660120B4610120C2
:10044000445C0020465C00200C6401200000C8428F
:10045000E44E0020566601207F660120405C0020AB
:1004600081660120796601207A660120C85B002040
:10047000045C00206C660120F46301203F5C0020D6
:10048000D44E0020145C0020A48C0020D80600204C
:100490006A79AC4B12F0010118BF0121197002F00A
:1004A000020101F0FF00002900F09C800121597039
:1004B00002F0040101F0FF00002900F09180012109
:1004C000997002F0080101F0FF00002900F0868019
:1004D0000121D97002F0100101F0FF0000297BD04A
:1004E0000121197102F0200101F0FF00002971D0F3
:1004F0000121597102F0400101F0FF00002967D08D
:10050000012199711206A9794CBF0122002299722A
:10051000DA712A7A8B4912F0010018BF0120C872E3
:1005200002F0020101F0FF0000294FD001211972F1
:1005300002F0040101F0FF00002945D001215972A9
:1005400002F0080202F0FF01002A3BD001221A73D8
:100550000D2228217B4810F0ADFA0BE67A4B1B7870
:10056000002B40F0BB80DFF8049204ADDFF8188266
:10057000764FD8F804402A463B880B2174480594EE
:10058000CDF81090FFF7CCFDF4E52A79714B052AE0
:100590007FF4F0AD5A79C92A7FF4ECAD9A79C92A73
:1005A0007FF4E8AD6C4C0322DE793C211D7A2046B5
:1005B0005B7A2670A370657010F07CFA674B684A0E
:1005C0001A60D7E51973C3E75872B9E71872AFE735
:1005D000987197E758718DE7187183E7D87079E7BC
:1005E00098706EE7587063E75E4B66221A7039E6C2
:1005F0002A79584B032A7FF4BDAD5A79CA2A7FF471
:10060000B9AD9B79CA2B7FF4B5AD574B002294F856
:1006100014C04FF0800E1D788127D978CB268DF835
:10062000155010469D7893F8018017238DF812100D
:100630008DF8181007218DF8175004AD8DF819C0EA
:1006400094F815C0A47D8DF816808DF81AC08DF829
:100650001B408DF810E08DF811708DF813608DF847
:1006600014108DF81C30AB1801329B780A2A03EB6A
:100670000004A4B220B2F6D1FF263C4F284642F235
:100680000F7302AA0D218DF81C4002978DF80C60A3
:100690008DF80D608DF80E608DF80F60FFF740FD4E
:1006A00068E52A7A324B12F001026C79A879E9796F
:1006B00018BF01221C7095F809E0AF7AEE7A2C7B06
:1006C000587099704621DA700822294883F804E0AE
:1006D0005F719E71DC7110F0EDF94BE5254B04ADB7
:1006E0009FED257A0B21D3ED007A2A46234B67EE46
:1006F000877A234CB3F90000224BFDEEE77A267887
:10070000D8710412DFF88080CDED017ABDF90400C4
:100710000E4F4FEA202E1C72DFF85090D8F804409C
:100720005871184683F806E05E723B880594CDF850
:100730001090FFF7F5FC1CE74FF0000C0EE60020D0
:10074000CCE500BF045C00203C5C0020C85B0020BE
:10075000A05B0020F4590120C05B00200CED00E0FC
:100760000400FA05465C0020AC8C0020D80600206E
:10077000245900200C6401200000C8425266012068
:100780007F660120945B0020A48C00202E4BB0EEED
:10079000086A2E48D3ED006A2D4BFDEEE67A2D490E
:1007A00010B417EE904A027883B0002C07EE102A9E
:1007B000294AB8BF6442B8EEC77A07EE904A27EEDE
:1007C000267AF8EEE77AFDEEC76A83ED007AF4EE5A
:1007D000C67AC2ED007ACDED016AF1EE10FABDF9EC
:1007E00004300B8028D54278002B07EE102A1B4AD4
:1007F000B8EEC77AD2ED006AA7EEA67AFDEEC77A08
:10080000CDED017ABDF9042019DB03D00079034452
:100810001BB20B809A4201DA13460A80524293427D
:100820000F4B9B78B8BF0A8013B10B885B420B80DB
:1008300003B05DF8044B7047002B4279E5DA00798C
:100840001B1A1BB20B80E5E710640120145C00202A
:100850009462012058660120CC5D0120B86101201E
:10086000045C0020114912480A680368F0B4D31AE6
:1008700040F2DC540F4DA3422A6006D90E4B1A6891
:100880002AB100220D491A600A70F0BC70470D6849
:1008900001240A680A4F0B4E02F57A720749056077
:1008A0003A6035600C701C60F0BC70473066012007
:1008B000F861012028620120F46101206F660120A7
:1008C000206301208458012030B4C178B2EE044A7C
:1008D00083784579027943EA0123C08842EA0522F8
:1008E000DFED297A04EE900A1BB212B2274CFAEE21
:1008F000E84A06EE103A05EE102A2549B8EEC66B16
:10090000244B64EEA74A244AB8EEC55B20789FEDDD
:100910001A7B9FED1B3B64EE844A25EE075BC2ED1C
:10092000004A26EE076B25EE035B26EE037BB7EE4F
:10093000C55BB7EEC77B25EE045A27EE047A83ED3C
:10094000005A81ED007A18B1B1EE477A81ED007A54
:10095000207B18B1086881ED005A1860F5EEC04A96
:10096000F1EE10FA05D5DFED0D7A74EEA74AC2ED6F
:10097000004A30BC704700BF000000000000003F8C
:10098000000000000080664000003443045C00204A
:100990002C6301201C6301204C6601200000B4433D
:1009A000F0B52C2183B0674811F096F9664811F034
:1009B000F3FE4FF47A620021644806F0CFFA06F0A5
:1009C0000DFC002800F0908006F0F8FB022800F0F3
:1009D000B0805F4B5F48604C19785D789A780378F7
:1009E00021706570A270002B7BD178200346E070E7
:1009F0005A4E5B488DF8041069468DF806208DF834
:100A000007308DF80550009606F0F8FB1421554884
:100A100011F062F94C4811F0BFFE1121524811F05B
:100A20005BF9684606F0DCFB474968464F4D11F01C
:100A300099FD454811F0B0FE4FF0010EA278FF235A
:100A40002778192166784A48AA7180F800E0EB718E
:100A500048482F716E7111F03FF9684606F0C0FBEF
:100A600039496846444C11F07DFD374811F094FE39
:100A70001821424811F030F93349284611F072FD2F
:100A8000314811F089FE1A213D4811F025F93D4900
:100A900000230A2209682C4811F096FE2A4811F01A
:100AA0007BFE2188384806F003FC30BB374C3848C1
:100AB000218806F0FDFB70BB364C3748218806F0D4
:100AC000F7FB60B13621354811F006F921680023A3
:100AD0000A221D4811F078FE1B4811F05DFE03B09C
:100AE000F0BD7E23E37083E730212D4811F0F4F848
:100AF000154811F051FE03B0F0BD2421294811F032
:100B0000EBF8216800230A220F4811F05DFE0E4821
:100B100011F042FECAE72621234811F0DDF82168D2
:100B200000230A22084811F04FFE074811F034FE56
:100B3000C2E74A211D4811F0CFF8034811F02CFEFE
:100B400047E700BF300D0020F44E0020AC5B0020D2
:100B5000C05B00203C5C0020AC8C0020D80600204C
:100B6000408D0020E00D0020F80D0020A48C002016
:100B7000626601200C0E0020CC5B0020280E0020B5
:100B8000440E0020C85B0020108D0020C84E0020BD
:100B9000E08C0020C44E0020B08C0020B00E00205D
:100BA000600D0020600E0020880E0020940D0020B3
:100BB000184B0A221849D3ED007AFDEEE77A00B50A
:100BC00083B0CDED017ABDF9040012F029FE134B7C
:100BD0000A221349D3ED007AFDEEE77ACDED017AD2
:100BE000BDF9040012F01CFE0E4B0A220E49D3ED93
:100BF000007AFDEEE77ACDED017ABDF9040012F03E
:100C00000FFE0A220949002003B05DF804EB12F040
:100C100007BE00BF4C660120BC6101201C6301209F
:100C2000C46101202C630120CC610120D46101202A
:100C30002DE9F041174E82B073782A2B27D0711C12
:100C400000225A4011F8013F2A2BFAD1111102F06B
:100C50000F04114B002702AD0E48D3F80080ADF809
:100C6000007018F8013005F8083D13F009FF294617
:100C7000304413F093FC18F8043002A9ADF8047066
:100C800001F8043D13F08AFE02B0BDE8F0810024B3
:100C90002146DEE72C6201202C5900203C4B70B528
:100CA00093E803003B4D2C2482B03B4E85E80300C3
:100CB0003A49E81D13F072FC39490470013013F011
:100CC0006DFC38490470013013F068FC364904703B
:100CD000013013F063FC35490470013013F05EFC01
:100CE00033490470013013F059FC3249047001306B
:100CF00013F054FC30490470013013F04FFC2F49BD
:100D00000470013013F04AFC2D490470013013F0D7
:100D100045FC2C490470013013F040FC2A49047052
:100D2000013013F03BFC29490470013013F036FC0C
:100D300027490470013013F031FC2649047001305A
:100D400013F02CFC244B1B880380FFF771FF28460F
:100D500013F096FE214B04462A18997818883378A8
:100D60002853917093B11E4B69461E4A5E681E4B14
:100D700012881E488DE8480006F0F0FAA21C2946A9
:100D80001A4806F0FFFA194806F0F0FA02B070BDF2
:100D9000E80E00202C62012062660120D45D012053
:100DA00000620120FC610120146201201062012018
:100DB000D05D01209062012044910020E85901207B
:100DC000DC590120FC630120BC610120CC610120C1
:100DD000C4610120D4610120F00E0020F40E002037
:100DE000A48C0020C85B0020D8060020108D0020B5
:100DF0002DE9F041544C94F85B50C5F15A05002D93
:100E000040F3948094F85910002794F858602144D6
:100E10004E4814F80680A75513F0C0FD012D04F8C4
:100E2000068000F0838094F8581094F857602144AD
:100E3000474814F80680A75513F0B0FD022D04F8BA
:100E4000068073D094F8571094F8566021444148B6
:100E500014F80680A75513F0A1FD032D04F80680B1
:100E600064D094F8561094F8556021443A4814F828
:100E70000680A75513F092FD042D04F8068055D086
:100E800094F8551094F854602144344814F80680BE
:100E9000A75513F083FD052D04F8068046D094F87D
:100EA000541094F8536021442D4814F80680A75537
:100EB00013F074FD062D04F8068037D094F8531013
:100EC00094F852602144274814F80680A75513F07F
:100ED00065FD072D04F8068028D094F8521094F888
:100EE00051602144204814F80680A75513F056FDA0
:100EF000082D04F8068019D094F8511094F8506029
:100F000021441A4814F80680A75513F047FD0C2D0C
:100F100004F806800ADD94F84C5094F84D10665D94
:100F200021441348675513F039FD6655114B0122D2
:100F30001A70FFF73DFEFFF7B1FE0F4A0F4B126824
:100F40001A60BDE8F08100BF98620120D45D0120E5
:100F500000620120FC610120146201201062012066
:100F6000D05D01209062012044910020E8590120C9
:100F7000DC5901206466012030660120AC6101204B
:100F8000A54B0022A5492DE9F04F064685B018680B
:100F9000726003900B6AB260C3F30123F2603261A6
:100FA00004AA134413F8043C002B00F059819B4918
:100FB00044F25C2025249A4B9A4A44F2652E345020
:100FC0004FF0020CC3F8D42010248B6E41F2B00015
:100FD000954A012743F47013944D8B66944B06F8A1
:100FE0000EC0C2F8C4401946C2F8B4022F65C2F858
:100FF000C840C2F8B8021A6822F000421A601A68A3
:1010000042F0A0421A600B68894ADB01FBD589488F
:101010001146036843F008030360136843F08043FC
:1010200013600B68824ADF02FBD41168134641F05B
:10103000007111601A6812F00072FBD17C480168DF
:101040007B4BCD01FBD5196818467B4C41F4003130
:101050001960196841F480311960196841F48051B0
:101060001960196841F400511960196841F4800150
:101070001960196841F400211960196821F40841C8
:101080001960216841F4E0212160196841F40011E0
:101090001960196841F0806119601F68196807F0CC
:1010A000807441F0A0410094196003686049DC013C
:1010B000FBD50C680023DFF8A0C10D4624F00054D6
:1010C0005E4F18460C601C46CCF800303B600B6845
:1010D0005B4B00F1010C5B494FF000090344544F96
:1010E00001445FFA8CF01B018900DC609C605C604D
:1010F0001C600C602B6803F07F0301339842E7D338
:10110000514D4C46514B4FF00068DFF850C14FF045
:10111000010BC5F800903D46C3F80090DCF80030A4
:10112000DFF814A119464A4BD3F80090CCF8001010
:1011300044EA09004149DFF8209118603B681EE04D
:101140002B6803F07F030133B2EB930F34BF4FF0F2
:1011500080634FF08C630360DAF8003013F480335F
:1011600018BF4FF08043CEF800302B680134304870
:1011700003F07F03E4B2013322469C421AD22B686B
:101180002F4803F07F032F4F2044013327440001F1
:10119000B2EB530F4FEA870ED2D3C0F800802B6812
:1011A000980028D41F2C0BFA04F22BD80B68134399
:1011B0000B60DAE7009B3BB90368024623F08053DB
:1011C00003601368D901FCD4194B19681A4621F041
:1011D000805119601368DB01FCD444F25C230122C6
:1011E0001C49F35803F01F005B09824041F823209B
:1011F00005B0BDE8F08F0191FEF782FEA042019993
:10120000B3D8CFE7A4F12003D9F800200BFA03F3F9
:101210001343C9F80030A8E77003002000C00F4056
:10122000006000209900000000801F4000841F40E3
:1012300000401D4004401D4034401D4028401D40DA
:1012400008D401042052071048401D4010401D40A2
:1012500030401D4000E100E024401D402C401D4076
:101260000B6A1D4A23F47F73106843F480730B628A
:1012700070B101F5582144F26022036804315B68C3
:10128000096811F0080FB15814BF022200229847D4
:10129000124B186860B1124944F260220368096871
:1012A0005B6811F0080FB15814BF02220022984762
:1012B0000C4B186800283FF47AAE094944F26022CA
:1012C000036809685B6811F0080FB15814BF022267
:1012D000002298476BE600BF005901200459012005
:1012E00004401D4008590120A74B0022A7492DE9C1
:1012F000F04F064685B01868726003900B6AB260C2
:10130000C3F30123F260326104AA134413F8043CCE
:10131000002B00F05D819D4944F25C209A249C4B97
:101320009C4A44F2652E34504FF0030CC3F8A822B7
:101330001924D1F8843041F2B000974A002743F4D1
:101340007073964DC1F88430954B06F80EC0C2F804
:10135000A4401946C2F89402C5F88C73C2F8A8409C
:10136000C2F898021A6822F000421A601A6842F025
:10137000A0421A600B688A4ADB01FBD589481146F6
:10138000036843F008030360136843F0804313606D
:101390000B68834ADF02FBD41168134641F00071E9
:1013A00011601A6812F00072FBD17D4801687C4B15
:1013B000CD01FBD5196818467B4C41F4003119600A
:1013C000196841F480311960196841F4805119603D
:1013D000196841F400511960196841F480011960DD
:1013E000196841F400211960196821F40841196055
:1013F000216841F4E0212160196841F4001119606D
:10140000196841F0806119601F68196807F08074DD
:1014100041F0A0410094196003686149DC01FBD5EB
:101420000C680023DFF8A0C10D4624F000545F4F84
:1014300018460C601C46CCF800303B600B685C4BD7
:1014400000F1010C5B494FF000090344544F014483
:101450005FFA8CF01B018900DC609C605C601C60A2
:101460000C602B6803F07F0301339842E7D3524DA1
:101470004C46524B4FF00068DFF850C14FF0010B63
:10148000C5F800903D46C3F80090DCF80030DFF866
:1014900018A119464A4BD3F80090CCF8001044EA42
:1014A00009004249DFF8209118603B681EE02B6874
:1014B00003F07F030133B2EB930F34BF4FF080632F
:1014C0004FF08C630360DAF8003013F4803318BFF8
:1014D0004FF08043CEF800302B680134304803F0E1
:1014E0007F03E4B2013322469C421AD22B68304873
:1014F00003F07F032F4F2044013327440001B2EB58
:10150000530F4FEA870ED2D3C0F800802B689800A3
:1015100028D41F2C0BFA04F22BD80B6813430B6052
:10152000DAE7009B3BB90368024623F0805303606F
:101530001368D901FCD41A4B19681A4621F080515E
:1015400019601368DB01FCD444F25C2301221D49BD
:10155000F35803F01F005B09824041F8232005B0D7
:10156000BDE8F08F0191FEF73FFCA0420199B3D88E
:10157000CFE7A4F12003D9F800200BFA03F31343BB
:10158000C9F80030A8E700BF7003002000C00F407A
:1015900000600020AD00000000801F4000841F405C
:1015A00000801D4004801D4034801D4028801D4067
:1015B00008D801042062071048801D4010801D409B
:1015C00030801D4000E100E024801D402C801D4043
:1015D0000B6A1D4A23F47F73106843F480730B6217
:1015E00070B101F55C2144F26022036804315B684C
:1015F000096811F0080FB15814BF02220022984761
:10160000124B186860B1124944F2602203680968FD
:101610005B6811F0080FB15814BF022200229847EE
:101620000C4B186800283FF476AE094944F260225A
:10163000036809685B6811F0080FB15814BF0222F3
:101640000022984767E600BF005901200459012095
:1016500004801D40085901202DE9F84F724B1C6889
:1016600018461A6804F0807442F0A0421A600368B9
:101670006D4ADD01FBD5156800236C4F964625F0B9
:1016800000556B4E184615601D463B60336013686D
:10169000684B00F1010C684A00270344624E024483
:1016A0005FFA8CF01B019200DD609D605D601D6043
:1016B0001560DEF8003003F07F0301339842E7D372
:1016C0005E48DFF884E15E4DCEF800700760D5F823
:1016D00000E07346D0F820E047EA0E022B60026279
:1016E0003368002943D14FF000680D46DFF83CB164
:1016F0004FF00109DFF838A1524F1BE0306800F0CD
:101700007F000130B1EB900F2CBF4FF08C614FF098
:10171000806111603A6812F4803218BF4FF0804245
:101720001A603368013503F07F03EDB201332946B7
:101730009D422CD233683F4A03F07F033E482A443F
:10174000013328441201B1EB530F4FEA8003D5D384
:10175000C2F8008033689A0054D41F2D09FA05F2AC
:1017600057D8DAF800301343CAF80030D9E743F00D
:1017700000533360356815F0005515D0FEF75AFB5D
:101780003368054603F07F03013398420DD3002CE4
:101790003DD1254B19681A4621F080511960136814
:1017A000DB01FCD4BDE8F88F33681F4F1F4EDFF814
:1017B000808011E001231F2D03FA05F31AD8D8F811
:1017C00000201343C8F800303B68013503F07F0365
:1017D000EDB201339D42DAD2164B4FF000622B443A
:1017E0001B011A603B689900E4D5FEF723FBA84271
:1017F000EAD8DFE7A5F12001012332688B401343CB
:101800003360E1E7FEF716FBA8428AD8A5E7BDE8FA
:10181000F88FA5F12003DBF8002009FA03F3134346
:10182000CBF800307DE700BF00001D4024001D40C4
:1018300028001D4008D001042042071010001D4060
:101840002C001D4034001D4048001D406E4B0022FE
:101850006E49F0B5054683B018686A6001900B6A5E
:10186000AA60C3F30123EA602A6102AA134413F8B1
:10187000043C002B00F08D80644944F25C20242459
:10188000634B644A44F2652E2C504FF0010CC3F8B0
:10189000D02012248B6E41F2B0005F4A022743F43D
:1018A00070335E4E8B665E4B05F80EC0C2F81C416D
:1018B0001946C2F80C03F764C2F82041C2F81003BD
:1018C0001A6822F000421A601A6842F0A0421A60B8
:1018D0000B68534ADE01FBD552481146036843F0BA
:1018E00008030360136843F0804313600B684C4A9D
:1018F000DC02FBD41368114643F0007313600B68DD
:101900009801FCD4464A1368454CD901FBD523689D
:101910000021454A284643F400332360236843F4FA
:1019200080332360236843F480532360236843F4A7
:1019300000532360236843F480032360236843F447
:1019400000232360236823F408432360136843F4CF
:10195000E0231360236843F400132360236843F0FB
:1019600080632360FFF778FE2368224623F08053CC
:1019700023601368DB01FCD444F25C2301222B4971
:10198000EB5803F01F005B09824041F8232003B0AD
:10199000F0BD0B6A264A23F47F73106843F480730A
:1019A0000B6270B101F5542144F2602203680431E6
:1019B0005B68096811F0080FA95814BF02220022C1
:1019C00098471C4B186860B1164944F260220368BE
:1019D00009685B6811F0080FA95814BF02220022A1
:1019E0009847154B186800283FF446AF0D4944F25C
:1019F0006022036809685B6811F0080FA95814BFDA
:101A000002220022984737E77003002000C00F40F1
:101A1000006000208500000000801F4000841F40FF
:101A200000001D4004001D4034001D4000E100E0A6
:101A30000059012004590120085901204A4B1A6815
:101A4000920065D549481A4600682DE9F04FC0F369
:101A500003681C68186883B04FEAC80804F08074F3
:101A600040F0A04008F10808019418601368DE01F6
:101A7000FCD500248A463E4E3E4F2146DFF8E8B0B2
:101A8000DFF8F4900DE035B93560DBF800309A00EE
:101A900025D4C9F80010013404370436E3B2984560
:101AA00028D99AF80050012DEDD1DBF8003013F45D
:101AB000407F0BD14FF0FF333360DBF800309D00E7
:101AC00027D46FF04043C9F80030E4E7DBF800307A
:101AD000C3F30123012B29D0DBF80030DBE70091B1
:101AE000FEF7A8F920280099A8BF20208442D0DA68
:101AF0003D60CEE7019B43B91B4B19681A4621F0A4
:101B0000805119601368DB01FCD403B0BDE8F08F8D
:101B100070470091FEF78EF920280099A8BF202079
:101B20008442CEDA6FF040433B60CAE74FF0FF33A8
:101B30003360DBF80030980004D46FF08023C9F8DC
:101B40000030A8E70091FEF775F920280099A8BF9A
:101B500020208442F1DA6FF080233B606FF0802315
:101B6000C9F8003097E700BF00001D4034001D4059
:101B7000E0001D4080081D4048001D402DE9F8434D
:101B80007D4D2C6814F000547FD07C4C2468C4F345
:101B90000364E40008348C4274D92F682E462C6804
:101BA00007F0807744F0A0442C603468724DE40163
:101BB000FBD598462B6891460E4613F4407F0446A9
:101BC0004DD198F80000012800F09180089BD204C4
:101BD0006B491B783144DFF8B4E1022B694D4FEAC1
:101BE000810102EA0E0E0CBF4FF0004300234EEAC3
:101BF0000303614A0B60136899006AD4012806EB5D
:101C00004600614A6FF0404104EBC00018BF00235A
:101C100043F2507408BF4FF48033116043F254759F
:101C200003510022035943F2587143F25C7C43F2A2
:101C3000607E03F4702333430351035943F0800360
:101C40000351035943F00053035143F2647340F8C6
:101C50000590425040F80C2040F80E20C250464BF0
:101C60001868C0F30120012812D047B9424B196807
:101C70001A4621F0805119601368DB01FCD4012061
:101C8000BDE8F8830020BDE8F8832046BDE8F8836E
:101C90003B4B98F800203344012A4FEA830444D098
:101CA000089B1B78022B62D04FEAC94037494FEAA4
:101CB000C90243F6F8730140354D13400B432360CE
:101CC0002D4B1B689A0026D42F4B6FF080221A6090
:101CD000CBE7FEF7AFF82028A8BF2020864248DADD
:101CE0002C4B98F8000033449B001D6086E753009E
:101CF000089A23494FF0FF3512783144DFF898E015
:101D0000022A03EA0E0E4FEA81010CBF4FF0404356
:101D10004FF080436BE7FEF78DF82028A8BF202006
:101D20008642D1DAC4F8A057CEE7089B1B78022B75
:101D30004FF0402303D1012A43F0802308D14FEA1A
:101D4000D9324FF0FF3542EA024213432360B7E72E
:101D50004FEAC90543F6F8704FEAC9420B492840DB
:101D60006FF00715114001430B432360A8E70023E0
:101D7000E1E798F8000041E700001D4034001D40F5
:101D8000384007100100F8FF48001D400000F83FF0
:101D9000F87FF87F20420710FEFFFF3F70B56B48C9
:101DA00084B0FFF7EDF80022694904AC6748FDF7FD
:101DB00089FD6848FFF798FA674D65490022654834
:101DC000FDF74CFE6548FFF741FD2B780022634884
:101DD000052B0CBF62495E49FDF70CFF01215F48EE
:101DE000FFF73AFC01235D4804F8013D2146FFF767
:101DF00025FE2B78052B00F2A080DFE803F01E39CA
:101E0000607F8F030025012600940DF10E03294603
:101E1000544A52488DF80F508DF80E60FFF7AEFE11
:101E20004FF47A700EF0A6FB17214F480FF054FFC5
:101E30004E4810F0B1FC04B070BD002501260DF134
:101E40000E03009429464A4A44488DF80F508DF8F5
:101E50000E60FFF793FE0DF10E0331460094454AE4
:101E60003E488DF80E608DF80F50FFF787FED7E7DC
:101E7000002501260DF10E033F4A294600943748FC
:101E80008DF80F508DF80E60FFF778FE0DF10E0300
:101E90003A4A0094314631488DF80E608DF80F5063
:101EA000FFF76CFE0DF10E03354A009402212B481A
:101EB0008DF80E608DF80F50FFF760FEB0E700253B
:101EC00001260DF10E032F4A2946009423488DF870
:101ED0000F508DF80E60FFF751FE0DF10E032A4AE8
:101EE000009431461D488DF80E608DF80F50FFF7B5
:101EF00045FE0DF10E030094244AD7E70025032682
:101F000000940DF10E03294640F2136213488DF838
:101F10000F508DF80E60FFF731FE81E70025012696
:101F200000940DF10E032946194A0C488DF80F5004
:101F30008DF80E60FFF722FE72E7112115480FF0B1
:101F4000CBFE0A4810F028FC6AE700BF4C91002045
:101F500090D003001C1601203D5C0020B4D300206B
:101F600020A1070099D8FF0C0C0F0020F44E002090
:101F7000D21CEF18D2E6FF1C321CEF18FC1CEF1825
:101F8000001CEF180677FF142345FE18031AFF18EC
:101F900027ABEF18F80E00202DE9F843844D4FF4DD
:101FA000FA700EF0E7FA834B95F87C70EB65012F21
:101FB00040F28E80804D0A200EF0DCFA7F4C2E68B5
:101FC00040F2EE287E4FDFF8449204E0B3F5FA6F5A
:101FD00015D810F063FF10F061FF237843B13B7810
:101FE000DB0705D52B68D9F800209B1A0E2B06D8E5
:101FF0002B6822789B1B002AE8D14345E9D90A20A7
:10200000704C0EF0B7FA41216F480FF065FE6F4833
:1020100010F0C2FB0A216E480FF05EFE02216B48F1
:102020009FED610B10F01CFC684810F0B5FB0B2114
:1020300068480FF051FE654810F0AEFB20680022A2
:102040004FF4E1210FF0DAFF20684FF4007262498B
:1020500010F036F94FF400722068604910F04AF928
:102060000A200EF087FA2B215D480FF035FE574805
:1020700010F092FB17215B480FF02EFE534810F032
:102080008BFBFDF76DFF162157480FF025FE4F48DB
:1020900010F082FBFEF784FC112154480FF01CFE67
:1020A0004A4810F079FB64200EF064FA4021504851
:1020B0000FF012FE454810F06FFBFFF76FFE212175
:1020C0004C480FF009FE4148BDE8F84310F064BBEE
:1020D000002F45D095F864302D2B01D0472B3FD1F0
:1020E000454E46483346341D10F8012F13F8011FA2
:1020F0008A4218BF2D2A01D02D2932D19C42F3D11A
:1021000095F86430472B01D02D2B47D13C4E3B48EE
:102110003346341D10F8012F13F8011F2D2A18BF64
:102120008A4201D02D2902D19C42F3D142E70123FA
:1021300003EB43030027334C05EB830396E80300CE
:10214000586683F8681095F87C3003EB430201333E
:1021500005EB820285F87C3082F86970D46629E745
:10216000254E07EB4703284C002705EB830396E831
:102170000300586683F8681095F87C3003EB43023F
:102180000133DBB205EB8202012B85F87C3082F84B
:102190006970D4663FF60EAF0BB1B1E70123184E5C
:1021A000C6E700BFAFF30080295C8FC2F528F03F7F
:1021B00098620120C100000030660120866601207F
:1021C00085660120644F0020340F0020F44E00206B
:1021D000780F0020840F0020448D0020448F0020C1
:1021E000900F0020BC0F0020D40F0020EC0F002027
:1021F00000100020441000202C0F0020FC62012061
:10220000240F002081060000F1150000286801203D
:102210001F2938B50D46144634D91C49A5F12000B4
:1022200001230A68834013430B60194B4FF0006190
:10223000E2792B441B011960BAB1217A2268002986
:1022400022F0604214BF4FF4E0014FF4C0015A6025
:10225000E06800BA9860206900BAD860E27A41EA82
:10226000024242F040621A6038BD2268207A91042E
:10227000084A002802EA01020CBF00214FF4801135
:102280005A60E5E70846FDF727FECEE72C801D40A3
:1022900008D801040000FC1F43F25073C358DB0050
:1022A0004BD5414B2DE9F0431E680025C6F303666C
:1022B000F600083605EB450E43F2507200EBCE04F3
:1022C000224413685B0F012B0DD013685B0F022BA8
:1022D00028D013685B0F052B31D00135B542E9D109
:1022E0000020BDE8F083176817F4607FF5D043F253
:1022F00054773C59A14253D094464FEA4E0EDFB278
:10230000DCF800207B1CC2F3C2120EEB03049742E0
:1023100004F6D454E1D250F82440A142EFD1012078
:10232000BDE8F08343F254731B598B42D5D843F276
:1023300058731B599942D0D8F1E7012070471368B0
:1023400013F4607FC9D043F2647C43F25473A44415
:102350002344DCF800401F68DCF800300C403B40B0
:102360009C42DCD04FEA4E07012314680133C4F3CA
:10237000C214DBB2013407EB030EA3420EF6D45EA7
:10238000ABD2DCF8008050F82E90DCF8004001EA77
:10239000080E09EA0404A645E7D10120BDE8F08350
:1023A0001846BDE8F08300BF34801D4030B401EB17
:1023B000410143F65024C900044460586318C0002A
:1023C0002AD56058400F012829D06058400F0228B4
:1023D00038D06058400F052802D0002030BC70472C
:1023E0006058C0F3C210C0B158695C6859691040A8
:1023F0002140884210D001211C680131C4F3C2146D
:10240000C9B20134A142E8D25C6953F8215058693D
:10241000144028408442EFD1012030BC70476158FD
:10242000C1F3C211B9B159688A42F6D01968C4B271
:10243000C1F3C211601C8C42CFD253F820109142DC
:10244000F4D1E9E759688A42C7D3986882428CBFC1
:1024500000200120E1E70846DFE700BF43F25073A8
:10246000C358DB004BD5414B2DE9F0431E680025D6
:10247000C6F30366F600083605EB450E43F25072CC
:1024800000EBCE04224413685B0F012B0DD01368C0
:102490005B0F022B28D013685B0F052B31D0013561
:1024A000B542E9D10020BDE8F083176817F4607FDA
:1024B000F5D043F254773C59A14253D094464FEAA9
:1024C0004E0EDFB2DCF800207B1CC2F3C2120EEB12
:1024D0000304974204F6D454E1D250F82440A142B8
:1024E000EFD10120BDE8F08343F254731B598B42B6
:1024F000D5D843F258731B599942D0D8F1E701203F
:102500007047136813F4607FC9D043F2647C43F2D0
:102510005473A4442344DCF800401F68DCF8003006
:102520000C403B409C42DCD04FEA4E07012314682C
:102530000133C4F3C214DBB2013407EB030EA34230
:102540000EF6D45EABD2DCF8008050F82E90DCF8AA
:10255000004001EA080E09EA0404A645E7D101207B
:10256000BDE8F0831846BDE8F08300BF34401D404D
:1025700030B401EB410143F65024C90004446058D3
:102580006318C0002AD56058400F012829D0605830
:10259000400F022838D06058400F052802D0002094
:1025A00030BC70476058C0F3C210C0B158695C6855
:1025B000596910402140884210D001211C68013126
:1025C000C4F3C214C9B20134A142E8D25C6953F821
:1025D00021505869144028408442EFD1012030BC7A
:1025E00070476158C1F3C211B9B159688A42F6D037
:1025F0001968C4B2C1F3C211601C8C42CFD253F827
:1026000020109142F4D1E9E759688A42C7D398680B
:1026100082428CBF00200120E1E70846DFE700BFCF
:1026200043F25073C358DB004BD5414B2DE9F043C7
:102630001E680025C6F30366F600083605EB450E56
:1026400043F2507200EBCE04224413685B0F012B5F
:102650000DD013685B0F022B28D013685B0F052B7E
:1026600031D00135B542E9D10020BDE8F0831768CB
:1026700017F4607FF5D043F254773C59A14253D010
:1026800094464FEA4E0EDFB2DCF800207B1CC2F30A
:10269000C2120EEB0304974204F6D454E1D250F870
:1026A0002440A142EFD10120BDE8F08343F25473EE
:1026B0001B598B42D5D843F258731B599942D0D835
:1026C000F1E701207047136813F4607FC9D043F22B
:1026D000647C43F25473A4442344DCF800401F6834
:1026E000DCF800300C403B409C42DCD04FEA4E0707
:1026F000012314680133C4F3C214DBB2013407EBC5
:10270000030EA3420EF6D45EABD2DCF8008050F884
:102710002E90DCF8004001EA080E09EA0404A64500
:10272000E7D10120BDE8F0831846BDE8F08300BF83
:1027300034001D4030B401EB410143F65024C90080
:10274000044460586318C0002AD56058400F01281F
:1027500029D06058400F022838D06058400F052813
:1027600002D0002030BC70476058C0F3C210C0B126
:1027700058695C68596910402140884210D0012195
:102780001C680131C4F3C214C9B20134A142E8D2B9
:102790005C6953F821505869144028408442EFD1B5
:1027A000012030BC70476158C1F3C211B9B15968FA
:1027B0008A42F6D01968C4B2C1F3C211601C8C42BF
:1027C000CFD253F820109142F4D1E9E759688A42F8
:1027D000C7D3986882428CBF00200120E1E70846F9
:1027E000DFE700BF38B504461A2500206388DBB256
:1027F00005FB034383F806016388DBB205FB034353
:1028000083F807216088C0B205FB004000F58470A2
:1028100011F03CFB6288238892B29BB283F48073F0
:102820009A420DD063880133C3F308036380A38801
:102830009BB2FF2B03D8A38801339BB2A38038BD82
:1028400023880133C3F308032380EBE770B50D46FB
:1028500086B00646496828686C46AA68EB680FC4CB
:1028600028691822696903C441F61A306946304460
:10287000FFF7B8FF06B070BDF0B58B7D0546474C3D
:1028800087B00E462068002B38D110F0005062D17E
:1028900023680146424B0B441B011B68C3F30363CF
:1028A000082B24D03D4A04E02368C3F30363082BBC
:1028B0001DD01368481C3A4C03F07F03C1B20133AA
:1028C0000C4499424FEA0414EED30FCE6C46FF2716
:1028D0000FC496E8030084E80300284669468DF893
:1028E0001470FFF7B3FF4FF0FF3007B0F0BD28467C
:1028F0003246FFF78DFC012007B0F0BD10F000500C
:1029000033D12368264B044603441B011A68110186
:1029100014D4224902E01A6812010FD40A68013067
:102920001F4B02F07F02C0B20132034404469042C2
:102930004FEA0313EFD31B4B4FF0FF341B68C3F375
:102940000363082B1AD128463246E1B2FFF760FC38
:10295000012007B0F0BDFDF747FA2368014603F0F8
:102960007F030133834295D8AFE7FDF73DFA236833
:1029700003F07F0301338342C4D8DCE70FCE6F46F8
:102980000FC796E8030087E80300284669468DF8DC
:102990001440FFF75BFF4FF0FF30A6E700801D40BB
:1029A00008D8010470801D40104A002310481168A7
:1029B0000122F0B587B0082723260C25009120249A
:1029C000694601930293049305938DF80B708DF87B
:1029D00007208DF80F208DF80C608DF80D508DF8C4
:1029E0000E40FFF749FF07B0F0BD00BF904A00203E
:1029F0001C160120134A0023134811680122F0B568
:102A000087B0082723260D252024009169460193CD
:102A10000293049305938DF807208DF80F208DF80D
:102A20000B708DF80C608DF80D508DF80E40FFF78F
:102A300023FF122105480FF04FF905480FF0ACFEB7
:102A400007B0F0BD904A00201C160120681000203D
:102A5000F44E002000F1FF0140F2C973504A03FB1D
:102A600001F3FF3382FB0312002BF0B51A444FEA47
:102A7000E3744C4B8FB0C4EB22240546B3F900300D
:102A8000ACBFA4F2E334A4F57974002B77D04649A7
:102A900008A810F045F90A22294604A810F062F9A6
:102AA00004A908A8082610F0A9F9404910F0AEF9C9
:102AB00001463F480FF04AFE3D480FF06DFE04A866
:102AC00010F0EEF808A810F0EBF83A4908A810F05A
:102AD00027F90A22214604A810F044F904A908A8FD
:102AE00010F08CF9014632480FF030FE30480FF0FC
:102AF00053FE04A810F0D4F808A810F0D1F8002371
:102B00002D4A232020219D4217684FF001020B938C
:102B100009930A930C930D9308978DF82B608DF809
:102B200027208DF82F208DF82C008DF82E1029DB12
:102B30002312224904A88DF831408DF8303010F06E
:102B4000EFF80A222946684610F00CF9694604A8F5
:102B500010F054F9014616480FF0F8FD14480FF034
:102B60001BFE684610F09CF804A810F099F808A91C
:102B70001348FFF781FEFFF73DFF0FB0F0BDFFF7F1
:102B800013FF84E7FF2344FA06F20E4904A88DF8E8
:102B900031408DF830208DF832308DF83330CEE76B
:102BA00081808080586601207C10002094100020D5
:102BB000F44E00209C100020904A0020E4100020D9
:102BC0001C160120B810002010B5084CB4F9000004
:102BD00028B1FFF73FFF2288054B1A8010BDFFF791
:102BE000E3FE2288024B1A8010BD00BF5866012008
:102BF00056660120000000002DE9F04782B09E4D8E
:102C0000FDF7AAFA9D492A680B689D48D31A02600D
:102C1000182B16D89B4E9C4A2B681168964A5B1A53
:102C2000B3F57A7F80F009819849136808681B1A08
:102C3000C82B47D83378934C002B67D102B0BDE83E
:102C4000F087934F01200A603B78924AFA2B8D4E11
:102C5000DFF8948294BF1B186623307007203B7006
:102C60001378C82B94BF0133002313700DF0F6FCCA
:102C7000894B88F800001B7813B1002388F80030D6
:102C8000864C6379012B00F08481A379012B00F03D
:102C90008F81834B1B78002B4ED0824B1B78012BEE
:102CA00000F09981002B47D1DFF8409299F800306D
:102CB000002B43D17C4A117801293FD189F80010BB
:102CC00013703BE07948136890ED007A0B60B7EE23
:102CD000C77A774B9FED646BB4EEC67BF1EE10FACA
:102CE00040F3AC8018780022664C9FED616B27EEB4
:102CF000067BB7EEC77BFCEEC77ACDED017ABDF857
:102D000004100FF0BFFE3378002B97D008200DF091
:102D1000A5FC684B68491A78087082428ED01870FA
:102D200000288BD02378002B88D0644A00211378A8
:102D300021700133137081E7DFF8B091E379574ACE
:102D40002BB15E4B927A1B789A4240F2D780237A5D
:102D5000DFF848A1002B40F0DF80637A4F4A6BB167
:102D6000574B927A93F90030564907EE903A9342C6
:102D7000F8EEE77AC1ED007A80F2008108200DF0CC
:102D80006DFC99F80010830098F80020DFF860E1EE
:102D900043EA4103DFF85CC1E17813438CF800009B
:102DA0008EF8003009B14FF48041DFF84C8146487D
:102DB00003F08AFF444803F0AFFFA8F80000424840
:102DC00003F0E2FFB8F90020404952104048114496
:102DD00013B222780180A8F800303E493E48002A0C
:102DE0003AD04A8891ED027AC2F56542B1EE477A4F
:102DF0006B3213441BB207EE903AA8F80030F8EE9D
:102E0000E76AC6EE877AF5EEC07AC0ED007AF1EE99
:102E100010FA00F1C6803B78632B13D82F4BD0ED0E
:102E2000007A93ED007A2E4B77EEC77AC3ED007AE5
:102E3000FDF7ACFCFFF7C8FEEDE61D4B18780FF070
:102E4000BBFEF7E6274B00241C80FFF7ADFDFFF724
:102E5000BBFE1A4B1C70DEE64A8891ED027AA2F5A1
:102E6000D452153AC5E700BF295C8FC2F528BC3F94
:102E7000F54A5986380E424030660120305900200C
:102E8000345900206E660120B461012008640120DD
:102E9000465C0020896601208A660120045C0020CF
:102EA000726601207166012076660120B061012002
:102EB000455C002074660120806601207766012051
:102EC00065660120F4630120D059012070E5FFFF01
:102ED00052660120145C00200C640120146401205F
:102EE00010640120586601208B660120445C00209C
:102EF0007F6601207B6601205C66012001234E482D
:102F00004E4A002189F800300370237A1170DFF8EF
:102F100040A1002B3FF421AF26200DF083F906EEEF
:102F2000100A9AF80A30BAEECF6A454A06EE903A8D
:102F3000444B9FED3D4BB7EEC67A93ED005AF8EE49
:102F4000E66A82ED006AB7EEC55A27EE047B9FED74
:102F5000384BA5EE047BB7EEC77BB4EEE67A83ED83
:102F6000007AF1EE10FAFFF6F8AE01233248334A48
:102F7000002189F8003003701170EEE601222E481E
:102F800000232E4989F8002002702F4A0B7013701D
:102F9000F4E6DFF8C09006200DF060FB89F8000031
:102FA000CCE691ED037A67EE277AC0ED007A32E73E
:102FB00006200DF053FB244A244B12781870BAB146
:102FC00000221A701D4B1A78012A18D00020DFF851
:102FD00084901870B2E6DFF87C9099F80030012BED
:102FE0007FF4ACAE154A117800297FF4A7AE65E6F0
:102FF0000028E7D0114BDFF85C9018709EE60E4970
:103000000878012807D0DFF84C9000200A7089F872
:103010000020187092E60022DFF8389010460A70FF
:1030200089F80020187089E69A9999999999D93F59
:10303000333333333333E33F435C00207666012080
:10304000F8630120F46301206F6601207866012097
:10305000045C0020445C00200B78632B70B50446B0
:1030600015460FD000EB830344F254029B580BB17A
:103070002846984744F25413E3584BB12846BDE81C
:103080007040184744F25403C358002BF0D1F1E7C5
:1030900070BD00BF2DE9F04F8E468DB007460E463D
:1030A0006C464FF001093D4607F11008DFF8A8A073
:1030B000BEE80F000FC49EE8030084E8030055F843
:1030C000044F64B19DF91420D4E9020109FA02F316
:1030D0000021184050EA010327D1237CC3B945459C
:1030E000EDD144F25003FB5C53B3306806AC716819
:1030F000B268F3680FC430691822716903C40DEB1C
:10310000020107F11400FFF76DFB0DB0BDE8F08F71
:103110002368D3F800B0D345E1D020469DF81530A0
:103120004FF0FF326946D847D9E72368D3F800B09B
:10313000D345D2D09DF8153069462046D847CCE714
:10314000337D0CA93846324601F8183DFFF784FF5D
:103150000DB0BDE8F08F00BF8100000044F25103C4
:10316000C35C002B00F0AC802DE9F04F0D468BB016
:103170000F46064604ACDFF868E20FCD0FC495E8B1
:10318000030084E80300DEF800309B0053D5934B26
:1031900000254FF0630A1B68C3F303694FEAC909AE
:1031A00009F108090CE01868400F022800F095802A
:1031B0001868400F052800F0AC8001354D453AD025
:1031C00097F91430EAB2632B35D005EB450843F28A
:1031D000507306EBC8010B44186810F0604FECD038
:1031E0001868400F0128DED11A68F979C2F300424D
:1031F0009142E2D11A6812F4607FDED04FEA4808AB
:103200009B46002206E0DBF80010E2B2C1F3C211D7
:103210008A42D2D2541C049A08EB040303F6D45316
:1032200056F823309A42EED104A930468DF824A0F6
:10323000FFF730FFE7E70023694D8DF816302C6863
:1032400014F000543DD12B68DFF8948108E0D8F8E1
:103250000030013403F07F03E4B201339C4239D2E1
:1032600097F91430A342F2D004EB440143F6502303
:1032700006EBC1021344186810F0604FE7D01868DD
:10328000FD79C0F3C0608542E1D11868400F012884
:1032900071D01968490F022900F091801B685B0FFB
:1032A000052BD4D1049A21463046FFF77FF8002839
:1032B000CDD004A930468DF82440FFF7EBFEC6E7D9
:1032C0007047FCF791FD2B68044603F07F03013340
:1032D0009842B9D30BB0BDE8F08F1B68FA79C3F3FD
:1032E00000439A427FF469AF43F25473049A0B444B
:1032F0001B689A42FFF461AF43F258735B589A42DD
:103300003FF65BAF04A930468DF824A0FFF7C2FE5C
:1033100053E7186810F4607F3FF44FAF43F2647BCB
:10332000019301238B4409E0019901330968DBB261
:10333000C1F3C21101318B42BFF43FAF03EB48012F
:10334000DBF80000049C01F6D451204056F821E03F
:10335000DBF800100EEA01018842E5D104A93046ED
:1033600003938DF8162002928DF824A0FFF792FEA9
:10337000039B029AD8E71A6812F4607F3FF467AFA4
:103380001D464FEA410A002307E02A685FFA89F3E5
:10339000C2F3C2129342BFF45AAF03F10109049A77
:1033A0000AEB090303F6946356F823309A42ECD1F2
:1033B00004A930468DF82440FFF76CFEE5E743F69C
:1033C0005423049913441B689942FFF440AF43F619
:1033D00058239B5899427FF66CAF38E734801D40E4
:1033E00000801D402F4AF8B5136813F0005353D0E6
:1033F000136813F400434BD02B4B1B6813F02003CE
:103400004AD02A4B0C462A4A05461B6844F26520DE
:10341000DFF8A4E0632103F40016C3F30347A3809D
:10342000E772002E12680CBF1226002622F06042BE
:10343000204F22FA06F214BF012600262260DEF891
:103440000020E671E273160C4FEA122E120E66731C
:1034500084F80EE0C3F300562273DB0D3A6826723F
:10346000E274170A160C120EA774667422740D4AC1
:10347000285CA3716075217513681B040ED5214665
:103480002846FFF76BFE21682846FEF705FFF8BDCA
:10349000283212689206AFD51846F8BD0520FCF711
:1034A0001BFDECE700801D4030801D4080801D40EA
:1034B00084801D408C801D4088801D40974B1B6878
:1034C0002DE9F04F13F0005385B08946039040F08A
:1034D0001E810293914E44F2642203993368885C02
:1034E00003F07F030133984200F2038144F2642821
:1034F000039B03279844E0E0002B00F0ED80B3FA33
:1035000083F2C2F140029042C0F2E380306810F0D2
:10351000005040F0F280013F88F8000017F0FF07EC
:1035200000F0E78033689C0006D5029A824203D9F6
:10353000501EC0B288F80000336803F07F030133E7
:1035400098420BD3306810F0005040F0C980013F22
:1035500088F8000017F0FF0700F0CB80704BC0F137
:10356000200E704AA0F120011B68D2F800C0019320
:1035700000230093DDE9002342EA0C0222FA00F462
:1035800003FA0EFE23FA01F1002344EA0E040C4371
:1035900004F00102134340F08680634B03441B0197
:1035A0001A6811017FD4110E01F00B0EBEF1020F4B
:1035B00079D102F4001E5868C2F3005C01F00F01DB
:1035C000BEF1000F20F0604089F808C015BF4FF031
:1035D000000C4FF0120C4FF0010E4FF0000E20FACD
:1035E0000CF0062989F807E0C9F8000000F08B808C
:1035F000C2F3034044F2652189F80B0003980144AB
:1036000098F8000000F1010E88F800E089F8140035
:10361000A9F804200A7899F8071089F815209A6803
:10362000002989F80F2008BF4FF080619A6818BF01
:103630004FF08C61120A89F80E209A68120C89F8F2
:103640000D209A68120E89F80C20DA6889F8132088
:10365000DA68120A89F81220DA68120C89F8112047
:10366000DA68120E89F81020196099F814002F4BAF
:103670001F281B6844D9203801222D4B02FA00F084
:103680001B6818432A4B186049460398FFF766FDEC
:10369000D9F8002099F814100398FEF787FE002847
:1036A00039D198F800000130C0B288F800003368C2
:1036B00003F07F03013398421BD81E4A4FF0000AE3
:1036C0001B4B1B6811684AEA010252EA03017FF4AE
:1036D00013AF98F8000025E7B2FA82F2203210E723
:1036E000013FFCF781FB88F8000017F0FF077FF42B
:1036F00035AF002005B0BDE8F08FFCF775FB0AE799
:10370000FCF7EAFBC0E7012189F8091070E7FCF734
:103710006BFB0290DEE60120ECE700BF00801D405D
:1037200024801D4028801D4008D8010408801D40C9
:103730002C801D4030801D402DE9F04F08219DB0A8
:103740000025DFF898C0DFF898E0224C2A460C9557
:103750000A958DF833100B950D950E950F95DCF8A5
:1037600000C0DEF800E024686346DFF878C042EA73
:103770000E0A2146184C03909B462846DCF8005060
:10378000236840EA05001D04CDE9040103D4236841
:10379000990000F10982DDE9042342F00102002BC7
:1037A00000F0FE81B3FA83F5DFF82C80C5F1400507
:1037B000D8F80040EDB214F0005440F07A81D8F807
:1037C000003044F26523039AD318CDE900670893CB
:1037D0008BE000BF2C801D4000801D4024801D40D8
:1037E00028801D4030801D4000F4001CD3F804E008
:1037F000BCF1000F2EF060460DBF4FF0120E4FF0DF
:10380000000E0127002726FA0EFE06298DF82F70DC
:10381000CDF828E000F059820899C0F3034E8DF8E6
:103820003C40BCF1000F09788DF833E008BF4FF041
:10383000806E8DF83D1018BF4FF08C6E99681F2C6C
:10384000ADF82C008DF8371099684FEA11218DF8EA
:10385000361099684FEA11418DF8351099684FEA92
:1038600011618DF83410D9688DF83B10D9684FEA92
:1038700011218DF83A10D9684FEA11418DF83910AD
:10388000D9684FEA11618DF83810C3F800E0BC4BDD
:103890001B6840F216820121BA4B01FA02F21B6842
:1038A0001A43B84B1A600A9A21460398FEF77EFD28
:1038B000002840F001820AA90398FFF74FFC0AA8EC
:1038C000AFF300800AA8AFF300800AA8AFF300802E
:1038D000AD4B01341B68E4B203F07F0301339C421B
:1038E00080F0F480A54240F2F1802AFA04F2C4F19B
:1038F000200300920BFA03F0009EA4F1200206437D
:103900002BFA02F1304608432BFA04F100900191A2
:10391000DDE90001002100F001000143D8D0DDE91C
:10392000046707FA03F326FA04F8394648EA03085D
:10393000D14048EA0108002108F0010050EA0103E3
:10394000C6D0924B23441B011868010E01F00B0EE8
:1039500001F00F01BEF1020F3FF446AF042900F061
:10396000CE810829B4D1C0F30341089ED3F804C026
:1039700096F800E08DF8331000F400118DF83DE06A
:1039800041F2560E8DF83C4000299968A644ADF8E6
:103990002C002CF0604C8DF8371018BF002099686F
:1039A00008BF1220039E4FEA11212CFA00F056F8AE
:1039B0002E6018BF4FF0010E8DF8361008BF4FF083
:1039C000000E99680A90090C8DF82FE08DF83510DB
:1039D0009968090E8DF83410D9688DF83B10D968B4
:1039E000090A8DF83A10D968090C8DF83910DB688E
:1039F0001B0E8DF838301EB10AA80692B047069A01
:103A000044F2582303990B441B681BB10AA8069281
:103A10009847069A039941F61A33CB18184606932D
:103A200019469B889BB2002B00F05D8110AA038889
:103A30004FF01A0E0DF1580CDBB210460992674692
:103A40000EFB031E02460EF5817E16465EF8060F3B
:103A5000DEF80410DEF80820DEF80C30ACE80F00C9
:103A6000DEF81000DEF81410ACE803000FCF0FC62C
:103A700097E8030086E803009DF954305A1C00F0D3
:103A8000D6819C427FF424AF099AE1B20398FEF7F5
:103A9000BFFB06990B880133C3F308030B808B88A7
:103AA0009BB2002B3FF414AF8B88013B9BB28B8001
:103AB0000EE7FCF799F9D8F80030044603F07F03CD
:103AC0000133834202D985423FF67BAE304B314C05
:103AD00018682168304A41400A40002A47D0039ABA
:103AE00043F2206313449A8892B20F2A3FD89A88EF
:103AF00092B20F2A40F2F28043F22066039A59886C
:103B00005D88925B01F00F01ADB292B2023182F09A
:103B1000100243F82100954200F06881598843F271
:103B2000E862039E01311D4D324401F01F015980AE
:103B30002E689388B6B29BB20F2B40F2CA8043F234
:103B4000E867039B51885588DB5B01F00F01ADB23C
:103B50009BB202EB410183F01003CE809D4200F046
:103B60003E8153882060013303F01F035380084ACD
:103B7000136803431360BFF34F8F1DB0BDE8F08F90
:103B800008801D402C801D4000801D4008D8010485
:103B900020801D4074590120BFFF07001C801D407C
:103BA000B2FA82F52035FFE50AF020020023134324
:103BB0003FF4F1AD00F02002002313433FF4EBADDE
:103BC0009F4A44F26521039863251268415CC2F361
:103BD000034402F400109B4B8DF8334000281B680F
:103BE0004FEAD25014BF0024122423F060438DF812
:103BF0002E00ADF82C20C2F3005223FA04F3924CAD
:103C00004FF005000A9323688DF8302018BF012279
:103C10008DF8373008BF002223688DF82F201B0A4B
:103C20008DF8363023681B0C8DF835302268874BB1
:103C3000120E8DF834201A688DF83B201A68120A8B
:103C40008DF83A201A68120C8DF839201B68804ACA
:103C50001B0E8DF83D108DF83C508DF838301368F0
:103C6000FCF73AF9DDE90423002302F04002134394
:103C700040F0D580DDE90423002302F080021343E5
:103C800040F0C980039C0AA92046FFF767FA0AA8FA
:103C9000AFF300800AA8AFF300800AA8AFF300805A
:103CA0000A992046FEF7F8FA00283FF474AD0AA9F5
:103CB0000398FFF7EFF96EE50AA90398FFF7EAF911
:103CC000F9E52046FCF708F9EDE501218DF8311002
:103CD000A2E5938801339BB2938030E79A88013242
:103CE00092B29A8008E71F2C40F29D800121594B27
:103CF00001FA02F21B681343564A1360E8E5C0F369
:103D00000341089ED3F804C096F800E08DF8331004
:103D100000F400118DF83DE041F2560E8DF83C4064
:103D200000299968A644ADF82C002CF0604C8DF861
:103D3000371018BF0020996808BF1220039E4FEA71
:103D400011212CFA00F056F82E6018BF4FF0010E2A
:103D50008DF8361008BF4FF0000E99680A90090CD4
:103D60008DF82FE08DF835109968090E8DF8341014
:103D7000D9688DF83B10D968090A8DF83A10D968CE
:103D8000090C8DF83910D968090E8DF838102EB14C
:103D90000AA809920693B047099A069B44F2582153
:103DA00003980144096829B10AA809920693884733
:103DB000099A069B41F61A31039841180E4606915E
:103DC000898889B2C9B133884FF01A0E0DF1580CA9
:103DD00010AADBB2674609920EFB036E33E6039925
:103DE000CB5B013303F01F03CB53BAE603998A5B25
:103DF000013202F01F028A5390E61F2C1AD90120CB
:103E0000144900FA02F209680A4312490A604FF0A5
:103E100000621A605CE50720FCF75EF832E70620D6
:103E2000FCF75AF826E72046FCF756F850E5099AC1
:103E300021462BE620460693FCF74EF8069BE6E764
:103E400080801D4084801D4088801D408C801D40E6
:103E500008801D402C801D400B78632B70B50446F4
:103E600015460FD000EB830344F254029B580BB16C
:103E70002846984744F25413E3584BB12846BDE80E
:103E80007040184744F25403C358002BF0D1F1E7B7
:103E900070BD00BF2DE9F04F8E468DB007460E462F
:103EA0006C464FF001093D4607F11008DFF8A8A065
:103EB000BEE80F000FC49EE8030084E8030055F835
:103EC000044F64B19DF91420D4E9020109FA02F308
:103ED0000021184050EA010327D1237CC3B945458E
:103EE000EDD144F25003FB5C53B3306806AC71680B
:103EF000B268F3680FC430691822716903C40DEB0E
:103F0000020107F11400FEF76DFC0DB0BDE8F08F63
:103F10002368D3F800B0D345E1D020469DF8153092
:103F20004FF0FF326946D847D9E72368D3F800B08D
:103F3000D345D2D09DF8153069462046D847CCE706
:103F4000337D0CA93846324601F8183DFFF784FF4F
:103F50000DB0BDE8F08F00BF8100000044F25103B6
:103F6000C35C002B00F0AC802DE9F04F0D468BB008
:103F70000F46064604ACDFF868E20FCD0FC495E8A3
:103F8000030084E80300DEF800309B0053D5934B18
:103F900000254FF0630A1B68C3F303694FEAC909A0
:103FA00009F108090CE01868400F022800F095801C
:103FB0001868400F052800F0AC8001354D453AD017
:103FC00097F91430EAB2632B35D005EB450843F27C
:103FD000507306EBC8010B44186810F0604FECD02A
:103FE0001868400F0128DED11A68F979C2F300423F
:103FF0009142E2D11A6812F4607FDED04FEA48089D
:104000009B46002206E0DBF80010E2B2C1F3C211C9
:104010008A42D2D2541C049A08EB040303F6D45308
:1040200056F823309A42EED104A930468DF824A0E8
:10403000FFF730FFE7E70023694D8DF816302C6855
:1040400014F000543DD12B68DFF8948108E0D8F8D3
:104050000030013403F07F03E4B201339C4239D2D3
:1040600097F91430A342F2D004EB440143F65023F5
:1040700006EBC1021344186810F0604FE7D01868CF
:10408000FD79C0F3C0608542E1D11868400F012876
:1040900071D01968490F022900F091801B685B0FED
:1040A000052BD4D1049A21463046FEF761FA002848
:1040B000CDD004A930468DF82440FFF7EBFEC6E7CB
:1040C0007047FBF71DFF2B68044603F07F030133A5
:1040D0009842B9D30BB0BDE8F08F1B68FA79C3F3EF
:1040E00000439A427FF469AF43F25473049A0B443D
:1040F0001B689A42FFF461AF43F258735B589A42CF
:104100003FF65BAF04A930468DF824A0FFF7C2FE4E
:1041100053E7186810F4607F3FF44FAF43F2647BBD
:10412000019301238B4409E0019901330968DBB253
:10413000C1F3C21101318B42BFF43FAF03EB480121
:10414000DBF80000049C01F6D451204056F821E031
:10415000DBF800100EEA01018842E5D104A93046DF
:1041600003938DF8162002928DF824A0FFF792FE9B
:10417000039B029AD8E71A6812F4607F3FF467AF96
:104180001D464FEA410A002307E02A685FFA89F3D7
:10419000C2F3C2129342BFF45AAF03F10109049A69
:1041A0000AEB090303F6946356F823309A42ECD1E4
:1041B00004A930468DF82440FFF76CFEE5E743F68E
:1041C0005423049913441B689942FFF440AF43F60B
:1041D00058239B5899427FF66CAF38E734401D4016
:1041E00000401D402F4AF8B5136813F0005353D018
:1041F000136813F400434BD02B4B1B6813F02003C0
:104200004AD02A4B0C462A4A05461B6844F26520D0
:10421000DFF8A4E0632103F40016C3F30347A3808F
:10422000E772002E12680CBF1226002622F06042B0
:10423000204F22FA06F214BF012600262260DEF883
:104240000020E671E273160C4FEA122E120E66730E
:1042500084F80EE0C3F300562273DB0D3A68267231
:10426000E274170A160C120EA774667422740D4AB3
:10427000285CA3716075217513681B040ED5214657
:104280002846FFF76BFE21682846FEF7E7F8F8BDE1
:10429000283212689206AFD51846F8BD0520FBF704
:1042A00025FEECE700401D4030401D4080401D4091
:1042B00084401D408C401D4088401D40974B1B682A
:1042C0002DE9F04F13F0005385B08946039040F07C
:1042D0001E810293914E44F2642203993368885CF4
:1042E00003F07F030133984200F2038144F2642813
:1042F000039B03279844E0E0002B00F0ED80B3FA25
:1043000083F2C2F140029042C0F2E380306810F0C4
:10431000005040F0F280013F88F8000017F0FF07DE
:1043200000F0E78033689C0006D5029A824203D9E8
:10433000501EC0B288F80000336803F07F030133D9
:1043400098420BD3306810F0005040F0C980013F14
:1043500088F8000017F0FF0700F0CB80704BC0F129
:10436000200E704AA0F120011B68D2F800C0019312
:1043700000230093DDE9002342EA0C0222FA00F454
:1043800003FA0EFE23FA01F1002344EA0E040C4363
:1043900004F00102134340F08680634B03441B0189
:1043A0001A6811017FD4110E01F00B0EBEF1020F3D
:1043B00079D102F4001E5868C2F3005C01F00F01CD
:1043C000BEF1000F20F0604089F808C015BF4FF023
:1043D000000C4FF0120C4FF0010E4FF0000E20FABF
:1043E0000CF0062989F807E0C9F8000000F08B807E
:1043F000C2F3034044F2652189F80B00039801449D
:1044000098F8000000F1010E88F800E089F8140027
:10441000A9F804200A7899F8071089F815209A68F5
:10442000002989F80F2008BF4FF080619A6818BFF3
:104430004FF08C61120A89F80E209A68120C89F8E4
:104440000D209A68120E89F80C20DA6889F813207A
:10445000DA68120A89F81220DA68120C89F8112039
:10446000DA68120E89F81020196099F814002F4BA1
:104470001F281B6844D9203801222D4B02FA00F076
:104480001B6818432A4B186049460398FFF766FDDE
:10449000D9F8002099F814100398FEF769F800285D
:1044A00039D198F800000130C0B288F800003368B4
:1044B00003F07F03013398421BD81E4A4FF0000AD5
:1044C0001B4B1B6811684AEA010252EA03017FF4A0
:1044D00013AF98F8000025E7B2FA82F2203210E715
:1044E000013FFBF70DFD88F8000017F0FF077FF490
:1044F00035AF002005B0BDE8F08FFBF701FD0AE7FE
:10450000FBF7F4FCC0E7012189F8091070E7FBF71D
:10451000F7FC0290DEE60120ECE700BF00401D4002
:1045200024401D4028401D4008D4010408401D407F
:104530002C401D4030401D400B78632B70B5044665
:1045400015460FD000EB830344F254029B580BB185
:104550002846984744F25413E3584BB12846BDE827
:104560007040184744F25403C358002BF0D1F1E7D0
:1045700070BD00BF2DE9F04F8E468DB007460E4648
:104580006C464FF001093D4607F11008DFF8A8A07E
:10459000BEE80F000FC49EE8030084E8030055F84E
:1045A000044F64B19DF91420D4E9020109FA02F321
:1045B0000021184050EA010327D1237CC3B94545A7
:1045C000EDD144F25003FB5C53B3306806AC716824
:1045D000B268F3680FC430691822716903C40DEB27
:1045E000020107F11400FEF7FDF80DB0BDE8F08FF1
:1045F0002368D3F800B0D345E1D020469DF81530AC
:104600004FF0FF326946D847D9E72368D3F800B0A6
:10461000D345D2D09DF8153069462046D847CCE71F
:10462000337D0CA93846324601F8183DFFF784FF68
:104630000DB0BDE8F08F00BF8100000044F25103CF
:10464000C35C002B00F0AC802DE9F04F0D468BB021
:104650000F46064604ACDFF868E20FCD0FC495E8BC
:10466000030084E80300DEF800309B0053D5934B31
:1046700000254FF0630A1B68C3F303694FEAC909B9
:1046800009F108090CE01868400F022800F0958035
:104690001868400F052800F0AC8001354D453AD030
:1046A00097F91430EAB2632B35D005EB450843F295
:1046B000507306EBC8010B44186810F0604FECD043
:1046C0001868400F0128DED11A68F979C2F3004258
:1046D0009142E2D11A6812F4607FDED04FEA4808B6
:1046E0009B46002206E0DBF80010E2B2C1F3C211E3
:1046F0008A42D2D2541C049A08EB040303F6D45322
:1047000056F823309A42EED104A930468DF824A001
:10471000FFF730FFE7E70023694D8DF816302C686E
:1047200014F000543DD12B68DFF8948108E0D8F8EC
:104730000030013403F07F03E4B201339C4239D2EC
:1047400097F91430A342F2D004EB440143F650230E
:1047500006EBC1021344186810F0604FE7D01868E8
:10476000FD79C0F3C0608542E1D11868400F01288F
:1047700071D01968490F022900F091801B685B0F06
:10478000052BD4D1049A21463046FDF7D3FF0028EB
:10479000CDD004A930468DF82440FFF7EBFEC6E7E4
:1047A0007047FBF747FB2B68044603F07F03013398
:1047B0009842B9D30BB0BDE8F08F1B68FA79C3F308
:1047C00000439A427FF469AF43F25473049A0B4456
:1047D0001B689A42FFF461AF43F258735B589A42E8
:1047E0003FF65BAF04A930468DF824A0FFF7C2FE68
:1047F00053E7186810F4607F3FF44FAF43F2647BD7
:10480000019301238B4409E0019901330968DBB26C
:10481000C1F3C21101318B42BFF43FAF03EB48013A
:10482000DBF80000049C01F6D451204056F821E04A
:10483000DBF800100EEA01018842E5D104A93046F8
:1048400003938DF8162002928DF824A0FFF792FEB4
:10485000039B029AD8E71A6812F4607F3FF467AFAF
:104860001D464FEA410A002307E02A685FFA89F3F0
:10487000C2F3C2129342BFF45AAF03F10109049A82
:104880000AEB090303F6946356F823309A42ECD1FD
:1048900004A930468DF82440FFF76CFEE5E743F6A7
:1048A0005423049913441B689942FFF440AF43F624
:1048B00058239B5899427FF66CAF38E734001D406F
:1048C00000001D402F4AF8B5136813F0005353D071
:1048D000136813F400434BD02B4B1B6813F02003D9
:1048E0004AD02A4B0C462A4A05461B6844F26520EA
:1048F000DFF8A4E0632103F40016C3F30347A380A9
:10490000E772002E12680CBF1226002622F06042C9
:10491000204F22FA06F214BF012600262260DEF89C
:104920000020E671E273160C4FEA122E120E667327
:1049300084F80EE0C3F300562273DB0D3A6826724A
:10494000E274170A160C120EA774667422740D4ACC
:10495000285CA3716075217513681B040ED5214670
:104960002846FFF76BFE21682846FDF759FEF8BD83
:10497000283212689206AFD51846F8BD0520FBF71D
:10498000E5FAECE700001D4030001D4080001D40AE
:1049900084001D408C001D4088001D40974B1B6803
:1049A0002DE9F04F13F0005385B08946039040F095
:1049B0001E810293914E44F2642203993368885C0D
:1049C00003F07F030133984200F2038144F264282C
:1049D000039B03279844E0E0002B00F0ED80B3FA3E
:1049E00083F2C2F140029042C0F2E380306810F0DE
:1049F000005040F0F280013F88F8000017F0FF07F8
:104A000000F0E78033689C0006D5029A824203D901
:104A1000501EC0B288F80000336803F07F030133F2
:104A200098420BD3306810F0005040F0C980013F2D
:104A300088F8000017F0FF0700F0CB80704BC0F142
:104A4000200E704AA0F120011B68D2F800C001932B
:104A500000230093DDE9002342EA0C0222FA00F46D
:104A600003FA0EFE23FA01F1002344EA0E040C437C
:104A700004F00102134340F08680634B03441B01A2
:104A80001A6811017FD4110E01F00B0EBEF1020F56
:104A900079D102F4001E5868C2F3005C01F00F01E6
:104AA000BEF1000F20F0604089F808C015BF4FF03C
:104AB000000C4FF0120C4FF0010E4FF0000E20FAD8
:104AC0000CF0062989F807E0C9F8000000F08B8097
:104AD000C2F3034044F2652189F80B0003980144B6
:104AE00098F8000000F1010E88F800E089F8140041
:104AF000A9F804200A7899F8071089F815209A680F
:104B0000002989F80F2008BF4FF080619A6818BF0C
:104B10004FF08C61120A89F80E209A68120C89F8FD
:104B20000D209A68120E89F80C20DA6889F8132093
:104B3000DA68120A89F81220DA68120C89F8112052
:104B4000DA68120E89F81020196099F814002F4BBA
:104B50001F281B6844D9203801222D4B02FA00F08F
:104B60001B6818432A4B186049460398FFF766FDF7
:104B7000D9F8002099F814100398FDF7DBFD002800
:104B800039D198F800000130C0B288F800003368CD
:104B900003F07F03013398421BD81E4A4FF0000AEE
:104BA0001B4B1B6811684AEA010252EA03017FF4B9
:104BB00013AF98F8000025E7B2FA82F2203210E72E
:104BC000013FFBF737F988F8000017F0FF077FF483
:104BD00035AF002005B0BDE8F08FFBF72BF90AE7F1
:104BE000FBF7B4F9C0E7012189F8091070E7FBF77A
:104BF00021F90290DEE60120ECE700BF00001D4035
:104C000024001D4028001D4008D0010408001D405C
:104C10002C001D4030001D400023082202211846B0
:104C200010B592B0029300930193039304930593FC
:104C30008DF80B200EF02AF800286CD1B04B1B68C1
:104C4000980068D5AF4B1B68990664D4AE4B1B68BF
:104C50009A0660D56946AD48FEF7C4FB20B1AC4B5F
:104C6000009A9A4200F0AB800023082202211846E5
:104C700008930693079309930A930B938DF82320C7
:104C80000EF004F800284BD1A24B1B689B0047D5BF
:104C9000A14B1B689C0643D4A04B1B6898063FD5CC
:104CA00006A99F48FFF79EFA20B19DF82330082BF4
:104CB00000F0A88000230822022118460E930C93CE
:104CC0000D930F93109311938DF83B200DF0DEFFA1
:104CD00058BB944B1B68990027D5934B1B689A06C9
:104CE00023D4924B1B689B061FD50CA99048FFF755
:104CF000E9FD70B18F4C2378012B1BD0022B30D0F3
:104D0000032B00F08A80042B4CD18B4B0C9A9A42D7
:104D10003FD012B010BD69467C48FEF7CFFB9DE73F
:104D200006A97F48FFF7CAFABEE70CA98048FFF73B
:104D300035FEDEE70C9B814A934200F0A480804A56
:104D4000934200F095807F4A934207D10F9B7E4AA1
:104D500023F07F43934201D1FBF784FD2378022B9C
:104D6000CED10C9A79498A4272D07949C878012803
:104D7000CFD178488242CCD109799DF83C20764841
:104D80009142027088BF0121744A98BF00211170BE
:104D9000B6E70F9B6C4A23F07F439342B9D1FBF7F0
:104DA00061FD2378052BB4D16D4B0C9A9A42B0D19A
:104DB0009DF83F30F62BACD1FBF754FDA9E79DF8E9
:104DC0001030FF2B9DF8113068D007EE103A654A7D
:104DD000B3EE044BB8EEC76B92F900309FED447B05
:104DE00005EE103A26EE077BB8EEC55B9FED426BF1
:104DF00027EE047BA5EE067BFDEEC77B17EE903A0F
:104E0000137031E7BDF8242045F255339A427FF400
:104E100051AF09A8FBF758FD4CE70C9A40F2136319
:104E20009A427FF476AF0F9B4F4A23F47F4393421D
:104E30007FF46FAF9DF83D30882B7FF46AAF9DF80B
:104E40004030802B7FF465AFFBF70CFD23785AE7E9
:104E5000BDF83C30B3F5C17F00F08A8040F2B24229
:104E6000934241D03A49CB78012B36D0237847E79B
:104E70000F9B3E4A23F47F0393427FF46FAFFBF70F
:104E8000F1FC0C9B5FE70F9B2F4A23F07F4393427B
:104E90007FF464AFFBF7E6FC0C9B50E7C3F580732F
:104EA000304AB3EE043B07EE103A92F90030B8EE08
:104EB000C76B05EE103A9FED0E7BB8EEC55B26EE94
:104EC000077B9FED0D4B27EE037BA5EE047BFDEEEC
:104ED000C77B17EE903A1370C6E61E4A0C982378EB
:104EE00090427FF40DAF47E7FBF7BCFCBAE700BF89
:104EF0009A9999999999A93F666666666666EE3FA2
:104F000000801D4028801D4030801D401C1601205F
:104F10000100000700401D4028401D4030401D405A
:104F20004C91002000001D4028001D4030001D4015
:104F3000B4D300203D5C002027ABEF18321CEF18E3
:104F4000FC1CEF18001CEF180F6001000677FF141F
:104F5000245900202345FE183E5C00208A6601206B
:104F600099D8FF0C65660120150006CA0F6000FF86
:104F7000FBF778FCBDF83C3070E700BF2DE9F04747
:104F8000B64CFFF749FE206803681B69984780B953
:104F9000B34B1B7853B9B34B1B781BB9BDE8F04733
:104FA000FBF7DAB8BDE8F047FDF726BEFAF700FFD9
:104FB000F1E72068AC4C03685B69984794F87D3052
:104FC000C5B2062B00F29280DFE803F018283F7686
:104FD000587004000A2D00F0CB800122E36D84F8A4
:104FE0007E2003B1984700235A2284F87D3084F84C
:104FF0005A3084F87E3084F85B20C9E70022242DE3
:10500000994B4FF0010184F87E2000F0C380DA6DE7
:1050100083F87E10002AE6D09047E4E728460EF099
:10502000C1FB002800F08C8094F85A2094F85B10A3
:105030008D4B91427CD9042A40F224810321DA6D00
:1050400083F87E10002AE7D1CDE794F85A1094F83F
:105050005B20854B91426BD22A2D00F0B9802C2D1C
:1050600040F0AC8093F88000013A80F02C00D2B27E
:1050700083F8800083F85B20995489E7A5F1300319
:10508000092B46D928460EF0A5FB462D36D8A8B3E5
:10509000A5F137035BB2591C9FD094F8811005220B
:1050A0000B4384F87D2084F8813071E70D2D94D175
:1050B000062384F87D306BE7A5F13003092B35D941
:1050C00028460EF087FB462D25D820B3A5F13703DF
:1050D0005BB2581C81D094F88120DBB2042142EAF3
:1050E000031384F87D1084F8813051E70522E36DC5
:1050F00084F87E20002B7FF475AF74E728460EF00D
:105100005BFB00283FF469AF662D3FF666AFA5F163
:1051100057035BB2BFE728460EF04EFB00283FF472
:105120005CAF662D3FF659AFA5F157035BB2D0E7F0
:105130000221DA6D83F87E10002A7FF46DAF52E70A
:105140002A2D2CD02C2D7FF448AF94F85B30022010
:1051500094F88020013B94F85A1082F02C0284F8D5
:105160007D00DBB284F8802084F85B30E1540FE7E7
:1051700094F87F203C4BBAB393F8811093F88020C9
:10518000914231D00421DA6D83F87E10002A7FF439
:1051900043AF28E783F8802083F87D10F8E694F881
:1051A0005B30032194F85A20013B84F8810084F895
:1051B0007D10DBB284F85B30E254E9E693F880209E
:1051C000481C5D54554083F85A0083F88050DFE650
:1051D000013A00240320D2B283F8814083F87D0095
:1051E00083F85B209954D3E694F859E0002594F8AD
:1051F0007C9014F80E801C4E04F80E50B9F1000F8C
:1052000039D016F865CBBCF12D0A18BF4FF0010A52
:1052100016F8013C634518BF2D2B02D0BAF1000FE0
:1052200024D11148371D334613F8012B10F8011F04
:105230008A4218BF2D2A01D02D2917D19F42F3D1C0
:105240006DB204F80E80084B6A1C16D005EB4505BC
:1052500003EB8505EB6E9847C5E600BF644F002061
:10526000626601203C5C00209862012001350C360A
:10527000EDB24D45CCD104F80E80236E002B7FF4A7
:10528000B1AEB0E693F88010501C9D544D4083F8A9
:105290005A0083F880507BE61F2938B50D46144626
:1052A00034D91C49A5F1200001230A688340134327
:1052B0000B60194B4FF00061E2792B441B01196020
:1052C000BAB1217A2268002922F0604214BF4FF45B
:1052D000E0014FF4C0015A60E06800BA98602069AC
:1052E00000BAD860E27A41EA024242F040621A60B3
:1052F00038BD2268207A9104084A002802EA010297
:105300000CBF00214FF480115A60E5E70846FAF718
:10531000EDFDCEE72C401D4008D401040000FC1F29
:105320002DE9F04F08219DB00025DFF898C0DFF887
:1053300098E0224C2A460C950A958DF833100B956F
:105340000D950E950F95DCF800C0DEF800E024689E
:105350006346DFF878C042EA0E0A2146184C0390F3
:105360009B462846DCF80050236840EA05001D04EF
:10537000CDE9040103D42368990000F10982DDE935
:10538000042342F00102002B00F0FE81B3FA83F502
:10539000DFF82C80C5F14005D8F80040EDB214F0DC
:1053A000005440F07A81D8F8003044F26523039A23
:1053B000D318CDE9006708938BE000BF2C401D4057
:1053C00000401D4024401D4028401D4030401D40ED
:1053D00000F4001CD3F804E0BCF1000F2EF060468E
:1053E0000DBF4FF0120E4FF0000E0127002726FAD6
:1053F0000EFE06298DF82F70CDF828E000F05982B6
:105400000899C0F3034E8DF83C40BCF1000F0978B9
:105410008DF833E008BF4FF0806E8DF83D1018BF57
:105420004FF08C6E99681F2CADF82C008DF837105A
:1054300099684FEA11218DF8361099684FEA1141A9
:105440008DF8351099684FEA11618DF83410D968DC
:105450008DF83B10D9684FEA11218DF83A10D968C0
:105460004FEA11418DF83910D9684FEA11618DF872
:105470003810C3F800E0BC4B1B6840F216820121D3
:10548000BA4B01FA02F21B681A43B84B1A600A9A27
:1054900021460398FDF76CF8002840F001820AA924
:1054A0000398FEF75BFD0AA8AFF300800AA8AFF3EC
:1054B00000800AA8AFF30080AD4B01341B68E4B252
:1054C00003F07F0301339C4280F0F480A54240F258
:1054D000F1802AFA04F2C4F1200300920BFA03F0DF
:1054E000009EA4F1200206432BFA02F13046084345
:1054F0002BFA04F100900191DDE90001002100F098
:1055000001000143D8D0DDE9046707FA03F326FA66
:1055100004F8394648EA0308D14048EA0108002166
:1055200008F0010050EA0103C6D0924B23441B014E
:105530001868010E01F00B0E01F00F01BEF1020F11
:105540003FF446AF042900F0CE810829B4D1C0F35E
:105550000341089ED3F804C096F800E08DF833109C
:1055600000F400118DF83DE041F2560E8DF83C40FC
:1055700000299968A644ADF82C002CF0604C8DF8F9
:10558000371018BF0020996808BF1220039E4FEA09
:1055900011212CFA00F056F82E6018BF4FF0010EC2
:1055A0008DF8361008BF4FF0000E99680A90090C6C
:1055B0008DF82FE08DF835109968090E8DF83410AC
:1055C000D9688DF83B10D968090A8DF83A10D96866
:1055D000090C8DF83910DB681B0E8DF838301EB1C0
:1055E0000AA80692B047069A44F2582303990B443E
:1055F0001B681BB10AA806929847069A039941F6C0
:105600001A33CB181846069319469B889BB2002B79
:1056100000F05D8110AA03884FF01A0E0DF1580CAE
:10562000DBB21046099267460EFB031E02460EF5DA
:10563000817E16465EF8060FDEF80410DEF80820BC
:10564000DEF80C30ACE80F00DEF81000DEF81410C5
:10565000ACE803000FCF0FC697E8030086E803000D
:105660009DF954305A1C00F0D6819C427FF424AF3F
:10567000099AE1B20398FFF70FFE06990B880133F0
:10568000C3F308030B808B889BB2002B3FF414AF4D
:105690008B88013B9BB28B800EE7FAF731FCD8F880
:1056A0000030044603F07F030133834202D9854270
:1056B0003FF67BAE304B314C18682168304A414090
:1056C0000A40002A47D0039A43F2206313449A8881
:1056D00092B20F2A3FD89A8892B20F2A40F2F280F3
:1056E00043F22066039A59885D88925B01F00F01AE
:1056F000ADB292B2023182F0100243F8210095421D
:1057000000F06881598843F2E862039E01311D4D23
:10571000324401F01F0159802E689388B6B29BB2C3
:105720000F2B40F2CA8043F2E867039B51885588EB
:10573000DB5B01F00F01ADB29BB202EB410183F0E4
:105740001003CE809D4200F03E81538820600133DB
:1057500003F01F035380084A136803431360BFF329
:105760004F8F1DB0BDE8F08F08401D402C401D40FC
:1057700000401D4008D4010420401D407059012004
:10578000BFFF07001C401D40B2FA82F52035FFE53F
:105790000AF02002002313433FF4F1AD00F0200291
:1057A000002313433FF4EBAD9F4A44F26521039875
:1057B00063251268415CC2F3034402F400109B4B62
:1057C0008DF8334000281B684FEAD25014BF0024E4
:1057D000122423F060438DF82E00ADF82C20C2F384
:1057E000005223FA04F3924C4FF005000A93236809
:1057F0008DF8302018BF01228DF8373008BF002205
:1058000023688DF82F201B0A8DF8363023681B0C77
:105810008DF835302268874B120E8DF834201A68C7
:105820008DF83B201A68120A8DF83A201A68120C7B
:105830008DF839201B68804A1B0E8DF83D108DF8BD
:105840003C508DF838301368FAF750FBDDE904233B
:10585000002302F04002134340F0D580DDE9042329
:10586000002302F08002134340F0C980039C0AA980
:105870002046FEF773FB0AA8AFF300800AA8AFF337
:1058800000800AA8AFF300800A992046FCF7E6FDE5
:1058900000283FF474AD0AA90398FEF7FBFA6EE501
:1058A0000AA90398FEF7F6FAF9E52046FAF71EFB77
:1058B000EDE501218DF83110A2E5938801339BB20B
:1058C000938030E79A88013292B29A8008E71F2CC1
:1058D00040F29D800121594B01FA02F21B681343EB
:1058E000564A1360E8E5C0F30341089ED3F804C0AC
:1058F00096F800E08DF8331000F400118DF83DE0CB
:1059000041F2560E8DF83C4000299968A644ADF846
:105910002C002CF0604C8DF8371018BF00209968CF
:1059200008BF1220039E4FEA11212CFA00F056F80E
:105930002E6018BF4FF0010E8DF8361008BF4FF0E3
:10594000000E99680A90090C8DF82FE08DF835103B
:105950009968090E8DF83410D9688DF83B10D96814
:10596000090A8DF83A10D968090C8DF83910D968F0
:10597000090E8DF838102EB10AA809920693B04787
:10598000099A069B44F2582103980144096829B1F9
:105990000AA8099206938847099A069B41F61A318C
:1059A000039841180E460691898889B2C9B1338897
:1059B0004FF01A0E0DF1580C10AADBB2674609928F
:1059C0000EFB036E33E60399CB5B013303F01F0339
:1059D000CB53BAE603998A5B013202F01F028A5365
:1059E00090E61F2C1AD90120144900FA02F2096826
:1059F0000A4312490A604FF000621A605CE5072012
:105A0000FAF774FA32E70620FAF770FA26E720462A
:105A1000FAF76CFA50E5099A21462BE620460693E0
:105A2000FAF764FA069BE6E780401D4084401D407B
:105A300088401D408C401D4008401D402C401D40AA
:105A400070B50D4686B00646496828686C46AA6857
:105A5000EB680FC428691822696903C441F61A303B
:105A600069463044FCF7BEFE06B070BDF0B58B7DD4
:105A70000546474C87B00E462068002B38D110F001
:105A8000005062D123680146424B0B441B011B6846
:105A9000C3F30363082B24D03D4A04E02368C3F317
:105AA0000363082B1DD01368481C3A4C03F07F0396
:105AB000C1B201330C4499424FEA0414EED30FCE25
:105AC0006C46FF270FC496E8030084E803002846CD
:105AD00069468DF81470FFF7B3FF4FF0FF3007B041
:105AE000F0BD28463246FFF7D7FB012007B0F0BDD6
:105AF00010F0005033D12368264B044603441B01A9
:105B00001A68110114D4224902E01A6812010FD454
:105B10000A6801301F4B02F07F02C0B20132034419
:105B2000044690424FEA0313EFD31B4B4FF0FF3470
:105B30001B68C3F30363082B1AD128463246E1B22F
:105B4000FFF7AAFB012007B0F0BDFAF7D9F92368E7
:105B5000014603F07F030133834295D8AFE7FAF79C
:105B6000CFF9236803F07F0301338342C4D8DCE715
:105B70000FCE6F460FC796E8030087E8030028465C
:105B800069468DF81440FFF75BFF4FF0FF30A6E742
:105B900000401D4008D4010470401D401F2938B545
:105BA0000D46144634D91C49A5F1200001230A688A
:105BB000834013430B60194B4FF00061E2792B4493
:105BC0001B011960BAB1217A2268002922F06042D3
:105BD00014BF4FF4E0014FF4C0015A60E06800BA0E
:105BE0009860206900BAD860E27A41EA024242F045
:105BF00040621A6038BD2268207A9104084A002861
:105C000002EA01020CBF00214FF480115A60E5E75F
:105C10000846FAF79BF9CEE72C001D4008D0010496
:105C20000000FC1F2DE9F04F08219DB00025DFF892
:105C300098C0DFF898E0224C2A460C950A958DF81A
:105C400033100B950D950E950F95DCF800C0DEF81E
:105C500000E024686346DFF878C042EA0E0A214675
:105C6000184C03909B462846DCF80050236840EA15
:105C700005001D04CDE9040103D42368990000F157
:105C80000982DDE9042342F00102002B00F0FE81CD
:105C9000B3FA83F5DFF82C80C5F14005D8F8004051
:105CA000EDB214F0005440F07A81D8F8003044F29C
:105CB0006523039AD318CDE9006708938BE000BFF2
:105CC0002C001D4000001D4024001D4028001D40E8
:105CD00030001D4000F4001CD3F804E0BCF1000FBC
:105CE0002EF060460DBF4FF0120E4FF0000E012750
:105CF000002726FA0EFE06298DF82F70CDF828E031
:105D000000F059820899C0F3034E8DF83C40BCF175
:105D1000000F09788DF833E008BF4FF0806E8DF8E2
:105D20003D1018BF4FF08C6E99681F2CADF82C00F9
:105D30008DF8371099684FEA11218DF8361099685F
:105D40004FEA11418DF8351099684FEA11618DF8CD
:105D50003410D9688DF83B10D9684FEA11218DF8BD
:105D60003A10D9684FEA11418DF83910D9684FEAD5
:105D700011618DF83810C3F800E0BC4B1B6840F28D
:105D800016820121BA4B01FA02F21B681A43B84B82
:105D90001A600A9A21460398FCF7CCFC002840F0D0
:105DA00001820AA90398FEF749FC0AA8AFF3008014
:105DB0000AA8AFF300800AA8AFF30080AD4B01340E
:105DC0001B68E4B203F07F0301339C4280F0F4804F
:105DD000A54240F2F1802AFA04F2C4F120030092B5
:105DE0000BFA03F0009EA4F1200206432BFA02F105
:105DF000304608432BFA04F100900191DDE90001DF
:105E0000002100F001000143D8D0DDE9046707FA62
:105E100003F326FA04F8394648EA0308D14048EA71
:105E20000108002108F0010050EA0103C6D0924B9E
:105E300023441B011868010E01F00B0E01F00F0145
:105E4000BEF1020F3FF446AF042900F0CE810829CD
:105E5000B4D1C0F30341089ED3F804C096F800E023
:105E60008DF8331000F400118DF83DE041F2560E2C
:105E70008DF83C4000299968A644ADF82C002CF020
:105E8000604C8DF8371018BF0020996808BF1220A9
:105E9000039E4FEA11212CFA00F056F82E6018BF2D
:105EA0004FF0010E8DF8361008BF4FF0000E9968C4
:105EB0000A90090C8DF82FE08DF835109968090EBD
:105EC0008DF83410D9688DF83B10D968090A8DF81F
:105ED0003A10D968090C8DF83910DB681B0E8DF863
:105EE00038301EB10AA80692B047069A44F25823E9
:105EF00003990B441B681BB10AA806929847069A9F
:105F0000039941F61A33CB181846069319469B8815
:105F10009BB2002B00F05D8110AA03884FF01A0E8F
:105F20000DF1580CDBB21046099267460EFB031EBA
:105F300002460EF5817E16465EF8060FDEF8041066
:105F4000DEF80820DEF80C30ACE80F00DEF81000B8
:105F5000DEF81410ACE803000FCF0FC697E803007B
:105F600086E803009DF954305A1C00F0D6819C420B
:105F70007FF424AF099AE1B20398FFF70FFE069968
:105F80000B880133C3F308030B808B889BB2002B73
:105F90003FF414AF8B88013B9BB28B800EE7F9F77F
:105FA00049FFD8F80030044603F07F0301338342F1
:105FB00002D985423FF67BAE304B314C18682168E0
:105FC000304A41400A40002A47D0039A43F22063F6
:105FD00013449A8892B20F2A3FD89A8892B20F2A15
:105FE00040F2F28043F22066039A59885D88925B02
:105FF00001F00F01ADB292B2023182F0100243F80B
:106000002100954200F06881598843F2E862039EBE
:1060100001311D4D324401F01F0159802E689388D3
:10602000B6B29BB20F2B40F2CA8043F2E867039BE3
:1060300051885588DB5B01F00F01ADB29BB202EBDA
:10604000410183F01003CE809D4200F03E815388D1
:106050002060013303F01F035380084A1368034391
:106060001360BFF34F8F1DB0BDE8F08F08001D40D7
:106070002C001D4000001D4008D0010420001D40E0
:106080006C590120BFFF07001C001D40B2FA82F5C9
:106090002035FFE50AF02002002313433FF4F1AD61
:1060A00000F02002002313433FF4EBAD9F4A44F27B
:1060B0006521039863251268415CC2F3034402F42E
:1060C00000109B4B8DF8334000281B684FEAD250DC
:1060D00014BF0024122423F060438DF82E00ADF885
:1060E0002C20C2F3005223FA04F3924C4FF0050027
:1060F0000A9323688DF8302018BF01228DF83730BD
:1061000008BF002223688DF82F201B0A8DF8363037
:1061100023681B0C8DF835302268874B120E8DF8E2
:1061200034201A688DF83B201A68120A8DF83A203C
:106130001A68120C8DF839201B68804A1B0E8DF8E6
:106140003D108DF83C508DF838301368F9F7FEFE9D
:10615000DDE90423002302F04002134340F0D58020
:10616000DDE90423002302F08002134340F0C980DC
:10617000039C0AA92046FEF761FA0AA8AFF3008043
:106180000AA8AFF300800AA8AFF300800A9920465E
:10619000FCF746FA00283FF474AD0AA90398FEF70D
:1061A000E9F96EE50AA90398FEF7E4F9F9E5204656
:1061B000F9F7CCFEEDE501218DF83110A2E59388C9
:1061C00001339BB2938030E79A88013292B29A8071
:1061D00008E71F2C40F29D800121594B01FA02F281
:1061E0001B681343564A1360E8E5C0F30341089E59
:1061F000D3F804C096F800E08DF8331000F40011D5
:106200008DF83DE041F2560E8DF83C40002999682A
:10621000A644ADF82C002CF0604C8DF8371018BF58
:106220000020996808BF1220039E4FEA11212CFA22
:1062300000F056F82E6018BF4FF0010E8DF83610A2
:1062400008BF4FF0000E99680A90090C8DF82FE0F6
:106250008DF835109968090E8DF83410D9688DF8CD
:106260003B10D968090A8DF83A10D968090C8DF8E5
:106270003910D968090E8DF838102EB10AA8099284
:106280000693B047099A069B44F2582103980144AB
:10629000096829B10AA8099206938847099A069BBA
:1062A00041F61A31039841180E460691898889B241
:1062B000C9B133884FF01A0E0DF1580C10AADBB299
:1062C000674609920EFB036E33E60399CB5B0133FD
:1062D00003F01F03CB53BAE603998A5B013202F045
:1062E0001F028A5390E61F2C1AD90120144900FA84
:1062F00002F209680A4312490A604FF000621A600C
:106300005CE50720F9F722FE32E70620F9F71EFECA
:1063100026E72046F9F71AFE50E5099A21462BE6B2
:1063200020460693F9F712FE069BE6E780001D4023
:1063300084001D4088001D408C001D4008001D4049
:106340002C001D4070B50D4686B006464968286889
:106350006C46AA68EB680FC428691822696903C4EF
:1063600041F61A3069463044FCF73CFA06B070BD7D
:10637000F0B58B7D0546474C87B00E462068002B54
:1063800038D110F0005062D123680146424B0B44D3
:106390001B011B68C3F30363082B24D03D4A04E0B0
:1063A0002368C3F30363082B1DD01368481C3A4CC1
:1063B00003F07F03C1B201330C4499424FEA041445
:1063C000EED30FCE6C46FF270FC496E8030084E897
:1063D0000300284669468DF81470FFF7B3FF4FF0AD
:1063E000FF3007B0F0BD28463246FFF7D7FB01204B
:1063F00007B0F0BD10F0005033D12368264B04469F
:1064000003441B011A68110114D4224902E01A68DE
:1064100012010FD40A6801301F4B02F07F02C0B294
:1064200001320344044690424FEA0313EFD31B4B5F
:106430004FF0FF341B68C3F30363082B1AD12846BF
:106440003246E1B2FFF7AAFB012007B0F0BDF9F731
:10645000F1FC2368014603F07F030133834295D8A2
:10646000AFE7F9F7E7FC236803F07F0301338342CA
:10647000C4D8DCE70FCE6F460FC796E8030087E865
:106480000300284669468DF81440FFF75BFF4FF084
:10649000FF30A6E700001D4008D0010470001D4039
:1064A00038B5038804461A250846D9B205FB0141D0
:1064B00001F584710DF0EAFC23880133C3F308036E
:1064C0002380A3889BB21BB1A388013B9BB2A3800E
:1064D000002038BD44F25003C25C2DE9F04105466E
:1064E0008EB00AB90122C2542B8B9BB2002B50D123
:1064F00044F25C2341F61A3601225C49EB58B0465F
:106500002E4403F01F005B09824041F82320B3882A
:106510009BB243B335F808301A2408AF0DF1080ECA
:10652000DBB2BC4604FB036404F5817454F8060F27
:106530006168A268E3680FC72069616903C7BCE8A6
:106540000F00AEE80F009CE803008EE803009DF901
:106550001C104B1C40D0464B0B441B011B68C3F363
:106560000363082B63D044F25C2301224149EB58BA
:1065700003F01F005B09824041F8232000212B8B90
:10658000B0889BB280B21B0380B218430EB0BDE846
:10659000F0810023082408A91822049305F11400AF
:1065A0008DF8134008AC029302AE03930EAF05932F
:1065B00006930793FFF774FF0FCC0FC694E8030010
:1065C00002AA86E803009DF81C30284607F8313DF2
:1065D0003946FDF7B1FF8BE7274F3C6814F00054B4
:1065E0003AD13B68244F07E03B68013403F07F0356
:1065F000E4B201339C42B6D21D4B23441B011B68FD
:10660000C3F30363082BEFD102AA21462846FFF704
:10661000C5FA33880133C3F308033380B3889BB2D0
:10662000002BE1D0B388013B9BB2B380DCE702AA28
:10663000C9B22846FFF7B2FA35F808300133C3F380
:10664000080325F80830B3889BB2002B8BD0B388A1
:10665000013B9BB2B38086E7F9F7ECFB3B6804464D
:1066600003F07F0301338342BCD87CE780E100E084
:1066700008D0010400E100E000001D4044F2500396
:10668000C25C2DE9F04105468EB00AB90122C25420
:106690002B8B9BB2002B50D144F25C2341F61A366F
:1066A00001225C49EB58B0462E4403F01F005B0901
:1066B000824041F82320B3889BB243B335F80830B9
:1066C0001A2408AF0DF1080EDBB2BC4604FB0364CC
:1066D00004F5817454F8060F6168A268E3680FC777
:1066E0002069616903C7BCE80F00AEE80F009CE8B1
:1066F00003008EE803009DF91C104B1C40D0464B54
:106700000B441B011B68C3F30363082B63D044F2E3
:106710005C2301224149EB5803F01F005B098240D2
:1067200041F8232000212B8BB0889BB280B21B0341
:1067300080B218430EB0BDE8F0810023082408A9F8
:106740001822049305F114008DF8134008AC02934D
:1067500002AE03930EAF059306930793FFF7A0FED7
:106760000FCC0FC694E8030002AA86E803009DF848
:106770001C30284607F8313D3946FDF76DFB8BE7A5
:10678000274F3C6814F000543AD13B68244F07E08F
:106790003B68013403F07F03E4B201339C42B6D27C
:1067A0001D4B23441B011B68C3F30363082BEFD16C
:1067B00002AA21462846FEF76FFD33880133C3F352
:1067C00008033380B3889BB2002BE1D0B388013B30
:1067D0009BB2B380DCE702AAC9B22846FEF75CFD93
:1067E00035F808300133C3F3080325F80830B388BF
:1067F0009BB2002B8BD0B388013B9BB2B38086E762
:10680000F9F77EFB3B68044603F07F0301338342C4
:10681000BCD87CE780E100E008D4010400E100E09E
:1068200000401D4044F25003C25C2DE9F041054692
:106830008EB00AB90122C2542B8B9BB2002B50D1CF
:1068400044F25C2341F61A3601225C49EB58B0460B
:106850002E4403F01F005B09824041F82320B388D7
:106860009BB243B335F808301A2408AF0DF1080E77
:10687000DBB2BC4604FB036404F5817454F8060FD4
:106880006168A268E3680FC72069616903C7BCE853
:106890000F00AEE80F009CE803008EE803009DF9AE
:1068A0001C104B1C40D0464B0B441B011B68C3F310
:1068B0000363082B63D044F25C2301224149EB5867
:1068C00003F01F005B09824041F8232000212B8B3D
:1068D000B0889BB280B21B0380B218430EB0BDE8F3
:1068E000F0810023082408A91822049305F114005C
:1068F0008DF8134008AC029302AE03930EAF0593DC
:1069000006930793FFF7CCFD0FCC0FC694E8030066
:1069100002AA86E803009DF81C30284607F8313D9E
:106920003946FCF799FB8BE7274F3C6814F000547D
:106930003AD13B68244F07E03B68013403F07F0302
:10694000E4B201339C42B6D21D4B23441B011B68A9
:10695000C3F30363082BEFD102AA21462846FBF7B5
:1069600057FC33880133C3F308033380B3889BB2E9
:10697000002BE1D0B388013B9BB2B380DCE702AAD5
:10698000C9B22846FBF744FC35F808300133C3F39D
:10699000080325F80830B3889BB2002B8BD0B3884E
:1069A000013B9BB2B38086E7F9F71EFA3B680446C9
:1069B00003F07F0301338342BCD87CE780E100E031
:1069C00008D8010400E100E000801D402DE9F84FE7
:1069D000DFF87CC2002390490824904A4FF47A796A
:1069E000DFF870A241F61A3EDFF86CB241F61C37B0
:1069F0008CF8043041F61E368CF80C3043F22065DA
:106A0000CCF8143044F25C28CCF82030CCF8243098
:106A1000CCF82830CCF82C30CCF80890CCF800B06A
:106A2000CCF810A00B71C1F808900B73C1F800B03E
:106A3000C1F810A04B610B624B628B62CB62C2F853
:106A4000089044F2642913711373C2F800B0C2F8BD
:106A500010A05361136253628CF81E4044F2602C04
:106A60008C7794776E499362D3626E4AC1F800A026
:106A7000DFF8E8B1D2F800A04B606B4ACBF800A079
:106A80004FF0040B6949DFF8D8A11160CAF8002063
:106A90006749DFF8D0A19382C1F800A043F2226ACF
:106AA000D382138322F80E30D3539353535322F8D7
:106AB0000A3043F2246A42F8083022F80A3043F2DE
:106AC000E86A42F80C3022F80A3043F2EA6A02F827
:106AD000093022F80A3043F2EC6A564822F80A30AC
:106AE00044F2500A02F80A3044F2510A02F80A301D
:106AF00043F222628B82CB820B8321F80E30CB5380
:106B00008B534B538B5243F2246241F808308B5223
:106B100043F2E86241F80C308B5243F2EA6201F82A
:106B200009308B5243F2EC62C0F884308B5244F24D
:106B3000500280F88A308B543F4A01F80A304FF0F7
:106B40000A0A9382D382138322F80E304FF05A0E32
:106B5000D35343F22467935343F222665353374D82
:106B600042F8083043F2E86802F8093043F2EA6973
:106B7000296043F2EC619353D35322F8083022F892
:106B80000930535244F250012D4E535444F25101F6
:106B90002C4F42F80C304FF0010C80F8BC30A0F8BC
:106BA000883016603A6053544FF00E02DFF8B88018
:106BB000A0F824214FF00C0280F8CC30A0F8262158
:106BC0004FF00902A0F82841A0F82C21A0F82A4192
:106BD000A0F82EB1A0F830A188F87FC088F85BE05B
:106BE000C8F85C30C8F8603088F87C3088F87E30AF
:106BF00088F8803088F8813088F87D3088F85A30FD
:106C000009F0A4FD4821104800F046F8054B1A6829
:106C10000E4B1A60BDE8F88FE08C0020B08C00208D
:106C2000A48C002030660120B4D30020A4050020ED
:106C30004C9100200C5A01201C16012004590120FF
:106C4000EC05002008590120D0590120B461012031
:106C5000108D0020D80600201006002008640120B6
:106C600000590120C80500209862012090F8A32057
:106C700090F8A200101A704790F8A23090F8A32064
:106C80009A4205D95A1C034480F8A220987E704786
:106C90004FF0FF30704700BF70B5094D04460E46F7
:106CA000284609F00DF8284613F0DEFA4FF4806507
:106CB00000228023267020466580A280A37170BDCB
:106CC000A8500020418070478180704781717047D3
:106CD00070B5012503780F4C0646AB4000212046D5
:106CE00084F8305184F8A53084F82F5108F0B2FFB1
:106CF0002946204609F090F82B463178204602229A
:106D000009F0FAF894F8A30094F8A230C01A18BF5A
:106D1000012070BDA850002070B501250378194CE2
:106D20000646AB400021204684F8305184F8A53057
:106D300084F82F5108F08EFF2946204609F06CF8A0
:106D4000317802222B46204609F0D6F894F8A2208A
:106D500094F8A3108A4211D25319A018DBB290F90B
:106D60001A00994284F8A2304FEA002006D9234441
:106D700002329B7E84F8A220184370BD4FF0FF3092
:106D800070BD00BFA8500020F8B581880546428834
:106D90000126AF7948F203130A432D780E4C314691
:106DA0003A43B540204684F83061134384F8A55037
:106DB00084F82F619DB208F04DFF2046290A08F0A3
:106DC00049FF2046E9B208F045FF31462046BDE8BC
:106DD000F84009F021B800BFA850002088B181B167
:106DE0000288012A30B410D01030002203E030F8BD
:106DF000104B012C0AD0013205469142F7D130BC2C
:106E000070474FF0FF329A60704705462A7A012199
:106E10001A746A7A5A74AA7A9A74EA7A9960DA7455
:106E200030BC70474B684360704700BFF0B589B015
:106E30000D460446084601A9164603F0B7F901308D
:106E400004D0019B0120736009B0F0BD0023012232
:106E50001B494FF45450A36005930293039304938A
:106E60000793ADF80420ADF814200691ADF80600A4
:106E700004F03EFE04F0B4FF27796179A279E3794A
:106E8000029001A8049507948DF80C708DF80D10F0
:106E90008DF80E208DF80F3001F0C0FF0028D3D000
:106EA000A368002BFCD0A368013302D0A06801289E
:106EB00002D0002009B0F0BD2369736009B0F0BDB5
:106EC000DD75000000207047704700BF014B186857
:106ED000704700BF3066012010B504460BF0F2FB8E
:106EE000204610BD0029194B14BF0121002130B5E7
:106EF000197083B013D01546044604F0F9FD04F070
:106F000009FE00238DF804308DF805308DF8063029
:106F10008DF80730019B834208D003B030BD01F0EB
:106F200013FF03B0BDE8304001F002BF084B184624
:106F30001C6001F08FFE0028EFD0204601F004FF16
:106F4000296803B0BDE8304001F02CBF676601201E
:106F500078590120704700BF704700BF2DE9F04FFE
:106F6000844F93B0894604920390D7F8008004F0D0
:106F7000BFFD04F013FD002840F0CD807E4B1B6860
:106F80001BB94FF480337C4A13607C4B1B68002B89
:106F900000F0E980DFF81CA2DAF800301BB94FF4EA
:106FA0000063CAF80030DFF810B29BF80000002838
:106FB00000F0D0808000724E0BF058FF9BF800303C
:106FC000306098000BF052FF9BF800306D49706004
:106FD000580001910BF04AFF9BF80030B060580058
:106FE0000BF044FF9BF80030F06098000BF03EFF80
:106FF0009BF80030306198000BF038FF624A9BF834
:107000000030106058000BF031FF9BF800307061C9
:1070100058000BF02BFF5D4A9BF800301060980081
:107020000BF024FF5A4B18609BF800000BF01EFF7A
:1070300001999BF8003008607BB30024CDF81480E0
:10704000234625B2D6F80080DAF8000002930191B9
:107050000BF00CFF48F82500D6F80480DAF80000A1
:107060000BF004FF48F825000420D6F810800BF040
:10707000FDFE454B48F8250004F1010E1A68019900
:10708000029B42F825300A6813555FFA8EF49BF88C
:107090000020A242D5D8DDF81480384B0AA81A681F
:1070A000354B0A921B683B4A0B933B4B0C920D935A
:1070B00005F0EAFF01303AD003990622374804F080
:1070C0000FFE013033D004F013FD80B304F010FD47
:1070D000334A34491368079013F0010F0891324B7B
:1070E00003D1012104981160186007A8099302F0E8
:1070F000D7F845F6BF522D492D480BF083FA04F01E
:10710000F7FC01F021FE01F01BFEB0B93B68C8EBB3
:1071100003034B450BD204F0EBFC01F015FE01F02C
:107120000FFE50B93B68C8EB03034B45F3D3002077
:1071300013B0BDE8F08F0A9B8BB904F0D9FC01F0C5
:1071400003FE0AA901F01AFE3B68C8EB0303994548
:10715000F1D8ECE7082320208BF800302BE7012042
:1071600013B0BDE8F08F044B18680BF07FFE034BA3
:1071700018600FE7306601202459012020590120B2
:1071800000002020385901201859012030590120D1
:1071900034590120DC060020EC0600204C59002068
:1071A00088580120E57600008859012075D9000033
:1071B000945300201C59012066660120064B1B7861
:1071C00003F0FF002BB1A0F10100B0FA80F04009FC
:1071D00070470220704700BF676601200320704798
:1071E00010B5044604F084FC04F094FC024B60608B
:1071F0002046236010BD00BFD806002038B50D46DC
:1072000004F076FC04466D6804F072FC04F08CFC1B
:10721000024629462046BDE8384004F041BC00BF84
:1072200030B4054B0024054D5C601D60044A0549DF
:10723000054830BC0CF0B8B828590120D806002009
:10724000C04E0020D97600009453002003689B6B49
:10725000184700BF4969024A41600260704700BF99
:10726000D8060020008B7047C0897047808B80B2A1
:10727000704700BF10B582B00468012202AB03F86A
:10728000011D19466368984702B010BD704700BFE2
:1072900038B5064D837F2A789A4205D904461846A8
:1072A00000F08EF92B78A37738BD00BF6666012009
:1072B000104B1A7870B504460E460F4D82B100216E
:1072C0002A78197082773146022000F09DF92B78D8
:1072D000A07783420BD90023E6810120A38370BDF0
:1072E000807F2B788342EED900F06AF9EBE700202B
:1072F00070BD00BF425C002066660120F0B500232F
:107300008BB0154C0D46174606930993064602931B
:1073100005940894019404F0EBFB04F00FFC03A91E
:10732000049005A80394FFF77DFD294605A841F2C6
:10733000883301AAFFF77AFD012801D00BB0F0BD18
:1073400033683A46029D03A99B6A3046039404952C
:1073500098470BB0F0BD00BFD806002008B5002349
:1073600004314383807F00F0FFFA08BD08B5002197
:10737000807F00F035FB08BD08B5807F00F030FB52
:1073800008BD00BF10B5044693B2807F0A46618BEA
:1073900000F0B6FA638B0344638310BD838B9BB20A
:1073A00013B94FF0FF30704710B582B00446012288
:1073B000807F0DF1070100F035FA002807DDA38B6F
:1073C0009DF80700013B9BB2A38302B010BD4FF0B4
:1073D000FF30FAE7838B9BB2CBB1838B9BB2934296
:1073E00010B504460CD912B2807F00F01BFA024699
:1073F000002A0FDDA38B10469B1A9BB2A38310BDFE
:10740000828B807F12B200F00DFA0246F0E74FF057
:10741000FF3070474FF0FF3010BD00BF074A08B57E
:10742000837F12789A4202D9828B92B212B94FF0BE
:10743000FF3008BD184600F055FA08BD6666012009
:10744000F0B5114D0446807F83B02B780F46164669
:10745000834215D80D4B32467F68694682208DE8FD
:10746000880000F08DF92B78A077834205D900239E
:107470000120E681A38303B0F0BD002003B0F0BD7E
:1074800000F09EF8E6E700BF66660120D8060020FF
:10749000F0B5044687B0807F00F00AFAA08308B9EF
:1074A00007B0F0BD1B4B0C271B4906ADA27F0DEBAF
:1074B0000706186800230968DFF864E051F8221015
:1074C00050F82200DEF8002045F8107D0096019566
:1074D00005F0F0F9114A0023A17F126822F811305B
:1074E000421C13D09842DBDDBDF80E309DF81460CD
:1074F0005BBA9DF815509DF816109DF81720238350
:1075000026756575A175E27507B0F0BD184607B020
:10751000F0BD00BF185901200400202014002020D5
:107520001C590120224B1A6852F82030C3B152F87E
:107530002000204910B584B0012403AA0DF10B03EB
:1075400003940092072205F0B3FA01301CD09DF895
:107550000B30042B15D8DFE803F005080B0E1100E3
:1075600018467047002004B010BD1C2004B010BDA8
:10757000132004B010BD172004B010BD142004B0B7
:1075800010BD012004B010BD02F016FA04460A2115
:1075900009480AF0A1FB0AF0D3FB214607480BF08B
:1075A00053F906480BF0F8F80AF0CAFBCFE700BF22
:1075B0001859012017E503002C110020F44E00207B
:1075C00070B50E4D04462B681A5C034452B9860010
:1075D0000B4D00242A681C70905905F0CBF82B68DD
:1075E0009C5170BD074A03B212689E0052F82300F6
:1075F00001F080FE2B682344EAE700BF38590120E0
:1076000018590120345901202DE9F047564F88B010
:1076100097F80090B9F1000F00F08580DFF85C81E9
:107620000E460546D8F800301C68F4B10433002437
:1076300002E053F8042BC2B10134E4B2A145F8D101
:107640004FF0000A534601E0994517D918461C46E9
:10765000FFF768FF00F0FB000AF1010A18285FFA43
:107660008AF3F1D12046FFF7ABFF404B0121022DF9
:107670001B680391029352D0212D03D0387808B0B3
:10768000BDE8F08700220846D8F800A00FFA84F978
:1076900005F018FB4AF829004FEA8909D8F80030AC
:1076A000DFF8D88053F80930002BE7D00C220021F6
:1076B00005A876BA05F02AFED8F800304FF0000E83
:1076C00005A953F8090001230C22ADF81660ADF8A6
:1076D0001430CDF81CE005F059FB0130D8F800302B
:1076E00023D0042653F80900062202AB2049009655
:1076F00005F056F9D8F8001002AB052251F8090040
:107700001B49009605F04CF9212D13D0194B00228E
:1077100020461B6823F8142008B0BDE8F08708460F
:1077200000222946B0E74846A9E753F8090005F0CA
:1077300021F8A3E7D8F8005003AB0F49102255F801
:1077400009500868062100960490284605F028F99B
:10775000D8F8001004AB032251F809000449009640
:1077600005F01EF9D2E700BF666601201C59012012
:1077700017E5030030590120B403002018590120F7
:107780002DE9F047022086B089461146FFF73CFFFD
:10779000224B05461B7883423BD099F805400026D2
:1077A00099F804200FFA80F8240499F8073099F822
:1077B00006C04FF0080E04EB0264194F31460DF17C
:1077C00018091C443A6804AB4FF0040A04EB0C247B
:1077D00052F828001922CDF800E024BA0596049446
:1077E00005F0DEF83868FF233146182250F82800EB
:1077F00049F80C3D4B46CDF800A005F0D1F83A68A9
:107800004B46314652F828001722CDF800A005F06B
:10781000C7F8284606B0BDE8F08700BF66660120BD
:10782000185901202DE9F0411E4E45001E4B3768C6
:107830001B6837F810E02F449E452FD080460EEB92
:1078400002001446834212DD69B1184B08461B68DA
:1078500053F82810714405F0D7FC376837F818E062
:107860002F440EEB040038802046BDE8F081CEEBBB
:107870000304A4B261B10D4B084622461B6853F8BD
:107880002810714405F0C0FC33685F1933F818E024
:1078900004EB0E0120463980BDE8F0814FF0FF3443
:1078A000E2E700BF140020201C5901200400202022
:1078B00010B509490246094C022309682068084CA2
:1078C00051F8221050F82200226805F05FF8431C9E
:1078D00014BF80B2002010BD0400202018590120E0
:1078E0001C590120044A054B12681B6852F82020DD
:1078F00033F81030D05C70470400202014002020A2
:1079000070B51D460B440E4604B2B3F5006F144B20
:1079100010DA1B6811462A4653F82400304405F05B
:1079200073FC104B28461A6832F814301D4422F8B4
:10793000145070BD1B68C1F50065114653F8240052
:107940002A46304405F060FC064BA8B21A6832F8AB
:1079500014309E1B06F5006622F8146070BD00BF4F
:107960000000202008002020F0B40C780CB94B78DF
:1079700023B3002A2AD0174D03B2174C0027012049
:10798000266854BA2A6826F8137052F823600F78D4
:10799000124A37702E684F7856F8236077702E6839
:1079A0008F7856F82360B7702E68CD7856F823107C
:1079B000CD70126822F81340F0BC70478B78002B12
:1079C000D7D1CB78002BD4D11846F5E71046F0BCC0
:1079D000704700BF10002020080020200C0020204D
:1079E000F0B51B4A87B01B4C012312680C26246893
:1079F000ADF80C300B4654F820700DEB060532F84C
:107A00001020DFF85CC0ADF80E2079783C780904CE
:107A1000FA7897F802E001EB04640F4F0F49144421
:107A20003F68DCF8002004EB0E2457F8207009684A
:107A300024BA32F8102051F82010384605948DE809
:107A4000600004F0C5FE013018BF012007B0F0BD92
:107A50000C002020100020201859012000002020B8
:107A60000800202040BA80B2704700BF00BA7047BB
:107A7000002070472DE9F041514D0446514BEA6E0C
:107A8000514E194642F440625048EA66C3F8E86035
:107A9000C3F8E400D1F8E0304A4A002BFADA4C4D42
:107AA0004FF480334B490527C2F8E83043F2E9062A
:107AB0006A684FF4004C484B4FF4804E11404748E1
:107AC00003224FF0160841F4003169604BF2E905DA
:107AD000C3F87471C3F878713127416841F44041AB
:107AE0004160C0F884C04FF0020CC0F888E001206B
:107AF000C3F87C634FF0000EC3F88463C3F880536F
:107B0000C3F89863C3F88853C3F88C53C3F89053F1
:107B1000C3F8947307F16047C3F89021C3F88C2130
:107B200007F6D377C3F8A481C3F8A8213D46C3F86C
:107B30009421C3F8A021C3F89821C3F89C2102F135
:107B400086422749274E02F5DE12C3F8B8E102F556
:107B5000F452C3F8B4E1C1F830C048638863C86325
:107B60000864C86238683368A2FB0332920C520082
:107B70002B681D491B1A9A42FAD8184812221B4B2F
:107B80004FF48045C0F8845008465A64184A096882
:107B90003368A2FB0332920C02EB820203685B1A89
:107BA0009A42FBD84FF420721821204602F070F858
:107BB00020468122172102F06BF80020BDE8F081F9
:107BC00000C00F4000800D400F1001000120210077
:107BD00000C00A40FFDF7DFF00801F4000400042E0
:107BE00000841F40D04E0020041000E000802D4093
:107BF00083DE1B43014B187803F02CB904ED00E041
:107C0000102832D91A4B1B4A9B68F0B453F8204015
:107C1000944218BF43F82020A0F110025309042B0E
:107C200020D89E00144D012402F01F0235440F2974
:107C300004FA02F2104FD5F8806128BF0F210F4CD3
:107C40001643C1F10F0104440020C5F88061090109
:107C500057F82350C9B22A4347F8232084F8001369
:107C6000F0BC70470020F0BC70474FF0FF30704709
:107C700000ED00E0F583000000E100E0F0E000E04E
:107C8000E0B103691B78012B18D1C3681A68AAB147
:107C9000A1B113680020D3F8E43030B4CB701D0ECE
:107CA0001C0C1B0A0D704C708B701368D3F8E830F5
:107CB0001A0E1B0C0A714B7130BC70474FF0FF302D
:107CC000704700BF70B103691B78012B0AD1C368EC
:107CD00000201B681B68D3F80422D3F8843281E8A3
:107CE0000C0070474FF0FF30704700BFC3681A6840
:107CF00013685968890103D44FF0FF325A60704706
:107D00004FF00071D1605960704700BFF0B4C66891
:107D10004FF400078904154D30684FF4803301F4A7
:107D2000F80144686760A768A06820F40000A060BC
:107D3000307AC00500F0786005432943216401E0F2
:107D4000013B0BD061680902FAD54FF40003002013
:107D50006360A760236CF0BC138070474FF400038E
:107D60004FF0FF306360A760F0BC70470000026016
:107D7000F0B4C7684FF400008904154D3C684FF417
:107D8000803301F4F80164686060A668A06820F49C
:107D90000000A060387AC00500F078600243154307
:107DA0002943216401E0013B09D062681202FAD53F
:107DB0004FF4000300206360A660F0BC70474FF4EE
:107DC00000034FF0FF306360A660F0BC704700BF57
:107DD00000000250002835D0F8B503691B78012B4C
:107DE0002DD1C3681F6857B349B30C460546062218
:107DF0001649204605F09AFA08B30622144920468F
:107E000005F094FAD8B1237813F0010617D1617800
:107E10001B06E278284643EA0143A57839681343F4
:107E200043EA0523C1F8E430637922791B0443EA6D
:107E30000263C1F8E83001F06BFE3046F8BD4FF048
:107E4000FF30F8BD4FF0FF30704700BF980B0020A7
:107E5000900B002038B5C36800224FF0FF35044670
:107E600019680B6888685A645A629A605D6003F00A
:107E700057F82046BDE8384001F03EBEC3689A6915
:107E80002DE9F04F074683B01E6822B1904710B12C
:107E900003B0BDE8F08F326801235362536A13F0D8
:107EA0000104FBD1306B4FF0FF314FF00C099460AF
:107EB00000F13F0800F18E03ED30516028F03F08DB
:107EC00023F03F0320F03F002546C6F81480A24669
:107ED000C6F82480B3613362A8F80090A8F8024085
:107EE000FFF7C4FD336BD6F814B0C8F8040003F2F2
:107EF0002A709BF808306FF07F088BF8089020F00C
:107F00003F009BF8093040F23D698BF809409BF82F
:107F10000A308BF80A409BF80B308BF80B40FFF7C8
:107F2000A5FD0223CBF80C003377306BB36909FB56
:107F3000050003EBC50413F8352000F6675003F87D
:107F400035800135637820F03F0084F801A0A378E4
:107F500084F802A0E37884F803A0FFF787FD042DDE
:107F60006060E2D171692B4675770A89D6F818E00E
:107F700042F02002B0680A81BEF818402D4A44F051
:107F800020042D49AEF81840009702F089FF002820
:107F90007FF47EAFB46940F2FE5E716918223368E7
:107FA0004FF047084FF4807CC3F82001C3F8240148
:107FB000C3F81801C3F81C01C3F888E14FF06E0E36
:107FC000C3F880410F24C3F884111C49C3F88410FE
:107FD0004FF00071C3F8C450C3F8C0210222C3F8A7
:107FE000C481C3F844C1C3F8900138463C62746848
:107FF000C4F844E099605A6201F07EFE00287FF4E4
:1080000047AF33684FF000424FF08071C3F8E4008F
:10801000C3F8E8005A66C3F80402C3F884025A6E33
:1080200022F000425A66B062F062196103B0BDE806
:10803000F08F00BFDD880000ED8400000401FE0524
:10804000F8B5C3681C68236A1A8815062FD405463C
:108050004FF080761A8811072AD4236A21681A887B
:10806000083302F0200223F8082C33F8082C42F0E1
:10807000800223F8082C33F8082C920648BFA36925
:1080800023620E611A881707E9D51A8802F02002C8
:108090001A801A8842F080021A801A8890064CBF13
:1080A000A369083323620E611A881206D2D5F8BD7F
:1080B0001A8812F47C5F02D0236A2168E5E75868C9
:1080C000FFF7D4FC236A07465888FFF7CBFC3946F4
:1080D0000246284601F07CFCEEE700BF38B5C368D5
:1080E00005461C6802F04AFFE3689A0105D523F0B3
:1080F00000732846E360FFF7A3FFBDE8384002F0B5
:1081000045BF00BFF8B50D46002933D04B690D2B94
:1081100030D9C3681E68736A1C8804F08004A4B256
:10812000002CF9D15868FFF7A1FC21460346074609
:108130004FF0FF32284603F0AFF8AB6999061ED521
:10814000686980B2746AFFF78DFC736A60801A8870
:1081500042F080021A80BFF35F8F1A88920632685D
:108160004CBF7369083373625369002BFCD14FF025
:10817000807353612846BDE8F84003F0E1B9BB893C
:108180006869082B19D02728DBD94DF6865293420F
:10819000D7D1397D28230029D3D003F10E02062937
:1081A0003A441ED0112915D00129CAD1043398426E
:1081B000C7D300239370D370C3E71328C1D9BB8AF8
:1081C00023F04003002BBCD1BB7BF97D9B0003F067
:1081D0003C03E0E708339842B3D300239371D37193
:1081E000AFE714339842ACD3002313745374A8E759
:1081F000C2684FF0FF33F0B4CE181768053116F897
:10820000014F082006E01E4B01384FEA540483EA70
:1082100005030AD084EA03025D08D207F3D40138CB
:108220004FEA53034FEA5404F4D18E42E7D19B0E38
:10823000012203F01F011F2B3B6802FA01F208D84C
:10824000D3F824110A420FD0BB6A1A43BA62F0BCB9
:108250007047D3F820110A420DD1D3F820110A43F8
:10826000F0BCC3F820217047D3F824110A43F0BCB6
:10827000C3F824217047FB6A1A43FA62F0BC7047C6
:108280002083B8EDC2684FF0FF33F0B4CE18176802
:10829000053116F8014F082006E0184B01384FEA67
:1082A000540483EA05030AD084EA03025D08D20776
:1082B000F3D401384FEA53034FEA5404F4D18E4209
:1082C000E7D19B0E0122386803F01F011F2B02FA31
:1082D00001F209D9F96AD0F8203161EA02021340AB
:1082E000F0BCC0F820317047B96AD0F8243161EA97
:1082F00002021340F0BCC0F8243170472083B8ED6F
:10830000F8B50F4C01270F4804F1900604F048FF20
:1083100002E00C34B4420ED02368002BF9D025794A
:10832000002DF6D127710C3454F8040C984704F84A
:10833000085CB442F0D10348BDE8F84004F03CBF0B
:10834000D86001206C610120F8B5C8B106460F461F
:1083500004F03EFF00220B4D1346AC580C32094985
:108360003CB101330C2BF8D1002404F03FFF204630
:10837000F8BD03EB43039B00CC18CE50A760F4E795
:108380000446F4E7D860012048B110B5044604F073
:108390001FFF00232360BDE8104004F027BF704793
:1083A00008B50448902104F0B9FF0348BDE808402F
:1083B00004F0E8BED86001206C610120014804F09F
:1083C000EFBE00BF6C610120014804F0F5BE00BFA4
:1083D0006C61012038B5DC1C8C420BD81C4605466C
:1083E00002701A4602346B700499023004F00CFFDC
:1083F000281938BD002038BD70B590E84400531CE2
:108400009E4203D89AE0B24200F0D8801478134616
:108410000132002CF7D0FF2C00F0D0805A780232C5
:108420001A44B24200F2CA8002601C785D78013CB6
:108430003A2CE4D80FF2040E5EF824F0AF8D000061
:10844000FF8B0000A18D0000FF8B0000FF8B000060
:10845000938D0000FF8B0000FF8B0000FF8B00005E
:10846000FF8B0000FF8B0000FF8B0000FF8B0000E4
:10847000FF8B0000FF8B0000FF8B0000FF8B0000D4
:10848000FF8B0000FF8B0000FF8B0000FF8B0000C4
:10849000FF8B0000FF8B0000FF8B0000FF8B0000B4
:1084A000FF8B0000FF8B0000FF8B0000FF8B0000A4
:1084B000FF8B0000FF8B0000FF8B0000FF8B000094
:1084C000FF8B0000FF8B0000FF8B0000FF8B000084
:1084D000FF8B0000FF8B0000FF8B0000FF8B000074
:1084E000FF8B0000FF8B0000FF8B0000FF8B000064
:1084F000FF8B0000FF8B0000FF8B0000FF8B000054
:10850000FF8B0000858D00006D8D00005B8D0000ED
:108510004D8D0000FF8B0000FF8B0000FF8B0000E3
:108520003F8D0000298D0000042D7FF468AFD3F843
:1085300002308B61531C9E423FF668AF70BD042D24
:108540007FF45DAFD3F802304B6158E7042D7FF420
:1085500056AFD3F80230CB6051E7012D7FF44FAF17
:108560009B7881F8203090E8440048E7012D7FF4A3
:1085700046AF9B78032B3FF642AF81F8213090E85D
:1085800044003CE7042D7FF43AAFD3F80230CB61CE
:1085900035E7032D7FF633AFD3F802300B612EE7BA
:1085A000032D7FF62CAFD3F802308B6027E7042D24
:1085B0007FF425AFD3F802304B6020E770BD00BFD9
:1085C0002DE9F0410C2586B000F13406044606ABD7
:1085D0000DEB050200680F4643F8105D314601932C
:1085E000002300924FF40A7204F064F9054607F084
:1085F0001FF8A3696269C01A904250D2EF2D03DDC3
:1086000094F83430022B04D00025284606B0BDE88B
:10861000F081D4F83880A06AFFF728FA8045F3D1BA
:1086200094F83620062AEFD104F1200104F150001D
:1086300004F07CFE0028E7D104221A4904F590706A
:1086400004F074FE0028DFD12421384604F066FED1
:108650006B1E616C04F592721E4404F12C083960A3
:10866000394626634046E262FFF7C6FE97F821309E
:10867000002BCAD09A07394640464CBF04F160032C
:1086800004F1A003E36297F82130DB074CBF04F24A
:108690001F1304F19F032363FFF7AEFEB5E74FF00E
:1086A000FF35B2E78C0B00202DE9F04F00F13407C5
:1086B000044689B04FF40A7100F12008384604F0EE
:1086C0002DFE06250123A06A84F8365084F8343044
:1086D00084F83530FFF7CAF980232A46A063E38780
:1086E000414604F1500004F5927504F08DFD04F547
:1086F00090700422704904F087FD2379092B00F261
:108700008A80DFE803F08B88969EB888C3CE880500
:1087100004F5187204F5177628460423711B00929D
:108720003222FFF757FE0546002874D003234FF08E
:10873000FF398DF809300DF10900711B0123352235
:1087400000902846FFF746FE0546002863D09DF8B6
:10875000093003F0FD03012B1CD106F069FFD4F8AA
:108760006432A0615BB104F51970711B04233322DC
:1087700000902846FFF72EFE054600284BD04F48B4
:10878000711B0623372200902846FFF723FE05467B
:10879000002840D04FF40A70FFF764F90DF1200E65
:1087A000711B02232EF8160D39222846CDF800E061
:1087B000FFF710FE054670B30DF1200B4FF0010AD4
:1087C000414606220DF10D000BF814AD04F01CFD1E
:1087D000711B2846CDF800B007233D22FFF7FAFDB4
:1087E0000546C0B1FF2305AE0C210370304604F0EE
:1087F00095FD0C23EA1B20684FF4864401930096F4
:10880000524439460023ADF814A0CDF81C90ADF8C1
:10881000164003F0DDFF09B0BDE8F08FD4F86C22FC
:108820000723D4F8789204F5177622648DF809307E
:1088300081E7012304F517764FF0FF398DF80930F1
:1088400079E704F5247204F517762846042300928C
:10885000711B3222FFF7BEFD0028DCD004F527751E
:10886000311A042336220095FFF7B4FD054600288F
:108870007FF45CAFCFE7D4F86C22042304F51776BD
:108880004FF0FF3922648DF8093054E7D4F86C2298
:108890000323D4F8789204F5177622648DF8093012
:1088A00049E70322D4F86C3204F517764FF0FF390C
:1088B0008DF8092023643EE78C0B0020A859002086
:1088C00010B504460171092906D8DFE801F0132824
:1088D000383D4A576778280610BDFFF7E5FE0120AE
:1088E000A1694FF4FA524FF47A6320732161A260B8
:1088F000636110BDD0F86C32002B66D1D4F8B4029D
:1089000003F026F9022863D000232068637103F086
:1089100031FFD4F8B802BDE81040FFF735BDD0F8FC
:10892000B40203F015F9012805D00022D4F8B402EE
:10893000114603F0B5F8A36A0133A36210BDFFF737
:10894000B3FEE369636110BDFFF7AEFE0120A169CC
:108950004FF47A624FF47A53207321616261A3600D
:1089600010BDD0F86C12D0F8B40200F01FFF06F072
:108970005FFE4FF47A73A061A36010BD8369062285
:10898000D0F880022361431C227316D0FFF76EF8E3
:108990004FF47A7303FB00F0A06010BDFFF784FE74
:1089A0000723D4F884022373FFF760F84FF47A7337
:1089B0004EF6602203FB00F06261A06010BDFFF77D
:1089C00073FE0123D4F88802EDE7FFF76DFE95E70B
:1089D0000022D4F8B402114603F062F894E700BF15
:1089E00010B50446D0F87022D0F86C12D0F8B4025A
:1089F00003F056F8D4F87412D4F8B40203F060F817
:108A0000D4F87C12D4F8B40203F066F8D4F8B402B7
:108A1000022103F0A9F820460521FFF751FFD4F801
:108A2000BC323BB1D4F8C8222046D4F8B412BDE819
:108A30001040184710BD00BF10B50446FFF7BEFC3C
:108A400000212046FFF73CFFBDE81040FFF7BCBC0B
:108A50000279531EF0B504468DB0082B3ED8DFE8EE
:108A600003F04E56056F8805053F0500063A012ABA
:108A700040F2B28006F0DCFD2369A268C01A904281
:108A800080F09E80204603A9FFF79AFD421C00F06B
:108A9000AA80002822DD9DF82C30052B40F095801F
:108AA000039BDBB1069BCBB10A9DBDB1A3692361DA
:108AB0006B1C40F09C800895099503AD04F51B766E
:108AC00094F868720FCD0FC60FCD2D680FC63560B4
:108AD000002F5AD020460421FFF7F2FE0DB0F0BD62
:108AE0000921FFF7EDFED4F8C032002BF6D0D4F800
:108AF000C4222046D4F8B41298470DB0F0BD02212C
:108B0000FFF7DEFED4F8C032002BF0D1E6E703A970
:108B1000FFF756FD411C5AD00028DFDD9DF82C30B0
:108B2000022BDBD103AD04F524760FCD0FC60FCD9C
:108B30002D680FC6204635600321FFF7C1FECDE743
:108B400006F076FDA369A268C01A90421DD20022E9
:108B5000D4F86C12D4F8B40200F0C2FC0128054627
:108B6000BCD12046FFF7A0FD29462046FFF7A8FE0E
:108B7000B4E7D0F8B40202F0EBFF50B96379012BEF
:108B8000ACD12046FFF758FFA8E72046FFF728FFA3
:108B9000A4E70C230CAA20680DEB030142F8283D42
:108BA00000238DE806004FF40A7204F1340103F04B
:108BB00081FE06F03DFD2369A268C01A90428DD95E
:108BC000217B2046FFF77CFE88E7062B86D12046D6
:108BD0000121FFF775FE81E7D0F8B40202F0B8FF7B
:108BE0000028CBD046E72046FFF75EFD76E7284613
:108BF000FEF73CFFB3281FD84FF034430A93089B7D
:108C0000C3B1099B0A9813B185423FF456AFFEF7F2
:108C10002DFF4008FEF72AFF08900A98FEF726FF6E
:108C200005460A98FEF722FFA5EBD000FEF71EFFCF
:108C3000099042E70A98EAE70A98FEF717FF034B04
:108C40009842DCD9024B0A93D9E700BF9BC42000AD
:108C50000020C49B2DE9F043054685B0FFF7AEFB2D
:108C6000002D5AD02E68002E57D0304603F0B8F8A9
:108C70008146002851D02C4C6779002F4DD10C2112
:108C80004FF0010801A804F049FB4FF488433A462D
:108C9000404602210397CDF80890ADF80480ADF866
:108CA000063004F00FF82060002836D001A90C220D
:108CB00004F06CF870BB062204F12001304602F08B
:108CC00079FF38BB21461948FFF73EFBC4F8B802CC
:108CD00000B34FF47A63C4F8B462E3616B68C4F81C
:108CE0006032A868FEF7C2FED4F860222B7B002A0F
:108CF000C4F86402204684F868320CBF01210821C0
:108D0000FFF7DEFD84F80580FFF75EFB204605B027
:108D1000BDE8F083206803F02DFDFFF755FB002030
:108D200005B0BDE8F08300BFE05D01205192000076
:108D300010B14379012B00D07047FFF77DBE00BF13
:108D400000B14079704700BF38B590B10546FFF7D4
:108D500035FB094B5A79012A04D00024FFF734FB74
:108D6000204638BDD3F8B40285420CBF1C4600240F
:108D7000F4E70446F4E700BFE05D012089B180B16B
:108D800038B505460C46FFF719FB05F51B750FCDE9
:108D90000FC495E80F0084E80F00BDE83840FFF7E6
:108DA00013BB704718B119B94FF47A63C3617047A8
:108DB000C16170472DE9F843804608460D4604F02E
:108DC000CFFA0646404604F0CBFA2EB1731C984207
:108DD00005D00020BDE8F8830120BDE8F883013DFF
:108DE000002715F8013F7C1C2E2B20460AD018F8CE
:108DF000040004F0E3FA8146287804F0DFFA8145A4
:108E0000204608D1A6422746EBD8301AB0FA80F0A7
:108E10004009BDE8F8833846F7E700BF2DE9F04F79
:108E20004FF4007389B004460393FFF7C7FACCB13F
:108E30006369BBB14FF48071E06804F09DFA0138BA
:108E4000FE280FD80C22214605A804F0DDF905A85C
:108E500004F0EEF8012800F09F80DFF8A89199F85F
:108E600008302BB1FFF7B0FA002009B0BDE8F08F51
:108E70004FF41C71484604F051FA6269A369C9F8BD
:108E80000C20C9F81030228AE368A9F82C20C9F810
:108E9000183004F0C7FAA9F82800238A012B76D0ED
:108EA000022BDFD14FF4E053A9F82A30002202212F
:108EB000BDF8140003F006FF524EC9F80000002868
:108EC000D0D004250622504903AB009503F068FD7D
:108ED000306803AB009505224B4903F061FDBDF8F6
:108EE00016301BB94FF45453ADF8163005A90C22B7
:108EF000D9F8000003F07EFB0130424E72D0358D70
:108F000001224FF48073E1680DF12008002406F17E
:108F10003B003286F58506F13A0B738648F8104D12
:108F2000B6F82AA004F03CFA4246384906F13B0064
:108F300004F04CFA06E000208CF83A300EF10104FF
:108F400004F044FA601C2F4D584405F13A0704F030
:108F500007FA06EB040C0346424604EB000E2B49CD
:108F60000028E8D12744012611342946A7F801A09A
:108F7000FB703E7126486C62FFF7E6F9686088B3C3
:108F80002E72FFF721FA284609B0BDE8F08F4FF4A2
:108F90008073A9F82A3089E7069802F02BFF05466E
:108FA00028B3002603E002F0A7FC054620B3BDF875
:108FB00014302846771C0BB1DB0703D502F0BEFD49
:108FC0000790D8B9069B30463E46002BEBD005A84B
:108FD00004F02EF800287FF445AF284602F000FF89
:108FE00006903AE7D9F8000003F0C4FB3AE702F034
:108FF0007FFD05460028D4D10025E8E70123ADF820
:109000001430E4E7445B012017E5030088490020A1
:10901000AD9800002DE9F04F4FF0000A83B01746DD
:10902000814688461646554601933C7804F0C000B8
:10903000C0281ED0A8BBB9F1000F30D0B8F1000F86
:109040002DD0A0452ED9621CC4EB080848463946ED
:10905000934608F1FF3804F0D7F8D9445A4617442C
:10906000BE4238BF3E46002CDFD1304603B0BDE8DB
:10907000F08F05B9023624027D780C9B04F47C54F1
:1090800025449D420DD20AF1010A019BBAF1040F59
:1090900003EB0507C9D95C5D04F0C000CAE7621C98
:1090A000DDE7002003B0BDE8F08F00BF037A022B9C
:1090B0002DE9F0430446ADF5037D30D0032B16D0E7
:1090C000012B03D00DF5037DBDE8F0830023426A38
:1090D00000F12E01006803F0E3FB636A984200F0A0
:1090E000A480032323720DF5037DBDE8F083FFF711
:1090F00065F9206803F03EFB6068FFF745F900233F
:109100002372FFF761F9216A00297AD10846E568E0
:109110002369A269A8470DF5037DBDE8F08300F13E
:109120002E0600234FF400720068314603F02EFC37
:109130000C28054668D9E28D238D9A42C2D1B4F934
:109140003030002BBEDA608EFEF78CFC0128B9D1DE
:109150000095334604F13A0202A8FF21FFF75AFFB7
:1091600007460028AED0A16902A8FFF723FE012818
:10917000A8D104374FF0000806EB050909E0B3F564
:10918000A06F58D0388908F10108FEF76BFC0A304F
:109190000744A08EFEF766FC80455CD24F455AD24C
:1091A0003A4600953346FF2102A8FFF733FF0746F2
:1091B000002850D0A16902A8FFF7FCFD0128E1D1E9
:1091C0003B88628D9A42DAD17B88B3F5807FD9D112
:1091D000B2F5807F236A43D103F12302D7F80A1046
:1091E0001201A0522244916004EB0312013379680A
:1091F000032BC2F83C122362C4D9002B7FF471AF59
:1092000060E704F50C7082E706F012FA6369C01A91
:10921000B0F57A7F7FF656AFE3690133052BE36142
:109220003FF65FAF012323724CE706F001FA0223F9
:109230006061237246E77B88B3F5807FA2D1334615
:10924000009507F10A02FF2142A8FFF7E3FE0DF2A5
:109250000913A36196E7236A002B7FF442AF31E73D
:1092600023330220102207F10A011B01E052E0180B
:10927000083003F0C9FF236AB6E700BF10B5044603
:10928000006802F073FD237B834207D02073014600
:10929000236962692068BDE81040184710BD00BF0F
:1092A000F8B50546FFF78AF835B12B6823B16B682E
:1092B00013B10E4C26790EB10020F8BD18212046BE
:1092C00004F02CF82F686A682146AB6808482760CC
:1092D00022616361FFF738F8A0600028ECD0012319
:1092E00026732371FFF770F82046F8BDB4600120A3
:1092F0007D9A000068B110B50446FFF75FF820467C
:1093000010F0A6FF204610F0A7FFBDE81040FFF7C1
:109310005BB8704702F05CBD70B50F4E00F1F00510
:10932000044602E01834AC4214D0A368002BF9D0F4
:1093300006F07EF9E368C01AB042F3D923691846F3
:109340000BB102F0FDF820461834182103F0E6FFB7
:10935000AC42EAD170BD00BF804F12002DE9F0474A
:109360000023164604460F4680460246916818328E
:10937000B9424AD001330A2BF8D1234600259A6816
:10938000183312B301350A2DF9D10025A946AA4692
:1093900006E00AF1010A08F11808BAF10A0F14D020
:1093A00006F046F9D8F80C30C01A4845F1D95546B0
:1093B0000AF1010A06F03CF9D8F80C30BAF10A0FAC
:1093C00008F11808C3EB0009EAD14FEA450909EB97
:1093D000050804EBC808D8F8100030B102F0B0F866
:1093E0000023C8F81030C8F814304D443146062226
:1093F00004EBC5052846AF6003F006FF06F018F938
:109400002B46E8601846BDE8F08703EB430331467E
:10941000062204EBC304204603F0F6FE06F008F92A
:109420002346E0601846BDE8F08700BF08B301B3EB
:10943000F8B507460E4601F1F0050C46B965204621
:109440001834182103F06AFFAC42F8D132460C49B7
:109450000C4806F025F9C6F8F00068B139460A480C
:1094600001F040FDB0FA80F3C6F8F4005B09584201
:10947000F8BD4FF0FF3070474FF0FF30F8BD00BF30
:10948000199B0000E0930400159B000010B5846D4B
:1094900034B1D4F8F00006F023F90023C4F8F0301A
:1094A00010BD00BF806D0023024610B594681832CD
:1094B0008C4205D001330A2BF8D10024204610BD80
:1094C00003EB43030622054900EBC304204603F0E7
:1094D0002DFF0028F1D0204610BD00BF980B0020C2
:1094E00070B5D0B1846D94B104460E46154601F0B6
:1094F00045FD31462046FFF7D5FF60B14DB101462D
:1095000006222846012403F07FFE01F03FFD20469D
:1095100070BD0124F9E70446F7E70446204670BD14
:109520002DE9F04385B00B46019149691B2904D907
:10953000DC682288B2F5807F05D0184602F000F87A
:1095400005B0BDE8F0832279062AF6D16288082AA0
:10955000F3D16279042AF0D11C290546D0F858903D
:1095600008D10622284602A902F00CFB064638B1B3
:10957000019BE2E7C1F11C0101A802F075F8F0E7D8
:1095800004F10807062202A9384603F0CFFE00289E
:10959000EED006223449384603F0C8FE0028E7D052
:1095A000D4F80E10EB6AD4F8188099424DD0984543
:1095B00015D03346AA6D4FF0180E01E00A2BD7D014
:1095C0000EFB03260133B0688142F7D106223946EB
:1095D000304603F019FE06F02BF8F06005E03A463D
:1095E000A86DFFF7BBFE064650B1336943B1324662
:1095F0004FF40061284600F033FA002333617361B1
:10960000E388B3F5807FB3D1EB6A9845B0D10223EC
:1096100004F1120600210622E3713046A171394699
:1096200003F0F2FD02A93846062203F0EDFDD4F85E
:109630000E10EB6A3246A1612846C4F80E3040F69F
:109640000601019B00F00CFA7AE721B9AB6DD3F863
:10965000F8309845D4D10123D9F8F40085F8543076
:1096600001F0BEFCCCE700BF900B0020002849D0E1
:109670002DE9F043D0F8588083B0B8F1000F22D024
:109680000546894601F07AFC01211C2001F0A8FD65
:109690000646B0B1C4680023082104224FF0010E31
:1096A0000627A1702846627169463A462370E37026
:1096B000A37184F801E084F807E0277102F062FAF0
:1096C00020B101F063FC03B0BDE8F0833A460E49D7
:1096D00004F1120003F098FD3A46694604F10800CF
:1096E00003F092FDEB6AC4F81890C4F80E300BB981
:1096F000C8F8F89033462846044A40F6060100F0C0
:10970000AFF9DEE7704700BF980B0020900B0020F8
:109710002DE9F047D0F8588007460D4691460024C1
:1097200001F02CFC43469A681833AA4219D0013440
:109730000A2CF8D11C4A2946B86DFFF70FFE0646E1
:10974000006908B101F0FCFEC6F8109005F070FF4A
:10975000294670613846FFF789FFBDE8F04701F000
:1097600015BC04EB440608EBC606336906F1100A83
:109770009BB105F05DFF7369C01AB0F57A7FDAF826
:10978000000008D848B101F0DBFEC6F81090BDE833
:10979000F04701F0FBBB0028D4D1182303FB04845D
:1097A000C4F81090D2E700BF980B002038B50446EB
:1097B0000D4603F00DFD29462046FFF757FFBDE893
:1097C000384003F013BD00BF70B5846D002501F073
:1097D000D5FB04F1F006236918461BB101F0B0FE79
:1097E000256165611834B442F5D1BDE8704001F0DF
:1097F000CDBB00BFB1F1200C2DE9F04F3ED402F1FA
:109800002003E64633F8204CBEF1200E33F81E1C30
:1098100003F1200333F83C5C214433F83A4C33F82D
:10982000387C294433F8366C33F8345C214433F8FF
:10983000324C33F830BC394433F82EAC33F82C9C1E
:10984000314433F82A8C33F8287C294433F8266CC9
:1098500033F8245C214433F8224C594451444944A0
:10986000414439443144294421440844CAD54FEA8B
:109870005C114B1CACEB411102EB4312B1F1080738
:1098800018D402F108033E4633F8084C083E33F87A
:10989000061C03F1080333F80C5C214433F80A4C2E
:1098A000294421440844EFD5F9084B1CA7EBC1011A
:1098B00002EBC3028D1E0CD42B46114631F8024B2D
:1098C000023B2044FAD569084B1CA5EB410102EB91
:1098D000430209B113781844BDE8F08FF0B505696B
:1098E00083B007460C468D424FF00006C26828BF81
:1098F0000D462946304624B1641BFFF77BFF064620
:1099000014B9304603B0F0BD3F6815F00105FA68A0
:109910002B4605D139692546A14298BFCD18E8E705
:1099200012F8010B013C00920192FEF79BF84FF0F8
:10993000FF330644009AEDE708B5FFF7CFFF4FF677
:10994000FF7303441A0C03D012FA83F31A0CFBD1F1
:10995000D84380B208BD00BF70B515460E4611460B
:10996000FFF7BCFF04462846FEF77CF84FF6FF736E
:1099700033441C442044030C03D013FA80F0030C3E
:10998000FBD180B270BD00BF38B51C4615460A46F3
:109990001946FFF72FFF2A462146FFF72BFF4FF608
:1099A000FF7303441A0C03D012FA83F31A0CFBD191
:1099B000D84380B238BD00BF014B93F90000704717
:1099C00063660120014B1870704700BF6366012079
:1099D000002818BF0E2A0CD959B170B582B00D46B7
:1099E000144606226946064602F0CCF810B102B0D1
:1099F00070BD704706226946A81803F097FC00283E
:109A0000F5D0A4F10E01012205F10E0001F034FCA5
:109A10000028ECD02B78FF2B0ED0012B03D18369CB
:109A200043F004038361AB89B3F5C16F0DD0082BFC
:109A300010D001F085FDDAE76B78FF2BF3D1836955
:109A400043F0020383612B78E7E7034B014630467E
:109A50009847CCE7014BF9E7219D00002DAC0000B1
:109A60002DE9F04705460F4690461C4643B15A691A
:109A700083689A4204D92046BDE8F04701F060BDF2
:109A800001210E20D5F80CA001F0AAFB0646002803
:109A9000F1D0D0F80C900622284609EB020102F022
:109AA00071F80028E7D141460622484603F0ACFB96
:109AB0003846FDF7D7FFA9F80C0024B130462146FF
:109AC00001F086FE0646DAF80C3031462846BDE83D
:109AD000F0471847C16851B1203108B5FFF7A6FC1F
:109AE00020B9044A13680133136008BD08BD4FF064
:109AF000FF307047AC60012008B5FFF7C7FC024A91
:109B00001368013B136008BDAC600120FFF75CBE29
:109B1000C16A10B582B039B906226946044602F01E
:109B200031F828B102B010BDFFF7A0FD02B010BDA2
:109B300003466A4620464FF6FF71FFF791FF02B0D9
:109B400010BD00BFF0B50C4683B005460146204667
:109B5000174600F0EBFC98B904F0F002E02A1DD0A3
:109B6000214628466A466E46FFF7BAFC78B13B4666
:109B7000324628464FF40061FFF772FF03B0F0BD94
:109B80000622154968466E4603F03EFBEFE73A466B
:109B900021462846FFF7BCFD03B0F0BD0346012176
:109BA0005E2220468DF800106E468DF802208DF85A
:109BB0000130FDF75BFFC0F3064320468DF803300C
:109BC000FDF754FF030A20468DF80430FDF74EFFE1
:109BD0008DF80500CBE700BF900B0020C368F0B5FF
:109BE0005A6985B00191CAB19DF805304FF0010E58
:109BF00000275E2603F07F039DF806509DF807407E
:109C000002A98DF80B308DF808E08DF809708DF8F9
:109C10000A608DF80C508DF80D40904705B0F0BDEE
:109C2000C368F0B51A6985B00191CAB19DF80530D5
:109C30004FF0010E00275E2603F07F039DF80650CB
:109C40009DF8074002A98DF80B308DF808E08DF8DB
:109C500009708DF80A608DF80C508DF80D40904712
:109C600005B0F0BD80B1036910B41C78012C06D199
:109C70005B6B23B11B6813B15DF8044B18474FF0C1
:109C8000FF305DF8044B70474FF0FF30704700BF66
:109C900080B1036910B41C78012C06D15B6B23B131
:109CA0005B6813B15DF8044B18474FF0FF305DF867
:109CB000044B70474FF0FF30704700BF10B50446AB
:109CC00082B018B103691978012903D094F82400EF
:109CD00002B010BD5B6B002BF8D01B68002BF5D0D9
:109CE0000DF1060298470028F0D1BDF80600C0F338
:109CF000800002B010BD00BFF0B583B000234FF468
:109D00000042054602AE194642F21074C76826F8B2
:109D1000023DFFF7BDFF01E0013C40D0324600218B
:109D20002846FFF79FFFBDF90630002BF4DBFB69E7
:109D300023B12846984708B103B0F0BD3246002150
:109D40002846FFF78FFFBDF806200021284622F4A1
:109D5000B0521204120C42F49052FFF799FF05F032
:109D600067FC04462B691978012902D0002003B052
:109D7000F0BD5B6B32462846002BF7D01B68002BEA
:109D8000F4D098470130F1D0BDF806309B06EDD4F1
:109D900005F04EFC001BB0F5FA6FE3D3E6E7FB6974
:109DA000ABB1284698470028C6D1324621462846FE
:109DB000FFF758FFBDF806202146284622F4B0528E
:109DC0001204120C42F49052FFF762FFCEE73246C3
:109DD00021462846FFF746FFBDF8062028462146C3
:109DE00022F4B0521204120C42F49052FFF750FFCA
:109DF0002046A1E72DE9F0431C46002387B08846A2
:109E0000E56891460646AB70EB7010B1036A9B079C
:109E100015D461692046FFF78FFD68800025402733
:109E20004A46414601230294304605950495039520
:109E30008DE8A00000F02AFE07B0BDE8F08361695C
:109E400000F0CEFA0028E4D1A36943F02003A36117
:109E5000E4E700BF2DE9F0410E46516988B0134692
:109E60002329019227D92429074601AC29D120466C
:109E700001F088FB0130019B1DD0D3F80C8000213C
:109E8000012098F8112002F02DF8054690B1836961
:109E900083B105AB02AA08F10801384600F0A8FA20
:109EA00020461C2101F0E0FB05AA02A9AC6930465E
:109EB000019BA047019B184601F042FB08B0BDE89A
:109EC000F081C1F12401204601F0CEFB019B204628
:109ED000596901F057FB0130019BCED1EBE700BF80
:109EE000F0B583B004460E4615460898019301F07C
:109EF00027FB01989CB190B104210DEB010001F00A
:109F000041FB013001980AD08369AF689B06B668AF
:109F1000C56808D44169FFF70FFD20B1019801F031
:109F20000FFB03B0F0BD2146304600F0FFFA0028D9
:109F3000F4D106F0F003E02BF0D02B78033B092B93
:109F4000ECD801A252F823F0CDA70000C5A700006D
:109F50001DA700001DA700001DA7000099A7000075
:109F60001DA700001DA7000083A7000071A7000027
:109F70006B78012BD2D82046019A0921FFF76AFF9E
:109F8000CFE76B78002B39D0012BC7D108212046B1
:109F9000019AFFF75FFFC4E701984369072BBED919
:109FA0002146384600F0C2FA0028B7D107F0F00386
:109FB000E02BB3D02870324639462046019BFFF78C
:109FC00019FFAEE769780029A8D1E0E76B780C2B80
:109FD000A4D8DFE803F00907110F0D0B09070709E3
:109FE000070907000221D2E70621D0E70521CEE7C5
:109FF0000121CCE70421CAE70321C8E70721C6E70E
:10A000002DE9F04F83B00193BBB1DC681746E288BD
:10A0100022F0E00272B9627A05460E46012A63D048
:10A02000D4F80C802946D4F81090404600F07EFA0F
:10A0300030B1019B184601F083FA03B0BDE8F08F00
:10A0400008F0E003E02BF4D02946484600F06EFA11
:10A050000028EED109F0F003E02BEAD0019B9A69C9
:10A0600012F0060AE6D15146082001F0B9F802467E
:10A070000028DED0D0F80CB00C2E8BF804A08BF8A2
:10A0800005A08BF806A08BF807A039D1042F37D193
:10A09000002D37D000902889FDF7E4FCABF80400D0
:10A0A000009A8BF800608BF80170237801999B006F
:10A0B000486903F03C0303F10804844208D2C0F16C
:10A0C000080101A80092194401F0CEFA0199009A02
:10A0D000104601F07DFB04460346424649462846A9
:10A0E0000194FFF787FEA8E72278920002F03C0275
:10A0F000A15C12299ED8084ACA40D2079AD58FE798
:10A100000C2ECED138460092FDF7ACFCABF8040023
:10A110000027009AC5E700BF01E707002DE9F041DD
:10A1200082B000238C460A270DF1080E1E461A46FF
:10A1300098460EF8043D714610F8014BACB1A4F1FD
:10A140003003DDB2092D1BD80C7817FB043304B99A
:10A150003ABBFF2B25D80B7012B90136042E20D83C
:10A1600010F8014B0122002CE9D1032E19D96046C9
:10A170007146042203F048F8204602B0BDE8F081A1
:10A18000A6F104032E2C14BF002402F00104B3FA3C
:10A1900083F35B09A34204D281F8018000220131DC
:10A1A000CAE74FF0FF3002B0BDE8F081FFF7B6BF5D
:10A1B000F8B5044615460E4600F0E0FE6A6963688D
:10A1C0001344B3F5804F14D80021042001F008F89F
:10A1D00078B1676829466B69C6603B44636001F0EB
:10A1E000F7FA0146204601F00FFB00F0CFFE0020F9
:10A1F000F8BD00F0CBFE4FF0FF30F8BD70B505683C
:10A20000A5B1EB6804462E680B6000F0B7FE1EB1E6
:10A21000636872699B1A63600023204629462B609D
:10A2200001F0FEFA00F0B2FE304670BD2E46FBE7AC
:10A2300070B5049C16461A460546231C18BF012318
:10A24000002918BF002353B14AB143699B88DB073B
:10A2500005D52346314600F091FD10B970BD6FF071
:10A26000050085F88400FFF7ADFB4FF0FF3070BDAF
:10A2700070B5049C05467BB174B116461A46236836
:10A2800053B149B943699B88DB0705D5234631465D
:10A2900000F040FD10B970BD6FF0050085F8840036
:10A2A000FFF790FB4FF0FF3070BD00BF38B543693A
:10A2B0000446BBB100250BE0D968D160D9680A61BA
:10A2C00062699A4208BF616101F03AF963694BB172
:10A2D0001A6998689A42EFD1656101F031F96369B2
:10A2E000002BF5D163685BB122681A60226802B165
:10A2F0005360204601F0BEFABDE8384000F046BE8B
:10A30000226801490A60F2E7E461012038B500F0F3
:10A3100035FE0B4B1C686CB1237A013BDBB2237218
:10A3200063B9256800F02AFE20462C46FFF7BEFFE1
:10A33000002CF1D1BDE8384000F028BE2468EAE7DF
:10A34000E461012010B500240E4B0F494FF4FA7060
:10A3500022461C6005F0A4F90C4B186070B17821FE
:10A360000B4802F0DBFF21460A4800F0BBFDB0FAC3
:10A3700080F3094A5B091060584210BD4FF0FF306E
:10A3800010BD00BFE46101200DAB0000F0610120B1
:10A39000E066012095AD0000E061012038B504467B
:10A3A00001F0B2FB0D4B1D6865B12B46DA6B1AB19B
:10A3B000D96A6140114206D05B69002BF6D138B1F1
:10A3C000836C2BB10346184638BD6D69002DF9D05A
:10A3D000AB6C002BF9D02B46F5E700BF5867012086
:10A3E00080681431814294BF00200120704700BF73
:10A3F0002DE9F04180460E4610460C211C461546BC
:10A40000012702F08BFFD8F81C3020462F800C214A
:10A410006B60F368AB6002F081FFD8F81C302780D6
:10A4200063603369A360BDE8F08100BF70B169B1BA
:10A4300010B50C46014608482246FFF7B9FE30B970
:10A44000064BBDE81040186800F0CABD70472046B2
:10A45000BDE8104001F074B8E8610120E06101201E
:10A4600038B50E4D00F08AFD2C683CB100F086FD39
:10A470002046FFF71BFF2C68002CF7D1084C216801
:10A4800029B1074801F0CCF921680029F9D100234E
:10A490006360BDE8384000F079BD00BFE461012091
:10A4A000E861012010B5044CFFF7DAFF206805F0E1
:10A4B00017F90023236010BDF061012070B5154E1F
:10A4C000002533462A4606E01C68844213D0013238
:10A4D0000C330A2A07D09C68002CF5D101321D46A6
:10A4E0000C330A2AF7D125B1AB680133012BAB60DD
:10A4F00009D0284670BD5C688C42E8D102EB42026C
:10A5000006EB8205F0E785E8030001F0F9FB284639
:10A5100070BD00BFE066012018B18368013B836015
:10A5200003B1704703C801F0F1BB00BF431E033302
:10A5300010D86FF4AB7398420CD069B10B6C984291
:10A5400008D04B6C984205D08B6B181AB0FA80F08B
:10A55000400970470120704710B582B0044602F0F0
:10A5600037FE0B4B186840B90BE0436C9C4207D098
:10A57000836B9C4204D0406918B1036C9C42F4D1B7
:10A580000120019002F032FE019802B010BD00BF20
:10A59000586701202DE9F0470026AE4F8CB000F03F
:10A5A000EDFC03A9AC48FFF729FE049008B3466010
:10A5B000142104A800F0E6FF013016D0049BDC68EB
:10A5C0006088D4F81090FDF74DFA05460498436969
:10A5D000132B07D99D4205D894F800804FEA181232
:10A5E000042A0BD000F0ACFFDBE7049800F0A8FFD2
:10A5F000D7E700F0CBFC0CB0BDE8F0874FEA880845
:10A6000008F03C08B8F1130FECD94545EAD303999B
:10A61000CA6A914507D04846FFF788FF002800F036
:10A62000BB80049843699D42C0F0AF80E28822F06D
:10A630004002002A3BD1039A126A110706D5627ABA
:10A6400002F0EF0101292DD0062A2BD0B3F5004FDF
:10A65000C8D8002308F10802194600F0C7FE414699
:10A66000054604A801F000F809AB06AA21460398A4
:10A67000FFF7BEFE039809AA06A9049B009501F006
:10A6800077FD627A0021012001F02CFC002800F007
:10A690009881039C09AA009506A945692046049B58
:10A6A000A8477EE7826942F020028261CEE70DF181
:10A6B0003009194649F81C0D484600F063FF013087
:10A6C00000F07C81059B3C68D3F80C80002C75D091
:10A6D000B8F8042002E02468002C6FD0638993420C
:10A6E000F9D1617A98F809309942F4D1E168D8F843
:10A6F0000C309942EFD12169D8F810309942EAD153
:10A7000098F800504846AD0005F03C05294600F099
:10A71000ABFFB8F80200FDF7A5F9B8F80630401B0A
:10A720009A06A8F8020005D598F8012042F0010227
:10A7300088F801201846FDF795F9DDF814E0C0000F
:10A74000C8F808E082B2A8F8062063691D4603E055
:10A75000ED68AB4200F01A81E9889142F8D9AB422A
:10A7600000F014812869B0F806C041886144B1EB5B
:10A77000020A00F0E280B8F802309A45C0F0348155
:10A78000704600F0DDFE04960BE7E91A04A800F01D
:10A790006BFF0498436949E7039B0498DA6A002A2F
:10A7A00000F0BD8009F0F009B9F1E00F04D01B6999
:10A7B0001B78032B7FF416AF436934E798F8004009
:10A7C0004846A40004F03C04214600F04DFFB8F8D0
:10A7D0000200FDF747F9041B1820A8F8024001F019
:10A7E00059F80446002800F0E9803B68236003B173
:10A7F0005C60142326716671A671E67123723C6059
:10A80000B8F80430638198F809306372D8F80C30D6
:10A81000E360D8F810302361B8F80600850605D546
:10A8200098F8013043F0010388F80130FDF71AF978
:10A83000059BC1004046C8F80C8089B2C8F810805A
:10A84000C8F80830A8F80610C4F81480034600229F
:10A8500005E000BFE4610120E8610120D9888A4257
:10A8600091D15988DB680A44834292B2F6D11A69C1
:10A870005278D00787D49A680592D3F80C8098450F
:10A8800000F0C7801046D8F8081000F0A1FF05902E
:10A89000D8F80C8002466569A845F3D195F800E028
:10A8A00050694FEA8E0E1369D1680EF03C0E704469
:10A8B000506180B295F800E04FEA8E0E0EF03C0E2B
:10A8C000734413612B789B0003F03C03CB1AD360D5
:10A8D000FDF7C8F86880E2686B78EA60226923F0C7
:10A8E00001032A61627A6B706A7262682368002AC7
:10A8F00000F08D801360236803B15A60204600F099
:10A90000B9FF0598049000283FF44BAEC468436932
:10A9100094F800804FEA880808F03C0896E68269BF
:10A9200092073FF549AF3DE7D168D960D1680B6127
:10A9300063699A421BD0B8F806209D4226D0B8F829
:10A940000230B5F806E013447345CEEB03011DDD7C
:10A950006B8899420ED3ED682B69986800F0F0FD82
:10A960002A6913699A42DFD166610023E3E70B4647
:10A970006161E0E78AB205F108009B1A96446B809A
:10A98000A5F806E000F070FEB8F806202B6913B3B6
:10A99000616901B3D968C8F81030C8F80C10D968DB
:10A9A000C1F81080C3F80C806069C18891427FF6BD
:10A9B0004DAFC4F814801146404647E7DDF814E077
:10A9C000DEE6049800F0BCFD2B460222032103982A
:10A9D000FFF716FBE5E5C8F80C801146C8F81080B3
:10A9E0004046C4F8148031E75146484600F03CFE2A
:10A9F000B8F806201FFA8AF1B8F802300A44591A4A
:10AA000092B2A8F80210A8F80620636995E73B60A7
:10AA100072E71D4642E700BF2DE9F0411546984612
:10AA2000036A0022EF680446DB070E46BA72FA7228
:10AA300023D5AB6943F01003AB6121463046FFF7E5
:10AA400075FD90B906F0F003E02B0ED0B8F1000FC1
:10AA50000BD1E36AE26B7340134206D04FF6A96351
:10AA60001A463340934200D0A66C23692A463146E9
:10AA700020461B69BDE8F04118473978284689000F
:10AA800001F03C01FEF758FF7881D6E72DE9F04F41
:10AA900087B01F46059104929DF840509DF8448070
:10AAA0009DF84C609DF85090002800F0DE80044630
:10AAB000059B73B1129A53691433B3F5004F0BD948
:10AAC0006FF00704104600F03BFD204607B0BDE8DC
:10AAD000F08FE36A0593EDE70121142000F080FB7D
:10AAE0008246002800F0BD80159B43B115980423D1
:10AAF00004AA05A90088FEF747FF159B1880DAF81D
:10AB00000CB0814A9BF80030108803F00F03411C01
:10AB100043F0400311808BF80030FCF7A3FF8BF863
:10AB200001509BF80030129A23F00F03ABF8040099
:10AB3000556943F0050314358BF80030ADB2002E93
:10AB400040F088808BF806608BF80760059A2846ED
:10AB5000049BCBF80C20CBF810308BF808808BF8D6
:10AB60000970FCF77FFF1299ABF80200504600F025
:10AB70002FFEA66802461290B54240F281809BF8F3
:10AB80000070BBF80630BF005B0607F03C07A6EB81
:10AB9000070626F0070693D4072E91D90090394670
:10ABA00012A800F0EFFC0130009A5AD0BB19DDF872
:10ABB00048A09D42DAF80C10019300916AD9131D48
:10ABC000CDF80C90DDF80480DDF800B099460294D1
:10ABD0001EE0C8EB0506E0804146002332465046A1
:10ABE000B04400F003FC002800F086800146129873
:10ABF00000F0EEFD0346808A1293FCF733FF129BB0
:10AC000045456080C9F80030129B03F104093ED924
:10AC10000021384600F0E4FA3A46594612900028DE
:10AC200065D0C06802F0F0FA129BC7EB0800DC6840
:10AC3000C0F3CF00237823F00F0343F00503237004
:10AC4000FCF710FF08EB060340F020029D42C0D93C
:10AC5000E280C1E7002240238BF807208BF8063002
:10AC600074E7129A6FF002042CE71046FFF796FB88
:10AC7000044600287FF41CAF129A6FF00F0421E7FE
:10AC80004B4620460499FFF7C7FE00201EE7029CB2
:10AC9000DDF80C90009D0027CDF848A06888FCF7EF
:10ACA000E1FE019B191A12A800F0DEFC129B988AA3
:10ACB000FCF7D8FEEB88688043F02003EB80002689
:10ACC000CDF848A006E00499FFF7A6FE1295AA4623
:10ACD000002DDAD0DAF804504B4652462046CAF826
:10ACE0000460002FEFD0504600F02AFCEEE7029CF3
:10ACF0000127DDF80C90E2E712980127029CDDF8AD
:10AD00000C9000F01DFCDAE75466012047F6C47091
:10AD1000704700BF172910B420D0182912D0162967
:10AD200004D06FF008005DF8044B704719680329E0
:10AD300020D990F86D4004210020146019605DF85E
:10AD4000044B70471968032914D990F86E40042108
:10AD50000020146019605DF8044B704719680329DE
:10AD600008D990F86C4004210020146019605DF847
:10AD7000044B70476FF00500D5E700BFF8B5A1F1AF
:10AD80001604042C62D8DFE804F03A3225030300ED
:10AD9000054650681F4614460E4600283AD001F07A
:10ADA00043F8082F32D188B3216801F0F003E02B7B
:10ADB0002CD16B6953B39B79022B27D1D5F89040E6
:10ADC0005CB32368984231D0192E1FD16FF00D0467
:10ADD0002046F8BD032B19D94369BBB19B79022BDF
:10ADE00014D11368002480F86E302046F8BD032B80
:10ADF0000CD91368002480F86C302046F8BD032B72
:10AE000004D91368002480F86D3001E06FF0050468
:10AE10002046F8BD00F078FEC3E7192EF6D1FFF703
:10AE20004DFBC5F890000028F2D1CFE76368994246
:10AE3000CAD1192ECAD0A368013BA3601BB100245C
:10AE4000C5F89040E4E700F061FFF8E76FF0080410
:10AE5000DEE700BF104B10B51C684CB16368984228
:10AE600003D106E06368834203D02468002CF9D143
:10AE700010BDA3680BB160699847084B1B683BB9CC
:10AE8000E2682374002AF3D06069BDE810401047DF
:10AE90000123237410BD00BFB0600120CC600120ED
:10AEA0002DE9F04705461820894690469A46089FA6
:10AEB00000F0F0FC80B10A4E04464560514633680C
:10AEC0002846C4F80890C4F80C8067612360346099
:10AED000BDE8F047FCF794BE4FF0FF30BDE8F087C7
:10AEE000B06001200C4B70B51C68064618200D465A
:10AEF000621C1A6000F0CEFC50B1084B0022446086
:10AF00001968C6604561016018608260204670BDA6
:10AF10000446204670BD00BFB0590020B06001203B
:10AF200010B4154C216851B14B68984220D00B46A3
:10AF300002E05A68824205D01B68002BF9D15DF807
:10AF4000044B7047994204D112E05468A04208D0E3
:10AF500011460A68002AF8D118465DF8044B00F043
:10AF600089BC126818465DF8044B0A6000F082BC88
:10AF70000A680B462260EFE7B0600120024A1368BE
:10AF800001331360704700BFCC6001202DE9F04110
:10AF9000114E3368012B04D03368013B3360BDE8A8
:10AFA000F081DFF838800027D8F80040002CF3D07B
:10AFB000002201E0246864B1257C012DFAD1E36808
:10AFC0002774002BF6D06069984724682A46002C25
:10AFD000F2D1002AE8D1DFE7CC600120B060012087
:10AFE00038B5124D124A2B68146801332B6014B91E
:10AFF0000DE024685CB163689842FAD1A3680BB194
:10B00000606998472B68012B05D001232374BDE8A4
:10B010003840FFF7BBBF0022E3682274002BF6D054
:10B0200060699847BDE83840FFF7B0BFCC600120A9
:10B03000B060012000230249024A0B601360704790
:10B04000CC600120B0600120072A98BF0822A8B177
:10B0500002F10B038B4212D2014430B4C51C54429E
:10B0600025F00305EB1D6A60284613442340C91AE6
:10B070005B60B1FBF2F21A602B6030BC70470020BD
:10B08000704700BF00230360704700BF39B370B53D
:10B0900005460C46FFF772FF68682B68211A5A684C
:10B0A0008B4207D2914209D3934207D213468B4277
:10B0B0005A68F7D39342F9D39142F7D20C6804FB54
:10B0C0000016964216D04A601C6804FB003081428C
:10B0D00006D059602B60BDE87040FFF757BF70473E
:10B0E0000A6814441C604A685A602B60BDE87040CE
:10B0F000FFF74CBF166834440C6052684A605A68C7
:10B100009342E1D10B46E0E72DE9F04180460D4640
:10B11000FFF734FF0024D8F80400D8F80060411E7F
:10B120007368B64629443546B1FBF0F1013100E0C1
:10B130005B681A68914205D814B12768BA4201D2F7
:10B14000AE461C46B3421D46F2D17CB1DEF8043057
:10B1500062689A42236811D099420CD05B1A23602E
:10B1600003FB004421600444C8F800E0FFF70EFF31
:10B170002046BDE8F081CEF80420F4E79942EDD1F5
:10B180000024F3E738B50546FFF7F8FE2968F9B162
:10B190000C680B46013C06E0994207D01A689442BD
:10B1A00038BF02F1FF345B68002BF5D14B68994240
:10B1B00005D0FFF7EBFE686800FB04F038BD002CFB
:10B1C000F7D0013CFFF7E2FE686800FB04F038BDF1
:10B1D0000C46FFF7DBFE686800FB04F038BD00BFDB
:10B1E0002DE9F0470E46DFF88C8007461C2100361B
:10B1F000D8F8000018BF0126FFF786FF044600B903
:10B20000DEB964B307F10409D8F80000DFF864A0E0
:10B210004946FFF779FF054600B9BEB915B30023CB
:10B2200001212A1D2046236063602960A361A56077
:10B23000E26027616761BDE8F08700F075FE1C21C0
:10B24000D8F80000FFF760FF0446DAE700F06CFE74
:10B250004946DAF80000FFF757FF0546DEE72046CB
:10B26000BDE8F087D8F800002146FFF70FFF284619
:10B27000BDE8F087D060012070B50D460646114646
:10B280002846FFF7ADFF044620B12A463146C06884
:10B2900001F0BAFF204670BD82B3F8B505461646E8
:10B2A0001F4602460020136912681844002AFAD18A
:10B2B000731C24D07318984217D3884215D32B6976
:10B2C000994213D21C4601E000212C69641AEB68F4
:10B2D0003846B442194428BF3446361B224601F092
:10B2E00093FF27442D68002EEED1F8BD2D682C6900
:10B2F00023449942FAD22144C91AE7E77047461A13
:10B30000DDE700BFA0B181680B68012B70B5044672
:10B3100009D0013B074E0B60256821463068FFF7D6
:10B32000B5FE284670BD034E3068FFF7AFFEF3E769
:10B33000704700BFD06001202DE9F04704687CB35E
:10B3400081EAE17AD4F81490AAEBE17AD14527D3C7
:10B3500000290E468046256924DDA769204674B180
:10B36000B5420CD82368C8F80030FFF7CBFF04467D
:10B370000028F3D0036920461D44002CF0D1E4B12D
:10B380002369AA1BA7611E44E3682261751B1D4443
:10B39000E560CAEB09036361C8F80040BDE8F087C7
:10B3A000BDE8F08709EB0102274601E03B691D4437
:10B3B000954204DA3F68002FF8D10024ECE73B699E
:10B3C00038684B441E44751B3D6128B1FFF79AFF56
:10B3D00038600028FAD13D69002DDAD13846FFF7F0
:10B3E00091FF04460028D4D1E7E700BF2DE9F84FCC
:10B3F00004460D469146014600200A69096810443A
:10B400000029FAD1B9F1FF3F00F08D8009EB050268
:10B4100082427DD885427BD8484E13F100084FF018
:10B420001C01306818BF4FF00108FFF76DFE07469A
:10B4300010B9B8F1000F6ED1002F69D02269002138
:10B44000A3699542C7F814907960BB6138D2A368AC
:10B45000E1681A682944BB600132F9601A60236907
:10B46000C3EB090BAB44BBF1000F5FDD5B1BDFF8E7
:10B47000CCA03D464FF000093B611C213068FFF72E
:10B4800043FE0246286010B9B8F1000F26D1002A09
:10B490002FD024681546C2F80490A368A1691868E3
:10B4A000936001309161E16818602369D160C3EB5A
:10B4B0000B0100290BDB8B461361DED109E01A4634
:10B4C0002468236913449D42F9D2AD1ABFE7C2F83C
:10B4D00010B0002338461360BDE8F88F00F024FD5B
:10B4E0001C21DAF80000FFF70FFE02462860002A50
:10B4F000CFD13846FFF706FF2B680146984207D0A8
:10B5000030680C68FFF7C2FD2B682146A342F7D1D3
:10B510000020BDE8F88F00F007FD1C213068FFF720
:10B52000F3FD074688E7C5EB000975E73A460023B7
:10B53000C7F8109038461360BDE8F88FD06001203E
:10B54000E0B170B504460E4E06E00B60214630684F
:10B550002C46FFF79BFD85B1A16825680B68012B80
:10B5600003F1FF33F1D13068FFF790FD21463068D9
:10B570002C46FFF78BFD002DEED170BD704700BF4C
:10B58000D06001202DE9F047076882B0002F58D025
:10B59000B1FA81F35B09002B53D13A69914250D93A
:10B5A0007C69A1424DD83E4601E026B13269134480
:10B5B00036689942F9D82B4C884681460431206878
:10B5C000FFF7A2FD8246002849D003460122F96810
:10B5D00043F8042B18463A69019301F015FEB96847
:10B5E0003D690A68019B012A34D0013A0A603C682F
:10B5F000C7F808A0FB600AE02269E16801F004FED8
:10B60000236920461D44FFF77DFEFB680446A642E1
:10B6100003EB0500F0D1C5EB0806E168324601F006
:10B62000F3FD23699B1B23617BB1E3681E44E66045
:10B6300000203C60C7F81080C9F8007002B0BDE877
:10B64000F087002002B0BDE8F0872046FFF75AFEE1
:10B650000446EDE72068FFF719FD019BC7E74FF0AF
:10B66000FF30EFE7D060012009B1FFF765BE7047FA
:10B67000002A00F086802DE9F043D0F8009083B0D6
:10B68000CDF80490B9F1000F1AD0D9F814E053188E
:10B690009E4515D317460D468046A9B1D9F81040EE
:10B6A0004E464846002204E019690C44A54228BFD2
:10B6B0001846A54212D3336801221E46002BF3D14F
:10B6C000002003B0BDE8F08301A81146FFF734FE67
:10B6D0000198C8F8000003B0BDE8F083002A74D1D7
:10B6E0003369E21A95423DD0621B974228D2B16875
:10B6F000C7EB0E00C9F814000968012943D0C7EB55
:10B70000020900214846FFF76BFD0646002856D087
:10B7100001994A46C0680B69C9682B441F443F1B06
:10B72000394401F071FD019A136911681D443160BB
:10B730002C1B16601461D8F8000003B0BDE8F0833C
:10B7400035D02C1B3268234439193361C2F814E018
:10B7500027D14846D9F81430DF1BC9F8147003B05C
:10B76000BDE8F0833946C6F814E0FFF7E5FDD9F8E7
:10B770001430D8F80000DF1BC9F8147003B0BDE81E
:10B78000F083002070472B44F168D21B181B3B1834
:10B790000844194401F038FD019A1369DB1B136159
:10B7A000C9E73046FFF7C8FDD8F80000D2E7DB1B39
:10B7B000C7EB0E0748463361C9F8147081E7D8F823
:10B7C000002053693B4453617BE7019688E700BF43
:10B7D000F0B498B1B1B1024600E01A461368002BEC
:10B7E000FBD18C6905464B69876946693C4311600A
:10B7F0003344846143612846F0BC70470D462846B7
:10B80000F0BC70470546F6E702680AB905E01A463B
:10B810005368002BFBD1516070470160704700BF37
:10B8200090B170B504684CB18C42054608460CD006
:10B830006368984203D01C46002BF9D170BD45685F
:10B84000FFF77EFE656070BD704766682046FFF7B3
:10B8500077FE2E6070BD00BF08B50822FFF7F4FB2D
:10B86000B0FA80F3024A5B091060584208BD00BF7D
:10B87000D0600120024B01461868FFF707BC00BFEB
:10B88000D0600120024B01461868FFF73DBC00BFA5
:10B89000D060012038B5064B014604461868FFF712
:10B8A00033FC054610B1214601F038FD284638BD6D
:10B8B000D0600120014B1868FFF764BCD060012004
:10B8C000FFF7F8BF014B1868FFF7DCBBD060012021
:10B8D00010B5FFF753FB074B1C683CB123692046AA
:10B8E0009B6903B198476469002CF7D1BDE810400B
:10B8F000FFF74CBB5867012038B5054601F068FCDE
:10B90000054B1C6824B11DB16469013D002CFAD1BE
:10B9100001F06CFC204638BD5867012090B10388C7
:10B92000012B0ED1084B8268186858B1C36A9A423D
:10B9300003D108E0C36A9A4204D040690028F9D1D3
:10B94000704700207047704758670120F0B138B544
:10B95000104D2B6813B914E05B699BB19842FBD181
:10B9600003690446DB680BB120469847A369626906
:10B970006BB15A61626902B19361074B1A689442D4
:10B9800001D038BD38BD2A681A6038BD70472A60BA
:10B99000F1E700BF586701205C67012010B504463D
:10B9A00001F016FC084B1B6813B908E05B6933B162
:10B9B0009C42FBD1012401F019FC204610BD1C461D
:10B9C00001F014FC204610BD58670120002837D034
:10B9D00070B504460D461646FFF7D0FA0023E5621F
:10B9E00084F8503084F85430BDB1B6B92B0628D550
:10B9F00005F0C003802B32D005F0E003C02B3CD013
:10BA0000636BE26BD943D0432B402A402943284340
:10BA10002363A2632164606406E005EA060265EA26
:10BA20000603E663A2636364284601F00DFD236903
:10BA30005B690BB120469847BDE87040FFF7A6BA96
:10BA40007047E26B2AB1D043FF236FF0FF016363BD
:10BA5000DAE7FF236FF0FF001A46E363F4E7E26BD7
:10BA60002AB1D0434FF6FF730C496363CCE74FF61E
:10BA7000FF730A481A46E363F4E7E26B3AB1D04336
:10BA80006FF07F464FF07F4133466663BCE76FF04F
:10BA90007F434FF07F401A46E363F1E70000FFFF6A
:10BAA00070B504460D46164601F092FB2946204625
:10BAB0003246FFF78BFFBDE8704001F097BB00BF37
:10BAC00048B138B504460D4601F082FBA564BDE8D7
:10BAD000384001F08BBB704748B138B504460D467D
:10BAE00001F076FBE564BDE8384001F07FBB7047AC
:10BAF00010B501F06DFB034B1C6801F077FB20468D
:10BB000010BD00BF5C670120014B1868704700BF83
:10BB10005C67012010B5044620B101F059FBE46ACE
:10BB200001F064FB204610BD10B5044620B101F0C1
:10BB30004FFBE46B01F05AFB204610BD10B50446E4
:10BB400020B101F045FBE46C01F050FB204610BD34
:10BB500010B5044628B101F03BFB94F8504001F0C9
:10BB600045FB204610BD00BF50B138B504460D4618
:10BB700001F02EFB84F85050BDE8384001F036BB90
:10BB8000704700BF002918BF002A10D078B10369A0
:10BB90006BB110B45C68A24204D3DB6913B15DF8E9
:10BBA000044B18474FF0FF305DF8044B70474FF0DF
:10BBB000FF30704770B504460D46164601F008FB8D
:10BBC000294620463246FFF7DDFF044601F00EFB12
:10BBD000204670BD032A70B5154682B004460DD8C4
:10BBE000DCB1D1B12369C3B15A68954215D11B6A42
:10BBF0009BB1204602B0BDE8704018474A780B78E8
:10BC00001204CE78887842EA03630191334343EA11
:10BC1000002001F019FC0199E2E74FF0FF3002B07B
:10BC200070BD00BF2DE9F04158B103694BB1DFF899
:10BC3000AC80D8F8003013B908E05B6933B19842A2
:10BC4000FBD14FF0FF342046BDE8F0810546174692
:10BC50000E46FFF793F9D8F800306B6103B19D6190
:10BC600000230124C8F80050AB612B46D869A042DC
:10BC700017D05B69002BF9D12869EC6184682B62CD
:10BC80008CB12846A047044678B906B1AFB92B69F4
:10BC90001B78013B012B19D90F4B1A6842B91D6063
:10BCA00006E00134E1E74FF0FF342846FFF74EFE8F
:10BCB000FFF76CF92046BDE8F0813A463146284648
:10BCC000FFF788FF0028E2D00446EEE72846FDF79C
:10BCD00001FF0028E0D0F7E75C67012058670120EA
:10BCE00070B504460D46164601F072FA2946204604
:10BCF0003246FFF797FF044601F078FA204670BD00
:10BD000018B10369DB6A03B11847704718B10369BA
:10BD10001B6B03B118477047F8B518B303695B6A2A
:10BD200003B3044603F084FC0646A36AC31AC82B77
:10BD300003D894F824502846F8BD2369204694F887
:10BD400024705B6A984787420546A66284F82400FF
:10BD5000F1D0002FEFD123695B69002BEBD0204697
:10BD60009847E8E701252846F8BD00BF10B504460E
:10BD700001F02EFA2046FFF7CFFF044601F036FA15
:10BD8000204610BD10B5044601F022FAFFF7F6F880
:10BD9000034B1C60FFF7FAF8BDE8104001F026BA2B
:10BDA000D460012038B5084D0020FFF7EBFF2C6868
:10BDB0002CB12046FFF7CAFD6469002CF9D100239D
:10BDC000024A2B60136038BD586701205C67012070
:10BDD000024B1B6803B11847704700BFD4600120B5
:10BDE00010B5044620B101F0F3F9E46901F0FEF961
:10BDF000204610BD38B5054601F0EAF965B1094B9A
:10BE00001C6814B904E0646914B1E3699D42FAD175
:10BE100001F0ECF9204638BD2C4601F0E7F9204648
:10BE200038BD00BF5867012050B1074B1B6813B9DC
:10BE300004E05B6913B1DA699042FAD118467047A1
:10BE400003461846704700BF5867012070B5FFF7DA
:10BE500095F8134B134C0025DA6804F10C061D60AD
:10BE600012B19047431C0AD0B4420DD054F8043F9D
:10BE7000DA681D60002AF7D09047431CF4D10446CD
:10BE8000FFF784F8204670BDFEF75CFA01304FF0F2
:10BE9000FF3418BF0024FFF779F8204670BD00BFBB
:10BEA000E8590020E00B002038B5FFF767F80B4B8E
:10BEB0000B4C1B6904F10C0503B19847AC4206D04A
:10BEC00054F8043F1B69002BF7D1AC42F8D1FEF7C0
:10BED000E9FABDE83840FFF759B800BFE85900203B
:10BEE000E00B002070B40E4C0E4B04F10C069D8844
:10BEF000284206D09D798D4208D011B99D6895429F
:10BF000009D0B44209D054F8043FF0E71AB19D6853
:10BF10000DB1AA42F1D1184600E0002070BC704774
:10BF2000E00B0020E859002038B50B4B0B4CDB69C7
:10BF300004F10C0503B19847AC4206D054F8043F15
:10BF4000DB69002BF7D1AC42F8D1FEF789FABDE8E6
:10BF50003840FFF7BDBC00BFE8590020E00B0020CF
:10BF600003464FF40062402100209A6483F86C106D
:10BF700083F86D009A63704738B50C460546FEF7A6
:10BF8000FDFFE20708D4A30702D5012385F850304E
:10BF9000FEF7FCFF002038BD012305F1340085F8D1
:10BFA000403000F063FEEEE72DE9F047044686B02E
:10BFB00015461E4688460E9FFEF7E0FFA36CAB4277
:10BFC00067D3002F60D0404600222946FFF754F97E
:10BFD0008046002860D016F0040611D17868D4F8A5
:10BFE0001090FFF721FF3B88012B49D094F9853051
:10BFF000002B4CD1FEF7CAFF284606B0BDE8F087FB
:10C00000012394F88C90786884F88C30D4F810A0D0
:10C01000FFF70AFF3B88012B0FD0002084F88C909B
:10C020000028E3D00146204600F0AAF9FEF7AEFF53
:10C030004FF0FF3006B0BDE8F0875FFA8AF3BA68C8
:10C04000A16E02F0F00794F86DC0E02F4FF00007EA
:10C050000CBF94F86EA094F86CA0CDF8088094F80A
:10C060008CE0CDF804A0CDF800C005970397CDF87B
:10C0700010E0FEF70BFD002ED0D10028B6D0D1E79E
:10C080005FFA89F3B146DAE704F154079BE7002031
:10C09000C8E76FF00700C5E76FF00200C2E700BF16
:10C0A0002DE9F0411C4686B005460F4684F0020497
:10C0B000904603A80C21C4F340040C9E01F02EF915
:10C0C00003AB4246394605F13400009400F05AFFB4
:10C0D000431C13D095F985304BB9044626B103A80B
:10C0E000314600F0B7FF204606B0BDE8F0810021E0
:10C0F000284600F045F94FF0FF30F5E76FF00701F3
:10C10000F6E700BF38B504460D46FEF737FF0C22B0
:10C11000294604F1540001F077F80025032304F1C7
:10C120003400A4F862502373A4F8565000F09EFD2A
:10C13000FEF72CFF284638BD10B50446FEF71EFF5B
:10C140000348214600F0A6FDFEF720FF002010BDA9
:10C15000285B002010B5054C216829B1034800F088
:10C1600099FD21680029F9D110BD00BF285B00208E
:10C170002DE9F84F0A9C002B18BF002C43D0002853
:10C1800041D05D69002D3ED00D88012D00F0AD80BD
:10C1900000278A468146014610469846164600F01A
:10C1A0003DFF002878D0534B1C68002C00F0A08085
:10C1B0004FF0000B01E02468FCB12569BD42FAD1C3
:10C1C000304600F01BFF00284CD03388012BF2D101
:10C1D000D4F890100029EED04A68B3689A42EAD1A8
:10C1E0000B689945E7D1BBF1000F02D09BF84030B6
:10C1F00013B3A3462468002CDFD1BBF1000F02D09B
:10C200009BF840300BB1BDE8F88F234621464046ED
:10C210004FF0FF32FFF7EAF804460028F3D0524609
:10C220000BF13400214600F059FE0130EBD12046DD
:10C23000BDE8F84FFFF784B919464FF0FF3240468A
:10C24000FFF7D4F805460028D3D00BF1340052464E
:10C25000294600F043FE0130CBD12846A346FFF724
:10C260006FF9A8E704F16005284600F0E1FE28B95F
:10C270002846314600F0E8FE00289CD004F1540521
:10C28000284600F0D5FE0028ADD12846514600F0E2
:10C29000DBFE00288FD0A6E7304600F0AFFE002876
:10C2A00081D114483B4631465246006800F0DAF826
:10C2B00004460028A7D090F84030002BA3D1404678
:10C2C00019464FF0FF32FFF791F8054600289AD043
:10C2D000524604F13400294600F000FE013092D1AC
:10C2E0002846BDE8F84FFFF72BB9E468677A50E7B6
:10C2F000BDE8F88F285B002038B50D4CFEF73EFEF8
:10C300000023224652F8041B39B101330C2BF9D11A
:10C310000025FEF73BFE284638BD4FF0FF3204EB08
:10C32000830544F82320FEF731FE284638BD00BFC0
:10C330007061012002880B88934201D00020704771
:10C3400013F0010306D083688868181AB0FA80F0E9
:10C35000400970471846704703880A46DB0700D437
:10C360007047014610460C2200F04EBF08B5302140
:10C37000024800F0D3FF002008BD00BF706101201B
:10C3800090F985301BB11946002380F8853080F87C
:10C3900084100846FDF716BB38B505460C46FEF777
:10C3A000EDFD2B68236003B15C60002363602C60AB
:10C3B000BDE83840FEF7EABD38B50C460546FEF745
:10C3C000DDFD63684BB122681A6023680BB16268B7
:10C3D0005A60BDE83840FEF7D9BD23682B60F4E70A
:10C3E0002DE9F0410446002839D00E4617469846FC
:10C3F0004D8802E02468002C31D0B4F86230AB42A2
:10C40000F8D13388DB070FD5B3686BB1314604F13F
:10C410006000FFF78FFF0028ECD07FB9B8F1000F64
:10C420000CD00120BDE8F081B8F1000FF5D1314604
:10C4300004F16000FFF77EFF0028DBD004F1540018
:10C44000002FD7D03946FFF775FF0028D2D0B4F8B7
:10C4500056207B889A42E4D02468002CCDD1204617
:10C46000BDE8F0812DE9F0470446002874D00E465F
:10C4700090461D464FF0030A4FF0000902E0246881
:10C48000002C47D02169A942F9D1B4F86210738811
:10C490009942F4D1636E13B172689342EFD1B4F84C
:10C4A0006030DF074AD5A36E002B47D03388D8070A
:10C4B0004ED5B368002B47D0314604F16000FFF73A
:10C4C00039FF0028DBD004F154000027B4F85430C1
:10C4D000D90722D5E36D03B3B8F1000F28D0B8F81F
:10C4E0000030DA0724D5D8F808300BB34146FFF7FF
:10C4F00021FF0028C3D0B4F85620B8F802309A4281
:10C50000BDD1BA4501D9A14627B124684FF0010A2F
:10C51000002CB7D14846BDE8F087B8F1000FF0D045
:10C52000B8F80030DB07ECD5D8F80830002BE8D09D
:10C530000137BA45A3D9BA46A146A0E7378817F014
:10C54000010706D0B76827B104F154000127BDE701
:10C55000012704F15400B9E78146DBE7F0B585B067
:10C56000144F05460C2201A843F6FE763C8800F0E5
:10C570004BFEFEF703FD44F20103621C234494B218
:10C580009BB2B34288BF4FF440442046FBF76AFA9F
:10C590000123ADF80600002201A92846FFF720FF7D
:10C5A0000028E8D13C80FEF7F1FCBDF8060005B09C
:10C5B000F0BD00BF3A5C002038B505469420FFF777
:10C5C00061F90446A0B12946942200F01DFE002323
:10C5D00023606360A3602373A3612363E3616362E9
:10C5E0006363E3636364E36484F8843084F88530D0
:10C5F000204638BDF0B587B004460E46154600F01B
:10C60000E7FD5B4B1B78002B00F09880002C00F0BE
:10C6100095802468002C00F09180237B042B00F08F
:10C62000998067693A6A12782AB1032B00F09D80DD
:10C63000022B00F08C802DB126B13388D90778D534
:10C640000B2D14D86FF0050594F98500F0B1002387
:10C6500084F8853084F88400FDF7B4F92846FDF7A6
:10C66000B1F900F0C3FD4FF0FF3007B0F0BD96E820
:10C6700007008DE80700BDF800306D46DB0707D4E2
:10C6800094F985006FF006050028E0D12846E1E71F
:10C69000029B002BF4D0BDF8023013B9BB79032BF9
:10C6A00052D10C2204F160060DEB0200314600F07D
:10C6B000ABFDBDF80C20BDF800301340DA07ADF833
:10C6C0000C3027D40198FFF7AFFBBDF80C30012BDD
:10C6D0002FD1002841D0C36A0593BDF80E3003B3B3
:10C6E000606901232A4603A90068FFF779FE40BB71
:10C6F00003A930460C2200F087FD63691B6ADB68E2
:10C70000D3B1204629469847044600F06FFD2046E5
:10C7100007B0F0BD059B002BD4D0BDF80E30002B28
:10C72000DED1636903A91868FFF718FFADF80E00A2
:10C73000D6E76FF00B0587E71C46E6E76FF01B05B1
:10C740008CE76FF00D057FE76FF00E057CE76FF06B
:10C75000150579E76FF00A0576E70298FDF71EFEEA
:10C760000028B8D16FF00F056EE76FF012056BE788
:10C770006B66012038B5054600F02AFD134B1B7887
:10C78000D3B1CDB12C68BCB1D4F8900008B1FDF79D
:10C79000C3FE63691B6A9B683BB120469847044609
:10C7A00018B100F023FD204638BD00200446286063
:10C7B00000F01CFD204638BD6FF01B00FDF702F9AC
:10C7C00000F014FD4FF0FF3038BD00BF6B66012054
:10C7D0002DE9F04182B00D46064617469846089C62
:10C7E00000F0F6FC2D490978002951D0002E4FD0D9
:10C7F000306800284CD054B1099B43B12388DB0733
:10C8000027D5099B0B2B1ED86FF0050323E0B0F84A
:10C810005430DA072ED5C36D63B30024002DF3D056
:10C8200090F8503073BB43691B6A9E696EB30094E5
:10C8300043463A462946B047044600F0D7FC204616
:10C8400002B0BDE8F081A368002BE7D16FF00603CA
:10C8500001E06FF00B0390F9852072B980F8843005
:10C860001846FDF7AFF800F0C1FC4FF0FF3002B002
:10C87000BDE8F0816FF01303EDE71346002280F866
:10C880008520EBE76FF01403E5E76FF00A03E2E7BA
:10C890006FF01B00FDF796F8E5E700BF6B6601201F
:10C8A00010B5002482B001940094FFF791FF02B00C
:10C8B00010BD00BF2DE9F04383B00E4699460746F0
:10C8C00090460A9C0B9D00F083FC2F4B19780029A1
:10C8D00054D0002F52D0386800284FD066B3B0F83B
:10C8E00062301BB943699B79032B3ED1002C18BFE2
:10C8F000002D14BF0122002216D190F84030002BE9
:10C9000036D143691B6A5D69ADB3002A4B46424686
:10C91000314608BF00240094A847044600F066FC96
:10C92000204603B0BDE8F0832B682BB1B0F860104F
:10C93000C90712D50B2BE0D86FF0050390F98520BD
:10C9400072B980F884301846FDF73CF800F04EFCD0
:10C950004FF0FF3003B0BDE8F0836FF00B03EDE75D
:10C960001346002280F88520EBE76FF00403E5E72B
:10C970006FF01403E2E76FF00A03DFE76FF01B00CC
:10C98000FDF720F8E2E700BF6B66012010B5002438
:10C9900082B001940094FFF78DFF02B010BD00BF7C
:10C9A0002DE9F04182B01C4607460E469046089D90
:10C9B00000F00EFC3C4B1B78002B6FD0002F6DD08D
:10C9C000386800286AD0002C50D0002D4ED0374B4C
:10C9D0009E4212D04369002B48D01B6A1F6A002F69
:10C9E00044D02346009542463146B847044600F0FD
:10C9F000FDFB204602B0BDE8F08108F1FF33052BB6
:10CA000049D8DFE803F0291F0E480303032D2DD971
:10CA10002368B8F1050F4FF000040CBF83648363F3
:10CA2000E5E7032D22D961884FF47A722378002438
:10CA300002FB01F21B1BC0F8882018BF012380F8FD
:10CA40008E30D4E7032D11D9236800241B1B18BF97
:10CA5000012380F88C30CAE7032D07D9236800240E
:10CA60001B1B18BF012380F88D30C0E76FF0050352
:10CA700090F985201AB11346002280F8852080F8AD
:10CA800084301846FCF79EFF00F0B0FB4FF0FF30FB
:10CA900002B0BDE8F0816FF00803E9E76FF01B001A
:10CAA000FCF790FFF0E700BF6B66012017E503007D
:10CAB0002DE9F04182B01E4607460C469046089D7F
:10CAC00000F086FB664B1B78002B00F0C480002F23
:10CAD00000F0C1803868002800F0BD800EB305B3B7
:10CAE000604B9C4210D04369DBB11B6A5F6AC7B1DF
:10CAF0002146009533464246B847044600F076FB8F
:10CB0000204602B0BDE8F081B8F10D0F00F2A08020
:10CB1000DFE808F01B28323C9E4D4D5B64717C7C45
:10CB20008A946FF0050390F985204AB980F8843023
:10CB30001846FCF747FF00F059FB4FF0FF30E0E7E5
:10CB40001346002280F88520F0E72B68032BE8D9F4
:10CB5000037B042200249B1A2A60B3FA83F35B0947
:10CB60003360CBE72B68032BDBD990F88D300422A0
:10CB700000242A603360C1E72B68032BD1D990F8D9
:10CB80008C30042200242A603360B7E72B68032B23
:10CB9000C7D9042390F88E10334A00242B60D0F8B4
:10CBA00088303170A2FB03239B097380A6E72B68B2
:10CBB000032BB6D90423B8F1050F4FF000042B6006
:10CBC0000CBF836C836B336098E72B68002BA8D075
:10CBD000037B012200242A6033708FE72B68002B2F
:10CBE0009FD090F98420002301211C4629603270D7
:10CBF00080F8843082E72B68002B92D043690122B1
:10CC00002A6003B19B793370002477E72B68032BEC
:10CC100087D90423B8F10A0F4FF000042B600CBF32
:10CC2000436B436C336069E72B68032B7FF679AF66
:10CC3000042300242B60C36A33605FE72B68032B57
:10CC40007FF66FAF042300242B60836A336055E7BF
:10CC50006FF0080367E76FF01B00FCF7B3FE6AE7AD
:10CC60006B66012017E50300D34D621038B5054609
:10CC7000FEF784F94DB1A86838B14468FEF760FC4E
:10CC80002046002CF9D1AC602C60BDE83840FEF79E
:10CC90007DB900BF38B50C460546FEF76FF9214651
:10CCA0002846FFF789FB04F13400FFF7DFFF04F1AA
:10CCB0004400FFF7DBFF2046FEF7DCFDBDE838400F
:10CCC000FEF764B92DE9F04107460C46904600F0A6
:10CCD0007FFA2D4B1B78002B3AD0FFF70DFB054652
:10CCE00000283ED0214642463846FFF7FBF806466C
:10CCF000002839D09420FEF7CDFD0446002838D016
:10CD00000023286085604661A0F86070C0F810803C
:10CD10000373B8F1000F18D0A4F85470FEF72EF981
:10CD20003368236003B15C60002363603460FEF706
:10CD30002DF9336A5B681BB12046984701301BD040
:10CD400000F054FA2846BDE8F081B3680361E3E7D8
:10CD50006FF01800FCF736FE00F048FA0020BDE83E
:10CD6000F0816FF00100F5E76FF0090000232B6000
:10CD7000F0E76FF00200F9E721466069FFF78AFFEC
:10CD8000FCF71AFEF2E700BF6B66012070B504469F
:10CD90000D46164600F01CFA404B1B78002B77D04E
:10CDA000002C75D02468002C72D046B33DB32A887D
:10CDB000D1074AD50B2E22D9B4F86230FBB9B4F8AA
:10CDC000603013F0010001D0A16EC1B9A96801F073
:10CDD000F006E02E2DD16E88934239D06B686366E1
:10CDE000DEB1A4F8626004F13400FFF73FFF04F104
:10CDF0004400FFF73BFF00F0F9F9002070BD6FF031
:10CE0000050094F9853043BB84F88400FCF7DAFD13
:10CE100000F0ECF94FF0FF3070BD63699A79032A96
:10CE2000DFD0186804F16001FFF798FBA4F86200F6
:10CE3000D9E721B1B0B92846FEF770FD28B36E8856
:10CE4000BEB9B4F860302A88C6E76FF00B00D8E7A7
:10CE5000DB07C3D5AB68A366C0E71846002384F898
:10CE60008530D1E70021A06EFDF760FB0028E6D1F8
:10CE7000E1E762690023294610681A46FFF7B0FA15
:10CE80000028DED06FF00D00BBE76FF00E00B8E7B2
:10CE90006FF01B00FCF796FDBAE700BF6B66012040
:10CEA00038B504460D46FEF769F86969236862687B
:10CEB0000B4493420CD82946A068FEF789FC6B69A5
:10CEC0002268A06013442360FEF760F8002038BD9C
:10CED000FEF75CF84FF0FF3038BD00BFF8B50446F0
:10CEE0000D461746FEF74AF86969236862680B44E5
:10CEF00093421CD800210C20FEF772F90646B0B10F
:10CF000039460C22C068274600F07EF922686B691A
:10CF100029463046134447F8083BFEF759FC0146C2
:10CF20003846FEF771FCFEF731F80020F8BDFEF739
:10CF30002DF84FF0FF30F8BDF8B58568F5B16C6994
:10CF40001E4607460B46944228464FF0000128BF74
:10CF500014462246FEF7A0F9012E01D02046F8BD66
:10CF6000FEF70CF807F108002146FEF77DFB3B6851
:10CF70001B1B3B60FEF70AF82046F8BD2C462046F6
:10CF8000F8BD00BF2DE9F84385689DF820908DB36A
:10CF90002F68984606460B4657B37C6900213846F1
:10CFA000944228BF14462246FEF776F940460C22EA
:10CFB000E96800F029F96B690C3B9C4238BF4FF0DF
:10CFC000FF34B9F1000F02D12046BDE8F883FDF728
:10CFD000D5FF1FB17A6933689B1A336006F10800E8
:10CFE0002946FEF71DFCFDF7D1FF2046BDE8F8837A
:10CFF0003C46DBE72C462046BDE8F88368B1038851
:10D0000013F0010308D0806800F0F000A0F1E00008
:10D01000B0FA80F0400970471846704710B1038895
:10D02000DB0701D4002070478068FDF77FBA00BF9E
:10D0300038B10388DB0704D58068B0FA80F0400976
:10D0400070470120704700BF10B109B1FFF772B9F6
:10D050000020704710B109B1FFF77EB9704700BFDB
:10D0600048B10388012B07D110B504464068FEF78C
:10D07000DBFE18B110BD704700207047A068BDE806
:10D080001040FDF78BB900BFF8B5002830D04168DB
:10D0900000292DD083680446304D314AC0682B608A
:10D0A0001060002B4AD01B6813B32E4E30469847B1
:10D0B000F0B92B68CBB19A682B4F8AB1316879B13E
:10D0C000304690473B78BBB14FF0FF342B682BB113
:10D0D000DB681BB12348026802B198472046F8BDBF
:10D0E0003A784AB14FF0FF34F2E71F4F3B781BB15B
:10D0F0004FF0FF342046F8BD61682068FEF7ACFBB6
:10D1000004460028E2D1FBF74BF904460028DDD1A4
:10D11000FDF790FF154A164B0A2014601C6002F0C0
:10D120006BFA01300FD0FEF791FE01300BD0FFF704
:10D130001DF9013007D001233B70C7E70A4F3B7848
:10D14000002BD5D1D9E7FEF72DFE4FF0FF34FEF7C7
:10D15000ABFE02F05FFAFEF7B5FBB7E7C05901205E
:10D16000C8590120A06101206B6601205867012089
:10D170005C67012008B502F089FABDE80840FBF7BA
:10D18000BFB800BF054B1B681BB11B681BB110B1BA
:10D190001847184670474FF0FF307047C0590120BC
:10D1A000044B1B682BB19B681BB110B1026802B124
:10D1B00018477047C0590120044B1B682BB1DB682E
:10D1C0001BB110B1026802B118477047C059012065
:10D1D000044B1B682BB19B681BB10348026802B16A
:10D1E00018477047C0590120A0610120044B1B68FB
:10D1F0002BB1DB681BB10348026802B118477047C6
:10D20000C0590120A0610120032AF0B470D9CE07D3
:10D210000B4606D50B780131013A013000F8013C8C
:10D220000B469D0705D50B88023A0231023020F8E3
:10D23000023C97094DD000F1400401F140033D4606
:10D2400053F8406C013D03F1400304F1400444F8FD
:10D25000806C53F87C6C44F87C6C53F8786C44F820
:10D26000786C53F8746C44F8746C53F8706C44F830
:10D27000706C53F86C6C44F86C6C53F8686C44F840
:10D28000686C53F8646C44F8646C53F8606C44F850
:10D29000606C53F85C6C44F85C6C53F8586C44F860
:10D2A000586C53F8546C44F8546C53F8506C44F870
:10D2B000506C53F84C6C44F84C6C53F8486C44F880
:10D2C000486C53F8446C44F8446CB9D1BF013844FD
:10D2D0003944C2F383075FB1051F3B460C4654F83F
:10D2E000046B013B45F8046FF9D1BF003844394461
:10D2F000940704D50B880230023120F8023CD30792
:10D3000001D50B780370F0BC704700BF22B1024416
:10D3100000F8011B8242FBD1704700BF29B10144D4
:10D32000002300F8013B8142FBD17047AAB130B421
:10D33000044603780878181A0AD12244013405E01B
:10D3400014F8013B11F8015F5B1B03D19442F7D144
:10D3500030BC7047184630BC70471046704700BF5D
:10D36000014640B100784B1C28B1581A13F8012B24
:10D37000002AFAD17047704770B10278431C6AB135
:10D38000B1FA81F0400910B108E0814205D013F8EC
:10D39000012B0130002AF8D1704770470020FBE7CD
:10D3A00050B149B10B782BB100F8013B11F8013FA6
:10D3B000002BF9D100230370704700BFA0F1410397
:10D3C000192B01D82030C0B2704700BFF0B408B3A9
:10D3D00007460C4617F8015B01E09D4214D014F893
:10D3E000013B002BF9D1CDB13D460C4615F8016B40
:10D3F00000E05BB114F8013B9E42FAD146B1002334
:10D400003B701560F0BC70473846E1E72F46EBE70C
:10D410003546F6E710680028DAD1F3E728461560AC
:10D42000F0BC704710B5074C44F2A7116FF00042F2
:10D4300000232068A0FB010105F0BCFF226010461C
:10D4400010BD00BF68610120024A136818441060D3
:10D45000704700BF68610120F8B515468769002252
:10D460000E462A70BB8BA3B1144643F00170FAF745
:10D47000FDFA30512C780D480434E4B22C70BB7F97
:10D480001B021843FAF7F2FA30512B7803332B7052
:10D49000F8BDC06DFCF782FF28B18368283B9BB2C2
:10D4A000BB832C78E1E72C78BB8BDEE7000003031D
:10D4B00038B58469054688212046FFF72FFFA96B00
:10D4C0001A4A4FF406702B6F9142A087A38323D88A
:10D4D0009BB2A160994200D2A183A37F4FF4405038
:10D4E00000FA03F28A4206D20133DBB200FA03F2F9
:10D4F0008A42F9D3A377696B4FF0FF330C220B48B4
:10D500002367E3666366E3676367A366A367A26452
:10D51000E264A06319B938BDA2601146DDE705F1E8
:10D520003400BDE83840FFF7A1BB00BF0000FF0F8B
:10D5300088B138B50546006828B14468FEF700F8A0
:10D540002046002CF9D1002328466B602B60BDE8F3
:10D550003840FEF78FB9704706292DE9F041069D46
:10D5600004D00695BDE8F041FCF782BEA2F10E049E
:10D570001F46072C28D8DFE804F020271C13270FAC
:10D580000B04C36F3B60042300202B60BDE8F081D7
:10D59000836F5B083B60F6E7436F5B083B60F2E735
:10D5A0008369D3F8843013F0080307D001233B606C
:10D5B000E9E790F880303B60E5E7036F3B600423C8
:10D5C00000202B60BDE8F0816FF00801FEF7D8FE67
:10D5D0004FF0FF30BDE8F08138B5456AA5B104468B
:10D5E000FDF7CCFC656A00E025462C68002CFBD1D9
:10D5F0002B6B29469A6A03F12400013A9A62FEF7DE
:10D60000DBFE2C63FDF7C2FC284638BDF8B50446A6
:10D610008820FEF73FF9F8B10246002301214FF4BC
:10D62000615E96270826A26140254FF40042184605
:10D63000236784F88C3084F88E3084F86D3084F859
:10D64000801084F88D10C4F874E0A767E66784F84A
:10D650006C50A264A263F8BD20466FF00201FEF791
:10D660008FFE4FF0FF30F8BDF8B506460D46FDF7CA
:10D6700085FC344B1C68002C56D0002701E0246840
:10D68000A4B1B4F862206B889A42F8D1237B042BB2
:10D6900033D1002FF3D104F160073846FFF7C8FCFF
:10D6A000002846D027462468002CEAD1002F3BD022
:10D6B000FC696CB1314604F15400FFF7C5FC20B1A0
:10D6C000B4F8562073889A4213D02468002CF1D104
:10D6D0007C6A6CB1314604F15400FFF7B5FC20B10F
:10D6E000B4F8562073889A4203D02468002CF1D1F4
:10D6F0003C46FDF74BFC2046F8BD294604F160008E
:10D70000FFF7A2FC0028BAD0237B002BB7D031460C
:10D7100004F15400FFF798FC0028B0D0B4F856206C
:10D7200073889A42ABD1E4E70024FDF72FFC204632
:10D73000F8BD38462946FFF787FC00280CBF0027B4
:10D7400027469CE74C5B002091F88030042B17D0D3
:10D7500015D3062B1AD8052B1CD0CB6E0A22013B01
:10D7600081F88020033312D84FF0FF3201238A66FC
:10D770000370D1F8843043F00803C1F88430704757
:10D780000722012381F880200370F2E770473023DD
:10D79000CB66E9E70B6A9342DFD0082381F880303B
:10D7A000E7E700BF002944D0CA682DE9F84F177B8E
:10D7B0008B46824614244FF00C083F09BD00AC4252
:10D7C00029D2A35CA11833B3012B26D004F101099F
:10D7D000A94520D24878661E0644B5421BD9022BC3
:10D7E0001DD0032B11D18B780C2B98BF8AF83E30BB
:10D7F000DAF8843088BF8AF83E8043F02003DBF8F3
:10D800000C20CAF88430177B3F0912F80930BD009C
:10D810001C44AC42D5D3BDE8F88F0134CEE748882C
:10D82000FAF720F9DBF80C20AAF83C00177B3F0937
:10D83000EBE7704770B5056B0446E5B1037B022B3F
:10D840000CD0AB6A8069013BAB62FFF771FE2146E9
:10D8500005F12400BDE87040FFF71CBA2B6A80690F
:10D86000013B2B62FFF764FE214605F11C00BDE879
:10D870007040FFF70FBA8669D6F88430DB0716D4FC
:10D88000306828B14568FDF75BFE2846002DF9D1C8
:10D89000002504F1440075603560FFF7E7F9257352
:10D8A00004F154000C21BDE87040FFF737BD30464D
:10D8B000FFF73EFE21460248BDE87040FFF7EAB997
:10D8C0004C5B002006292DE9F041069E14D1152A53
:10D8D000054614461F4606D80123934013F4651FDE
:10D8E00001D0042E3CD10E3C072C2CD8DFE804F0EC
:10D8F000092B0F2B2B171E250696BDE8F041FCF7D0
:10D9000097BC3B6863B32B670020BDE8F0813868A3
:10D9100010B30123002085F88030BDE8F0813B681A
:10D92000F3B15B0000206B67BDE8F0813B68BBB1E1
:10D930005B000020AB67BDE8F0813B6883B1EB671B
:10D940000020BDE8F0816FF008012846FEF718FDC1
:10D950004FF0FF30BDE8F08185F88000BDE8F08130
:10D960006FF00501F1E700BF002A18BF002B2FD090
:10D97000F8B5E1B1DB68054610469F7893F803E0FF
:10D980001E785B7847EA0E2746EA032357804B80D0
:10D99000FFF76AFE58B1092D09D8DFE805F0151127
:10D9A0000D05050D0D080809027B042A11D1F8BDEB
:10D9B000F72280F88520F8BDE82280F88520F8BDA0
:10D9C000F82280F88520F8BD83699A8F1A63F8BD24
:10D9D0007047EE22BDE8F84080F88520FFF72ABFA7
:10D9E00038B5144D00221449C82001F059FE2860B2
:10D9F000A8B1002211494FF4FA7001F051FE104B0A
:10DA00000446186070B1FFF70DFD0E4A002113683F
:10DA100003F57A4353FA80F01060084638BD4FF0A2
:10DA2000FF31FAE7286801F05BFE2C604FF0FF3110
:10DA3000F3E700BFA461012095E700004DFD000061
:10DA4000A8610120C45901202DE9F047044688B09F
:10DA50004069FEF7E9F9002107461420FDF7C0FBF5
:10DA600000286ED005461421C068FFF757FCE66A0F
:10DA700026B194F83080B8F1000F6BD1EB685022DA
:10DA80001A73EE68E388E0693380638A7380F9F77C
:10DA9000EDFFD5F80C807060206AF9F7E7FFEB68BE
:10DAA000C8F8080094F824205A73EE68E08CF9F75F
:10DAB000D9FF616BF0812846FDF78AFE0546208D6F
:10DAC000EE68F9F7CFFFEB68002270821A8203F14B
:10DAD0001006238A012B0FD0AA8A4FF4C061284672
:10DAE000FBF73AFFEB6830801033228A012A0CD012
:10DAF000002008B0BDE8F087002F6CD03B6A9B0780
:10DB000059D4EB6803F11006E6E72068E168A269E2
:10DB100000285CD0447890F800E090F820000026BF
:10DB200005930623049002953846CDF804E000944E
:10DB30000396FCF7ABFF08B0BDE8F0872846FDF779
:10DB4000FFFC606B08B1FDF7FBFC6FF0020008B052
:10DB5000BDE8F087002128200795C146FDF740FB6E
:10DB600082460028EAD02821C068FFF7D7FB51463B
:10DB70000798FDF72DFE0023721E0668079012F825
:10DB8000010FF168C85401339845F8D118F0030F1C
:10DB900005D028F0030808F104085FFA88F9A9F114
:10DBA000280107A8FDF760FD3369079A1433D2688E
:10DBB0009B00137365E769693846FCF711FC002880
:10DBC0009FD1AA69034642F02002AA618DE704466C
:10DBD0004FF0400EA3E7A069FCF7E0FB07460028E2
:10DBE0008CD18EE72DE9F04784698EB0426C0546F2
:10DBF000266AE368C06DF31AC3EB020888454746FE
:10DC000028BF0F46FDF782F807F11403984238BF8A
:10DC1000A0F11407C7EB0803B3FA83F35B09002FE5
:10DC200061D0002B5FD04FF0180995F850200AB151
:10DC3000002B69D1A9696B6B8A68D31A62D4886991
:10DC4000984204D2B1F81CE0191A714553D3A3616C
:10DC5000002F46D0696C00233A46E86CC8EB0101FE
:10DC6000FDF7C4FB804600285ED005F16C030DF182
:10DC7000380A05F160010C2201A84AF8383DFFF787
:10DC8000C3FA05F154010C2204A8FFF7BDFA226A79
:10DC9000636A4FF0FF318DF82490002508935046B9
:10DCA000A3690792A27FA167D340CDF83480ADF875
:10DCB0002850ADF826300B958DF83050FFF7C4FE94
:10DCC0002369B91925645A1C03F1005321629A4251
:10DCD0000CD9914201D2994200D821610EB0BDE821
:10DCE000F087B846C1E74FF010099EE79142F2D2A3
:10DCF0000EB0BDE8F087B1EB520FA8D2002818BFD4
:10DD00000346A4E70023A2E794F8803049F0010914
:10DD10000136042B0DD0072B0FD0D4F8843043F0FC
:10DD20000403C4F8843085E7B9196FF0020021625A
:10DD3000D4E7052384F88030EFE7092384F88030A6
:10DD4000EBE700BF2DE9F0410C6805468EB01E469A
:10DD5000607B00F01000002837D100F0FF030F4671
:10DD6000904607936068F9F781FE3B68D8F8001089
:10DD70004FF0140E5A7B1B7B02F00107C2F34004E4
:10DD80001B098DF824E07A182244A2EB8302104488
:10DD900008900EAC314601A80C2244F8385DFFF71C
:10DDA00033FA0C22149904A8FFF72EFA0023204618
:10DDB000ADF82630ADF828300B938DF830300D9348
:10DDC000FFF742FE0EB0BDE8F081A068F9F74EFE05
:10DDD00000220423079008928DF82430D9E700BF71
:10DDE0002DE9F04F846991B09946064601920F469D
:10DDF000426BA368256A9A1A74D4A169914204D22D
:10DE0000501AB4F81CE0704562D3B907A26157D428
:10DE1000A37FDA401FFA82F8FB070CD594F8802024
:10DE20000135042A69D0072A6BD0D4F8842042F047
:10DE30000402C4F8842007F0100202F0FF0B0AB1BC
:10DE4000D4F824B00C2206F16C030DF1400A06F15F
:10DE500060010DEB02004AF8383DFFF7D5F906F1F5
:10DE600054010C2206A80026FFF7CEF94FF0FF312F
:10DE7000226A5046019BA16709920D93CDF828B004
:10DE80008DF82C70ADF82E808DF83890ADF830609C
:10DE90000F96FFF7D9FD236926645A1C03F100533E
:10DEA00025629A4206D8954201D39D4204D911B009
:10DEB000BDE8F08F9542F8D3256111B0BDE8F08F31
:10DEC000B2F5405F05F10105A4D94FF44058A3E72E
:10DED000B0EB530F99D2002918BF0A46B907A261C7
:10DEE00096D5EDE7002301F00201A36101F0FF02E6
:10DEF00000298DD0013598468EE7052284F88020D0
:10DF000093E7092284F880208FE700BF30B5846949
:10DF100085B0054694F88030052B21D0092B1FD001
:10DF2000022B09D0002310211A46FFF759FF4FF0AA
:10DF3000FF33A36705B030BD236A0DF1070202A9C4
:10DF4000013B2362FFF788FA9DF8073002AA2846B2
:10DF50001221FFF745FF4FF0FF33A36705B030BD37
:10DF6000226A002328461121551E1A462562FFF712
:10DF700037FF4FF0FF33A36705B030BD027B32B1EE
:10DF80008269936F591C02D0013B936703B17047BC
:10DF9000FFF7BCBF38B5FCF7F1FF0A4B1D686DB148
:10DFA0002846FFF7EBFF6C6A2CB12046FFF7E6FF2F
:10DFB0002468002CF9D12D68002DF1D1BDE838403E
:10DFC000FCF7E4BF4C5B00202DE9F84305461446FE
:10DFD000894603F002078669DDF82080FCF7CEFF52
:10DFE0002846B7FA87F3494650F8342F5B09A24216
:10DFF00028BF2246FEF7A0FF044607BB336CB28B56
:10E000000344B3EB420F336422D32B7B032B13D097
:10E0100054B3B8F1000F0AD040460C2205F1540168
:10E02000FFF7F2F81CB9D6F884301B0728D4FCF7A8
:10E03000ADFF2046BDE8F8832846FFF767FF002CB8
:10E04000E7D12B7B032B0FD1B8F1000FEBD0E3E727
:10E05000B268B3EB520FD8D2B269002AEFD1002BCD
:10E06000D3D1002CEDD0D4E76FF01304FCF78EFF72
:10E0700028462146FEF784F94FF0FF30BDE8F883CB
:10E080006FF01904F2E700BF2DE9F84385690746F0
:10E090008946EC682A6AD5F88400AB6AC4EB0208AA
:10E0A00020F04001B3EB0804C5F8841068D42B6B52
:10E0B000A98FC8EB03037A6CB3FBF1F3C8EB02083A
:10E0C00003FB01F34445A8BF44469C42A8BF1C463D
:10E0D000002C49DD0026A1423ADDEB6AB4EB530F78
:10E0E0002EDCD5F88430DA062AD4E9682A6A91420F
:10E0F00002D097F8802072B1A219904563D0696F61
:10E10000AA6C481C01D0914201D92A656A6743F084
:10E110004003C5F8843086B395F86030002B37D1C2
:10E120002B6A002101226B61E96785F860204FF0BE
:10E13000FF322B6F93426A6740D00120BDE8F8831D
:10E14000264438462146FFF74DFD002EE4D114E069
:10E150003846FFF747FDA98F641A0E44002CDADD1C
:10E16000B9F1000FB7D0D6E797F850302BB1B8F11E
:10E17000000F02D110F0040318D00020BDE8F8838E
:10E1800022449846022300242A6285F860308EE7F4
:10E19000022BCCD16A692B6A511C02F100529142C8
:10E1A00017D99942BDD99A42C1D3BAE71A4638461F
:10E1B0001121FFF715FE2B6F0133BED1AB6C01208F
:10E1C0002B67BDE8F88321463846FFF70BFD46462E
:10E1D000A1E79942E7D9AAE738B5037B032B25D1FC
:10E1E0000D460446FCF7CAFEAA0702D594F8503043
:10E1F00043B1EB0702D594F8403063B1FCF7C6FE9B
:10E20000002038BD0121204684F85010FFF73CFF64
:10E21000EB07F3D5EFE704F13400FEF727FD012308
:10E2200084F84030FCF7B2FE002038BD6FF01301D7
:10E23000FEF7A6F84FF0FF3038BD00BFCB682DE9E0
:10E24000F04F0546846985B0986817468846F9F707
:10E250000DFC95F88D20D8F80C308146012A93F8F2
:10E260000DA00CBF6A6F4FF0FF32A2663A685007EC
:10E2700001D50122A267E1684FF0FF32894562664D
:10E2800000F0DE800023C1EB09016E6C63648E42F6
:10E29000236BA84A28BF0E46934215D8A26B93421F
:10E2A00000F2EB8099198A4280F0E181616B226370
:10E2B000194413468A1A324462639A4204D3A18FE6
:10E2C000D21A0B4462632363314605F14C00FDF71B
:10E2D000CBF9236A696C5A1C03F10053891B9A42DB
:10E2E0006964C4F80C9045D9914501D2994501D88B
:10E2F000C4F82090636913F1005259D2994506D3AE
:10E30000914504D894F86030012B00F09981D8F839
:10E310000C30D8F8142003F10C00D4F8841009074D
:10E3200049D503784FF001091B09B2EB830F3B6815
:10E3300002D943F002033B601B0702D41AF0080F16
:10E3400002D02846FFF7E2FDD4F884102846C1F336
:10E35000C011FFF799FE3B6810B143F001033B6029
:10E36000A26A52B96A6C42B1626F013200F09580C4
:10E37000226D08E09145B9D2BCE7D4F88420560656
:10E3800002D44FF0FF326267226AE16891420CBF0B
:10E390004FF0FF32A26C13F0090F226704D19807E7
:10E3A00002D52846FFF7B2FD484605B0BDE8F08F1C
:10E3B0009945A5D3A6E7CDF80880017893F80D809C
:10E3C00009094FEA810991455BD0AE695868F9F7B0
:10E3D0004DFB736A9842706862D0029BB1685A69BB
:10E3E00002448A427FD83A68316842F002023A60B9
:10E3F000002900F06A814FF000090391DB6858683A
:10E40000F9F734FB029B00F10108DB685868F9F763
:10E410002DFB039B00F1005BDB685868F9F726FBD6
:10E42000D8456CD8804501D883456AD2DDF80C9078
:10E43000D9F80430002B00F0FF800393029BDDE746
:10E44000266AB14524D06A6C12B3197B03F10C0023
:10E45000D8F814200909B2EB810F7FF45EAF1AF0EF
:10E46000030F7FF45AAF616C01F1010EBEF1030F8F
:10E4700000F04381C4F844E04FE7626B32446263CA
:10E480001BE718F0210FA0D13B684FF0010953E7BB
:10E4900003F10C00D8F814203FE7A26C226572E764
:10E4A00000289AD118F0010F40F01481494602A8C3
:10E4B000FDF7DAF8029B002B00F00981726A194619
:10E4C0005B694FF00009E86B13447362FDF780F954
:10E4D000029B6A6B59693B680A44E86343F0040392
:10E4E0006A633B6028E7DB685868F9F7BFFA736A2C
:10E4F0009842029B3FF477AF4FF0010910E080454E
:10E5000092D8B9F1000F00F09480029BC9F8043052
:10E51000039A5A6071684FF000095A690A447260A0
:10E52000DB685868F9F7A2FAD6F824B058453ED00F
:10E530003B6801E7FFFFFE0F834565D84868F9F7A0
:10E5400095FA32680190D2685068F9F78FFA32680C
:10E550007168D2F814E0D368CEEB010C516893F8DF
:10E560000C8003924FEA181886E802100021AEEBE7
:10E57000880851608044597BC9077CD4D268042341
:10E5800003A8117B090913FB01B1019BC91AFDF70F
:10E590006BF8039A42B16B6B11465269E86B1344F6
:10E5A0006B63FDF715F9E863C346C6F8248032684B
:10E5B000002ABDD0D2685068F9F758FA3268804610
:10E5C000D2685068F9F752FA00F1005080452DD812
:10E5D000D845ADD85845ABD332680BF10058D26856
:10E5E0005068F9F743FAD6F800E0C345DEF80C109E
:10E5F000DEF8142091F80CC04FEA1C1CA2EB8C0230
:10E60000104499D8834501D8804597D2DEF804306C
:10E61000704672685969CDF80CE0521A3360726026
:10E62000FCF78EFF3268002AC4D181E7D845D1D8E3
:10E63000D2E7029B33606BE7029BC9F8043069E7BD
:10E64000A26D4AB3E06FA0EBD2000244002A39DD8C
:10E65000D108A26580EAE072E36DA2EBE072A2EB62
:10E6600093021A44002A1DDC0122E2651BE00B46DE
:10E67000626B216321E6986808F10108F9F7F6F961
:10E68000A969024605F10C00FFF75EF83968039AA4
:10E6900041F00801396071E7E26F0132D3005200A6
:10E6A000D908A365E265D8F80C300A4400264FF07B
:10E6B000FF31A26403F10C00D8F8142084F86060E4
:10E6C000E1672AE60021A365C4E7336022E79946A3
:10E6D0003B6831E6029BDB689868F9F7C7F9A969DE
:10E6E000024605F10C00FFF72FF8726A3B68013211
:10E6F00043F0080372623B60D8E6236B0231A26AE2
:10E7000061649342A18F8CBF53085B084A00A363E6
:10E710009A4201D91346A26323632846C4F8209085
:10E72000FFF760FA3B684FF0FF3E022143F0010221
:10E73000D8F80C30266203F10C003A60C4F87CE093
:10E7400084F86010D8F81420E7E500BF2DE9F04701
:10E750001446564A0646944200F29980027B032AE8
:10E7600062D114B92046BDE8F0879946884687698A
:10E77000FCF704FCB56CD6F844A0FDF7A1F840F610
:10E78000C90398425FD9CAEB0502824256D8944227
:10E7900033D819F0040F35D096F88C3093BB012391
:10E7A00086F88C30D7F884309442404628BF14460F
:10E7B00043F0800301222146C7F88430FCF75CFD5A
:10E7C0000546002866D04FF0010806F144092946A5
:10E7D0004846FEF765FB002852D1BB6AE3BB7B6F5E
:10E7E000013349D0B8F1000F02D0002386F88C30F5
:10E7F000FCF7CCFB2046BDE8F08722B319F0040FEC
:10E800004AD11446D7F884309442404628BF144673
:10E8100043F0800301222146C7F88430FCF72CFD29
:10E82000054630BB0446E3E76FF013014FF0FF34B9
:10E830003046FDF7A5FD2046BDE8F087844202463C
:10E8400028BF0446A5E7FCF7A1FB00248AE70121C5
:10E850003046FFF719FC28B1337B032BF7D048462D
:10E86000FEF704FAD7F8843023F08003C7F8843029
:10E87000B8E74FF00008A8E7BB6C3B657B67B1E7E2
:10E8800028460024FCF73EFDFCF780FB6AE76FF0AA
:10E890000501CBE70446A8E796F88C30002BB0D1F1
:10E8A0000123144686F88C307CE700BF0000FF0F80
:10E8B000F0B5054685B008460C46FEF7D1FB0028AA
:10E8C0004DD001462046FEF7A9FB00283AD120464C
:10E8D000FEF794FB002835D12846224FAE69FEF79B
:10E8E000E7FD02A90DF107022846FEF7B5FD3A68DB
:10E8F00005F15403511C3262316194E8070083E84A
:10E900000700FCF73BFB02AA9DF8073002212846CE
:10E91000FFF766FA0446F8B90122022386F8802040
:10E920002B73FEF77FFD3B68B16C1E2203F57A4323
:10E93000316753FA80F0F2663860FCF727FB204617
:10E9400005B0F0BD6FF00E0428462146FDF718FD16
:10E950004FF0FF3005B0F0BDFCF718FBF4E76FF0A7
:10E960000F04F1E7C45901202DE9F04F8BB0DC68AA
:10E9700007460E460AAD1498904645F81C3D247B88
:10E98000FCF7DEFD28462409A4002146FCF7FAFD29
:10E99000013008D0039883699B060BD53946304671
:10E9A000FEF73CFBD0B103990846FCF7C9FD0BB05C
:10E9B000BDE8F08F828A4FF4C061FAF7CDFFB8F856
:10E9C000003008F1080206F10801012B14BF1023E2
:10E9D0000423FAF7D9FF0028E5D1DFE73046FEF738
:10E9E0000DFB03990028DFD14B699C42DCD8CB6832
:10E9F000404639461A8872805B88A8F80230FEF7D4
:10EA00000DFB18B94046FEF7F9FA50B10399434699
:10EA10000096002001F114020C31FFF793F90399DD
:10EA2000C2E741463046FEF71FFE0546002800F0CB
:10EA30000181037B042B00F0F380039B0022AC696F
:10EA4000D9685A60486807920693F9F70FF8069B51
:10EA50000746DB68986893F80CB0F9F707F8814629
:10EA6000069894F88020C368012A5B7B03F03F0A74
:10EA700062D0032A60D0022A72D0616A07F1010EC7
:10EA800007F100524FEA1B1B96454FEA8B0B00F231
:10EA9000B9808E4528D88A4226D3426901F1005EAA
:10EAA000481CCBEB020270453A4400F2BF80904212
:10EAB00027D8964525D3CF1B06A8594602933A4638
:10EAC000FCF7D6FD029B9A0600F1C280069B676A9E
:10EAD000DA6838460292F8F7C9FF079B029A43F0BA
:10EAE00002035060616A0793A3691944481C01F14D
:10EAF0000052904209D8B84200F28880BA42C0F071
:10EB000085802846FFF702FA4DE7B842F9D9BA42A4
:10EB1000F7D2069B5B69CBEB03033B44984201D9D8
:10EB20009A427AD3C91A06A8FCF79EFD079B94F86F
:10EB3000802043F0020307930AF01403142B36D00D
:10EB40001AF0040F1AD0012A3FF42DAF032A3FF424
:10EB50002AAFEE23284685F88530FEF76BFE22E7C4
:10EB600094F88110012988D113F0020F616A85D0D1
:10EB700001F1FF3E774581D15B07EAD40AF0020339
:10EB800003F0FF0BABB3022A72D0032A16D0012A7E
:10EB900014D0069905F16C004346009601F1140269
:10EBA0000C31FFF7CFF82846FEF744FEFBE6012ABA
:10EBB000C6D1236A99457FF4F6AECAE70AF010037E
:10EBC00003F0FF0A002B00F08280002A00F0A580ED
:10EBD000022A40F29180032A40F09F800699434622
:10EBE000009605F16C0001F114020C31FFF7AAF850
:10EBF000D9E6012A01D0032AE0D11AF0100F3FF420
:10EC0000D2AEEBE78E453FF646AF46E7069B5B6923
:10EC1000CBEB03033B44984282D994F880208BE7E6
:10EC20000C2231465430FEF7EFFA06E790423FF6E9
:10EC300040AF40E70399CB685B7B5C073FF5B4AE20
:10EC400001F11402009643460C31FFF77BF8AAE667
:10EC5000069A0293D268508AF8F704FF8742029B13
:10EC60004ED9069A03F01F0AD36883F80DA02DE74A
:10EC700094F88130012B8CD1636A013B9F4288D18B
:10EC80000AF0100303F0FF0A002B3FF43AAF236AA7
:10EC90009945A3D1069BDB68D889F8F7E3FEA0620B
:10ECA000A36AE26A9A4238BFE36294F88030013B7B
:10ECB000092B00F2C181DFE813F06A01BC00AD004E
:10ECC0009E007B009E009E006E0066004700022AA8
:10ECD0003FF417AF032A02D0012A7FF464AEBBF1E0
:10ECE000000FD7D1069BDB68D889F8F7BBFE94F8F4
:10ECF0003E309840A062D3E7236A9945EFD06DE794
:10ED0000069BDB68588A0293F8F7ACFEC01B80B202
:10ED1000F8F7A8FE029B5882D8E6E26823699A4277
:10ED20000FD8914501D39945D9D95A1C03F1005305
:10ED30009A4225D89145FFF436AE99453FF633AE59
:10ED4000DFE69145EFD3CAE706994346009605F101
:10ED50006C0001F114020C31FEF7F4FF95F840301D
:10ED6000002B3FF420AE6B6B002B3FF41CAE012652
:10ED700005F13400FDF77AFF012E7FF418AE12E69C
:10ED80009145DAD3BDE6236A99457FF40CAE284657
:10ED9000FEF750FD07E6236A9945DFD14FF0FF33B8
:10EDA0000A21302284F88010E2662367A366D5E743
:10EDB00007AA06992846FFF741FA226AE368064641
:10EDC0009A421FD095F84030002BD5D06B6B002BAA
:10EDD000D2D0CDE72C6B2946226A04F11C00A36A2D
:10EDE000013A01332262A362FDF7E6FA294604F1F3
:10EDF0002400FDF7D1FA07AA06992846FFF71EFA64
:10EE00000646DFE794F88030052BDBD1062384F833
:10EE10008030D7E7296AAB6AEA6A0B44934222D36F
:10EE20000C2105F15400FEF779FA0023A362E36296
:10EE300094E7032194F881204FF0FF3304208A42A5
:10EE400084F880002973C4F80C90E3662367C1D06E
:10EE5000BBF1000FCFD095F88D30012B7FF47EAF42
:10EE60006B6FA3667AE72846FDF7A6FB82460C2166
:10EE700005F15400FEF752FABAF1000F00F082805B
:10EE80000C2241460AF16000FEF7BEF98820FCF72B
:10EE900001FD8146002850D0CAF818005046FEF700
:10EEA00007FB2B6AA26A0020E16A0133C9F8282017
:10EEB0000137C9F82C105146A062E06205F11C0030
:10EEC000614C2B62CAF83050FDF766FA22680223C3
:10EED000C9F82470511CC9F820200322DAF8180060
:10EEE000C9F810108AF80C30069989F8803089F832
:10EEF0008120FEF757FCDAF81830D3F8842012F09E
:10EF0000200207D199689A77B1F5405F02D94FF492
:10EF100040529A60998FB9F83C201963AAB90699B2
:10EF200005F16C004346009601F114020C31FEF726
:10EF300009FF5046FEF77EFC10E75046FCF79AFCAE
:10EF4000C4F82890C4F82C9008E70DF11702504639
:10EF500008A9FEF781FA08AA9DF817301221504639
:10EF6000FEF73EFFFEF75EFA23681E21D9F848201F
:10EF700003F57A43C9F86C1053FA80F0C9F8702091
:10EF80002060EBE6C4F828A0C4F82CA0E6E6013720
:10EF90006762BAF1000F2BD0C4F80C900699A869EB
:10EFA000FEF700FCAB69D3F8842012F0200207D1F1
:10EFB00099689A77B1F5405F02D94FF440529A6050
:10EFC000998FA28F1963002A3FF4E3AD4FF0FF330E
:10EFD00028462367E366FEF799FF95F88D300421F4
:10EFE0000322012B84F880102A737FF4B7AE37E731
:10EFF000A36C06992367A869FEF7D4FBAB69D3F825
:10F000008420970608D49A6883F81EA0B2F5405F62
:10F0100002D94FF440529A60998FA28F1963002A47
:10F020003FF4B7AD02220123284684F8802084F8FB
:10F030008130FEF76BFF91E695F840300126002BFA
:10F040007FF4C4AEAFE400BFC4590120037B8BB38F
:10F05000826992F880300A2B2CD0012B2AD0022B07
:10F0600030B58FB027D0D1680423002207910892D1
:10F070008DF8243000F16C0304460EAD00F1600100
:10F080000C2201A845F8383DFEF7BEF804F1540102
:10F090000C2204A8FEF7B8F800232846ADF8263065
:10F0A000ADF828300B938DF830300D93FEF7CCFC83
:10F0B0000FB030BD7047516A1423002208910792A7
:10F0C0008DF82430D6E700BF037B042B10B504462F
:10F0D0000BD0FFF7BBFF2046BDE81040FEF7AABBF0
:10F0E000FFF7B4FFE069FEF7A5FBE0690028F7D160
:10F0F000606A0028EFD0FFF7A9FF606AFEF79AFB6D
:10F10000606A0028F7D12046BDE81040FEF792BBA8
:10F11000037B042B70B504460D460ED08669FEF7BE
:10F12000C7F9002303210422E562E3650020A4F867
:10F13000563086F88010227370BDFBF71FFF03E086
:10F140003BB1E069FFF7C0FF236AA26A99188D42BC
:10F15000F6D3954205D2606AFFF7B6FFA36A9D42D7
:10F16000F9D3E562FBF712FF002070BDF8B5FBF79D
:10F1700005FF154B1C68B4B10027A5692668D5F8B2
:10F180008430DB0713D4237B042B14D0286828B1E8
:10F190004468FCF7D5F92046002CF9D16F602F6048
:10F1A0003446002EE9D1BDE8F840FBF7EFBE20461B
:10F1B000FEF740FBF4E7E0690028F1D0FFF784FF99
:10F1C000E0690028FAD1EBE74C5B002038B5037BFF
:10F1D0008569002B40D090F88E300446012B28D052
:10F1E000FBF7CCFE237B032B29D194F85030002B66
:10F1F0004AD0FBF7CBFEFBF7C1FED5F88430227B6B
:10F2000043F00103C5F88430002A39D095F88030E6
:10F210000A2B08D094F88E30012B27D03023EB66D0
:10F22000012384F84030636BABBBFBF7AFFE0020DB
:10F2300038BDD0F88830002BD2D1FBF79FFED5F82F
:10F240008430204643F00103C5F88430FFF73CFFCB
:10F25000FBF79CFE002038BDD5F8843043F0010355
:10F26000C5F88430FEF7E6FA002038BDD4F88830BF
:10F27000002BD3D00A4AA2FB03235B09EB66CFE73E
:10F280002046FEF7D7FAD0E70121204684F8501037
:10F29000FEF7FAFEADE704F13400FDF7E7FCC4E742
:10F2A000D34D6210037BF3B12DE9F043856991B032
:10F2B00004466B6E5E1C02D0013B30D06B66EB6E79
:10F2C000581C12D0013B0FD1D5F884304FF0FF32DB
:10F2D000D907EA6633D595F880300A2B29D0204625
:10F2E000FFF7F2FE18E07047EB662B6F5A1C02D056
:10F2F000013B2FD02B67A96E4F1C02D04E1E72D03F
:10F30000AE66696F481C02D001394FD06967EB6F58
:10F310005A1C01D00133EB6711B0BDE8F08390F9BE
:10F3200085304FF0FF3218336A6602D0EF2380F841
:10F3300085302046FEF77EFA11B0BDE8F08394F9DF
:10F34000853013F1180FF4D00933F2D0E92384F893
:10F350008530EEE795F880304FF0FF32012B2A67B9
:10F3600000F0A880022B40F0B6802B6A0DF1070256
:10F37000204602A9013B2B62FEF76EF802AA9DF817
:10F38000073012212046FEF72BFDEA68696DAB6C51
:10F390009142E86C00F0CE80EB646A65782BA9D0CE
:10F3A0005B00782B88BF7823EB64A3E7A6694FF056
:10F3B000FF32B36A6A67002B6CD120460121FEF749
:10F3C00011FC326A336D013A782B326204D05B0053
:10F3D000782B88BF78233365726E7367013296D1BC
:10F3E0003023736693E74FF0FF33A769314601205E
:10F3F000AB66FBF7F5FE8046002882D0A169636BFF
:10F400008A68D31A00F19C808869984209D28E8B51
:10F41000191AB14205D2B1EB520F02D2002818BF1F
:10F420000346B97F0C2204F16C060DF14009CB4074
:10F430000DEB020004F1600149F8386D9EB2FDF752
:10F44000E3FE0C2204F1540106A8FDF7DDFEFB6883
:10F450007A6A4FF0100E591E00234846ADF82E6010
:10F460000A92ADF830300D938DF838300991CDF80F
:10F470003C808DF82CE0FEF7E7FA7A6EA36F561CFD
:10F48000BB6659D0E16F01FB03F39A427FF639AFB7
:10F490007B6636E7D6F88430204643F01003C6F882
:10F4A0008430FEF7F1FDD6F8843023F01003C6F85F
:10F4B00084302CE72B6A0DF10702204602A9013B9C
:10F4C0002B62FDF7C9FF02AA9DF8073002212046F2
:10F4D000FEF786FC59E7D5F884306A6E23F0040302
:10F4E0000132C5F884302DD02A6B43F01003A96A8D
:10F4F000E8688A42C5F88430286288BF4A08A98F24
:10F5000098BF520848002963AA63002190424FF037
:10F51000020288BFA8634FF0FF3085F86020E867DB
:10F520002046FEF7B1FDD5F8843023F01003C5F86E
:10F5300084302AE7034631E7E26F02FB03F3A7E7D3
:10F5400033466EE730226A66CEE700BF38B5FBF778
:10F5500015FD134B1D68B5B1E86928B10468FFF7C4
:10F56000A1FE2046002CF9D1686A28B10468FFF793
:10F5700099FE2046002CF9D12C682846FFF792FE10
:10F580000CB12546E8E7FDF74DFF064A136803F581
:10F590007A4353FA80F0BDE838401060FBF7F6BCC0
:10F5A0004C5B0020C459012038B5104CFBF7E6FC39
:10F5B000206858B18269D2F8843043F00103C2F860
:10F5C0008430FFF781FD20680028F3D1084D094CF5
:10F5D000286800F085F8206800F082F800232B608E
:10F5E0002360BDE83840FBF7D1BC00BF4C5B002076
:10F5F000A4610120A8610120054B1B682BB118688C
:10F60000B0FA80F04009404270474FF0FF30704739
:10F61000C859012038B5054D286830B10468FCF799
:10F6200029F92C602046002CF8D138BDCC59012096
:10F63000014B1B681B681847C859012070B5FBF7C0
:10F640009DFC104B1C68C4B10F4D2E4601E0246890
:10F650009CB12B681B6898476368A268C01A9042E7
:10F66000F5D333681B689847E3686060002BEED0E1
:10F67000206998472468002CEBD1BDE87040FBF767
:10F6800085BC00BFCC590120C859012008B5FDF741
:10F690009FFDFFF7D3FFBDE80840FDF7A7BD00BF02
:10F6A000F8B5B0B1A9B10546142017460E46FCF7CF
:10F6B000F1F8044658B1084B084A1968126801600D
:10F6C000126818609047A5606060E6602761204678
:10F6D000F8BD00242046F8BDCC590120C8590120AE
:10F6E00080B1094B1A68904201D107E01A461368AD
:10F6F0009842FBD103681360FCF7BCB802681A603B
:10F70000FCF7B8B8704700BFCC59012010B40346CD
:10F710004024012000214FF4006283F86C4083F8FC
:10F720006E00084683F86D109A649A635DF8044B86
:10F73000704700BF38B50C460546FBF71FFCE207D3
:10F7400008D4A30702D5012385F85030FBF71EFC2F
:10F75000002038BD012305F1340085F84030FDF765
:10F7600085FAEEE72DE9F04F044687B01746984634
:10F770000D46109EFBF702FCA36CBB42C0F0AE80AE
:10F78000002E00F08E80284600223946FBF774FDDB
:10F790008146002800F0A580B4F86230002B77D0B5
:10F7A00018F0040841D1C346706800B9606EFCF7D8
:10F7B0003BFB012182460820FBF712FD002800F0E8
:10F7C0009380C5684946B4F8622073882A806B80AC
:10F7D000FBF7FEFF8146808AF8F744F93288002360
:10F7E000A880012AAB71EB7106D1BAF1000F6ED07F
:10F7F000DAF820309B0757D4B9F814204FF4885119
:10F800004846FAF7A9F825F8060F3388012B12D0DD
:10F81000B8F1000F57D194F98530002B55D1FBF783
:10F82000B5FB384607B0BDE8F08F012394F88CB0E3
:10F8300084F88C30B8E7B268002694F86D3002F096
:10F84000F00094F88CE0A16EE0280CBF94F86E00F4
:10F8500094F86C0000931123019050460595CDF863
:10F860000890CDF810E00396FBF710F9B8F1000FFF
:10F8700001D084F88CB00028CDD001462046FCF79A
:10F880007FFDFBF783FB4FF0FF3007B0BDE8F08F43
:10F89000636904F160011868FCF760FEA4F8620077
:10F8A0007EE704F154066EE7D9F814105046FAF7D3
:10F8B00097FD0028A0D1D9F81830054643F0200361
:10F8C000C9F81830A1E70020D3E70020D5E7B068D9
:10F8D000FAF764FD824600288AD18DE76FF00700B1
:10F8E000CBE76FF00200C8E74846FBF729FEB8F106
:10F8F000000FF6D06FF00200BBE700BF2DE9F0412A
:10F900000F4686B00C21054690461C460DEB0100C3
:10F910000C9EFDF703FD95F98510C9B984F002042A
:10F920004246394603ABC4F3400405F13400009469
:10F93000FDF728FB04461EB1314603A8FDF78AFBFC
:10F94000631C03D0204606B0BDE8F0816FF00701CC
:10F950002846FCF715FD4FF0FF30F4E738B50446B4
:10F960000D46FBF70BFB0C22294604F15400FDF772
:10F970004BFC032304F134002373FDF777F9FBF705
:10F9800005FB002038BD00BF10B50446FBF7F6FAB2
:10F9900003482146FDF77EF9FBF7F8FA002010BD79
:10F9A000705B002010B5054C216829B10348FDF7B4
:10F9B00071F921680029F9D110BD00BF705B0020EA
:10F9C0002DE9F04383B00193002B60D00646002858
:10F9D0005DD00F4601A808211546FBF7D3FD013085
:10F9E00055D0019BDC68A088F8F73CF8019B804665
:10F9F000596988424BD8C0F09480E38823B10198BC
:10FA000083699B0640F1AC80A27801A894F803E0DA
:10FA100008212378647842EA0E2243EA04236A80AC
:10FA20007B80FBF721FE31462846FDF7F7FA0028D8
:10FA30007CD05B4B1C6854B34FF0000801E0246895
:10FA4000FCB1B4F862206B889A42F8D12846FDF7E1
:10FA5000D5FA002846D02B88012BF0D1D4F890108D
:10FA60000029ECD04A68AB689A42E8D10B689E4204
:10FA7000E5D1B8F1000F02D098F84030E3B1A046CC
:10FA8000DDE7B8F1000F02D098F8403043B10A9892
:10FA9000FBF756FD0198FBF753FD03B0BDE8F0837B
:10FAA0003A4608F134000199FDF718FA0130EED01A
:10FAB0000A98FBF745FDF0E719464FF0FF32019831
:10FAC000FBF794FC81460028D9D008F134003A466F
:10FAD0004946FDF703FA0130D1D14846A046FBF76D
:10FAE0002FFDACE704F160094846FDF7A1FA28B9FB
:10FAF00048462946FDF7A8FA0028A0D004F1540989
:10FB00004846FDF795FA0028B3D148463946FDF737
:10FB10009BFA002893D0B4F856207B889A428ED165
:10FB2000A7E7411A01A8FBF79FFD66E72846FDF706
:10FB300065FA00287FF47DAF194811233A4629461B
:10FB40000068FCF78FFCF0B190F84030002B9ED19C
:10FB50003A4634300199FDF7C1F9013097D0A7E753
:10FB600042464FF48851F9F7F7FE2B8805F1080259
:10FB700007F10801012B0CBF04231023F9F704FF40
:10FB8000002884D140E70198FBF7DAFC2B88012B91
:10FB900083D1032230460A9B1146FAF731FA7CE7FB
:10FBA000705B0020002A18BF002B41D000293FD0F5
:10FBB00001382DE9F041082806D8DFE800F00730C9
:10FBC0003333303005053600BDE8F0816FF00707AC
:10FBD00018480468002CF7D015468846DE6802E015
:10FBE0002468002CF0D0294604F15400FDF72CFACB
:10FBF0000028F5D0B4F8562073889A42F0D1B4F8B2
:10FC0000622033889A42EBD1414604F16000FDF74F
:10FC10001BFA0028E4D084F88570BDE8F0816FF00D
:10FC20001707D5E76FF01107D2E76FF00807CFE7A6
:10FC3000704700BF705B002090F8A23090F8A320BE
:10FC40009A4202D90344987E70474FF0FF307047C4
:10FC5000704700BFB0F8303193B190F82F31882B46
:10FC60000BD8C21810B45C1C012380F82F41184631
:10FC700082F8A5105DF8044B704701220023027141
:10FC80001846704738B50546B0F8300190B195F880
:10FC90002F311446C3F1890294420CD805F1A50016
:10FCA0002246184400F024FA95F82F3120461C44CF
:10FCB00085F82F4138BD144601222A71EEE700BFB6
:10FCC000704700BF2DE9F04F8346404883B01525AB
:10FCD000DBF814A09BF818609BF819300AEB0616A5
:10FCE0003B490AEB0313DFF8ECE0367A0C4693F855
:10FCF00028303601DFF8E0901B01871950F80680A4
:10FD000000EB030CC658F8687B68DCF80C700093B5
:10FD10001D60C8F88400D8F80430DCF804200343E0
:10FD20000192C8F804301560C6F8847073683B43CC
:10FD300073600968DEF80030A9FB0332920C02EB15
:10FD40008202520023685B1A9A42FBD8204A092596
:10FD5000DFF884C09146D8F80830184202D0B36862
:10FD60001F4231D1C6F888701468DEF80010ACFB71
:10FD70000131890C01EB810113681B1B9942FBD8EF
:10FD8000C6F88470D9F80040DEF80010ACFB0131F1
:10FD9000890C01EB810113681B1B9942FBD8013DC3
:10FDA000D9D128469BF81830009A0AEB0313DB6878
:10FDB00013609BF81930019A0AEB031ADAF82C3019
:10FDC000136003B0BDE8F08F0120EBE71C080020B2
:10FDD000041000E0D04E002083DE1B430D49026971
:10FDE00010B50C6805E0DB0107D40B681B1B102B5A
:10FDF00008D8536913F0007FF5D14FF4FE4301207A
:10FE0000536110BD0446FFF75DFF0028F9D0226959
:10FE1000F3E700BF306601202DE9F04790F82FA1ED
:10FE2000BAF1000F02D10420BDE8F08705460E4666
:10FE3000FFF7D4FF0028F6D02E4F00244FF40079AE
:10FE4000D7F80080544529691AD8CB6D03F0070311
:10FE5000032B09D914E095F8A5200133012442F4BD
:10FE60008062042B0A660BD02A19002CF3D0A2451D
:10FE700027D9013392F8A5200134042B0A66F3D167
:10FE80004B69180522D45A0527D4980404D43A683B
:10FE9000C8EB0202322A09D90B694FF40072042020
:10FEA00043F440730B610A66BDE8F087544505D9F9
:10FEB000CA6D520702D19B0519D4C6B102F0EEFFFC
:10FEC000C0E70EB1C1F860900134D9E70B69042096
:10FED00043F440730B61BDE8F0870B694FF4007287
:10FEE000022043F440730B610A66BDE8F0870020EE
:10FEF000BDE8F087306601202DE9F84F0C46154625
:10FF000098468146FFF76AFF10B90420BDE8F88FD4
:10FF100000226300002D40F2014A1446DBB23D4E40
:10FF200008BF0125022C43EA0A0AD6F800B089F876
:10FF3000A22089F8A32048D9D9F8103099F8A32035
:10FF4000872A12D8D96DC1F3024111B90DE0882A70
:10FF50000BD002F1010E09EB020001395FFA8EF2BB
:10FF600089F8A3201F6F8776F1D15A6910054CD408
:10FF700012F4105F04D13168CBEB0101322912D9A0
:10FF80001A694FF4007142F440721A611966DA6D11
:10FF900012F4E02F03D01A6942F400721A6199F842
:10FFA000A300BDE8F88F99F8A310A94209D3022C49
:10FFB00007D9D96D490704D19205E8D4B8F1000FEB
:10FFC000E5D002F06BFF022CB6D8D9F81020D36D23
:10FFD00003F00703032B0DD8691E4FF4007041F4A2
:10FFE00080714CB9C2F860A0013B0134032B01D8E9
:10FFF000022CF6D91346A1E7012C04D0B8F1000F6A
:02000004600496
:10000000F2D01066F0E71166EEE71A6942F440722A
:100010001A61BCE730660120036970B5D3F814514A
:10002000044615F4706201D0C3F81421AE070BD555
:10003000D3F87011080442D50022012084F8A220D0
:10004000224484F8A3009176EA0710D594F8306131
:1000500016B394F82E6194F82F21B2422BD9721C5A
:10006000264484F82E2196F8A520C3F86021AB051C
:1000700011D594F8A30018B1D4F83C3103B19847D6
:10008000002384F8A23084F8A33084F82E3184F859
:100090002F3184F8303170BDD4F838210AB190473F
:1000A00023690122002184F8302194F82F2184F85B
:1000B0002E11B242D3D80022C3F86021D7E794F8BA
:1000C000A320872AC0D8501CC0B2B9E70148FFF767
:1000D000A3BF00BF684F00200148FFF79DBF00BFCE
:1000E000A85000200148FFF797BF00BFE85100204B
:1000F000844641EA000313F003036DD1403A41D333
:1001000051F8043B40F8043B51F8043B40F8043BF1
:1001100051F8043B40F8043B51F8043B40F8043BE1
:1001200051F8043B40F8043B51F8043B40F8043BD1
:1001300051F8043B40F8043B51F8043B40F8043BC1
:1001400051F8043B40F8043B51F8043B40F8043BB1
:1001500051F8043B40F8043B51F8043B40F8043BA1
:1001600051F8043B40F8043B51F8043B40F8043B91
:1001700051F8043B40F8043B51F8043B40F8043B81
:10018000403ABDD2303211D351F8043B40F8043B21
:1001900051F8043B40F8043B51F8043B40F8043B61
:1001A00051F8043B40F8043B103AEDD20C3205D331
:1001B00051F8043B40F8043B043AF9D2043208D029
:1001C000D2071CBF11F8013B00F8013B01D30B889B
:1001D00003806046704700BF082A13D38B078DD079
:1001E00010F003038AD0C3F10403D21ADB071CBF4B
:1001F00011F8013B00F8013B80D331F8023B20F8B5
:10020000023B7BE7043AD9D3013A11F8013B00F8ED
:10021000013BF9D20B7803704B7843708B78837075
:10022000604670472A2817D8F8B51D4F05463B7819
:10023000A3B91C4B5B5DFF2B21D01C0621D41A4CAB
:100240002360236AD80704D402F028FE236AD90762
:10025000FAD5154B586AF8BD00207047124C134E62
:1002600001E002F01BFEA36C1B06FAD4B36C13F082
:100270008003F6D13B700B4B5B5DFF2BDDD1002083
:10028000F8BD03F07F03094C2360236ADA0704D426
:1002900002F004FE236ADB07FAD5044B586AF8BD66
:1002A0006D660120880C002000400C4000800C404E
:1002B000964A974B90422DE9F043964CD3F814E0C0
:1002C0009969E6681CD9944B984240F21581934B8A
:1002D00040F22765924F0344924C1A0AA7FB023260
:1002E000D30903EB830303EB830202F2E243AB4245
:1002F00028BF2B46A3F54873A4FB0335ED0804E0A3
:10030000894DA84294BF06250E25814A06F01F0795
:10031000D2F88030AF4243F0C003C2F880300AD236
:100320007C4B26F01F061A462E43DE601368002B16
:10033000FCDA06F01F071EF0007331D17B4C7C4ABB
:10034000D4F810C014460CEA0202A2420ABF4FF0D1
:10035000C0534FF4805200228EEA030414F0605F11
:1003600008D02EF0605E03F06053694C43EA0E0E35
:10037000C4F814E081EA020313F4405F08D0644B30
:1003800021F4405111431A469961936C1C07FCD427
:100390004EF0007E5E4AC2F814E0936C9906FCD4DD
:1003A0000121644C0A4601FB02F300FB03F3A34264
:1003B00009D8072A00F29580013201FB02F300FB05
:1003C00003F3A342F5D95C485C4C1844A4FB00033A
:1003D0001B0D6C2B00F28B80352B00F28F80DFF829
:1003E000888136235648DFF844C1564CDCF800902B
:1003F000B0FBF2F009EA04044445B0FBF1F00BD085
:1004000043F400534FF480586446CCF80080CCF895
:1004100000302368002BFCDADFF8F4C0013ADCF886
:10042000103003F00703934207D002F0070264463E
:10043000CCF81020A36CDB03FCD4013989028EEACE
:10044000010313F4E05F0CD0314B2EF4E05E01F4B5
:10045000E0511A4641EA0E0EC3F814E0936C990776
:10046000FCD4394B39490344DB09A1FB0331090BA7
:10047000042928BF04214B1E1B028EEA030212F43A
:10048000407F07D02EF4407E03F44073204A43EAB5
:100490000E0353611E4B5C691A4624F000745C61C4
:1004A000936C9B06FCD42A4B4FF0FF32294CBD4283
:1004B000A3FB00E320604FEA9343274CB2FBF3F326
:1004C000B0FBF1F1254A2160136008D2114B26F0F0
:1004D0001F061A462E43DE601368002BFCDABDE8C7
:1004E000F08304293FF66FAF013101225BE7DFF8AB
:1004F0007C806C231A4876E7122506E71948DFF856
:10050000708000FB03F043EA08086CE700A4781F42
:1005100000C00F40000008400046C32300BA3CDC86
:1005200023B24C001F85EB5100366E0100800D4058
:1005300040300080FFB19F26808D5B00819F5E165A
:1005400000B29F267F3001807FD1F0089F10E50028
:1005500083DE1B43D04E0020CC4E00207063012070
:1005600000643F4D001BB700362000806C200080E7
:1005700000200080002857D001222DE9F04F85B0DF
:1005800083462A4C2A4D2B4EDDE9028954E8003F70
:100590002868336844E800210029F7D1264FCDE9C7
:1005A00002893A68D31A254A4FF47A7E0197126875
:1005B0000127A3FB02234FF47A72984600238B4253
:1005C00008BF42452CBFC246F2460EFB00AA54E8C3
:1005D000003F2A68316844E80073002BF7D1019886
:1005E0000068411A15484FF47A7E00680EFB02F24B
:1005F000A1FB00014FF47A70CAEB02028846002189
:10060000994208BF40452CBF434673461A44724581
:1006100007D3BBF1010B0AF57A7AD8D105B0BDE852
:10062000F08F02F03BFCD2E7704700BF0C6801205E
:10063000306601202C660120041000E07063012068
:100640000001054B1A5819189268CB681A4214BF5A
:1006500001200020704700BF1C080020362801D868
:10066000FFF7EEBF0020704736281CD800011A4A59
:10067000012902EB0003105810B415D0042913D03F
:10068000DC68426822EA040242609A68E9B1022901
:100690001ED003295B685DF8044B0CBF0F4910495D
:1006A000116015221A607047DA680129446842EA2D
:1006B000040242609A6808D040F6380111605B6815
:1006C00015225DF8044B1A60704738211160F6E777
:1006D00004491160F3E700BF1C0800203830010016
:1006E0003800010038F00100F0B4144B0021144C24
:1006F00001201A460F46C3F8F0421D46114E124C17
:10070000C3F8F412C2F8B800C2F8A070C2F8A4602E
:10071000C2F8B00053690949DB07FBD5686123784B
:10072000DB07EFD40B680A4643F001030B60136844
:10073000DB07FCD462B6F0BC704700BF00802A40E3
:100740000504012401000F0000812A4070B40E4E00
:100750004FF6FF750D4CA4F58053002202E09C4239
:1007600082B204D933F8021B501CA942F7D104F518
:10077000805426F8022FB4F1C14FECD1044B012272
:100780001A7070BC704700BF7263012000107C605B
:1007900073660120F8B541F2BB03984201D9FF20EE
:1007A000F8BD184B05461B7843B3AC081649174BE8
:1007B00005F00300A4FB0167154EA1FB0421E21B19
:1007C000651A07EB520201EB550552096D09C2EBA0
:1007D000821240EA8505A21A134436F812401B0320
:1007E00003EB4404A342DAD2FF2033F8022BD1B248
:1007F0008D4208BF100A9C42F7D8F8BDFFF7A6FF4C
:10080000D3E700BF7366012005411004C00706004E
:1008100074630120F8B50E46154672B6314A0024BD
:10082000314F022340F206414FF4702E97610127A9
:10083000D36120F01F03C2F8A040C2F8F0124119A2
:10084000C2F8F442C2F8F842C2F8FC42C2F8A4E08E
:10085000C2F8B070BFF34F8F244A1360203399421F
:10086000FBD8BFF34F8FBFF36F8F1E494B691D4AF3
:10087000DC07FBD5ABB201211D4C20F07F4043F4D7
:10088000702342F201275161C2F8F0421446C2F8C7
:10089000F472C2F8BC10C2F8A000C2F8A430C2F8CA
:1008A000B01001E05B060AD463690E4A13F001013F
:1008B000F8D041235361BDE8F840FFF715BF082D7C
:1008C0004FF0080206D9083D31460A481644FFF7A2
:1008D0000FFC00E015B940236361E5E72A460D46A9
:1008E000F2E700BF00802A40F05AF05A5CEF00E0C7
:1008F0003204180880812A40F0B472B6224A0024DB
:10090000224D0221224B40F2064795614FF470269A
:1009100003400125D161C2F8F07203F58051C2F89D
:10092000F442C2F8F842C2F8FC42C2F8A040C2F851
:10093000A460C2F8B050BFF34F8F164A1360203343
:100940009942FBD8BFF34F8FBFF36F8F0E494B69AE
:100950000D4ADC07FBD5104B0124104E4FF47025D7
:10096000034011465461C2F8F062C2F8A030C2F8E8
:10097000A450C2F8B0404B69034ADB07FBD5012302
:10098000F0BC5361FFF7B0BE00802A40F05AF05A25
:1009900000F0FFFF5CEF00E000F0FF00200418080B
:1009A00041F2BB03984268D83E4B2DE9F04F1B78CB
:1009B000C3B08A468146002B6ED04FEA99023A4B6B
:1009C00009F00300394DA3FB0213DFF8E480D71AC6
:1009D00003EB57077F09C7EB8713B946D71A40EADD
:1009E00089093D4438F817402D0305EB4400854242
:1009F00055D22B46FF2633F8022BD1B2894508BFCA
:100A0000160A9842F7D8B24534D0B4F5006F35D302
:100A100002AE4FF48072FF21304603F09BFA05F5D9
:100A200080502A4632F8023BD9B290424FEA132353
:100A30007354F7D80024284606F809A00DF1070BD7
:100A40002646FFF759FF1BF8013F05EB460002223F
:100A50000DF10601FF2B44EA032304F1010404D045
:100A60000136ADF80630FFF7D5FEB4F5807FEAD148
:100A700028F8176043B0BDE8F08F704749EA0A29AB
:100A8000022202A90134ADF80890FFF7C3FE28F84E
:100A9000174043B0BDE8F08FFFF758FE8DE7FF2603
:100AA000B1E700BF7366012005411004C0070600CE
:100AB0007463012062B170B505461446084615F806
:100AC000011B461CFFF76CFF013C3046F7D170BD9F
:100AD000704700BF72B6EFF30583494D6B60EFF3CB
:100AE0000883484C2E4648484849494A24680068CB
:100AF000096812682961AC60E8606A619A69454CCE
:100B0000AA61DB69444FEB6100F0D8F885ED080A73
:100B100002F0C0FB0B234FF0FF32686219462B60D6
:100B20004A40202102F00103013904FB03F383EA68
:100B30005202F7D1BE4202D056F8041FF0E7304906
:100B40008A62BFF34F8F354B354A19601A60BFF385
:100B50004F8FBFF36F8F334A0225334CD36E334927
:100B600043F440533248D3662560D36923F07F03B2
:100B700043F04003D3610B6883423ED82A4A0021E8
:100B800001202C4E11604FF0FF33C2F808110C46C3
:100B9000C2F800611546C2F808010746DFF8C0E058
:100BA000254E26482649274ACEF800303360036098
:100BB0000B60136001E000F065F9D5F80C211A4BC9
:100BC000002AF8D00134C5F80C714F2CF3D91E4A15
:100BD00002241E484FF00041C0F840415163D3F851
:100BE0000C2132B91A491B4A0A63D3F80C010028B8
:100BF000FAD0194B194A1A60FEE7FFF759FBBDE717
:100C000080FF272028ED00E02CED00E034ED00E02F
:100C100038ED00E02083B8EDA4FF272070EF00E05E
:100C2000A0FF272000C00F4000400840D04E002009
:100C3000803DCD0B009F240084E100E088E100E0CE
:100C40008CE100E090E100E000900D4000002E40BB
:100C500000800F40F100AD0B0CED00E00400FA0540
:100C600080E100E0094A08B5136820B1184408493A
:100C7000884202D81060184608BD02F065FD0C22BB
:100C80004FF0FF330260184608BD00BFA05300209C
:100C900000002820002070474FF0FF30704700BF51
:100CA0004FF4005300204B60704700BF0120704795
:100CB0004FF0FF30704700BFFFF70CBF12490B68C1
:100CC000114A5B07FBD513681049C3F30B23104A85
:100CD00007EE903A0B6892ED006AB8EEE77A07EEFD
:100CE000903A0C4AF8EE677A0B4BD2ED006A77EE39
:100CF000677A93ED007AB8EE477A67EE867A87EEE8
:100D0000A60A37EE400A704780810D4060630120DB
:100D1000686301206C63012064630120836BF0B47D
:100D20001BB1536843F40043536072B6446B5CB329
:100D30001C4B2260D3F8B0410C4215D11A4E3768D3
:100D400004E03468E41BB4F5166F0BD2D3F84041CD
:100D500044F48044C3F84041D3F8B851D3F840413B
:100D60006404EED50D4003D0426362B6F0BC704718
:100D70000C4C8260C560D4F8B0311943C4F8B0118E
:100D8000426362B6F0BC7047064D8260C460D5F81D
:100D9000B0311943C5F8B0110263426362B6F0BCCA
:100DA000704700BF00002E40041000E070B50646FA
:100DB000006B90B10246002403E012680134012A5E
:100DC0000CD0536813F08003F7D032632CB1B36BAF
:100DD00005689847013C2846F9D170BD33637363B9
:100DE000F4E700BFF0B5E1B9214C22490020224BC5
:100DF00001224FF0011580260A601A46A1604E605C
:100E0000E060C3F8BC51D3F8B0411C4D44F001047C
:100E10008860C3F8B0412860D2F8B031002BFBD114
:100E2000F0BD0904164B144D0126114C41F0800110
:100E300000221E60596000F5805CE26400F5005EEF
:100E4000A36400F54057D5F8B01100F580462A4656
:100E5000986041F48031C3F80CC0C3F810E05F61C2
:100E60009E61C5F8B011D2F8B031002BFBD1BCE7C0
:100E700000000020C066012000002E40C45D01205B
:100E8000A06601202DE9F04FB94C83B0D4F844811D
:100E900018F0010FC4F844815ED0D4F8AC31002BB7
:100EA00055D04FF0011BDFF8EC92B24E2546DA46E2
:100EB000C4F8AC31B06AF26AD4F8403143F400535C
:100EC000C4F84031D4F840319F04F5D5D5F840310D
:100ED00023F40053C5F84031C5F8B4A1D4F8B431B7
:100EE00013F00113FAD181B240F28167C9F80030E2
:100EF000B94200F2AD80B1F5D06F80F0DE81B1F57E
:100F0000817F00F0608100F2E880802900F04E814E
:100F1000822940F0DA8092B202F07F01072900F2C4
:100F2000D48089009448954F0844016810063B70AE
:100F30007B7040F10182CA0301D501233B7002217D
:100F40008E48FFF74FFFD4F8AC31002BB0D1884A60
:100F5000D2F8BC31002B49D118F0400F18D0844B87
:100F6000D3F8AC111A46C3F8AC11D3F8BC11C3F8CE
:100F7000BC11D2F8B0417E4B002CFAD14FF0FF32B9
:100F8000C3F8B421D3F8843100F01EFD7C4B1C6003
:100F900018F0807F03D07B4B1B6803B1984718F093
:100FA000007F03D0784B1B6803B1984718F0040FFB
:100FB00008D06F4BD3F8843113F4007345D0734BD2
:100FC00001221A706A4BD3F8482112060BD518F08B
:100FD000800F08D06E490A782AB1013AD2B20A705D
:100FE000002A00F0428203B0BDE8F08F6949C2F8E0
:100FF000BC310868034240F0E281614A15681D4037
:10100000AAD02F0C0FD05B4E4FF0010997FAA7F42E
:10101000B4FA84F406EBC41009FA04F44030FFF784
:10102000C5FEA743F2D1ADB2002D95D0514E012798
:1010300095FAA5F4B4FA84F406EBC41007FA04F4A4
:10104000FFF7B4FEA543F3D186E7504A1370B9E722
:1010500042F22107B94234D067D8B1F5086F00F0E9
:101060001E81B1F5106F30D1C0F307404A4A4B4999
:1010700010704B4F4B4A0193C5F8C871C5F8CC119D
:10108000C5F8D02100F0A2FC474A019B8021012035
:10109000B26451601060F364C5F8BCB1D5F8B0110A
:1010A000936041F48032C5F8B0213A4A1360D4F815
:1010B000B031002BFBD1D4F8AC31002B7FF4F8AE6B
:1010C00045E7110C072900F03B81C4F8C0B1D4F802
:1010D000AC31002B7FF4ECAE39E740F20237B94275
:1010E00000F0AD80B1F5A06FEFD12F4A802101272C
:1010F000F364B26417605160C5F8BCB1D5F8B011A3
:10110000936041F48033C5F8B031D4F8B031002B8E
:10111000FBD1030C5B0643F08073C5F85431D4F85F
:10112000AC31002B7FF4C4AE11E742F22123994287
:1011300079D042F221339942C7D11B4B8022002142
:101140000120B36418605A60F164C4F8BCB1D4F8EB
:10115000B021996042F48033C4F8B031D4F8B03192
:10116000002BFBD1D4F8AC31002B7FF4A1AEEEE61E
:1011700000002E4000000020C0012E40246301200A
:10118000C85D0120386601203C6601208766012089
:1011900088660120C45D012086660120C800020027
:1011A0000200CC000200C800C0660120B64A02213D
:1011B000104613705370FFF715FED4F8AC31002BB6
:1011C0007FF476AEC3E692B202F07F03072B3FF6C0
:1011D0007CAF12F0800F4FEA8303AC4A4FF000015E
:1011E0004FF001001A44136814BF23F4803323F036
:1011F000010313608022A64BF164B36418605A6047
:10120000C4F8BCB1D4F8B021996042F48033C4F87A
:10121000B031D4F8B031002BFBD1D4F8AC31002B75
:101220007FF446AE93E692B2002A86D1994BC0F382
:101230000740994A1968994B116018707DE792B27E
:1012400002F07F03072B3FF640AF12F0800F4FEA0A
:1012500083038E4A4FF000014FF001001A441368D7
:1012600014BF43F4803343F0010313608022884BA2
:10127000F164B36418605A60C4F8BCB1D4F8B0210A
:10128000996042F48033C4F8B031D4F8B031002B07
:10129000FBD1D4F8AC31002B7FF40AAE57E6804A7C
:1012A0000121794B127818461A70FFF79BFDD4F88C
:1012B000AC31002B7FF4FCAD49E67A4B596800292C
:1012C0003FF403AF000C1FFA82FE04E00C335968B0
:1012D00000293FF4FAAE1F888742F7D15F8877452F
:1012E000F4D1070A032F00F0BA801B89120C934235
:1012F00028BF1346B0F5007F00F0A280B0F5E06F84
:1013000000F08B80684F1A4601933846FEF7F0FED6
:10131000019B27F01F021F44BFF34F8F63490A60F0
:1013200020329742FAD8BFF34F8FBFF36F8F5E48DA
:101330001946FFF757FD06E6CB077FF500AEFCE543
:101340005B4F4FF0010EF3605A495B4B3860C3F8B6
:1013500000E05960B3605949D5F8B0017A6001F5F1
:10136000805740EA0E02996001F5005E01F5405099
:1013700001F58041C5F8B021DF60C3F810E0586185
:101380009961D4F8B031002BFBD1414A012048F2D9
:101390008001F36410604FF48030B2645160C5F88E
:1013A000BCB1D5F8B011936041EA0003C5F8B03183
:1013B000C9F80000D4F8B031002BFBD1C3E53C489C
:1013C00042F22104002605880E60A54240687FF4A1
:1013D00014AE81B200297FF410AE3849384C03C9ED
:1013E0000D0C86282060A180A5717FF406AE72B630
:1013F0003448017841F004010170D2F84811080620
:1014000006D441F080018020C2F84401C2F848119E
:1014100062B62D4A50211170EFE52C481A46224F32
:1014200090F800E02A492B480193BEF1000F08BF55
:1014300001463846FEF75CFE0722019B7A7068E79A
:1014400022481A462349077821480193002F08BFF4
:1014500001461548FEF74CFE134F019B59E7120C4D
:101460000B78934228BF134648E716490A7802F0E2
:10147000FB020A702AB9D3F8482122F08002C3F88F
:10148000482108F0EDFE00BF24630120C0012E407A
:10149000C066012030660120286801208566012091
:1014A00086660120004A00202000202070EF00E026
:1014B000808A002080000700A0660120BC5D01201A
:1014C000206801207E660120886601208766012051
:1014D0005CF70260A8F70260002AA0F102022DE981
:1014E000F04714BF00274FF00057022A01D9BDE88A
:1014F000F0874FEAC019DFF840A00D4604460AEB1A
:101500000906002140229846304602F023FD0120C2
:1015100047EA05414AF80910C6F83880B060B8F1CA
:10152000000FE4D0034BA0401C6820431860BDE8C6
:10153000F08700BFC85D012000000020002AA0F154
:1015400002022DE9F04714BF00274FF00057022A8E
:1015500001D9BDE8F0874022C501DFF844908846F4
:101560001544002104461E4609EB050A504602F0C8
:10157000F1FC012247EA084149F80510CAF8386031
:10158000CAF80820002EE4D004F11000034B82407A
:10159000186802431A60BDE8F08700BFC85D0120EB
:1015A0000000002012048160C36142F08002F0B4A8
:1015B0004260012701F5805601F5005501F54054C0
:1015C00001F580420760C660056144618261F0BC3C
:1015D000704700BF831E022B00D97047064B0A4696
:1015E00030B400F11004012503EBC01005FA04F13A
:1015F000403030BCFFF792BB00000020831E022B5E
:1016000000D9704710B4054B01240A4604FA00F1D2
:1016100003EBC0105DF8044BFFF780BB0000002017
:1016200040687047124A134BD2F8200220F07F40E6
:10163000984210B584B002D800EB800040000E4CF8
:1016400001A90A2201F0A2FC01A90023204611F8F9
:10165000012B01333AB10A2B20F8022FF7D11623C0
:10166000237004B010BD5B00DBB2237004B010BD6A
:1016700000441F407F969800245C0020F8B5144970
:101680004FF40037134D034601EB4024124E134A2A
:1016900005EB40152146176028463288FFF782FF88
:1016A000318824F01F032144BFF34F8F0C4A13608D
:1016B00020339942FBD8BFF34F8FBFF36F8F0320C6
:1016C0002946FFF79BFF074B4FF400321A60F8BD25
:1016D00080002020008900205A6601208CE100E073
:1016E0005CEF00E00CE100E0244A43682DE9F041A2
:1016F000C3F30E431488C569E41A002C38DD204971
:10170000204A0B781278DBB21F48204E934207D054
:1017100010F8038036F81870C7F50072944212D999
:10172000013300221A4F082B26F8154027F8152000
:10173000184E94BFDAB213460A703268C554144486
:101740003460BDE8F081144B07EB48202246274463
:1017500003EB45211844FEF7CBFC0E4A284626F839
:10176000187013681C441460BDE8F041FFF786BF91
:101770002846BDE8F041FFF781BF00BF5A6601204F
:101780007C6601207D6601205463012034630120C2
:101790004463012030630120800020201E4B1A7812
:1017A0005AB902F0FF031D4A127832B12DE9F04117
:1017B0001B4D2A8812B9BDE8F0817047194EC2F559
:1017C0000068194F31784246184C07EB411704EB7B
:1017D000C12438462146FFF7E5FE08EB040224F059
:1017E0001F01BFF34F8F124B196020318A42FBD883
:1017F000BFF34F8FBFF36F8F04203946FFF7EAFE28
:101800003378084A0133DBB2032B88BF00231370FF
:1018100000232B80BDE8F0818466012086660120CC
:101820005E66012083660120008A0020801020204F
:1018300070EF00E02DE9F04F85B002900091002993
:1018400000F0AB800023564DDFF87481DFF860A113
:10185000544FDFF870B101930122534B2A701C786A
:10186000524AB8F8003002EB441923BB1E461C460E
:101870004846FFF7D5FE10F080007ED0BFF34F8FB3
:1018800000229AF800304A492A7004B93E68002BB9
:101890005AD13B689B1B782B79D89BF80030002BE2
:1018A00052D001F0FBFA0124B8F800302C70002B64
:1018B000DED03D4A14781A46C3F50060E402009E6B
:1018C0003C4920449642084442D30C440299FEF716
:1018D0000FFC002321464FF400624846FFF762FEEA
:1018E00024F01F0304F50064BFF34F8F324A1360E6
:1018F00020339C42FAD8BFF34F8FBFF36F8F042081
:101900004946FFF767FE284B274A1B7800980133AA
:101910002A49DBB2032B88BF002313700022B8F8DA
:101920000030A8F80020C01A0090019818440190D7
:10193000029818440290C1F88420BFF34F8F00230F
:101940002B70009B002B87D1019805B0BDE8F08F6C
:10195000009C0393019B2246029923440193FEF7C6
:10196000C7FB039B4FF04041144A00201B1B009013
:10197000A8F80030C2F88410DFE74FF400630A4A89
:101980008AF8000014781A46A8F8003096E7012378
:1019900001980B7005B0BDE8F08F0098D5E700BF47
:1019A000846601203066012083660120008A0020C1
:1019B000826601208010202070EF00E000002E40A1
:1019C0005E66012086660120704700BF314B2DE91D
:1019D000F0411B78304F002B54D04FF40073DFF8E8
:1019E000EC803B80A8F80030002180222B480D4677
:1019F0002B4E02F0AFFA2B4C2B4B29464FF4807242
:101A00002A4825702C461D8002F0A4FA35602B462A
:101A100075602A46B560F5602549264E2648DFF8F0
:101A2000B0E00D7010210570022035607560B56062
:101A3000F560CEF80050FFF781FDB8F800102A4697
:101A40001E4B0320FFF748FD2B4639880122042056
:101A5000FFF774FD20460134FFF710FE082CF9D182
:101A6000174B4A2217480021174C0460C3F8841012
:101A7000C3F88020D3F8482142F08072C3F848218F
:101A8000BDE8F0814023DFF844803B80A8F80030B7
:101A9000AAE700BF8766012060660120008A002057
:101AA00034630120836601205E66012000890020E6
:101AB0007C660120446301207D660120E91E01004F
:101AC00000002E40386601209D1F01005A6601204B
:101AD00030630120314B4FF400322DE9F04F1A6092
:101AE00083B02F4B89461C78002953D02D4BE4B28C
:101AF0001B789C4250D082460027DFF8C0B00134EA
:101B0000294BC7EB09085046092C0193274B28BFE6
:101B100000241D5D244B33F815E0254B0EEB4521C9
:101B200033F81560234BCEEB06061944B045324618
:101B3000374419D20EEB452142461944FEF7D8FA34
:101B4000019BDBF80010484633F81520C8EB010173
:101B50009044CBF8001023F81580174B4FF4003257
:101B60001A6003B0BDE8F08FFEF7C2FADBF8002080
:101B7000E3B22846921BB244CBF80020084A137007
:101B8000FFF77CFDB94503D9064B1B789C42B6D1C3
:101B90003846E2E70846E0E70020DEE78CE100E0B7
:101BA0007D6601207C66012044630120546301208E
:101BB00034630120800020200CE100E0306301202C
:101BC0000B4B0C4A1B781278DBB293420DD00133D9
:101BD00009480A4A092B0A4928BF0023C35C31F887
:101BE000131002EB4323585C70474FF0FF307047EF
:101BF0007D6601207C660120546301208000202046
:101C000044630120034B10B51C680CB901F046F980
:101C1000204610BD306301202DE9F84F154E164DBA
:101C200034782B78E4B29C4221D0DFF85490DFF86E
:101C300054B0DFF85480114F0134082C5FFA84FA55
:101C400001D90024A24619F80410DBF8002038F866
:101C50001130084637F811105B1AD31ACBF8003050
:101C6000FFF70CFD86F800A02B789C42E4D1BDE87C
:101C7000F88F00BF7D6601207C660120446301204F
:101C800054630120306301203463012000B583B028
:101C900001210DF10700FFF71DFF20B19DF807009E
:101CA00003B05DF804FB4FF0FF30F9E7094B00B5D6
:101CB00083B01B788DF8070023B903F0FF0003B051
:101CC0005DF804FB01210DF10700FFF7B3FD03B040
:101CD0005DF804FB86660120044B1B7803F0FF02CD
:101CE0000BB1FFF7A7BD1046704700BF8666012005
:101CF0002DE9F0410024DFF8448001230D4D2746F3
:101D00000D4E88F80030337828462035A34204F180
:101D1000010405D0FFF784FC030658BF07F50067F0
:101D2000042CF0D1BFF34F8F0023384688F80030E1
:101D3000BDE8F081008A00208366012084660120CE
:101D40002DE9F843204B1B7813B1204D2A880AB99E
:101D5000BDE8F883DFF88880C2F500691C4E4FF0BB
:101D6000010E98F800104A461A4C002306EB411663
:101D7000194F04EBC124304687F800E02146FFF7F5
:101D800011FC09EB040224F01F01BFF34F8F134B2A
:101D9000196020318A42FBD8BFF34F8FBFF36F8F9A
:101DA00004203146FFF716FC98F800300C4A013346
:101DB000DBB2032B88BF0023137000232B80BFF3FB
:101DC0004F8F3B70BDE8F883866601205E66012078
:101DD000008A0020801020208466012070EF00E03F
:101DE0008366012070B5EFF3108172B60C4C236846
:101DF0008BB10C4E00255A6922607AB1956101B908
:101E000062B65D7718469B689847EFF3108172B60B
:101E10002368002BEFD101B962B670BD3260EEE7E6
:101E20004459012040590120FFF7DCBF044A054B0B
:101E30001168054A1960136801331360704700BFC9
:101E4000041000E02C66012030660120B0F8463016
:101E5000B0F848209BB292B2934202D2501EC01AF0
:101E60007047406B01381044C01A704772B6B0F822
:101E70004A30B0F84C2099B293B2994201D2826BA9
:101E800011440269CB1AD06AC0F30260184462B6EA
:101E9000704700BFB0F84A20B0F84C3092B29BB205
:101EA0009A4270B428D00133846BA34217D2016BDD
:101EB0009EB28B4218D2016AC95CC9B2856DA0F886
:101EC0004C60B5B19A4238BF1219D31AC26B934213
:101ED0000FD8C36D0846C5F8883070BC704700261F
:101EE000016B33468B42E6D3591A456A695CC9B225
:101EF000E4E7084670BC704772B6B0F84A1089B281
:101F00008A4202D062B60A46CDE70369DA6A12F065
:101F1000E06F04D0D869C0F3090062B6DDE74FF086
:101F2000FF30FAE790F8443043B110B5044600F0B2
:101F3000B5FF94F84430002BF9D110BD704700BFB5
:101F4000B0F84A20B0F84C3092B29BB29A4210D00E
:101F50000133816B026B8B4228BF0023934204D371
:101F60009B1A426AD05CC0B27047026AD05CC0B2B1
:101F7000704772B6B0F84A1089B28A4201D062B690
:101F8000E6E70369DA6A12F0E06F11D0DB6900213D
:101F9000026AC3F3090310B40124A0F84A40A0F870
:101FA0004C10D9B2517062B618465DF8044B7047B8
:101FB0004FF0FF3362B61846704700BFEFF313804F
:101FC000B8B9EFF310834BB9EFF305823AB94FF488
:101FD0008073EFF3118050B1984208D270470F2AF6
:101FE000F7D9054BD35CEFF311800028F4D11846E4
:101FF00070474FF0FF30F1E7F0E300E007EE901A92
:102000009FEDA47A0421B6EE005AF8EE677A9FEDB0
:10201000A26A2DE9F043C7EE275A0E46012541F684
:10202000FF741DE0A342A8BF234607EE903AF8EEE6
:10203000E76A76EEC76AC6EE877AF5EEC07AF1EE09
:1020400010FA48BFF1EE677AF4EEC67AF1EE10FAB4
:1020500003D8B0EE676A0E461D460131212911D022
:1020600007EE901AF8EEE77A85EEA77A77EE057A12
:10207000FDEEE77A17EE903A002BD3DCF7EE006A1C
:102080000123D6E70021436902F40074D0F83890A8
:10209000B3F85C70B3F85E808C42A0F84A10C7EBCE
:1020A0000907A0F84C1008BF8C46A0F8461018BFCE
:1020B0004FF0010CA0F8481080F84410D3F810E05D
:1020C0005969DEF80040C76344EA0104C8EB09011E
:1020D0000164CEF8004080F81AC040F0CE80047E43
:1020E0006E4903EB04146E4F247E01EB0414A468C4
:1020F0002760047E03EB0414277ED4F81CE001EB78
:1021000007146468C4F800E0047E03EB0414276A33
:102110000FB1646A3C60447ED92703EB041494F841
:10212000384001EB0414A4682760447E03EB0414D8
:1021300094F83870E46B01EB071149680C60417E3C
:1021400003EB01110C6C0CB1496C2160711E5C78C1
:102150005F68082E4FEA01614FF00006D8BF4FF4C8
:10216000003E04F1100401F0F853C8BFB6460169FF
:102170001D434C4B4EEA05050D61CE6043F82470BB
:102180004369012448495D7893F85A30474E6B54AF
:10219000456901696B7803F01F075B11BC4046F885
:1021A00023408B6A9B0803F01C030F2B60D85B1045
:1021B00003F00303DCB28B6A9B0003F01C030F2BBC
:1021C00053D8DB0303F44033234302F00304CB6210
:1021D0008B6A43F088038B6253074BD444F470132B
:1021E00002F00F04042C847E08BF43F0804397065E
:1021F00048BF43F080530CB143F0A00316078B6136
:1022000003D50B6943F000530B614B69D40623F0EF
:10221000805348BF43F080534B61D30503D50B690E
:1022200043F400530B61EB681B78E3B9204E35781B
:1022300065B3204C2368834226D0691E2346C9B269
:1022400004EB810103E053F8042F90421AD08B4233
:10225000F9D16B1CDBB2184A3370137844F82500AF
:1022600043F002031370BDE8F0834FF44033ABE753
:102270000324A0E7114B2343B2E7447E4FF2D90772
:1022800006494AE7BDE8F083BDE8F0830123094C25
:10229000E1E700BF001BB74BEC78AD601C080020E5
:1022A00038F001000060002000E400E000E100E000
:1022B000696601204C590120475C002010003C0059
:1022C00010B4416299B1036B1A44826344690021DE
:1022D000B4F85C30B4F85E40D31AA0F84A10121B70
:1022E000A0F84C10C36302645DF8044B7047026BA6
:1022F0008263EBE78162C36A39B11A440023426307
:10230000A0F84630A0F84830704743630023A0F897
:102310004630A0F848307047F8B5036D04460E46C5
:1023200013B1426DC3F88420A37E33B172B6226923
:10233000936943F00053936162B6B4F84650636BFF
:10234000ADB201359D4249D2AFB2B4F848309BB22C
:10235000AB4220D1FFF732FE6369B3F85A3098429E
:102360002DDC21694B691B02EFD5B4F84830626B54
:102370009BB20133934227D2E26A98B2934228D2A9
:10238000E269D35CDBB2CB61A4F84800B4F8483012
:102390009BB2AB42DED0E36A9D4222D3ED1AF6B285
:1023A000A36A5E5572B60120226984F84400A4F83D
:1023B0004670936943F40003936162B6F8BDFF2849
:1023C000C3DD00F06BFDC0E70020E26A03469342E4
:1023D000D6D39B1AA26AD35CDBB2D4E700273D4672
:1023E000B3E7F6B2E3695E55DCE700BFFFF794BFE1
:1023F0000269536913F4401FF0B542D0D36AC3F3A6
:102400000265002D3AD0B0F84A70B0F84CE0BFB287
:102410001FFA8EFE06E0026AD65402696B1E13F0A4
:10242000FF051AD0D1697B1C866BB0F84C40C1F314
:102430000901B34228BF0023A4B2A342EED0026B2D
:10244000CEB21F469342A3EB0204E4D3436A1E5567
:102450006B1E026913F0FF05E4D1BBB2816DA0F8D9
:102460004A3059B1774573D2836BCEEB03031F44D7
:10247000036C9F4202D3C36DC1F884305369DC0200
:1024800055D4D2F818E01EF4000F02D05369190297
:102490001CD41EF4800F48D053695B0246D500213E
:1024A000036D80F8441013B1416DC3F88810837E2A
:1024B0003BB172B60269936923F00053936162B62F
:1024C0000269936923F480039361F0BDB0F846502C
:1024D000B0F84830ADB29BB29D422DD0466BC46A75
:1024E0000AE0C169C95CC9B2D161D16AC1F30221F4
:1024F000032912D8AB421FD001339E4298BF00235C
:10250000A342A3EB0401ECD3876A795CC9B2D16121
:10251000D16AC1F302210329ECD999B2AB42A0F8E8
:1025200048100CD01EF4800FB6D1F0BDF0BD536939
:1025300043F480135361A4E7ADB2A0F84850936907
:1025400023F400039361936943F480039361A0E74C
:10255000CEEB07078CE700BF0148FFF749BF00BF7C
:10256000044F002070B504460D46C61D00230846E2
:102570000A2214F8041F00F027F92B682E212846A0
:102580001B68984714F8011F00230A22284600F010
:102590001BF9B442F1D1042070BD00BF10B5144C3A
:1025A000236813B1134AD168E9B9636813B1124AB9
:1025B000D168A1B9A36813B1104AD16859B9E368C9
:1025C0003BB10F4AD16829B10121BDE81040D1606B
:1025D000184710BD10BD0121D1609847EFE70121D8
:1025E000D1609847E6E70121D1609847DDE700BF59
:1025F000E088002000410840104108402041084088
:10260000304108400368F0B55BB3002501249D60AC
:10261000DC60214D03241A601D449C601F4C03792B
:102620002D111F4F635523786078FF2BA278E47833
:1026300028BFFF231B4E47F82510834228BF0346BF
:1026400019489342C0F8286228BF1346A34228BF06
:102650002346164C4FF08061154A0120237011600B
:10266000F0BD144F4FF0010C134EFC6EDFF850E03C
:10267000334644F44054114DFC66CEF800C0066069
:102680009C68002CC5D01033AB420360F8D1002306
:1026900003601846F0BD00BF00BFF7BF9C53002089
:1026A000E08800209D2D0100006000207AE400E019
:1026B0000CE100E000C00F400041084040410840EC
:1026C0000040084002680AB3114B12491344F0B5A8
:1026D0001B11FF250024DFF844E0CD540E784D781F
:1026E000FF2E94604EF8234028BFFF268A78C978D1
:1026F000AE423346084F28BF2B46934228BF1346AD
:102700008B4228BF0B463B700460F0BD704700BF92
:1027100000BFF7BF9C5300207AE400E0E08800206F
:10272000F8B50E4671B17AB10746144600253B68EC
:10273000384616F8011B1B689847013C0544F6D142
:102740002846F8BD0846F8BD1046F8BD2DE9F0430F
:102750008C688BB0ECB10025064689462F462B4687
:10276000212201A9484600F05FFB202C2346306857
:1027700028BF202301A9D0F804803046E41A1A4665
:102780001D44C0470744002CE9D138460BB0BDE8D2
:10279000F0832746F9E700BF10B5064C82B0036806
:1027A0000222248801A95B68ADF80440984702B072
:1027B00010BD00BF40050020036810B514465B68DB
:1027C0009847204610BD00BFF0B506468BB0002AE2
:1027D00033D0012A08BF0A2251B3212500E0FDB2FF
:1027E0006F1EB1FBF2F402FB1411C8B2092900F10B
:1027F000370100F1300088BFC8B221460AAC98BF4B
:10280000C0B22C4404F8240C0029E8D133B1013DB6
:102810000AAB2D22EDB22B4403F8242C336801A916
:10282000C5F12202304629445B6898470BB0F0BDE1
:10283000302221258DF82520E8E70368C9B21B68FE
:1028400098470BB0F0BD00BF002903DB00230A222C
:10285000FFF7BABF49422D230A22FFF7B5BF00BFD9
:10286000B4EE400B70B5F1EE10FA05462DED028B7B
:1028700086B080F19180B0EEC07B9FED4B6BB4EEE3
:10288000467BF1EE10FA0ADD036803224E495B68CD
:1028900098470646304606B0BDEC028B70BD9FEDF2
:1028A000447BB4EEC70BF1EE10FA58DC9FED427B8F
:1028B000B4EEC70BF1EE10FA51D4B5EEC00B0C46D6
:1028C000F1EE10FA56D40023002C57D0B6EE008B50
:1028D00000229FED3B7B013228EE078BD1B28C4268
:1028E000F9D830EE080B0A222846FCEEC07BB8EE81
:1028F000678B17EE901A30EE488BFFF765FF0F2CB1
:102900004FF00102B2EE047B4FF02E0328BF0F24DC
:1029100006468DF808301444E4B228EE070B531C29
:1029200006A91144DAB2A242FCEEC06BCDED016AF9
:102930009DF8043006EE903A03F13003B8EEE68BD2
:1029400001F8103C30EE488BE7D12B68284602A9ED
:102950005B689847304606B0BDEC028B70BD2B68B3
:1029600003221A495B6898470646304606B0BDEC1C
:10297000028B70BDB1EE400B0123A5E7B6EE007BE4
:1029800028460A2230EE070BFCEEC07B17EE901AA9
:10299000FFF71AFF06467DE7036803220C495B68D0
:1029A0009847064676E700BFFFFFFFFFFFFFEF7F78
:1029B000000000E0FFFFEF41000000E0FFFFEFC17B
:1029C0009A9999999999B93F944900209049002082
:1029D0008C49002038B5224C224A23685BB1224939
:1029E000013B12680968C2F88C105A1D08BF6FF0CD
:1029F0000203236038BD1C4B1C4D196812682B68FC
:102A0000C2F8881093B11A4AD2ED007AF5EEC07A76
:102A1000F1EE10FA06D99FED177AF4EEC77AF1EECF
:102A200010FA0ADD002223602A6038BD1248FFF741
:102A300049FE124BFF221A7038BDF3EE086ABEEE53
:102A4000007AA7EEA67AFCEEC77A17EE902A102A33
:102A5000E8D90B490848FFF7D5FD2B68E2E700BF2E
:102A6000F85801200C59012010590120F458012078
:102A700014590120ABAA2A4D28530020415C0020A4
:102A8000D5310100362853D8F8B5002A49D002FBC9
:102A900001F23D4BA3FB02239B095B00013300299C
:102AA00043D007EE901ADFED396AF8EE677A86EECA
:102AB000A77A374902018C18676872B6DFF8F0E030
:102AC0009EF80050854234D0362DDFF8E8C0314DF5
:102AD00004D82E68DCF80040C6F888408E18B5EEA1
:102AE000C07A8A5805248EF80000F068F1EE10FADA
:102AF000294EC2F888005168CCF8000041EA000174
:102B000026482A60516033603C6080ED007A06D927
:102B1000DFED237AB4EEE77AF1EE10FA19DD62B652
:102B2000F8BD6FF002030029BBD19FED187AC0E712
:102B300070471A4AD2ED007AF4EE477AF1EE10FAB5
:102B400018D115490A6802F00102013A13440B60DA
:102B5000E5E7F3EE086AFEEE007AE7EE267AFCEE91
:102B6000E77A17EE902A102AD9D90E490E48FFF7B6
:102B700049FDD4E708480D4C016882ED007A01F068
:102B8000010123600160CAE7D34D62100024F448BC
:102B90001C0800200C590120F8580120145901206C
:102BA000ABAA2A4DD531010028530020F45801204A
:102BB000415C002010590120362807D810B572B6A4
:102BC000094C2378834202D062B610BD7047074893
:102BD000FFF778FD064B074AFF211B68126821703A
:102BE000C3F88820F0E700BF415C00202853002094
:102BF0000C59012010590120024A0349034800F0F2
:102C0000D3BB00BFC04E0020D9760000285300205F
:102C1000F0B5194C23680BB31849DD17DFF868E0ED
:102C200083FB0167164E81FB0321DA191944C5EBBA
:102C30002242C5EB214144F2A7150EFB123206FBDE
:102C400001F105FB0213002B0FDA6FF000421A446A
:102C5000B2FBF0F3226000FB1320F0BD094AB2FB87
:102C6000F0F3226000FB1320F0BD1A46B2FBF0F334
:102C7000226000FB1320F0BDFC5801205F0B4E8347
:102C8000ECF4FFFF42CE0C1F1DF30100884206DA70
:102C900010B50446081AFFF7BBFF204410BD70476B
:102CA00010B50446006800F0E9FD204610BD00BFE5
:102CB00038B543688B4201D3012038BD0D46044628
:102CC0000131006801F012FA0028F6D0A36884E808
:102CD0002100002BF0D10370EEE700BFF8B50446E9
:102CE000154632B9036803B11A700023A360204669
:102CF000F8BD0E461146FFF7DBFF074648B92068CE
:102D000010B100F0BBFD2760002320466360A36084
:102D1000F8BDA5603146206801F040FEE7E700BF3E
:102D200038B500230446036043608360037341B1F8
:102D30000D46084601F0A4FE024629462046FFF74C
:102D4000CDFF204638BD00BF38B50C4605460846C5
:102D500001F096FE214602462846BDE83840FFF7BE
:102D6000BDBF00BF10B50023044686B008462360EF
:102D700001A96360A360237300F052FD01A92046FE
:102D8000FFF7E2FF204606B010BD00BF2DE9F84373
:102D90000F46036804461546BB4281680AD85A1894
:102DA000974207D2C3EB07094FF0010835B9204617
:102DB000BDE8F8834FF00008002DF8D04E192046EA
:102DC0003146FFF775FF0028F1D0B8F1000F0ED0A3
:102DD00023682A46A06803EB09011844FDF788F927
:102DE000236800229A55A6602046BDE8F883206833
:102DF0003946A368184401F0D1FDF4E710B5044644
:102E00008A680968FFF7C2FF204610BD38B505463D
:102E100041B10C46084601F033FE024621462846E1
:102E2000FFF7B4FF284638BDBAB170B5B1FA81F4E6
:102E300064097CB986689E420DD9F61A013A0D469E
:102E4000016896422846194428BF1646324601F0CA
:102E500085FEAC5570BD0C7070BD704708B5EFF7BE
:102E60009BF8F2F78BF800F019F8FAE700F0FEBCD7
:102E7000704700BFFEF7D0BEFEF7A2BEFEF706BF4A
:102E8000FEF7C0BEFEF75CBFFEF732BF0846114634
:102E9000FEF722BF0846FEF709BF00BF2DE9F84341
:102EA000324E337893B1324F3A787AB90122D9074A
:102EB0003A7037D49A0719D400225B073A7005D5C7
:102EC0002C4B1A6812B1EFF305820AB1BDE8F88302
:102ED000EFF3108072B61A681AB1274C21780029D6
:102EE0002FD00028F2D162B6BDE8F883DFF89480D5
:102EF00098F80020002ADFD00024DFF88C9005E04D
:102F0000013498F80030E4B2A34213D959F82450A0
:102F10002B6828461B6998470028F1D06B699B688D
:102F20009847EDE7FEF76EFED0B9144B1B781BB93E
:102F30003378BFE73378BFE7337803F0FE033370AD
:102F4000B8E70126556926701D6065B1A96100B911
:102F500062B6002593681046557798472570B5E707
:102F600000F020FAE1E7064B1D60F0E7475C002027
:102F70006A6601203C59012068660120FFF7026063
:102F800048590120696601204C590120F0B44E1EB9
:102F90000025374600E00135B0FBF2F302FB1300D9
:102FA00000F13704092800F13000E4B298BFC4B240
:102FB000184607F8014F002BEDD14A1953704DB157
:102FC000013316F8014F1778E81A3770834202F878
:102FD0000149F5DB0846F0BC704700BFA4484FF03C
:102FE0000F0CA44B826F42F47F02F0B5826700257C
:102FF000D0F880204FF470469F4C4FF4604E294625
:103000004FF4806714432A46C0F88040A3F88C61CF
:1030100048F2B826A3F88EC1A3F89051B3F88801FE
:1030200080B240F0F000A3F8880101EB4100914B21
:103030000131002540011C4604290344A3F804E0A3
:10304000DF805A841A865A805A81DE815A82DA8257
:103050005A83DA83E9D1B4F888014FF00F0C874B1B
:103060004FF4704680B229464FF460472A4640EA42
:103070000C004FF4806EA4F88801B4F8880180B287
:1030800040F47060A4F88801A3F88C6148F2B82677
:10309000A3F88EC1A3F89051B3F8880180B240F034
:1030A000F000A3F8880101EB4100744B01310025C9
:1030B00040011C46042903449F80A3F806E05A847B
:1030C0001A865A805A81DE815A82DA825A83DA83DA
:1030D000E9D1B4F888014FF00F0C694B4FF47046FA
:1030E00080B229464FF460472A4640EA0C004FF46C
:1030F000806EA4F88801B4F8880180B240F4706052
:10310000A4F88801A3F88C6148F2B826A3F88EC110
:10311000A3F89051B3F8880180B240F0F000A3F812
:10312000880101EB4100564B0131002540011C464E
:10313000042903449F80A3F806E05A841A865A8023
:103140005A81DE815A82DA825A83DA83E9D1B4F86D
:1031500088014FF00F0C4B4B4FF4704780B229465B
:103160004FF460462A4640EA0C004FF4806EA4F803
:103170008801B4F8880180B240F47060A4F8880136
:10318000A3F88C7148F2B827A3F88EC1A3F8905128
:10319000B3F8880180B240F0F000A3F8880101EB99
:1031A0004100384B013140011C46042903449E80F4
:1031B000A3F806E05A841A865A805A81DF815A821F
:1031C000DA825A83DA83EAD1B4F888310F270022F1
:1031D00041F201069BB245F6C05E114643F2260558
:1031E0003B43A4F88831B4F888319BB243F4706350
:1031F000A4F888315001244B01320344042A9981F8
:103200005981DF819E82A3F806E0198019829D8191
:10321000F0D100220F2741F2010645F6C0551146B4
:1032200043F226045001194B01320344042A9981C8
:103230005981DF819E82DD80198019829C81F1D1C4
:1032400000220F2741F2010645F6C055114643F210
:10325000260450010E4B01320344042A99815981FE
:10326000DF819E82DD80198019829C81F1D1F0BDC1
:1032700000C00F4000C03D40000003FC00003E4085
:1032800000403E4000803E4000C01D4000001E4007
:1032900000401E400A4B30B4586A1C46996A626A64
:1032A000A36A994208BF9042104619460CBF0125F7
:1032B0000025002DF3D0D90B30BC41EA42407047C5
:1032C00000400D4008B503684268BBB17AB1104BAD
:1032D000A3FB0213DB0803EB4303B2EB830303D02E
:1032E000D21A4260F02A02D90123184608BD00F024
:1032F0002BFA1C2200230260184608BD044BA3FBD6
:103300000213DB0803EB4303B2EB8303E8D1E9E7E5
:10331000ABAAAAAA70B5044600283AD019B1B2FAED
:1033200082F56D09FDB1206808B1626832B900F01C
:103330000BFA162300220360104670BD1849A1FB4A
:103340000231C90801EB4101B2EB8101EFD1A36861
:103350000BB100F0FFFD00230122236010466360E3
:10336000A360E36070BD1E46049B80E80600C36056
:10337000FFF7A8FF02460028DED016B9012210464A
:1033800070BD94E80500A660294600F0E3FD012227
:10339000D2E700F0D9F9162322460360CCE700BF3C
:1033A000ABAAAAAA704700BF0B460146184600F018
:1033B000C5B900BF53B94AB9002908BF00281CBFCE
:1033C0004FF0FF314FF0FF3000F07EB9ADF1080C47
:1033D0006DE904CE00F006F8DDF804E0DDE9022333
:1033E00004B070472DE9F0478C460E460446089D10
:1033F000002B50D18A4217466CD9B2FA82FEBEF138
:10340000000F0BD0CEF1200420FA04F401FA0EF6DE
:1034100044EA060C02FA0EF700FA0EF44FEA1749D6
:10342000220CBCFBF9F01FFA87F809FB10C642EA30
:10343000064600FB08F3B34209D9F61900F1FF3242
:1034400080F02281B34240F21F8102383E44F61AD6
:10345000A2B2B6FBF9F309FB136642EA064403FB8A
:1034600008F8A04509D9E41903F1FF3280F00A8178
:10347000A04540F20781023B3C44C8EB040443EA08
:1034800000400021002D62D024FA0EF400232C60AD
:103490006B60BDE8F0878B4207D9002D55D0002125
:1034A00085E841000846BDE8F087B3FA83F10029BA
:1034B00040F09080B34202D3824200F2F880841A36
:1034C00066EB03060120B446002D40D085E81010BD
:1034D000BDE8F08712B90127B7FBF2F7B7FA87FE0C
:1034E000BEF1000F35D1F31B4FEA17481FFA87FCD6
:1034F0000121B3FBF8F0220C08FB103642EA064625
:103500000CFB00F3B34207D9F61900F1FF3202D2E7
:10351000B34200F2CE801046F61AA2B2B6FBF8F320
:1035200008FB136642EA06440CFB03FCA44507D9DA
:10353000E41903F1FF3202D2A44500F2B58013462C
:10354000CCEB040443EA00409CE729462846BDE84A
:10355000F087CEF1200106FA0EF307FA0EF720FAF3
:1035600001F94FEA1748CE4049EA0309B6FBF8FAD9
:103570004FEA194408FB1A661FFA87FC44EA06431F
:103580000AFB0CF29A4200FA0EF40AD9DB190AF18E
:10359000FF3180F087809A4240F28480AAF1020ACB
:1035A0003B449B1A1FFA89F9B3FBF8F108FB11336E
:1035B00049EA034301FB0CF69E4207D9DB1901F1EE
:1035C000FF326BD29E4269D902393B449B1B41EAD0
:1035D0000A418EE7C1F1200E22FA0EF48B402343FC
:1035E00020FA0EF706FA01F44FEA134C26FA0EF60B
:1035F0003C43B6FBFCF9270C0CFB19661FFA83F859
:1036000047EA064609FB08F7B74202FA01F200FA58
:1036100001FA08D9F61809F1FF3041D2B7423FD973
:10362000A9F102091E44F61BA0B2B6FBFCF40CFB88
:10363000146640EA064704FB08F8B84507D9FF18A6
:1036400004F1FF3028D2B84526D9023C1F4444EA91
:103650000940C8EB0707A0FB02894F4544464E4688
:1036600014D329D065B3BAEB040367EB060707FA56
:103670000EFECB40CF404EEA030385E888000021D0
:10368000BDE8F0871346F8E61046E0E6B8EB020422
:1036900069EB03060138E5E70446D8E7114695E7EC
:1036A0008146C0E78A467CE7023B3C4448E708463F
:1036B0000AE702383E442FE7C245E7D33E46D1E74A
:1036C0002946BDE8F08700BF704700BF024B0A469D
:1036D0000146186800F002B82059002010B502FB1E
:1036E00001F100F0D3F80446D8B150F8042C22F0D0
:1036F0000302043A242A18D8132A14D900231B2AB7
:103700000360436016D9242A8360C36011BF00F1AF
:1037100010020361436100F118020023136053603B
:103720009360204610BD0246F7E7002100F012FC2E
:10373000204610BD00F10802EFE700BF13460A461D
:103740000146022004F09EBB014B1868704700BF81
:103750002059002070B50F4E0F4D761BB61018BFC4
:10376000002405D0013455F8043B9847A642F9D10E
:103770000A4E0B4D761B06F067FDB61018BF0024ED
:1037800006D0013455F8043B9847A642F9D170BDE4
:1037900070BD00BFD82C0260D82C0260E82C0260FB
:1037A000D82C026010B5044600F056F8204440784A
:1037B00000F0070010BD00BF10B5044600F04CF843
:1037C0002044407800F00300A0F10200B0FA80F03D
:1037D000400910BD10B5044600F03EF82044407882
:1037E00000F00300A0F10100B0FA80F0400910BD24
:1037F000931E222B10D80A2A10B506D000230C469F
:10380000194402F005FF204610BD0028F6DA2D23EA
:103810000B7040420123F2E700200870704700BFA0
:10382000FFF7E6BF034A044B1268506B002808BF3D
:103830001846704720590020A4530020044B054A25
:103840001B685B6B002B08BF134693F82801704779
:1038500020590020A453002008B5034B1868FFF737
:10386000E1FFD0F8EC0008BD20590020024B0146D2
:10387000186800F00BB800BF20590020024B014629
:10388000186805F0B7BB00BF205900202DE9F04FA4
:1038900001F10B05162D83B0064640F29F8035F0EE
:1038A000070500F1BF80A94200F2BC8000F0A0FB38
:1038B000B5F5FC7FC0F09C826B0A00F0BA80042B47
:1038C00000F28381A80900F1390E4FEA4E03383027
:1038D000C44F07EB8303A3F108015C68A14207D141
:1038E000ACE0002A80F2AC80E468A14200F0A6803F
:1038F000636823F003035A1B0F2AF2DDB9493C69C0
:1039000001F1080E744500F0B381636823F00303EE
:103910005A1B0F2A00F39981002AC1F814E0C1F85C
:1039200010E080F29E80B3F5007F80F06781DB08B5
:1039300003F1010C01229B1002FA03F34A6851F8CB
:103940003C80C4F8088001EBCC091A43A9F10803B4
:10395000E3604A6041F83C40C8F80C408310012401
:103960009C40944200F28A80144206D120F0030069
:103970006400144200F10400FAD007EBC009CC4601
:103980008046DCF80C108C4507D173E1002A80F2E8
:103990008181C9688C4500F06D814B6823F0030379
:1039A0005A1B0F2AF2DD0C46D1F80CC054F8088FD0
:1039B0004B1945F001054D6042F00101C8F80CC0FB
:1039C0003046CCF808807B613B61C3F80CE0C3F85B
:1039D00008E059609A5000F00DFB1FE0102921D833
:1039E00000F006FB1025062302207E4F07EB830321
:1039F000A3F108025C68944200F045816368E168C5
:103A0000A56823F00303234430465A68E96042F076
:103A100001028D605A6000F0EDFA0834204603B0D0
:103A2000BDE8F08F00240C232046336003B0BDE8CE
:103A3000F08F80234FF0400E3F2049E770465DE74E
:103A40002344E1685A68A56842F00102E960304603
:103A50008D605A6000F0CEFA0834204603B0BDE80D
:103A6000F08F234430465A6842F001025A6000F059
:103A7000C1FA0834204603B0BDE8F08FBC68636823
:103A800023F00308A84504D3C5EB08030F2B00F36C
:103A90008C80554BDFF860911A68D9F800300133FB
:103AA0002A4404EB080A00F0608102F580520F32CC
:103AB00022F47F6222F00F0211463046019200F09C
:103AC0000DFDB0F1FF3F8346019A00F05881824519
:103AD00000F2FC80454B1968DA451144196000F08A
:103AE0005381D9F80000DFF810E101301BBFCAEBA9
:103AF0000B0A5144CEF800B019601BF0070100F02A
:103B00001781C1F10800C1F58051834408315A443E
:103B1000C2F30B02C2EB010949463046019300F0A3
:103B2000DDFC431C019B00F03F81CBEB00024A44CB
:103B300042F001021968C7F808B04944BC42CBF80A
:103B400004201960DFF8A49016D0B8F10F0F40F2EE
:103B5000FD806268A8F10C0323F00703E01802F06F
:103B600001024FF0050E1A430F2B6260C0F804E00B
:103B7000C0F808E000F21C811D4BBC681A68914235
:103B800088BF19601B4B1A689142626888BF196030
:103B900022F003029542A2EB050301D80F2B04DCAF
:103BA000304600F027FA002438E7621943F0010399
:103BB00045F0010565603046BA60536000F01AFABE
:103BC0000834204603B0BDE8F08F142B71D9542B74
:103BD00000F2A480280B00F16F0E4FEA4E036E3006
:103BE00076E600BF10550020BC5901208C590120F9
:103BF000B4590120B8590120185900205A0A042A42
:103C00005ED9142A00F2B38002F15C0149005B32F4
:103C100007EB810C57F82110DFF8DC81ACF1080CC0
:103C20008C4500F088804A6822F00302934202D259
:103C300089688C45F7D1D1F80CC07A68C4F80CC0FB
:103C4000A160CCF80840CC6088E6631942F0010717
:103C500045F00105656030464B610B61C3F80CE02F
:103C6000C3F808E05F609A50083400F0C3F9D5E665
:103C70004A6873E608F1010818F0030F0CF1080C0C
:103C80007FF47FAE30E0DC68A34208BF02303FF42F
:103C900035AEB3E60B440C465A68C96854F8085F61
:103CA00042F001025A603046E9608D6000F0A2F9EE
:103CB000B4E603F15C0E03F15B004FEA4E0307E646
:103CC0009A0902F1390149003832A1E7BC424A4B56
:103CD0003FF400AF9C68626822F003025AE759F88B
:103CE0000839994540F0828010F0030F00F1FF3051
:103CF000F5D17B6823EA04037B6064009C423FF6B5
:103D0000BDAE002C3FF4BAAE1C4240467FF435AE47
:103D100064001C4200F10400FAD02EE6B3F5AA7F3D
:103D200018D8E80B00F1780E4FEA4E037730CFE554
:103D30004FF48051EBE60121D8F80430921001FADB
:103D400002F21A43C8F80420614677E70123CBF852
:103D5000043025E740F25452934220D8A80C00F1D9
:103D60007D0E4FEA4E037C30B2E51032A4E6542AB1
:103D700026D81A0B02F16F0149006E3248E7BC6881
:103D8000626822F0030205E7CAF30B0000287FF403
:103D9000A8AE4244BB6842F001025A60ECE6FE2342
:103DA0004FF07F0E7E2093E501224FF00009C1E61F
:103DB00004F10801304605F01DF9D9F80010DBE6E2
:103DC000B2F5AA7F05D8DA0B02F178014900773203
:103DD0001EE740F254518A4205D89A0C02F17D0147
:103DE00049007C3214E7FE217E2211E77B6884E7DC
:103DF000E808431C5B00F8E51055002082B049B18B
:103E00005AB16BB113780B601278101C18BF0120E7
:103E100002B0704701A9002AF3D1104602B07047E2
:103E20006FF00100F4E700BF032A70B426D940EA1E
:103E300001039B0711D004780D78AC4222D10244D3
:103E4000431C05E013F8014B11F8015FAC4219D196
:103E50009342F7D1002070BC70470C4603461E68A1
:103E60002568AE421846214603F1040304F1040418
:103E7000E1D1043A032A18462146F0D8002ADAD1C3
:103E80001046E8E7601B70BC704700BF8842F0B581
:103E90000DD98B1898420AD28118002A51D09A1A4B
:103EA00013F8014D01F8014D9342F9D1F0BD0F2AED
:103EB00048D941EA00039B0746D100F1100401F103
:103EC0001003154653F8106C44F8106C53F80C6C42
:103ED00044F80C6C53F8086C44F8086C103D53F827
:103EE000046C44F8046C0F2D03F1100304F110046A
:103EF000E8D8A2F1100323F00F0302F00F0E1033E5
:103F0000BEF1030F1944034421D91E1F0D46744608
:103F1000043C55F8047B46F8047F032CF8D8AEF136
:103F2000040424F0030404342344214402F0030273
:103F300062B1013B0A4411F8014B03F8014F8A4278
:103F4000F9D1F0BD0346F3E70346F2E7F0BD724650
:103F5000EEE700BF70B4840746D0541E002A41D05B
:103F6000CDB2034602E0621EE4B3144603F8015BDF
:103F70009A07F8D1032C2ED9CDB245EA05250F2C8E
:103F800045EA054519D903F110022646103E0F2EC9
:103F900042F8105C42F80C5C42F8085C42F8045CA1
:103FA00002F11002F2D8A4F1100222F00F0204F084
:103FB0000F041032032C13440DD91E462246043A36
:103FC000032A46F8045BFAD8221F22F003020432C7
:103FD000134404F003042CB1C9B21C4403F8011BC0
:103FE000A342FBD170BC704714460346C2E700BF32
:103FF000704700BF704700BF0FB400B5074983B0DA
:1040000004AB086853F8042B8168019302F040FB6D
:1040100003B05DF804EB04B0704700BF20590020E6
:10402000034B1B6801469A68184605F05BBE00BF4B
:1040300020590020F0B5054689B008460C4600F02E
:104040001FFDAB6B144F04940126441C04A90222EB
:1040500003940590AC680697079601910292B3B15C
:10406000B4F90C309A0406D4626E43F4005322F47F
:104070000052A38162662146284601AA05F0A2F8F3
:10408000002814BF4FF0FF300A2009B0F0BD2846C9
:1040900004F058FFE4E700BF90210020024B0146E6
:1040A0001868FFF7C7BF00BF2059002010B40C4BA1
:1040B0000C4C19680C4AD1F8A830D1F8AC0004FBBC
:1040C00003F402FB0040A3FB02230344013243F14B
:1040D0000003C1E92A2323F000405DF8044B704738
:1040E000205900202DF451582D7F954C024B0A4643
:1040F0000146186800F002B8205900202DE9F04F61
:10410000174683B0002900F0C1800E46814607F1B2
:104110000B05FFF76DFF56F804EC162D2EF0030487
:10412000A6F1080840D810221546AF4241D8944263
:1041300075DAC94B996808EB04008842416800F0C1
:10414000D98021F0010303445B68DB077DD51EF0B5
:10415000010F35D039464846FFF798FB0746E0B1D6
:1041600056F8043C23F001034344A0F108029A42AC
:1041700000F04481221F242A00F23181132A00F228
:10418000048103463246116819605168596092688B
:104190009A603146484604F02DFF4846FFF72AFF53
:1041A000384603B0BDE8F08F25F00705002D2A46FC
:1041B000BBDA0C230020C9F8003003B0BDE8F08F53
:1041C00056F8083CC3EB080ADAF8043023F0030C75
:1041D00004EB0C039342BDDB5746DAF80C1057F89A
:1041E000080F221F242AC160886000F21781132A59
:1041F00040F212813168CAF808107168CAF80C10D0
:104200001B2A00F22B8108360AF110023168116076
:1042100071685160B16891603E461C46D046631B90
:104220000F2B1DD8D8F8043003F001032343444476
:10423000C8F80430636843F0010363604846FFF741
:10424000D9FE304603B0BDE8F08F21F003012144D0
:10425000914221DBC36882680C46D3609A60DEE736
:10426000D8F8042008EB050102F00102154343F0E1
:1042700001020B44C8F804504A605A6842F0010237
:1042800008315A60484604F0B5FED7E7114603B03E
:10429000BDE8F04FFFF7FABA1EF0010F7FF45AAFF6
:1042A00056F8083CC3EB080ADAF8043023F0030C94
:1042B00001EB0C0E96458BDBC36882685746D360D2
:1042C0009A6057F8081FDAF80C30CB60221F242AB6
:1042D000996000F29980132A62D93368CAF80830CD
:1042E0007368CAF80C301B2A00F2A08008360AF165
:1042F000100356E021F0030BA34405F110008345A1
:1043000059DA1EF0010F7FF425AF56F8081CC1EBF7
:10431000080ADAF8041021F0030CE34458453FF78B
:1043200057AF5746DAF80C1057F8080F221F242A07
:10433000C160886000F2B480132A40F2A580316821
:10434000CAF808107168CAF80C101B2A00F2AF8076
:1043500008360AF110023168116071685160B16865
:1043600091600AEB0501C5EB0B0242F00102996076
:104370004A60DAF8043003F001031D434846CAF8E6
:104380000450FFF737FE38465CE733680360736814
:1043900043601B2A27D800F1080306F10802F2E661
:1043A0003B4632681A6072685A60B2689A603E464C
:1043B0007446D04633E708EB0501C5EB0B0B4BF019
:1043C000010299604A6056F8043C03F001031D4362
:1043D000484646F8045CFFF70DFE304632E73146AA
:1043E000FFF754FDD5E6B3688360F368C360242A01
:1043F00028D000F1100306F11002C4E650F8043C86
:1044000023F003031C440AE7314638467446D0467D
:10441000FFF73CFD3E4602E73A46F7E631463846AE
:104420001C46D046FFF732FD3E46F8E6B368CAF8B0
:104430001030F368CAF81430242A1BD010360AF161
:104440001803AEE7336903617369436106F118022B
:1044500000F1180397E600BF10550020B168CAF8B4
:104460001010F168CAF81410242A0FD010360AF17F
:104470001802CBE63369CAF818307369CAF81C30E1
:1044800018360AF120038CE73A4664E73269CAF825
:1044900018207269CAF81C2018360AF12002B5E605
:1044A000314638460193FFF7F1FC019B59E7B168AB
:1044B000CAF81010F168CAF81410242A03D0103674
:1044C0000AF1180247E73269CAF818207269CAF877
:1044D0001C2018360AF120023DE700BF38B5074C12
:1044E0000023054608462360FCF7BCFB431C00D0B4
:1044F00038BD2368002BFBD02B6038BD2C68012011
:104500000CB4F0B5244B00299DB01D683EDB4FF480
:1045100002730C4602900690ADF8143023AE17D00B
:104520004C1E229A049433464FF6FF7702A9284680
:1045300007940196ADF8167000F0B2FD421C1BDB2B
:10454000029B00221A701DB0BDE8F04002B0704717
:1045500033464FF6FF77229A049402A9284607941F
:104560000196ADF8167000F09BFD431C07DB1DB0F3
:10457000BDE8F04002B070478B232B60E0E78B234F
:104580002B601DB0BDE8F04002B070478B232B605C
:104590004FF0FF30EBE700BF2059002041EA000355
:1045A0009B0710B414D10B68A3F1013222EA030275
:1045B00012F0803F0CD10C1D40F8043B214654F80A
:1045C000043BA3F1013222EA030212F0803FF3D050
:1045D000034611F8012B184603F8012B002AF8D1E5
:1045E0005DF8044B704700BF70B411F0FF0434D085
:1045F00085070FD00378002B5AD09C422BD0431C48
:1046000005E013F8012B002A4FD0944223D09A07DB
:104610001846F6D10E0206F47F462643036846EAA2
:10462000064601E050F8043F86EA0305A5F1013291
:10463000A3F1013122EA050221EA0303134313F037
:10464000803FEFD0037823B932E010F8013F002B10
:104650002ED09C42F9D170BC704784070BD00378F0
:10466000002BF8D0431C03E002780133002AF2D07B
:1046700099071846F8D10268A2F1013323EA020330
:1046800013F0803F08D150F8042FA2F1013323EA40
:10469000020313F0803FF6D00378002BDBD010F834
:1046A000013F002BFBD170BC7047104670BC7047B7
:1046B000184670BC704700BF0000000000000000FA
:1046C000A2EB0300704700BF02780B78012A28BFD5
:1046D0009A42F5D16DE9044540EA0104CDE902674B
:1046E0006FF0000C4FEA447212B380EA010414F038
:1046F000070F6AD100F0070420F0070004F003055B
:1047000021F007014FEAC505F0E8042314F0040F77
:10471000F1E804670CFA05F462EA040266EA0406AA
:104720000AD063EA0403624667EA0407664603E0C8
:10473000F0E80423F1E8046782FA4CF582EA060403
:10474000A4FA8CF46CBB83FA4CF583EA0705A5FA4E
:104750008CF595B950E9022351E9026782FA4CF5CC
:1047600082EA0604A4FA8CF483FA4CF583EA07057E
:10477000A5FA8CF52543DBD09CB92DBAB5FA85F4A2
:1047800024F0070427FA04F1DDE9026723FA04F3B1
:1047900003F0FF0001F0FF01FDE80445A0EB01007C
:1047A000704724BAB4FA84F424F0070426FA04F11A
:1047B000DDE9026722FA04F202F0FF0001F0FF01D6
:1047C000FDE80445A0EB0100704714F0030F3CD155
:1047D00010F0030428D150F8082B51F8083B82FA56
:1047E0004CF582EA0305A5FA8CF55DB950F8042C66
:1047F00051F8043C82FA4CF582EA0305A5FA8CF5DF
:10480000002DE8D02DBAB5FA85F424F0070423FA78
:1048100004F122FA04F202F0FF0001F0FF01FDE8CA
:104820000445A0EB010070474FEAC40420F00300E8
:1048300050F8082B21F0030151F8083B0CFA04F45E
:1048400062EA040263EA0403C9E710F003041AD021
:10485000A1EB040120F00300E40750F8042B06D07C
:104860000FD28B785FFAA2F4E41A06D12BB1CB7881
:104870005FFAB2F4E41A00D11BB920465DF8104B80
:10488000704701F1040150F8042BCC0721F003011B
:1048900051F8043B48D824D222F07F4482FA4CF5E8
:1048A00094EA1325A5FA8CF50AD165B951F8043BB1
:1048B00084EA0204B4EB036F0ED150F8042BEBE74B
:1048C0004FEA132355E035F07F454DD10878FDE8D8
:1048D0000445C0F1000070474FEA126203F0FF0385
:1048E00047E002EA1C4482FA4CF594EA1345A5FA23
:1048F0008CF50AD165B951F8043B84EA0204B4EBA3
:10490000034F0CD150F8042BEBE74FEA134330E090
:1049100015EA1C4528D10B884FEA124229E04FEADC
:10492000124203EA1C4324E002F0FF0482FA4CF531
:1049300094EA1365A5FA8CF50AD165B951F8043BE0
:1049400084EA0204B4EB032F09D150F8042BEBE7FF
:104950004FEA13630DE015F0FF0F05D10B684FEA26
:10496000122223F07F4304E04FF00000FDE80445ED
:10497000704712BA1BBA82FA4CF482EA0304A4FA12
:104980008CF5B5FA85F402FA04F203FA04F34FEA5F
:104990001260FDE80445A0EB1360704780EA010255
:1049A000844612F0030F4FD111F0030F32D14DF8AE
:1049B000044D11F0040F51F8043B0BD0A3F1013268
:1049C0009A4312F0803F04BF4CF8043B51F8043B7B
:1049D00016D100BF51F8044BA3F101329A4312F0F3
:1049E000803FA4F101320BD14CF8043BA24312F0FA
:1049F000803F04BF51F8043B4CF8044BEAD02346F7
:104A00000CF8013B13F0FF0F4FEA3323F8D15DF8A8
:104A1000044B704711F0010F06D011F8012B0CF870
:104A2000012B002A08BF704711F0020FBFD031F8E8
:104A3000022B12F0FF0F16BF2CF8022B8CF800206F
:104A400012F47F4FB3D1704711F8012B0CF8012BF2
:104A5000002AF9D1704700BF0000000000000000EC
:104A60000000000000000000000000000000000046
:104A70000000000000000000000000000000000036
:104A800090F800F06DE9024520F007016FF0000C8E
:104A900010F0070491F820F040F049804FF0000436
:104AA0006FF00700D1E9002391F840F000F1080011
:104AB00082FA4CF2A4FA8CF283FA4CF3A2FA8CF349
:104AC0004BBBD1E9022382FA4CF200F10800A4FAB0
:104AD0008CF283FA4CF3A2FA8CF3E3B9D1E9042304
:104AE00082FA4CF200F10800A4FA8CF283FA4CF33B
:104AF000A2FA8CF37BB9D1E9062301F1200182FAF5
:104B00004CF200F10800A4FA8CF283FA4CF3A2FAFA
:104B10008CF3002BC6D0002A04BF04301A4612BA08
:104B2000B2FA82F2FDE8024500EBD2007047D1E90B
:104B3000002304F00305C4F100004FEAC50514F09A
:104B4000040F91F840F00CFA05F562EA05021CBF6B
:104B500063EA050362464FF00004A9E740EA010357
:104B60009B0770B42BD1032A29D90C460346214652
:104B700054F8046BA6F1013525EA060515F0803FCF
:104B800006D1043A032A43F8046B2146EFD8A2B1B8
:104B90000C781C70013A013301313CB16AB111F853
:104BA000014B03F8014B013A002CF7D12AB11A440A
:104BB000002103F8011B9A42FBD170BC70470346E9
:104BC000E5E700BF2DE9F0414FF0010E74460025E6
:104BD0004FF0FF362B198B4200EB06070DD23F5DDD
:104BE00010F803C0BC452DD21D460124C6EB030EB0
:104BF0002B198B4200EB0607F1D34FF00108C2F8E6
:104C000000E0444600254FF0FF372B19994200EB96
:104C1000070E0ED91EF804E010F803C0F44518D9A9
:104C20001D460124C7EB03082B19994200EB070E20
:104C3000F0D80137701C874224BFC2F80080384684
:104C4000BDE8F0810CD04FF0010E2E46744675443D
:104C5000C0E70CD04FF001082F4644464544D4E746
:104C6000744509BFA64601341D460124B2E74445F8
:104C700009BFA04601341D460124C6E72DE9F04FC7
:104C8000ADF2144D164605468B461046194603AA4A
:104C90001C46FFF797FF03AB81460DF20C4243F829
:104CA000044F9342FBD14CB1631E324604A812F864
:104CB000011B40F8213013F1FF33F8D203994A4623
:104CC00031443046FFF7B0F8002871D109F1FF33C5
:104CD0000093F31882460193234680465446584673
:104CE0009A4608EB0A073A1A0021284404F098FC77
:104CF000002858D1002F56D0EB1904AA13F8013C14
:104D000052F823304BB124B1039A934201D2C2EB43
:104D10000A03984400243846E3E74C4523460AF149
:104D2000FF3E38BF4B46734513D208EB030216F81B
:104D300003C0A85C84452A4406EB030106D02EE09C
:104D400011F801CF12F8010F844528D101337345C2
:104D5000F6D34C45009980F08B80009B019808EBBE
:104D600003020378A85C83422A4440F08180019BBF
:104D700006EB040B06E013F801ED12F8010D864571
:104D800004D161469B4501F1FF3CF4D101348C42D2
:104D900070D8039C3846A044C4EB0A04A1E7C9F1CB
:104DA00001029044B5E700200DF2144DBDE8F08FEC
:104DB000C9EB04034B4538BF4B46013309F1FF38BB
:104DC000039306EB080358464FF0000ACB4699467A
:104DD0000AEB04073A1A0021284404F021FC0028B9
:104DE000E1D1002FDFD0EB1904AA13F8013C52F8EF
:104DF0002330A3BB611E8B4515D20AEB0B0216F8BC
:104E00000B3015F802E09E452A4406EB0B005B468A
:104E100006D027E010F801CF12F801EFF44521D1B8
:104E200001338B42F6D3B8F1FF3F11D00AEB0802F1
:104E300099F80010AB5C99422A440FD14B4605E02B
:104E400013F8010D12F8011D884207D1B342F7D1C2
:104E500005EB0A000DF2144DBDE8F08F039B9A4458
:104E60003846B5E7CBF1010292449A443846AFE7A1
:104E700049468BE705EB080096E700BF0378002B57
:104E800000F004812DE9F04F91F8008085B0444690
:104E9000B8F1000F16D0864601F1010C012703E09E
:104EA00012F8014B6CB194469C4214BF002707F0E6
:104EB00001071EF8013F6246002BF1D19CF800303B
:104EC0000BBB17B105B0BDE8F08F0E460546414655
:104ED0000130C6EB0C04FFF787FB074698B1012CA5
:104EE000F0D02819874294BFC7EB000B4FF0010B9D
:104EF0001F2C0CD92346324659463846FFF7BEFED2
:104F000005B0BDE8F08F002005B0BDE8F08F03AA22
:104F100021463046FFF756FE03998046024631444B
:104F20003046FEF781FF002858D108F1FF33019386
:104F3000F3188146054600935846B2466619321A60
:104F40000021384404F06CFB0028DCD1002EDAD0BC
:104F5000C845434638BF4B469C4212D95A191AF8E5
:104F60000310B85C88423A440AEB030E06D02DE0E9
:104F70001EF8010F12F8011F884227D101339C420D
:104F8000F6D8019BC845194640F28380EA1800987C
:104F90000378B85C83423A447BD1009B0AEB090B4F
:104FA00006E013F801CD12F801EDF44504D10146F5
:104FB0005B4501F1FF30F4D109F10109894557D86A
:104FC000039B30461D44C3EB0409B7E7C8F1010257
:104FD00015441D444FF000093046AFE7C8EB040309
:104FE000434538BF4346013308F1FF39039306EBCD
:104FF000090358460025BB469A4667193A1A00210C
:10500000584404F00DFB00287FF47DAF002F3FF4DF
:105010007AAF444515D908EB050216F808301BF89D
:10502000020098425A4406EB0801434606D023E0AA
:1050300011F801EF12F8010F86451DD101339C4292
:10504000F6D8B9F1FF3F12D005EB09029AF800102B
:105050001BF8023099425A4414D1534605E013F824
:10506000010D12F8011D88420CD1B342F7D15F4601
:10507000781905B0BDE8F08FC8F1010215441D4450
:105080003846BAE7039B38461D44B6E70B7813B998
:105090007047414690E70020704700BF00000000C5
:1050A0002DE9F04F2DED068BB9B00C4603919246D9
:1050B0000993059004F032FA036810931846FFF73D
:1050C000DFFCA3890F90190603D52369002B01F09B
:1050D0007D8000239FEDA48B9FEDA59B0D931D93D9
:1050E0001C931193069328AB1B9399469AF80030B2
:1050F0005446EBB1252B02D11AE0252B03D014F82E
:10510000013F002BF9D1CAEB04058DB11C9B1D9A00
:10511000C9F800A001332A44072BC9F804501D9296
:105120001C9300F3A38009F10809069B2B44069306
:105130002378002B00F0A38000231A468DF84F300F
:10514000194607939B464FF0FF38637804F1010A34
:1051500045460AF1010AA3F12000582800F2F8831D
:10516000DFE810F06303F603F6036B03F603F603C0
:10517000F603F603F603F60370037E03F6035D0001
:10518000DF00F603FB000C010C010C010C010C010B
:105190000C010C010C010C01F603F603F603F603F7
:1051A000F603F603F603F603F603F6031C015E01AD
:1051B000F6035E01F603F603F603F603A102F60317
:1051C000F603A602F603F603F603F603F603D80287
:1051D000F603F6030503F603F603F603F603F603F8
:1051E000F603F603F603F603F603430356035E01E4
:1051F0005E015E015E035603F603F603A403F603A5
:10520000B103A2006200C303F603C803F6038303DD
:10521000F603F6038B0307980993404207904BF07F
:10522000040B9AF8003094E7A8460998002130232F
:10523000782288458DF8503004688DF8512000F1AF
:1052400004074FF000058DF84F104BF00203C0F239
:105250009C832BF0800343F0020B54EA050309976B
:1052600000F069830F460C924348AEE21BAA0399F3
:10527000059804F09DFD48B90DF1A00955E71D9B67
:1052800023B1059803991BAA04F092FD039B9B8907
:1052900013F0400F069B18BF4FF0FF33184639B08C
:1052A000BDEC068BBDE8F08F0C93A846002A41F0B8
:1052B0009A811BF0200300F00682099F073727F030
:1052C0000703002703F10802B8450992D3E9004516
:1052D0008DF84F70C0F25E8654EA05032BF0800B08
:1052E00000F04B8328AEE20842EA4572E90804F078
:1052F00007030D461446303354EA050206F8013D13
:10530000F1D11BF0010F00F02782302B00F0248236
:105310003022731E06F8012C28AAD21A08921E46C3
:105320001DE29AF800302A2B0AF1010401F02F81C6
:10533000A3F13000092898BF002501F2D58014F8A8
:10534000013B05EB850500EB4505A3F1300009287D
:10535000F5D945EAE575A246FDE64BF0800B9AF8D3
:105360000030F6E6AFF3008000000000000000000F
:10537000FFFFFFFFFFFFEF7FA8490020A3F13000F0
:1053800000231C461AF8013B04EB840400EB4404A0
:10539000A3F130000928F5D90794DCE60C93A84660
:1053A000002A41F02C814BF0100B1BF0200F00F075
:1053B0000385099F073727F00707D7E9002307F17F
:1053C0000801099114461D46002A73F10003C0F23A
:1053D0003785B8F1000F9DF84F70C0F2B58154EADF
:1053E00005032BF0800B00F0F683002D08BF0A2C7C
:1053F000C0F0AE8128AE204629460A220023FDF7E0
:10540000D9FF303206F8012D2046294600230A2212
:10541000FDF7D0FF04460D4654EA0503EBD19BE1AE
:105420000C93A846002A41F0E680099F1BF0080F64
:1054300007F1070700F0408627F0070393ED008B84
:1054400003F108020992B0EEC87BB4EE497BF1EE9D
:1054500010FA40F3BC85B5EEC08BF1EE10FA00F106
:10546000CA879DF84F70A74EA74B0C9903224FF0A7
:10547000000804922BF0800B4729D8BF1E460892E3
:10548000CDF8388017B1049B013304931BF002035D
:105490000A9302D0049B023304931BF084030B9302
:1054A00040F08082079B049A9C1A002C40F37A8279
:1054B000102C1D991C9A954F23DD48461025C14696
:1054C000B046059E04E0103C102C00F1080015DDEC
:1054D00001321031072A1D911C9207604560F2DDF0
:1054E0001BAA0399304604F063FC00287FF4CEAE7B
:1054F000103C102C1D991C9A28A8E9DC4646C84689
:10550000814601326318072A1D931C92C9F8007066
:10551000C9F8044000F3E2839DF84F7009F10809CF
:1055200077B11C9A013201330DF14F000121072A96
:105530001D931C9289E8030000F35F8309F10809B9
:105540000A9A6AB11C9A0132023314A80221072A6E
:105550001D931C9289E8030000F35B8309F108099D
:105560000B9A802A00F07E82089AC2EB0804002C75
:1055700034DD102C1C9A664F23DD49464FF010088D
:10558000B146059D039E04E0103C102C01F108017A
:1055900015DD01321033072A1D931C9281E880012A
:1055A000F2DD1BAA3146284604F002FC00287FF4F5
:1055B0006DAE103C102C1D9B1C9A28A9E9DC4E46B0
:1055C000894601322344072A1D931C92C9F80070B2
:1055D000C9F8044000F3058309F108091BF4807F32
:1055E00040F0E2811C9A0898C9F800600132034437
:1055F000072A1D93C9F804001C9200F3C28209F126
:1056000008091BF0040F3ED0079A0499541A002C85
:1056100039DD102C1C9A3D4F22DD1025059EDDF84A
:105620000C8004E0103C102C09F1080918DD01324F
:105630001033072A1D931C92C9F80070C9F8045052
:10564000F0DD1BAA4146304604F0B2FB00287FF48F
:105650001DAE103C102C1D9B1C9A0DF1A009E6DC20
:1056600001322344072A1D931C92C9F80070C9F81F
:10567000044008DD1BAA0399059804F099FB002853
:105680007FF404AE1D9B069A079904988142ACBF33
:10569000521812180692002B40F07F8200231C93B0
:1056A0000DF1A00922E54BF0080B9AF8003050E507
:1056B0000C93A846002A40F09A874BF0100B1BF081
:1056C00020037FF4FAAD1BF0100240F091831BF031
:1056D000400300F08D8309998DF84F200B46B8F1F7
:1056E000000F03F104030C884FF00005C0F2AB85F6
:1056F00054EA05012BF0800B099300F03E81174618
:10570000F0E500BF94490020A0490020FC070020DC
:105710006C4A00200C93A846002A40F059874BF0B1
:10572000100B1BF0200300F0E782099F073727F0DA
:105730000703002703F10802B8450992D3E90045A1
:105740008DF84F70BFF64BAE54EA05037FF44DAEB3
:1057500038AE303406F8414D28AB9B1B0893089BAC
:105760004345B8BF4346049300230E938AE60C9347
:10577000A846002A40F028871BF0200FC24800F0FE
:105780008680099F073727F00703D3E9004503F117
:10579000080209921BF0010700F0478254EA050352
:1057A00000F0A384002730239DF830208DF850307E
:1057B000B8458DF851208DF84F704BF00203C0F2C0
:1057C00017862BF0800343F0020B28AE230904F068
:1057D0000F0143EA05732A091C461546435C06F887
:1057E000013D54EA0503F1D1B6E709990C930A6823
:1057F0008DF8782000230A461F468DF84F3004327A
:1058000001230493B8460E97099208931EAE3DE615
:105810000C93A846002A3FF4C8AD8DF84F10C4E59C
:105820004BF0400B9AF8003093E49AF800300029CE
:105830007FF48FAC012220218BE44BF0010B9AF80E
:10584000003086E4099C2368079318460028234605
:1058500003F10403FFF6DFAC09939AF8003078E413
:105860009AF8003001222B2173E40C93A846002AF9
:105870003FF457AF8DF84F1053E70C93A846002A1A
:1058800040F0AA861BF0200F80487FF47AAF099A77
:105890001BF0100F134640F0C1821BF0400F00F0C8
:1058A000BD82043314880993002573E79AF8003009
:1058B0006C2B03BF9AF801304BF0200B0AF1010A60
:1058C0004BF0100B45E4002A40F06F861BF0200FD0
:1058D00000F06683099A06991368CD1708460432CA
:1058E00029460992C3E9000100E44BF0200B9AF825
:1058F00000302EE4099A0C93166800248DF84F406E
:10590000171D002E00F06585002DC0F2A2842A46E6
:105910002146304603F084FE002800F0CC85831B2E
:105920000893A04623EAE37309970493CDF83880DF
:105930009DF84F70A6E555480C92B8F1000F40F065
:10594000848147464FF00008CDF8208028AE06E756
:105950000C93002A40F02D860C9A002A3FF48FAC5D
:10596000002301211F4604918DF878208DF84F30D7
:1059700098460E9308911EAE88E5B8F1000F00F02E
:105980008B85002700240025ACE440480C929B4600
:1059900054EA050309974FF000077FF416AF00247F
:1059A000002512E71D9BBBE50C9A652A40F3A180F8
:1059B000B5EE408BF1EE10FA40F049811C9A344963
:1059C000C9F80010013201330121072A1D931C92EE
:1059D000C9F8041000F3928309F10809159A0D998A
:1059E0008A4203DB1BF0010F3FF40BAE1C9A0F98A9
:1059F0001099C9F8001001320344072A1D93C9F811
:105A000004001C9200F3D68309F108090D9A541E74
:105A1000002C7FF7F6AD102C1C9A1E4F40F3DC8152
:105A20001025059EDDF80C8005E009F10809103C01
:105A3000102C40F3D18101321033072A1D931C92A0
:105A4000C9F80070C9F80450EFDD1BAA4146304682
:105A500004F0AEF900287FF419AC1D9B1C9A0DF1DF
:105A6000A009E4E7079A0499541A002C7FF77CAD4B
:105A7000102C1C9A074F2EDD49461025C1461846AA
:105A8000B046059E0DE000BF18110020A849002077
:105A9000C44900206C4A0020103C102C01F1080180
:105AA00015DD01321030072A1D901C920F604D60E9
:105AB000F2DD1BAA0399304604F07AF900287FF43E
:105AC000E5AB103C102C1D981C9A28A9E9DC464631
:105AD0000346C846894601322344072A1D931C9277
:105AE000C9F80070C9F8044000F3468209F10809BA
:105AF0003AE50D9AC9F80060012A1C9A03F10103E6
:105B000002F101024FF001011D931C92C9F804102B
:105B100040F31082072A00F3158209F108090F9853
:105B20001099C9F8001001320344072A1D931C92F2
:105B3000C9F8040000F3138209F10809B5EE408B9F
:105B4000F1EE10FA0D9900F0F580013901320136BD
:105B50000B44072AC9F800601C921D93C9F8041071
:105B600000F31D8109F108091198C9F804000132F8
:105B7000034417A9072A1D931C92C9F800107FF748
:105B80003EAD1BAA0399059804F012F900287FF492
:105B90007DAB1D9B0DF1A00933E51BAA0399059868
:105BA00004F006F900283FF479ADFFF76FBB0999BF
:105BB000B8F1000F0C688DF84F3001F104074FF079
:105BC0000005C0F2718354EA050209972BF0800B9F
:105BD0001F467FF40AACB8F1000F3FF4B3AE0024C7
:105BE000B6E51BAA0399059804F0E2F800287FF4B3
:105BF0004DAB1D9B0DF1A009F0E41BAA039905987C
:105C000004F0D6F800287FF441AB1D9B0DF1A009EC
:105C100096E41BAA0399059804F0CAF800287FF4BB
:105C200035AB1D9B0DF1A0099AE4B8F1000F8DF87A
:105C30004F70C0F26F8254EA05032BF0800B7FF4A3
:105C4000C4ADB8F1000F3FF47CAE0027A7E6159C69
:105C5000002C40F361820E9A0D998A42A8BF0A4631
:105C6000002A14460DDD1C9AC9F800600132234455
:105C7000072A1D93C9F804401C9200F3728309F1AE
:105C800008090E9A002CA8BF121B002A144640F3E4
:105C9000F180102C1C9AC14F40F3198249461025FF
:105CA000B146DDF81480039E04E00831103C102C4E
:105CB00040F30B8201321033072A1D931C920F60B0
:105CC0004D60F2DD1BAA3146404604F071F8002811
:105CD0007FF4DCAA1D9B1C9A28A9E7E71BAA03995D
:105CE000059804F065F800287FF4D0AA9DF84F705D
:105CF0001D9B0DF1A00913E41BF010027FF457AFB8
:105D00001BF040033FF453AF09998DF84F200B4629
:105D1000B8F1000F03F104030C884FF00005C0F246
:105D2000948254EA05012BF0800B099317467FF407
:105D30005CAB50E74C1E002C7FF716AF102C974F32
:105D400022DD1025059EDDF80C8004E0103C102CAF
:105D500009F1080918DD01321033072A1D931C923E
:105D6000C9F80070C9F80450F0DD1BAA414630465E
:105D700004F01EF800287FF489AA103C102C1D9B0B
:105D80001C9A0DF1A009E6DC01322344072A1D9379
:105D90001C92C9F80070C9F804407FF7E3AE1BAA53
:105DA0000399059804F004F800287FF46FAA1D9B5E
:105DB0001C9A0DF1A009D7E61BF0100F33D11BF090
:105DC000400F30D00999B1F900400431E51722465F
:105DD0002B460991FFF7F8BA01322344072A1D9395
:105DE0001C92C9F80070C9F804407FF708ACC8E6F7
:105DF0000999B8F1000F0C688DF84F3001F10407D4
:105E00004FF00005C0F2C58054EA05022BF0800B6C
:105E100009973FF4B2AD1F46FFF764BA1C6804331C
:105E200009930025B6E4099A146813460433E5176C
:105E300022460993002A2B4673F10003BFF6C9AA34
:105E400064424FF02D0765EB4505B8F1000F8DF862
:105E50004F70FFF6CAAA2BF0800BFFF7C6BA1BAA39
:105E60000399059803F0A4FF00287FF40FAA1D9B57
:105E70000DF1A0090E99159A31440D460D998A42EB
:105E800047DB1BF0010F44D10D980644741B821AA6
:105E90009442A8BF1446002C26460DDD1C99C9F873
:105EA00000500131234407291D93C9F804401C9177
:105EB00000F3808209F10809002EACBF941B144640
:105EC000002C7FF79EAB102C1C9A344F84DD1025DC
:105ED000059EDDF80C8005E009F10809103C102C46
:105EE0007FF77AAF01321033072A1D931C92C9F84D
:105EF0000070C9F80450EFDD1BAA4146304603F09C
:105F000057FF00287FF4C2A91D9B1C9A0DF1A00920
:105F1000E4E71C990F9C1098C9F800000131234454
:105F200007291D93C9F804401C9100F3268209F14A
:105F30000809A9E71BF0010F7FF4ECAD072A7FF7F2
:105F400011AE2CE71BAA0399059803F031FF002836
:105F50007FF49CA91D9B1C9A0DF1A009DFE51BAAEB
:105F60000399059803F024FF00287FF48FA91D9B57
:105F70001C9A0DF1A009E1E51BAA0399059803F00D
:105F800017FF00287FF482A91D9B0DF1A009FFF7E0
:105F9000EBBA09970027FFF7A5B900BF6C4A0020AC
:105FA0001BF0100F0BD11BF0400F08D0099A13689B
:105FB00004320992BDF818201A80FFF797B8099AA1
:105FC000136804320992069A1A60FFF78FB8B4EE8C
:105FD000488BF1EE10FA80F19E820C9BB8F1FF3FE6
:105FE00023F0200500F02582472D00F026814BF498
:105FF00080730A9318EE903A002BC0F21D82B0EE27
:1060000048AB00270C9B662B00F00282462B00F069
:10601000EC80B0EE4A0B452D0CBF08F1010444465C
:1060200019AA16AB01920093224615AB02210598DE
:1060300002F00EF80C9B672B064640F00E821BF018
:10604000010F00F066823119B5EE40ABF1EE10FAA7
:1060500000F08581199B994206D930205A1C19926B
:106060001870199B9942F9D89B1B472D0D9300F08E
:106070001F810C9B652B40F3FF810C9B662B159BAE
:1060800000F0FC810E930E9A0D998A42C0F2D881DD
:106090001BF0010F40F0348222EAE273089267227B
:1060A0000C92002F40F0F680B8460493DDF828B03B
:1060B0009DF84F70FFF7E6B927F0070707F10803CF
:1060C00097ED008B0993FFF7BEB94E468946013222
:1060D0002344072A1D931C92C9F80070C9F8044094
:1060E0003FF7BDAE09F10809C4E60027B8458DF8B1
:1060F0004F70FFF654AC2BF0800B1EE41BAA0399E3
:10610000059803F055FE00287FF4C0A81D9B0DF1F3
:10611000A00963E4099F3BE41C9AB949C9F800103F
:10612000013201330121072A1D931C92C9F8041082
:1061300076DC09F108092CB90D9A1AB91BF0010F88
:106140003FF45FAA1C9A0F981099C9F80010013209
:106150000344072A1D93C9F804001C9200F3B6817A
:1061600009F108096442002C40F38780102CA54FE8
:1061700040F3128149461025B146DDF81480039E94
:1061800004E00831103C102C40F30481013210333C
:10619000072A1D931C920F604D60F2DD1BAA314649
:1061A000404603F005FE00287FF470A81D9B1C9A52
:1061B00028A9E7E71BAA0399059803F0F9FD002831
:1061C0007FF464A81D9B0DF1A0091FE440210598F0
:1061D000FDF75CFB039A10601061002800F0ED8170
:1061E000039A40235361FEF774BF19AA16AB0192BC
:1061F0000093424615AB0321B0EE4A0B059801F01F
:1062000027FF444606460C9B462B06EB04017FF411
:106210001BAF3378302B00F08D81159C214413E7A0
:106220001BAA0399059803F0C3FD00287FF42EA84C
:10623000159C1D9B0DF1A0097DE7B8F1000F08BF6B
:106240004FF00108D3E60993A4E609931746FFF738
:106250007BBA3046FEF714FCA04603460890FFF7D1
:1062600061BB1BAA0399059803F0A2FD00287FF4E7
:106270000DA81D9B1C9A0DF1A0090D98C9F800608E
:1062800001320344072A1D931C92C9F804007FF7CA
:10629000B6A976E42D270493DDF828B08DF84F7069
:1062A0004FF00008FFF7EFB809971F46FFF74CBA09
:1062B000159BDA1C02DB9845BFF6E4AE0C9A023A55
:1062C0000C92013B002B9DF830201593B8BF5B4228
:1062D0008DF85C20B4BF2D222B22092B8DF85D2078
:1062E00040F306810DF16B000446474A82FB03210F
:1062F000DA17C2EBA10202EB8201A3EB410303F127
:106300003001092A134604F8011DEEDC2146303322
:10631000DAB201F8012D884240F262810DF15E018E
:10632000234601E013F8012B01F8012B9842F9D123
:10633000431C1B1B0DF15E02134417AA9B1A0D9AF6
:106340001193012A1344089340F3FF80089B0F9A8E
:106350001344002208930E9223EAE373A1E60B464E
:1063600082E61BAA0399059803F022FD00287EF41B
:106370008DAF1D9B0DF1A00983E41BAA039905981D
:1063800003F016FD00287EF481AF159A1D9B0DF1D8
:10639000A00979E54E46894601322344072A1D9318
:1063A0001C92C9F80070C9F804403FF75AAF09F1D0
:1063B000080962E71BAA0399059803F0F9FC002875
:1063C0007EF464AF159A0D991D9B8A1A0DF1A009F0
:1063D00072E5062D2B4628BF0623089323EAE373B4
:1063E000B04609970E9637460493084EFFF74AB811
:1063F0009B46FFF7EAB92D278DF84F70FFF733B8AA
:10640000C44900206C4A002067666666BC490020CB
:1064100019AA16AB01920093032115AB4246B0EEC8
:106420004A0B059801F014FE4446064600EB0801AD
:10643000EFE64FF00608DAE5B1EE48AB2D27E1E5CF
:106440000F9A0D9B13440E9A0893002A40F38680FE
:10645000672223EAE3730C9223E60C9B472B7FF41D
:10646000F2AD1BF0010F7FF4CEAE199B472DA3EBCD
:1064700006030D933FF41CAF159B22E7002B1A4631
:106480000E9373DDB8F1000F4BD11BF0010F48D113
:1064900023EAE373089204E61BF0010F474605D098
:1064A00038AE302306F8413DFFF756B9CDF82080CD
:1064B00028AEFFF754B925EAE573099704930895C8
:1064C00080460E909DF84F70FEF7DCBF1BAA039923
:1064D000059803F06DFC00287EF4D8AE159C1D9B3A
:1064E0001C9A0DF1A0093DE6A2460025FEF733BE39
:1064F000303330228DF85F308DF85E2018AB1CE70A
:106500000F9A0E9B1344672208930C9223EAE373BD
:10651000C7E5199BA8E53C4E3C4B9DF84F70FEF734
:10652000A4BF0E9B0F9A9D1805EB0803089323EA5E
:10653000E373B6E5B5EE40ABF1EE10FA3FF46DAEA5
:10654000C4F10104159421447EE51BF001037FF49E
:10655000FDAE0E93089B23EAE373A2E50E9B089A17
:10656000C3F101031A441346089271E7B8F1000F12
:1065700002D11BF0010F07D00F9B5D1C05EB080338
:10658000089323EAE3738CE50123089389E50998CE
:106590009AF8013005680430002D0990A246BEF635
:1065A000D8AD4FF0FF35FEF7D4BD8DF84F10FFF793
:1065B0008DB98DF84F10FFF7CFB9059A0C231360F2
:1065C0004FF0FF30FEF76BBE8DF84F10FFF7D4B8D9
:1065D0008DF84F10FFF7A3B88DF84F10FFF752B9A1
:1065E0000DF15E03A9E68DF84F10FEF762BE8DF83F
:1065F0004F10FFF762B88DF84F10FEF716BF8DF8F9
:106600004F10FEF7D0BE00BF8C490020A4490020E7
:10661000F0B5DFF878E0164604460F46BEE80F00F6
:106620008BB06D460FC5BEE80F000FC59EE8030096
:10663000B31E45F8040B222B297022D87D1E284654
:10664000002200E01A46B4FBF6F10AAB06FB114447
:1066500023440C4613F8283C00F8013F531C002942
:10666000F0D1F954BB184AB1197815F8010F297007
:106670000134111B8C4203F80109F5DB38460BB0DD
:10668000F0BD002038700BB0F0BD00BFC84900203D
:106690002DE9F04F2DED068BB9B01C468A46164603
:1066A0000546059002F03AFF036810931846FEF77E
:1066B000E7F909940F901DB1AB6B002B00F0278117
:1066C000BAF90C2093B29F040AD4DAF8641042F4A9
:1066D000005321F40051AAF80C30CAF864109BB2A0
:1066E0001D0740F1DB80DAF81020002A00F0D68088
:1066F00003F01A030A2B00F0DF8000239FEDA68B26
:106700009FEDA79B0D931D931C931193069328ABAC
:106710001B939946B3469BF800305C46EBB1252BA2
:1067200002D11AE0252B03D014F8013F002BF9D138
:10673000CBEB04058DB11C9B1D9AC9F800B0013349
:106740002A44072BC9F804501D921C9300F3C480FF
:1067500009F10809069B2B4406932378002B00F0CF
:10676000C48000231A468DF84F30194607930393CF
:106770004FF0FF38637804F1010B45460BF1010B34
:10678000A3F12000582800F23A84DFE810F0F0036B
:1067900038043804F9033804380438043804380459
:1067A00038045C032A0438045D000F0138042B010F
:1067B0006A036A036A036A036A036A036A036A0371
:1067C0006A033804380438043804380438043804B8
:1067D0003804380438047A039703380497033804DC
:1067E000380438043804CC0338043804320138043F
:1067F00038043804380438045B0138043804AE0225
:1068000038043804380438043804380438043804A8
:1068100038043804EF020203970397039703390300
:10682000020338043804400338044A03C4006400F7
:106830000104380409043804D30338043804DB03A2
:106840000798099340420790039B43F00403039386
:106850009BF8003092E70998A846002104688DF85B
:106860004F10071D03983023782288458DF850304B
:106870004FF000058DF8512040F00203C0F2DC8398
:1068800020F0800343F00203039354EA05030997C1
:1068900000F0AD830F460C92434857E251460598ED
:1068A00001F08CFA002840F0EB87BAF80C3003F0C6
:1068B0001A030A2B7FF421AFBAF90E30002BFFF632
:1068C0001CAF234632465146059801F01DFA39B0F7
:1068D000BDEC068BBDE8F08F1BAA5146059803F06E
:1068E00023FB48B90DF1A00934E71D9B23B105989E
:1068F0001BAA514603F018FBBAF80C30590600F1F8
:10690000BF87069839B0BDEC068BBDE8F08F0598BF
:1069100002F018FBD4E60C93A846002A41F0CC8183
:10692000039A12F0200371D0099F073727F007035D
:10693000002703F10801B8450991D3E900458DF816
:106940004F70C0F2168722F08003039354EA0503C8
:1069500000F06A8328AEE20842EA4572E90804F0D2
:1069600007030D461446303354EA050206F8013D8C
:10697000F1D1039AD40740F1A380302B00F0A0801E
:106980003022731E06F8012C28AAD21A08921E463D
:1069900099E000BFAFF3008000000000000000009D
:1069A000FFFFFFFFFFFFEF7FA84900209BF80030AB
:1069B0002A2B0BF1010401F05881A3F130000928C2
:1069C00098BF002501F2FB8014F8013B05EB85051B
:1069D00000EB4505A3F130000928F5D945EAE57536
:1069E000A346CDE6039B43F0800303939BF800305E
:1069F000C4E60C93A846002A41F07581039B43F03E
:106A000010030393039A12F020038DD1039911F020
:106A1000100200F0838609988DF84F30B8F1000F0E
:106A2000046800F104074FF00005C0F2A1860A4691
:106A300022F08002039254EA0502099700F0F482E2
:106A40001F4687E70C93A846002A41F04481039B28
:106A500043F010030393039A12F0200300F0B5846F
:106A6000099F073727F00703002703F10801B845FE
:106A70000991D3E900458DF84F70C0F2DF8422F010
:106A80008003039354EA050300F0A981002D08BF99
:106A90000A2CC0F0D78428AE204629460A220023BB
:106AA000FCF788FC303206F8012D204629460023E9
:106AB0000A22FCF77FFC04460D4654EA0503EBD19D
:106AC00028AB9B1B0893089B4345B8BF43460493E0
:106AD00000230E9317B1049B01330493039B13F01F
:106AE00002030A9302D0049B02330493039B13F026
:106AF00084030B9340F0AD82079B049A9C1A002CF0
:106B000040F3A782102C1D991C9ABA4F21DD4B46E9
:106B10001025B146059E04E0103C102C03F108033B
:106B200015DD01321031072A1D911C921F605D6036
:106B3000F2DD1BAA5146304603F0F6F900287FF437
:106B4000DBAE103C102C1D991C9A28ABE9DC4E469C
:106B5000994601326318072A1D931C92C9F80070E8
:106B6000C9F8044000F3F2839DF84F7009F1080959
:106B700077B11C9A013201330DF14F000121072A30
:106B80001D931C9289E8030000F36D8309F1080945
:106B90000A9A6AB11C9A0132023314A80221072A08
:106BA0001D931C9289E8030000F3698309F1080929
:106BB0000B9A802A00F0AB82089AC2EB0804002CE2
:106BC00030DD102C1C9A8C4F1FDD4FF01008059DF6
:106BD00004E0103C102C09F1080916DD01321033D5
:106BE000072A1D931C9289E88001F2DD1BAA5146F9
:106BF000284603F099F900287FF47EAE103C102C53
:106C00001D9B1C9A0DF1A009E8DC01322344072AE0
:106C10001D931C92C9F80070C9F8044000F3178353
:106C200009F10809039AD00500F115821C9A089809
:106C3000C9F8006001320344072A1D93C9F8040013
:106C40001C9200F3EE8209F10809039A50073CD523
:106C5000079A0499541A002C37DD102C1C9A654FA2
:106C600020DD1025059E04E0103C102C09F10809D8
:106C700018DD01321033072A1D931C92C9F80070E9
:106C8000C9F80450F0DD1BAA5146304603F04CF918
:106C900000287FF431AE103C102C1D9B1C9A0DF186
:106CA000A009E6DC01322344072A1D931C92C9F88F
:106CB0000070C9F8044008DD1BAA5146059803F08E
:106CC00033F900287FF418AE1D9B069A07990498A3
:106CD0008142ACBF521812180692002B40F0AD82D0
:106CE00000231C930DF1A00915E50C93A846002A7A
:106CF00040F0ED87039B41489E0640F12D81099F9E
:106D0000073727F00703D3E9004503F1080209928A
:106D1000039A12F0010700F0BE8254EA050300F066
:106D200046859DF830208DF851200027039A8DF874
:106D30004F703023B8458DF8503042F00203C0F256
:106D4000EC8622F0800343F00203039328AE23096C
:106D500004F00F0143EA05732A091C461546435CFB
:106D600006F8013D54EA0503F1D1A9E609990C930F
:106D70000A688DF8782000230A461F468DF84F30A8
:106D8000043201230493B8460E97099208931EAE6D
:106D9000A4E60C93A846002A40F0A187039B9C061A
:106DA0007BD5099F073727F00707D7E9002307F1AD
:106DB0000801099114461D46002A73F10003C0F230
:106DC0000284B8F1000F9DF84F70C0F23783039B27
:106DD00023F08003039354EA05037FF457AEB8F120
:106DE000000F40F0D5834FF00008CDF8208028AE8A
:106DF00069E600BF0C0800207C4A00201811002022
:106E0000039B43F0400303939BF80030B6E49BF8E8
:106E100000306C2B00F08485039840F01000039044
:106E2000ACE4002A40F04087039B9A0640F15D8461
:106E3000099A06991368CD17084604322946099223
:106E4000C3E9000167E4099C2368079318460028FA
:106E5000234603F10403FFF6F3AC09939BF80030DB
:106E60008CE4A3F1300000231C461BF8013B04EB2B
:106E7000840400EB4404A3F130000928F5D90794F9
:106E80007EE40C93A846002A40F01D87039B43F044
:106E900010030393039B9C0683D4039BD80600F145
:106EA0006382039B590640F15F820999B1F9004062
:106EB0000431E51722462B4609917DE70C93A8463D
:106EC000002A40F01887039B099F1A0707F107075C
:106ED00040F1028427F0070393ED008B03F10802D1
:106EE0000992B0EEC87BB4EE497BF1EE10FA40F3A4
:106EF0007D83B5EEC08BF1EE10FA00F111869DF89E
:106F00004F70A04EA04B039921F0800103910C9982
:106F100003224FF0000804924729D8BF1E4608926A
:106F2000CDF83880D6E5039B43F0080303939BF824
:106F3000003023E40C93A846002A3FF48CAD8DF872
:106F40004F1088E50C93A846002A40F0D086039B9A
:106F50008E489E063FF5D3AE039BDD0640F10C84C0
:106F6000099A13460433146809930025D0E69BF868
:106F7000003000297FF402AC01222021FFF7FEBB84
:106F8000039B43F0010303939BF80030FFF7F6BB2C
:106F9000039B43F0200303939BF80030FFF7EEBB05
:106FA000099A0C93166800248DF84F40171D002E87
:106FB00000F07885002DC0F2CA842A46214630466A
:106FC00002F02EFB002800F0CF85831B0893A0461B
:106FD00023EAE37309970493CDF838809DF84F7046
:106FE00078E59BF8003001222B21FFF7C7BB6748EB
:106FF0000C92B8F1000F40F05F814746F3E60C9326
:10700000002A40F055860C9A002A3FF46EAC00230B
:1070100001211F4604918DF878208DF84F30984655
:107020000E9308911EAE59E5B8F1000F00F0A78548
:107030000027002400258DE4544803930C9254EA61
:10704000050309974FF000077FF480AE0024002568
:107050007CE61D9B8CE50C9A652A40F39D80B5EE7D
:10706000408BF1EE10FA40F029811C9A4849C9F88A
:107070000010013201330121072A1D931C92C9F827
:10708000041000F39F8309F10809159A0D998A42AB
:1070900003DB039AD1077FF5D8AD1C9A0F9810999E
:1070A000C9F8001001320344072A1D93C9F80400EF
:1070B0001C9200F33F8409F108090D9A541E002C1C
:1070C0007FF7C3AD102C1C9A324F40F398811025E6
:1070D000059E05E009F10809103C102C40F38F8152
:1070E00001321033072A1D931C92C9F80070C9F8A9
:1070F0000450EFDD1BAA5146304602F015FF002870
:107100007FF4FAAB1D9B1C9A0DF1A009E4E7079AE6
:107110000499541A002C7FF74FAD102C1C9A1D4F68
:1071200021DD49461025B146059E04E0103C102C97
:1071300001F1080115DD01321033072A1D931C925D
:107140000F604D60F2DD1BAA5146304602F0ECFEA6
:1071500000287FF4D1AB103C102C1D9B1C9A28A951
:10716000E9DC4E46894601322344072A1D931C92CE
:10717000C9F80070C9F8044000F3188209F1080941
:107180001AE500BF94490020A0490020A84900202A
:10719000C44900207C4A00200D9A012A40F3C08196
:1071A0001C9AC9F80060013201330121072A1D939E
:1071B0001C92C9F8041000F3D18109F108090F9855
:1071C0001099C9F8001001320344072A1D931C923C
:1071D000C9F8040000F3CF8109F10809B5EE408B2E
:1071E000F1EE10FA0D9900F0C88001390132013634
:1071F0000B44072A1C921D93C9F80060C9F80410BB
:1072000000F39F8109F108091198C9F804000132BF
:10721000034417A9072A1D931C92C9F800107FF791
:1072200012AD1BAA5146059802F07EFE00287FF49D
:1072300063AB1D9B0DF1A00907E51BAA51460598FC
:1072400002F072FE00283FF44BADFFF755BB1BAABE
:107250005146059802F068FE00287FF44DAB1D9B57
:107260000DF1A009DEE41BAA5146059802F05CFE70
:1072700000287FF441AB1D9B0DF1A00988E41BAAF7
:107280005146059802F050FE00287FF435AB1D9B57
:107290000DF1A0098CE4B8F1000F8DF84F70C0F229
:1072A000EC8222F08003039354EA05037FF44EAD91
:1072B000B8F1000F3FF4A1AE0027C7E6159C002CE3
:1072C00040F38C820E9A0D998A42A8BF0A46002A82
:1072D00014460DDD1C9AC9F8006001322344072AC8
:1072E0001D93C9F804401C9200F3658309F1080955
:1072F0000E9A002CA8BF121B002A144640F3B3803C
:10730000102C1C9AB84F40F344821025DDF81480ED
:1073100005E009F10809103C102C40F33A820132D3
:107320001033072A1D931C92C9F80070C9F8045045
:10733000EFDD1BAA5146404602F0F6FD00287FF41F
:10734000DBAA1D9B1C9A0DF1A009E4E71BAA51467C
:10735000059802F0E9FD00287FF4CEAA9DF84F7051
:107360001D9B0DF1A00903E4099A14681346043328
:10737000E517099322462B461EE54C1E002C7FF78D
:1073800043AF102C984F40F305811025059E05E072
:1073900009F10809103C102C40F3FC800132103335
:1073A000072A1D931C92C9F80070C9F80450EFDD3C
:1073B0001BAA5146304602F0B7FD00287FF49CAA74
:1073C0001D9B1C9A0DF1A009E4E7039911F010022E
:1073D00021D009988DF84F30B8F1000F046800F102
:1073E00004074FF0000527DB0A4622F080020392D3
:1073F00054EA050209971F467FF448ABEFE40132D7
:107400002344072A1D931C92C9F80070C9F8044050
:107410007FF719AC05E7039911F0400340F03A8279
:1074200009998DF84F30B8F1000F0C6801F104078D
:107430004FF0000580F2708109971F4654EA05035A
:107440007FF424AB38AE303406F8414DFFF738BB3B
:107450001BAA5146059802F067FD00287FF44CAA4C
:107460001D9B0DF1A0090E99159A31440D460D99F9
:107470008A4244DB0399CF0741D40D980644741B1C
:10748000821A9442A8BF1446002C26460DDD1C9992
:10749000C9F800500131234407291D93C9F804405D
:1074A0001C9100F3178309F10809002EACBF941B4F
:1074B0001446002C7FF7C9AB102C1C9A4A4F9EDD56
:1074C0001025059E04E009F10809103C102C96DDFA
:1074D00001321033072A1D931C92C9F80070C9F8B5
:1074E0000450F0DD1BAA5146304602F01DFD002875
:1074F0007FF402AA1D9B1C9A0DF1A009E5E71C99D7
:107500000F9C1098C9F800000131234407291D93EE
:10751000C9F804401C9100F3678209F10809ACE73F
:10752000039AD4073FF53CAE1C9AC9F800600132BB
:1075300001330121072A1D931C92C9F804107FF71B
:1075400061AE1BAA5146059802F0EEFC00287FF4BC
:10755000D3A91D9B1C9A0DF1A00955E61BAA514603
:10756000059802F0E1FC00287FF4C6A91D9B1C9A37
:107570000DF1A00923E61BAA5146059802F0D4FCA0
:1075800000287FF4B9A91D9B1C9A0DF1A00925E6DE
:10759000002457E701322344072A1D931C92C9F89F
:1075A0000070C9F804407FF72DAECAE71BAA514608
:1075B000059802F0B9FC00287FF49EA91D9B0DF1EF
:1075C000A009FFF7F9BA64424FF02D0765EB4505B6
:1075D000B8F1000F8DF84F70FFF658AA039B23F007
:1075E00080030393FFF752BA7C4A0020B4EE488B25
:1075F000F1EE10FA80F116830C9BB8F1FF3F23F0F7
:10760000200500F08782472D00F08481039B43F41E
:1076100080730A9318EE903A002BC0F28682B0EE87
:1076200048AB00270C9B662B00F06382462B00F0D2
:107630005681B0EE4A0B452D0CBF08F101044446BB
:1076400019AA16AB01920093224615AB02210598A8
:1076500000F0FEFC0C9B672B064640F09F82039BCC
:10766000DA0740F1D4823119B5EE40ABF1EE10FAF1
:1076700000F09F81199B994206D930205A1C19921B
:107680001870199B9942F9D89B1B472D0D9300F058
:1076900089810C9B652B40F390820C9B662B159B7C
:1076A0000E9300F053820E9A0D998A42C0F24182E5
:1076B000039BD90700F1978222EAE27308926722BE
:1076C0000C92002F40F0648104930A9B0393B84608
:1076D0009DF84F70FFF7FEB927F0070707F1080381
:1076E00097ED008B0993FFF7FCBB039BDB060BD4E4
:1076F000039B5F0608D5099A136804320992BDF806
:1077000018201A80FFF707B8099A13680432099203
:10771000069A1A60FEF7FFBF039A66E6039911F016
:10772000400317D009988DF84F200346B8F1000F99
:1077300003F1040304884FF00005C0F2528221F0E7
:107740008001039154EA050109933FF46DAC17469B
:10775000FFF700B909998DF84F30B8F1000F0C68A8
:1077600001F104074FF0000502DB039AFFF760B94F
:1077700009970027FFF7EEB8039B099A13F0400F13
:10778000134600F081800433148809930025FFF725
:10779000BFBA01322344072A1D931C92C9F8007016
:1077A000C9F804403FF754AE09F108095BE6002729
:1077B000B8458DF84F70FFF649AC039B23F080036A
:1077C000039316E41BAA5146059802F0ADFB00286E
:1077D0007FF492A81D9B0DF1A00956E41C9AB949AB
:1077E000C9F80010013201330121072A1D931C92B0
:1077F000C9F8041066DC09F108092CB90D9A1AB908
:10780000039AD2077FF521AA1C9A0F981099C9F8FC
:10781000001001320344072A1D93C9F804001C928A
:1078200000F3D18109F108096442002C40F3A380E0
:10783000102CA54F40F3CB801025DDF8148005E017
:1078400009F10809103C102C40F3C18001321033BB
:10785000072A1D931C92C9F80070C9F80450EFDD87
:107860001BAA5146404602F05FFB00287FF444A863
:107870001D9B1C9A0DF1A009E4E7099FFFF7DFBBF0
:107880004FF0FF30FFF73EB804331468099300252A
:10789000FFF73EBA09988DF84F200346B8F1000F64
:1078A00003F1040304884FF00005C0F2A58121F024
:1078B0008001039154EA0501099317467FF4E6A875
:1078C000FFF78DBA1BAA5146059802F02DFB002840
:1078D0007FF412A8159C1D9B0DF1A0098DE719AA34
:1078E00016AB01920093424615AB0321B0EE4A0B52
:1078F000059800F0ADFB444606460C9B462B06EB74
:1079000004017FF4B1AE3378302B00F09181159CE7
:107910002144A9E6B8F1000F08BF4FF0010875E651
:10792000039B43F0200303930BF1010B9BF8003002
:10793000FEF724BF1BAA5146059802F0F5FA00286D
:107940007EF4DAAF1D9B0DF1A009FFF7B6BB304600
:10795000FDF796F8A04603460890FFF739BB1BAA2F
:107960005146059802F0E0FA00287EF4C5AF1D9B51
:107970001C9A0DF1A0090D98C9F80060013203446A
:10798000072A1D931C92C9F804007FF75CA948E4FC
:107990002D2704930A9B03938DF84F704FF0000836
:1079A000FFF799B8159BDD1C2BDB984529DB0E935F
:1079B00079E60B4668E61BAA5146059802F0B4FA30
:1079C00000287EF499AF1D9B0DF1A00990E40132CF
:1079D0002344072A1D931C92C9F80070C9F804407B
:1079E000BDDC09F10809C6E71BAA5146059802F05B
:1079F0009BFA00287EF480AF159A1D9B0DF1A0091B
:107A00003BE50C9A023A0C92013B002B9DF830208A
:107A10001593B8BF5B428DF85C20B4BF2D222B229A
:107A2000092B8DF85D2040F3EA800DF16B000446D0
:107A3000264A82FB0321DA17C2EBA10202EB820184
:107A4000A3EB410303F13001092A134604F8011D99
:107A5000EEDC21463033DAB201F8012D884240F2E3
:107A60002F810DF15E01234601E013F8012B01F88F
:107A7000012B9842F9D1431C1B1B0DF15E021344EC
:107A800017AA9B1A0D9A1193012A1344089340F3E5
:107A9000DA80089B0F9A1344002208930E9223EA7F
:107AA000E3730EE6062D2B4628BF0623089323EA30
:107AB000E373B04609970E9637460493044EFFF7DA
:107AC00009B800BFC44900207C4A0020676666668A
:107AD000BC4900201BAA5146059802F025FA00284F
:107AE0007EF40AAF159A0D991D9B8A1A0DF1A00913
:107AF000DBE419AA16AB01920093032115AB4246B1
:107B0000B0EE4A0B059800F0A3FA4446064600EB97
:107B10000801F8E64FF0060878E50393FFF716B979
:107B20002D278DF84F70FFF7ECB9B1EE48AB2D273C
:107B300078E50F9A0D9B13440E9A0893002A40F3A0
:107B40008C80672223EAE3730C92BAE5002B40F3A2
:107B50009A80B8F1000F5CD1039AD40759D41A4621
:107B6000089223EAE373ACE525EAE57309970493E9
:107B7000089580460E909DF84F70FEF7ABBF039BB3
:107B8000DB07474605D538AE302306F8413DFEF702
:107B900097BFCDF8208028AEFEF795BF0C9B472BF2
:107BA0007FF461AD039BDB073FF5A7AE199B472D23
:107BB000A3EB06030D933FF4F5AE159B24E7A34614
:107BC0000025FEF7DDBD1BAA5146059802F0ACF971
:107BD00000287EF491AE159C1D9B1C9A0DF1A00906
:107BE00022E60993C5E50F9A0E9B1344672208937A
:107BF0000C9223EAE37364E5099317461EE43033DD
:107C000030228DF85F308DF85E2018AB38E7199B75
:107C10003AE50E9B0F9A9D1805EB0803089323EA9B
:107C2000E3734EE5364E374B9DF84F70FFF76BB957
:107C3000B5EE40ABF1EE10FA3FF469AEC4F10104C9
:107C40001594214410E5039B13F001037FF421AF49
:107C50000E93089B23EAE37333E50E9B089AC3F166
:107C600001031A44134608926BE709989BF8013008
:107C700005680430002D0990A346BEF67FAD4FF095
:107C8000FF35FEF77BBDB8F1000F02D1039BD8078B
:107C900007D50F9B5D1C05EB0803089323EAE373EC
:107CA0000FE5012308930CE58DF84F10FFF7BCB8E2
:107CB0008DF84F10FFF7A7B98DF84F10FEF730BEC3
:107CC0000DF15E03DCE68DF84F10FFF7DFB88DF89D
:107CD0004F10FFF70FB88DF84F10FEF7B8BE8DF8B4
:107CE0004F10FFF75BB88DF84F10FEF787BE8DF889
:107CF0004F10FFF72CB98DF84F10FFF7E4B800BF15
:107D00008C490020A4490020F0B50C46ADF26C4D22
:107D10008989666EE589199621F00201666AADF8D7
:107D20000E500025E769ADF80C10099606951AAEBD
:107D30004FF480656946009604960295059507976D
:107D40000646FEF7A5FC051E07DB3046694601F036
:107D500065F8002818BF4FF0FF35BDF80C305B0602
:107D600003D5A38943F04003A38128460DF26C4D4F
:107D7000F0BD00BF21B1FF2A04D80A70012070476E
:107D8000084670478A2303604FF0FF30704700BFFA
:107D900070B50D46084C114606461A462846002383
:107DA0002360FAF709FD431C00D070BD2368002B47
:107DB000FBD0336070BD00BF2C68012038B5304B5C
:107DC0001B6805460C4613B19A6B002A38D0B4F9EB
:107DD0000C2093B218070CD52069A8B113F001024A
:107DE0001ED0636900225B42A361A260F0B1002053
:107DF00038BDD9063CD5580726D4206942F008037F
:107E0000A3819BB20028E9D103F42072B2F5007F70
:107E1000E4D02846214601F0BFFBA3892069DDE7B5
:107E2000990758BF6269A2600028E0D1B4F90C300C
:107E30001A06DDD543F04003A3814FF0FF3038BD73
:107E4000184601F07FF8C2E7216B51B104F14003FD
:107E5000994204D0284601F0CDF8B4F90C20002353
:107E6000236300232069636022F024022060C5E7B9
:107E700042F0400209232B604FF0FF30A28138BD51
:107E8000205900202DE9F047254C2568D5F84841B8
:107E90000646884692469946C4B360681F2817DC98
:107EA000431C76B104EB80050122C5F888A0D4F804
:107EB000881182401143022EC4F88811C5F8089138
:107EC0001ED00230636044F820800020BDE8F087B7
:107ED000144B03B34FF4C870FBF7C8FC0446D0B191
:107EE000D5F84831002780E88800C5F84841384671
:107EF0000123C4F88871C4F88C71002EE1D0D1E759
:107F0000D4F88C110A43C4F88C21DAE705F5A6747D
:107F1000C5F84841C1E74FF0FF30BDE8F08700BF2A
:107F2000F80700206D40010002690B69934200F3DD
:107F30008D802DE9F04F03F1FF3801F1140700F1B6
:107F4000140B57F828205BF828304FEA880483B0D8
:107F50000132B3FBF2F90BEB0403009407EB040AC4
:107F60000193B9F1000F39D00025BC46DE462B46FF
:107F70005CF8046BDEF80020B4B209FB0455360C43
:107F80002C0C09FB0644ADB25B1BA6B213FA82F3BC
:107F9000C6EB124606EB23469BB243EA0643E24594
:107FA0004EF8043B4FEA14454FEA2643E0D2009BCB
:107FB0005BF8033093B9019C231F9B450CD254F806
:107FC000043C4BB9A4F1080302E01A68043B1AB957
:107FD0009B4508F1FF38F8D3C0F81080044601F043
:107FE00077FD00282EDB09F101095D46002357F8D3
:107FF000041B28688AB29A1A090C12FA80F2C1EBA3
:10800000104303EB224391B241EA0341BA4545F8DC
:10801000041B4FEA2343EAD25BF828200BEB8803CA
:1080200082B91A1F93450BD253F8042C42B9083B6E
:1080300002E01A68043B1AB99B4508F1FF38F8D3EF
:10804000C4F81080484603B0BDE8F08F00207047A8
:108050002DE9F04F57EC106B93B0056C019104467D
:108060009046049310EE10AABB464DB1426C6A6074
:1080700001239340AB60294601F048FB00232364B1
:10808000BBF1000F5E4634DB1C9A00231360C44B27
:108090001A463340934215D04BEC17ABB5EE407BFC
:1080A000F1EE10FACDE902AB2AD1049A0123136054
:1080B0001D9B002B00F0B780BA481860013813B040
:1080C000BDE8F08F049A42F20F731360BAF1000F0B
:1080D00000F09280B4481D9B002BF0D0C378002B99
:1080E00000F0A38000F108031D9A136013B0BDE8EF
:1080F000F08F1C9A01232BF000461360B346C6E7AD
:1081000011A910AA9DED020B204601F08DFD310D45
:1081100007907AD110981199014401F23243202B33
:1081200040F34182C3F1400301F212429E402AFA19
:1081300002F3334307EE903AB8EE677B012553EC28
:10814000172B0139A3F1F8730A9543EC172BB7EEFF
:10815000086B9FED8D4B37EE466B9FED8D7B9FED52
:108160008E5BA6EE047B06EE901AB8EEE66BA6EEEA
:10817000057BFDEEC76BB5EEC07BF1EE10FACDEDE1
:10818000026A00F11C81029D162D00F21581874BB9
:1081900003EBC50393ED007B4BEC16ABB4EEC67B53
:1081A000F1EE10FA40F306826B1E029300230C934B
:1081B000411AB1F1010900F1178100230693029BD6
:1081C000002BC0F2088199440B9300230593019B77
:1081D000092B2CD8052B40F35F85043B019300232A
:1081E0000E93019B023B032B00F25F85DFE813F047
:1081F000A902E501B502C8036B4B6D4AC6F3130033
:10820000002814BF1846104665E7DDE90223C3F3D2
:10821000130040F07F530025A1F2FF3143F44013D7
:1082200010980A9591E7634849E7C31C5CE7002171
:10823000616420468846019101F042FA4FF0FF3711
:108240000123089020640D970993119B002B7ADB82
:10825000029A0E2A77DC554BB8F1000F03EBC203EC
:1082600093ED004BC0F28482B1EE442B4BEC17AB84
:1082700087EE046BBDEEC66B089A16EE103A012F1E
:1082800003F13003B8EEC65B02F1010B1370A2EEEE
:10829000057B22D0B2EE043B27EE037BB5EE407B9C
:1082A000F1EE10FA3AD0089A06E027EE037BB5EE1D
:1082B000407BF1EE10FA31D087EE046BBDEEC66B59
:1082C00016EE103A30330BF8013BC2EB0B03BB4206
:1082D000B8EEC65BA2EE057BE7D137EE077BB4EEC6
:1082E000C74BF1EE10FA08D4B4EE474BF1EE10FA9A
:1082F00014D116EE103ADB0710D51BF8010C089AC2
:108300000BF1FF3304E09A4200F0E58313F8010D0E
:10831000392803F1010BF6D0013018700799204677
:1083200001F0F4F90022029B8BF80020049A01333B
:1083300013601D9B002B00F066830898C3F800B003
:1083400013B0BDE8F08F099A002A53D0019A012A90
:1083500040F32E8205997A1E9142C0F257838B1A00
:108360000E93002F069BC0F224840A933B46069A84
:1083700001211A4420460692994401F05FFA06460C
:108380003DE000BFAFF3008061436F63A787D23F3A
:10839000B3C8608B288AC63FFB799F501344D33FF4
:1083A0000000F07FC5490020FC490020A802002001
:1083B000F0490020C449002001230C93F8E6B8EEF0
:1083C000E66BB4EE467BF1EE10FA3FF4DCAE029BB6
:1083D000013B0293D7E6069A029BD21A5B420593B1
:1083E000002306920B93F2E6C9F1000306934FF0C7
:1083F0000009E4E6059B0E93099E069B0A930A99E1
:108400000B4661B1B9F1000F09DD4945069AA8BFD5
:108410004B46D21A0692CA1A0A92C3EB0909059B67
:10842000002B40F38082099A002A00F09A810E9A6C
:10843000002A00F096813146204601F0A1FA079A01
:1084400001460646204601F003FA079905462046F4
:1084500001F05CF9059B0E9A9B1A059340F0808110
:108460000121204601F0EAF90B9B0590002B00F05A
:10847000AC8101461A46204601F082FA019B059024
:10848000012B40F3808200230793059A136902EBC6
:108490008303186901F084F9C0F12000484410F00A
:1084A0001F0000F09081C0F12003042B40F3F883FB
:1084B000C0F11C00069B034406930A9B03440A93E5
:1084C0008144069B002B05DD29461A46204601F013
:1084D000A7FA0546B9F1000F05DD4A460599204681
:1084E00001F09EFA05900C9B002B40F00182002FBA
:1084F00040F32082099B002B40F07B81DDF820B007
:10850000DDF814A0D84602E001F00AF9054651460C
:108510002846FFF709FD00F1300908F8019BCBEB75
:108520000803BB424FF00A024FF0000329462046E1
:10853000EADB089B012FACBFDB1901339B464FF0F0
:10854000000A29460122204601F06AFA059907909F
:1085500001F0BEFA002840F38C821BF8012C089928
:108560000BF1FF3304E08B4200F0038213F8012D7E
:10857000392A03F1010BF6D001321A700599204611
:1085800001F0C4F8002E3FF4C9AEBAF1000F05D0D7
:10859000B24503D05146204601F0B8F83146204696
:1085A00001F0B4F8BAE6C3F120030AFA03F307EEC8
:1085B000903AC1E500230C93FAE500230993029B4E
:1085C00043445F1C002F0D9340F32D823E463D46F1
:1085D0000021172E61640AD9012204235B0003F1F4
:1085E0001400B042114602F10102F7D9616420463D
:1085F00001F066F80E2D089020643FF626AE0E9B23
:10860000002B3FF422AE02990029CDE90EAB40F3D6
:108610004182C64B01F00F0203EBC2020B11DE06D2
:1086200092ED006B40F1FB81C14A92ED087B4BEC6F
:1086300014AB03F00F03032184EE075B5BB1BC4A6C
:10864000DD0704D592ED007B013126EE076B5B1050
:1086500002F10802F4D185EE064B0C9B3BB1B7EE5C
:10866000007BB4EEC74BF1EE10FA00F1B78207EED3
:10867000901AB8EEE76BB1EE0C7BA6EE047B53ECE0
:10868000172BA3F15073002F00F0A681029E3946EC
:108690000998002800F04D82B6EE003BA348089DE3
:1086A00000EBC10010ED026BBDEEC47B83EE065BF8
:1086B00017EE100A43EC162B3030C0B235EE465B95
:1086C000B8EEC77B34EE477BB4EEC75BF1EE10FA31
:1086D000287005F1010B32DCB7EE003B33EE476B3F
:1086E000B4EEC65BF1EE10FA00F3AE82012940F35E
:1086F000CD81B2EE044B089B19440AE033EE476B80
:10870000B4EEC56BF1EE10FA00F19E828B4500F0DD
:10871000BD8127EE047B25EE045BBDEEC76B16EE34
:10872000103A03F13000C0B2B8EEC66B37EE467BAC
:10873000B4EEC57BF1EE10FA0BF8010BDED5029614
:10874000ECE500230993B8F1000F40F37081464631
:108750004546CDF8348047463AE701230993F2E7CE
:108760000795059A0799204601F00AF9054677E62C
:10877000002F3FF779AD40F04281B1EE047B24EE4B
:10878000074B4BEC17ABB4EEC74BF1EE10FA3E467D
:108790000597C0F2E5806FEA0803DDF820B0029388
:1087A0000599204600F0B2FF002E3FF4B7ADF5E684
:1087B0000A9A002A00F00282059A0E92069A0A92FC
:1087C00003F23343D3E51C2074E6019B012B40F3F5
:1087D00040820B9B0793012060E6314600230A226A
:1087E000204600F09DFF0D9B002B064640F34D8276
:1087F0001F460A9B002B05DD31461A46204601F034
:108800000FF90646079B002B40F06E81B046089B8F
:10881000013FDA1909920AF001020A921F46DDF8B7
:1088200014B028465946FFF77FFB3146824628465A
:1088300001F04EF9424659468146204601F06AF958
:10884000C36883460AF13002002B49D1014628460D
:10885000079201F03DF959460690204600F056FF78
:10886000069B079A2BB9019919B90A99002900F0BA
:10887000F581B9F1000FC0F2DF8005D1019919B976
:108880000A99002900F0D880002B00F34181099B50
:108890003A7007F101099F42CB4600F04681294614
:1088A00000230A22204600F03BFF4645054631469C
:1088B0004FF000034FF00A0220460BD000F030FFCB
:1088C0004146064600230A22204600F029FF4F4673
:1088D0008046A4E700F024FF4F46064680469EE708
:1088E00001462046069200F011FF0123069AC0E7D8
:1088F0000599284601F0ECF80028BFF6F8AD2946A6
:10890000029D0023013D0A222046029500F008FF47
:10891000099B0546002B7FF460AF0D9B002B40F3B5
:10892000AD811F46EAE5079D9AE500BFA802002039
:1089300080020020019B022B7FF7DCAD002F40F06E
:1089400069813B4605990522204600F0E9FE014673
:108950000590284601F0BCF8002807957FF71BAF6B
:10896000029A08993123013202920B7001F1010B36
:1089700016E7029A01320292089A31231370FDE53C
:10898000012309931BE6BAF1000F7FF47CADCBF312
:108990001303002B40F01B812BF000431B0D1B0524
:1089A000002B00F05481069B01330693012309F14B
:1089B000010907930B9B0120002B3FF46FAD64E589
:1089C00007EE901AB8EEE76BB1EE0C7BA4EE067BD7
:1089D00053EC172BA3F1507343EC162BB1EE047B31
:1089E00034EE477BB4EEC67BF1EE10FA00F3DD8087
:1089F000B1EE466BB4EEC67BF1EE10FA46D500231D
:108A000005931E46C7E60898FFF759BB059B0B99CF
:108A10000592D31A194400230B910E93A1E49DED06
:108A20000E5B02210AE63D4600216164DFE5012577
:108A30000D952F46A846F7E7002B914611DD2946F4
:108A40000122204600F0ECFF0599054601F040F8B0
:108A5000002840F30C81B9F1390F00F0DD800AF1F4
:108A60003109B24687F8009007F1010B4646079599
:108A700084E504D119F0010F01D06EE593461BF88F
:108A8000013C302B0BF1FF32F8D077E5DDE90EAB7E
:108A9000FFF7DBBB029B5B42002B00F09B808B4A05
:108AA00003F00F0102EBC10292ED007B9DED0E6B16
:108AB0001B1126EE074B00F0E680854A0221D807FD
:108AC00004D592ED007B013124EE074B5B1002F1DF
:108AD0000802F4D1C1E5089930220A70029A1BF805
:108AE000010C0132029217E47168204600F0E8FDA3
:108AF00033699A1C8046920006F10C010C30F7F79E
:108B0000F7FA41460122204600F08AFF80467EE6C1
:108B1000392A00F0818002F10109B24687F80090FD
:108B200007F1010B4646079528E5B24691464646B1
:108B300007E56648BDEEC46B4D1E00EBC50043EC77
:108B4000172B90ED003B16EE103A23EE073B0898EA
:108B500030330129B8EEC66B037000F1010B34EE1F
:108B6000467B14D0B2EE045B089B19445B4627EEAB
:108B7000057BBDEEC76B16EE102A303203F8012BD1
:108B80009942B8EEC66B37EE467BF0D1AB44B6EEF9
:108B9000006B33EE065BB4EEC75BF1EE10FA43D523
:108BA00002961BF8010CFFF7AABB002305931E4693
:108BB000D6E6DB1B0A930023FFF7D9BB059A109B6F
:108BC0000E92069A0A92C3F13603FFF7D0BB002338
:108BD0000793EFE69DED0E4B02213EE5002F3FF49B
:108BE000EFAE0D9800287FF751AFB2EE045BB1EE07
:108BF0000C7B013106EE901A24EE054B029BB8EE79
:108C0000E66B5E1EA4EE067B53EC172B0146A3F128
:108C100050733DE50795BEE53922B24607954646B5
:108C20003A7007F1010B9AE436EE436BB4EEC76B72
:108C3000F1EE10FA01DC29E793461BF8013C302BDA
:108C40000BF1FF32F8D07AE50296FFF758BB079395
:108C5000B0E6BAF1000F7FF4BCAD98E6392ACB46F6
:108C60009146D9D0BBF1000F3FF7F9AEF9E67FF49A
:108C7000F8AE19F0010F3FF4F4AEECE6019B022BC5
:108C800008DC0D9F3AE40221E7E4019B022B01DCA2
:108C90000D9FAEE50D9F51E601230E93FFF7A1BA9C
:108CA0003FF40FACC0F13C0004E4002565642946A4
:108CB000204600F005FD4FF0FF3701230890A8463D
:108CC00020640D970993FFF7C0BA00BFA8020020E7
:108CD00080020020B1F90C309AB22DE9F0410D4626
:108CE000110780463CD46A6843F40063002AAB81D4
:108CF00073DDAC6A002C4BD09BB203F48052002190
:108D000092B2D8F80060C8F80010002A69D02A6D25
:108D10005F0705D569682B6B521A0BB1EB6BD21A42
:108D20000023E9694046A047441C3CD0B5F90C300B
:108D30002A692A6023F400630022AB81DB046A60A5
:108D400049D4296BC8F8006011B305F1400399427A
:108D500002D0404600F04EF900202863BDE8F081C3
:108D60002E69AEB12C682E6090070CBF6B69002392
:108D7000A41BAB600AE0234632466F6AE9694046AD
:108D8000B8470028A4EB0004064404DD002CF2DC04
:108D90000020BDE8F081AB8943F04003AB814FF088
:108DA000FF30BDE8F081D8F800201D2AF3D81A4B17
:108DB000D34003F0010383F00104002BEBD0B5F99D
:108DC0000C302969296023F40063D9046C60AB81FD
:108DD000B7D5002AB5D12865B3E7EA6B002A88DC4D
:108DE000D6E70123E9694046A047431C024602D06A
:108DF000AB89AC6A8CE7D8F80030002BF8D01D2B7B
:108E000001D0162B02D1C8F80060C1E7AB8943F04E
:108E10004003AB81BDE8F0810100402010B504465D
:108E200082B008B1836B53B1B1F90C0008B902B03C
:108E300010BD204602B0BDE81040FFF74BBF0191C6
:108E400000F080F80199EFE7014900F03DBB00BF59
:108E50000DA801002DE9F04F354B4568C363002490
:108E6000074600F53B7204230321C0F8E412C0F862
:108E7000E822C0F8E04283B02C606C60AC606C66A5
:108E8000EC812C616C61AC61AB81214605F15C0029
:108E90000822FBF75FF8BE68DFF898B0DFF898A00B
:108EA000DFF89890DFF89880C5F820B001230922F8
:108EB000C5F824A0C5F82890C5F82C80ED6121469E
:108EC000F381B28106F15C0034607460B460746652
:108ED00034617461B46108220193FBF73BF8FD68CB
:108EE000F66112200222C6F820B0C6F824A0C6F807
:108EF0002890C6F82C802146A881EA812C606C60FD
:108F0000AC606C662C616C61AC6105F15C000822A0
:108F1000FBF720F8019BED61C5F820B0C5F824A04F
:108F2000C5F82890C5F82C80BB6303B0BDE8F08F6E
:108F30004996010029A501004DA5010089A5010060
:108F4000A9A50100836B03B17047FFF783BF00BF82
:108F5000704700BF704700BFF8B5234F0C46064668
:108F6000FBF746F8BB685D6825F00305291B01F691
:108F7000EF7121F47F6121F00F01A1F58054B4F568
:108F8000805F07DB00213046FBF7A8FABB682B4463
:108F9000984204D03046FBF72DF80020F8BD61421E
:108FA0003046FBF79BFA01300DD0104BBA681968B8
:108FB0002D1B45F001053046091B55601960FBF774
:108FC00019F80120F8BD00213046FBF787FABA688E
:108FD000831A0F2BDEDD064C0449246843F001039D
:108FE000001B53600860D5E7105500208C59012004
:108FF00018590020002945D02DE9F0410D46804642
:10900000FAF7F6FF55F8047C6A4927F00103A5F149
:109010000804E2188E685068B24220F0030062D063
:10902000FE0750600BD455F8087CE41B01F1080ED4
:10903000A56875453B446FD0E768EF60BD601518C3
:109040006D68ED0742D543F001026260E350B3F56D
:10905000007F18D2DB085A1C4D6851F83270A760A7
:1090600001209B1000FA03F301EBC2001D430838F6
:10907000E0604D6041F83240FC604046BDE8F041A0
:10908000FAF7B8BF70475A0A042A53D89A0902F16E
:1090900039077F0002F1380501EB870051F82720DE
:1090A0004449083890424DD0516821F003018B4269
:1090B00002D292689042F7D1D068E060A2608460EA
:1090C000D4604046BDE8F041FAF794BF95683A4F46
:1090D000BD4203443FD0D068E86043F001028560A0
:1090E0006260E350B3E7FF07034407D455F8082C48
:1090F000A41A1344A068E268C26090602F4A126804
:1091000043F00100934260608C60B6D32C4B404624
:109110001968FFF721FFB0E711184968C90744D45F
:109120009168D268CA60034443F0010091606060B6
:10913000E350A2E7142A17D802F15C077F0002F17E
:109140005B05A9E7AA104B68012505FA02F2134353
:109150004B600246B1E743F001024C610C61E560EF
:10916000A5606260E35088E7542A06D81A0B02F122
:109170006F077F0002F16E058EE7B2F5AA7F06D871
:10918000DA0B02F178077F0002F1770584E740F2FD
:109190005450824206D89A0C02F17D077F0002F1FA
:1091A0007C0579E7FE277E2576E743F001026260C1
:1091B000E35062E710550020185500201C5900208C
:1091C000BC5901209368002B76D02DE9F04F8B8994
:1091D00085B00C4619070190164629D522693AB385
:1091E00003F002081FFA88F0356800282FD04FF0EE
:1091F0000009B44FC846B246B84543464A4628BF60
:109200003B460198B8F1000F50D0E169666AB0475B
:10921000002871DDDAF808301B1A8144C0EB080819
:10922000CAF80830002BE7D1002005B0BDE8F08F68
:1092300021460198FEF7C2FD002840F03A81A3893B
:10924000356803F002081FFA88F00028CFD113F028
:1092500001095BD14F4602961FB39A05D4F80880E6
:109260002CD54745C246C0F0A48013F4906F40F05F
:10927000B180206852464946FAF708FEA068236884
:10928000C8EB00005344A06023603846029A9368FC
:109290001B1A81443F1A9360002BC5D0A389002F6D
:1092A000DBD1D5F800906F680835D5E7D5F8009088
:1092B000D5F8048008359FE70020704720682369AF
:1092C000984203D861698F4280F0B780B84528BFC3
:1092D000B84642464946FAF7D9FDA3682268C8EB6A
:1092E00003034244A3602260002B49D12146019828
:1092F000FFF794FD002843D0B4F90C3043F040034D
:109300004FF0FF30A38105B0BDE8F08F804602909A
:1093100082468146B9F1000F2AD0029B002B4CD027
:10932000206823696269C845C34628BFCB46984276
:109330005F4604D9A36813449B4500F3908093458E
:1093400020DB1346676AE16901985246B847071E59
:10935000D2DDB8EB070823D0B368DB1BBA44C7EBF8
:109360000909B360002B3FF45FAFB9F1000FD4D10E
:109370000023D5F800A0D5F8049002930835C9E77A
:10938000404683E75A465146FAF780FDA2682368B3
:10939000CBEB02025B44B8EB0708A2602360DBD191
:1093A00021460198FFF73AFD0028A5D1CDF80880A5
:1093B000D2E72068B846BA465CE74A460A215046DA
:1093C00000F02EF900286FD001300123CAEB00080D
:1093D0000293A5E762692068216902EB4208C1EBAC
:1093E000000A08EBD8780AF101004FEA680838440F
:1093F0004045424684BF804642465B0542D5114601
:109400000198FAF743FA8346002855D0524621695D
:10941000F6F76EFEA38923F4906343F08003A381E3
:10942000CAEB08030BEB0A00C4F81480C4F810B0B0
:109430002060A360B846BA461CE76FF00043BB4209
:1094400028BF3B464A4693FBF1F30198666A01FB4D
:1094500003F3E169B04700283FF718AF4CE71A461D
:1094600051460393FAF712FD2268039B01981A44B0
:1094700022602146FFF7D2FC039B00287FF43CAF1B
:109480001F4666E70198FAF739FE83460028C7D1E0
:10949000019D21692846FFF7ADFDB4F90C300C227F
:1094A00023F080032A6029E7012309F101080293D0
:1094B00036E74FF0FF30B8E6019A0C231360B4F999
:1094C0000C301BE700FCFF7F2DE9F84310F53877DF
:1094D0001FD0884606464FF000097D68BC68013DF4
:1094E00011D4A389012B05F1FF3508D9B4F90E3049
:1094F00001332146304602D0C04749EA00096B1CBF
:1095000004F16804EDD13F68002FE6D14846BDE87C
:10951000F883B9464846BDE8F88300BF044A054BC6
:109520001268506B002808BF1846F030704700BF23
:1095300020590020A453002070B50D46B1F90E103B
:10954000002990B014461E4614DB01AA00F000FE6C
:1095500000280FDB029A02F47042A2F50052B2FA20
:1095600082F252094FF480634FF40060326023604E
:1095700010B070BDA88900F0800082B20020306079
:109580001AB14023236010B070BD4FF480631046C1
:10959000236010B070BD00BF8A8992070B4606D5C4
:1095A00001F1430201211A601A6159617047F0B557
:1095B00083B001AB6A460C460546FFF7BDFF009934
:1095C00006462846FAF762F9B4F90C30D0B1019A90
:1095D000124F0099EF6343F08003A3812060206164
:1095E00061611AB93343A38103B0F0BD2846B4F9D1
:1095F0000E1000F0C1FDB4F90C300028F2D043F099
:109600000103EFE79A05EFD404F1430243F00203AC
:109610000121A381226022616161E5E74996010091
:1096200001F0FF01102A2BDB10F0070F08D010F813
:10963000013B013A8B422DD010F0070F42B3F6D117
:10964000F0B441EA012141EA014122F007047FF030
:1096500000070023F0E80256083C85EA010586EA87
:10966000010685FA47F5A3FA87F586FA47F6A5FAC3
:1096700087F68EB9EED1F0BC01F0FF0102F00702CF
:1096800032B110F8013B013A83EA010313B1F8D17A
:109690000020704701387047002D06BF354603385B
:1096A000073815F0010F07D1013015F4807F02BF94
:1096B000013015F4C03F0130F0BC0138704700BFE5
:1096C000C36C70B505460C464BB153F8240080B10D
:1096D000026843F8242000230361C36070BD212287
:1096E0000421F9F7FBFFE86403460028EDD10020D0
:1096F00070BD012101FA04F6721D28469200F9F7A7
:10970000EDFF0028F3D044608660E4E731B1C36C1C
:109710004A6853F82200086043F82210704700BFDF
:10972000F0B50C6983B00D46064601F1140E002712
:10973000DEF8000081B202FB01310B0C000C02FBD1
:10974000003389B2013701EB0341BC424EF8041BE0
:109750004FEA1343ECDC3BB1AA68944207DA05EB0D
:109760008402013453612C61284603B0F0BD69685E
:10977000019301313046FFF7A3FF2A69023205F158
:109780000C01074692000C30F6F7B2FCF26C6968E7
:10979000019B52F82100286042F821503D46DEE747
:1097A000030C1B04B3B90004102310F07F4F04BF57
:1097B0000002083310F0704F04BF0001043310F0B2
:1097C000404F04BF80000233002807DB420003D46F
:1097D000202070470023E8E7581C70471846704760
:1097E000036813F0070207D0D90720D49A0720D4C2
:1097F0009B0803600220704799B209B91B0C102224
:1098000013F0FF0F04BF1B0A0832190704BF1B091E
:109810000432990704BF9B080232D90704D45B08BD
:1098200001D12020704701320360104670470020AC
:1098300070475B0803600120704700BF10B50C46FD
:109840000121FFF73DFF01224461026110BD00BF0D
:109850002DE9F04F0D691769BD4283B00C461646DD
:1098600004DA2A4634463D460E461746A368616828
:1098700005EB07089845C8BF0131FFF721FF00F14C
:10988000140C0CEB8809CC45009005D263460021EE
:1098900043F8041B9945FBD806F1140202EB870A32
:1098A00004F11403524503EB850E54D2CDF8049015
:1098B000994652F8043B1FFA83FBBBF1000F20D0FE
:1098C00000204F466646054600E01E4657F8044B0A
:1098D0003068A1B283B20BFB0131240C000C4B1990
:1098E0000BFB040000EB134099B2334641EA004100
:1098F000BE454FEA104543F8041BE6D8756052F8A0
:10990000043C5FEA134B20D0DCF800306746184671
:109910004D46002100E037462C88000C0BFB04006C
:1099200001449CB23E4644EA014346F8043B786851
:1099300055F8044B83B2240C0BFB043404EB1143A5
:10994000AE454FEA1341E6D87B6092450CF1040C1A
:10995000AFD8DDF80490B8F1000F0BDD59F8043CE6
:10996000A9F104091BB105E059F8043D13B9B8F198
:109970000108F9D10098C0F8108003B0BDE8F08F5D
:1099800012F003032DE9F041144607462ED10E468E
:10999000A4101CD0BD6C95B3E3074FF0000806D4AB
:1099A000641014D02868A8B10546E307F8D52A4604
:1099B00031463846FFF74CFFB6B17268FB6C641055
:1099C00053F82210316043F822600646EAD130464F
:1099D000BDE8F0812A4629463846FFF739FF28605E
:1099E000C0F800800546E0E70646D9E75A1E0B4D51
:1099F000002355F82220FFF793FE0646C8E7012111
:109A00003846FFF75DFE40F27121012200234161DB
:109A100002610546B8640360BEE700BF7C0C00200D
:109A20002DE9F04791460A698B684FEA691404EB07
:109A3000020808F101059D420E468246496804DD90
:109A40005B009D4201F10101FADC5046FFF738FE50
:109A5000002C00F1140238DD02EB8403002142F8EF
:109A6000041B9342FBD1346906F1140119F01F095C
:109A700001EB840E21D0C9F1200200240F6807FAFF
:109A800009FC4CEA04049C4643F8044B51F8044B8F
:109A90008E4524FA02F4F1D8CCF804400CB108F158
:109AA0000205DAF84C307268013D53F82210056166
:109AB000316043F82260BDE8F087043B51F8042B85
:109AC00043F8042F8E45F9D8EBE71346CBE700BFE8
:109AD00002690B69D21A13D19B0014301431194456
:109AE00010B4034401E098420CD253F8044D51F8ED
:109AF000042D9442F7D009D301205DF8044B704740
:109B00001046704700205DF8044B70474FF0FF305F
:109B1000F3E700BF2DE9F8430B690F4611695B1AA3
:109B2000002B904617D1890007F1140208F11405A3
:109B30005318294401E09A425ED253F8046D51F85B
:109B4000044DA642F7D060D23B46144647464FF03C
:109B50000109984606E05DDB07F1140502F11404E3
:109B60004FF000097968FFF7ABFDD8F810303E6977
:109B7000C0F80C9004EB830CA64605EB860700F1B9
:109B8000140400235EF8041B55F8048B8AB213FA00
:109B900088F3090C9A1AC1EB184303EB224392B2E3
:109BA00042EA0342F44544F8042B4FEA2343E9D840
:109BB000AF4217D9A446294651F804EB13FA8EF2A6
:109BC000131403EB1E4392B242EA03428F424CF855
:109BD000042B4FEA2343EFD8ED433D4425F0030522
:109BE00004352C44043C22B954F8043D013E002BBA
:109BF000FAD00661BDE8F8830021FFF761FD01227C
:109C0000002302614361BDE8F8832C464FF0000950
:109C10001546A7E73B4607F1140408F1140547462B
:109C20004FF0010998469DE72DE9F04357EC106B82
:109C300083B0884601213C46C7F30A551746FFF713
:109C40003FFDC4F3130481460DB144F48014019424
:109C50001EB302A840F8086DFFF7C2FD002834D1FA
:109C60009DE80C00C9F81420002B0CBF0121022133
:109C7000C9F81830C9F81010DDB909EB8103A0F25A
:109C80003240C8F800001869FFF78AFDC0EB4110A8
:109C90003860484603B0BDE8F08301A8FFF7A0FD97
:109CA000019BC9F8143001212030C9F81010002D93
:109CB000E3D0A5F233450544C0F13500C8F80050A3
:109CC0003860484603B0BDE8F0839DE80C00C0F161
:109CD000200103FA01F10A43C3400193C9F814209B
:109CE000C2E700BF70B50D461446064618B1836B37
:109CF0000BB9FFF727F9A368013B002BA36005DB35
:109D0000E8B223685A1C22601D7070BDA26993429C
:109D100002DBE8B20A28F4D1224629463046BDE8E3
:109D2000704000F00BB900BF10B50C46B1F90E1031
:109D300000F04AFA002803DB236D0344236510BDBD
:109D4000A38923F48053A38110BD00BF2DE9F04106
:109D50001646B1F90C201F46D3050C46054607D51B
:109D600000220223B1F90E1000F018FAB4F90C2009
:109D7000B4F90E1022F48052A2813B4632462846A6
:109D8000BDE8F041FEF704B810B50C46B1F90E106D
:109D900000F004FAA389421C0EBF23F4805343F45D
:109DA00080532065A38110BDB1F90E1000F01CB9DD
:109DB0002DE9F04F936883B09046002B72D0834614
:109DC0004FF00009166808688B680D464C46002C59
:109DD00045D09C421F469A4646D3AB8913F4906FF8
:109DE0002DD06F69296907EB4707C1EB000A07EB24
:109DF000D777601C7F105044B8423A4684BF07466C
:109E00003A465B0533D511465846F9F73FFD002821
:109E100037D0524629690190F6F76AF9AA89019B61
:109E200022F4906242F08002AA81CAEB070203EB9F
:109E30000A006F612B612860AA602746A24652463D
:109E40004946FAF723F8D8F80820AB682868DB1BE6
:109E50005044141BAB602860C8F8084014B3D6F80F
:109E6000009074680836B2E72746A246E7E75846EE
:109E7000FAF744F903460028D7D129695846FFF775
:109E8000B9F80C23CBF80030AB89002243F0400333
:109E90004FF0FF30AB81C8F80820C8F8042003B0A9
:109EA000BDE8F08F0020C8F8040003B0BDE8F08FD3
:109EB0004B6E2DE9F0479C0492462CD593681268AE
:109EC0003BB30F46804602F1080919E96000B60865
:109ED00017D0043D002401E0A64210D03A4655F8C0
:109EE000041F404600F020F9431C04F10104F3D1A3
:109EF0000023CAF80830CAF80430BDE8F087DAF861
:109F00000830A3EB8603CAF8083009F10809002BD2
:109F1000DBD10020ECE7FFF755F90023CAF8083041
:109F2000CAF80430BDE8F08793680BB1FFF7C0BFF3
:109F300010B4184653605DF8044B7047F8B50D46F1
:109F40001446064610B1836B002B4AD0B4F90C209E
:109F5000A369A36091B2080738D52369002B35D0D7
:109F60008904EFB215D522686169D31A8B421CDAD5
:109F70000133A168501C0139A1602060157062692D
:109F80009A421AD0A389DB0701D50A2F15D038468B
:109F9000F8BD616E42F4005221F40051A2812268A2
:109FA00061666169D31A8B42E2DB21463046FEF7D7
:109FB00035FF40B922680123DBE721463046FEF732
:109FC0002DFF0028E3D04FF0FF37E0E72146304671
:109FD000FDF7F4FE0028F6D1B4F90C20236991B204
:109FE000BEE7FEF7AFFFB1E738B5074C00230546E3
:109FF00008462360F6F750FE431C00D038BD2368A6
:10A00000002BFBD02B6038BD2C68012000293DD0EF
:10A0100070B505460C4608B1836B7BB3B4F90C30C0
:10A020000BB9002070BD21462846FEF753FEE36AB7
:10A03000064633B1E169284698470028B8BF4FF07B
:10A04000FF36A3891B061CD4216B41B104F14003E8
:10A05000994202D02846FEF7CDFF00232363616CAE
:10A0600021B12846FEF7C6FF00236364FEF770FFA8
:10A070000023A381FEF76EFF304670BDFEF762FF3E
:10A08000CCE721692846FEF7B5FFDDE700207047E1
:10A090002DE9F04782B0804689461446F9F7CEFB99
:10A0A000012833D004F15C034A4601A9404600F080
:10A0B000A1F8B0F1FF3F824621D088B39DF804603B
:10A0C000002508E023685A1C22601E7001355545A2
:10A0D00026D201AB5E5DA368013B002BA360F1DAE1
:10A0E000A769BB4231462246404601DB0A2EE9D130
:10A0F000FFF724FF431CE9D102B0BDE8F087A38934
:10A1000043F04003A38102B0BDE8F08709F1FF33BB
:10A11000FE2BC7D85FFA89F682468DF80460CFE738
:10A12000484602B0BDE8F087B2F90C3013F4005F86
:10A130000BD110B4546E43F4005344F400545466ED
:10A1400093815DF8044BFFF7A3BFFFF7A1BF00BFEA
:10A1500038B50B46074C05461146184600232360C8
:10A16000F6F79EFD431C00D038BD2368002BFBD0C2
:10A170002B6038BD2C68012038B5074C00230546FC
:10A1800008462360F6F792FD431C00D038BD2368D3
:10A19000002BFBD02B6038BD2C68012070B50D461C
:10A1A000084C114606461A46284600232360F6F757
:10A1B0007FFD431C00D070BD2368002BFBD03360B3
:10A1C00070BD00BF2C68012070B50D46084C1146CB
:10A1D00006461A46284600232360F6F75BFD431C1B
:10A1E00000D070BD2368002BFBD0336070BD00BF72
:10A1F0002C680120F0B5064685B01F4689B1104C89
:10A20000104D2468646B002C08BF2C46D4F8E04045
:10A21000A047431C03D100228A233A60336005B073
:10A22000F0BD0C460649074A0968496B002908BF7A
:10A2300011462246D1F8E04001A9A047E9E700BF56
:10A2400020590020A45300205FF800F0192C026070
:10A250005FF800F075DD01605FF800F0A9CE0160E5
:10A260005FF800F0C52B02605FF800F02122026069
:04A27000F8B500BF7E
:08A274003491FF7F010000009E
:10A27C0000000000000000000000000000000000D2
:10A28C0000000000000000000000000000000000C2
:10A29C0000000000000000000000000000000000B2
:10A2AC0000000000000000000000000000000000A2
:10A2BC000000000000000000000000000000000092
:10A2CC000000000000000000000000000000000082
:10A2DC000000000000000000000000000000000072
:10A2EC000000000000000000000000000000000062
:10A2FC000000000000000000000000000000000052
:10A30C000000000000000000000000000000000041
:10A31C000000000000000000000000000000000031
:10A32C000000000000000000000000000000000021
:10A33C000000000000000000000000000000000011
:10A34C000000000000000000000000000000000001
:10A35C0000000000000000000000000000000000F1
:10A36C0000000000000000000000000000000000E1
:10A37C0000000000000000000000000000000000D1
:10A38C0000000000000000000000000000000000C1
:10A39C0000000000000000000000000000000000B1
:10A3AC0000000000000000000000000000000000A1
:10A3BC000000000000000000000000000000000091
:10A3CC000000000000000000000000000000000081
:10A3DC000000000000000000000000000000000071
:10A3EC000000000000000000000000000000000061
:10A3FC000000000000000000000000000000000051
:10A40C000000000000000000000000000000000040
:10A41C000000000000000000000000000000000030
:10A42C000000000000000000000000000000000020
:10A43C000000000000000000000000000000000010
:10A44C000000000000000000000000000000000000
:10A45C0000000000000000000000000000000000F0
:10A46C0000000000000000000000000000000000E0
:10A47C0000000000000000000000000000000000D0
:10A48C0000000000000000000000000000000000C0
:10A49C0000000000000000000000000000000000B0
:10A4AC0000000000000000000000000000000000A0
:10A4BC000000000000000000000000000000000090
:10A4CC000000000000000000000000000000000080
:10A4DC000000000000000000000000000000000070
:10A4EC000000000000000000000000000000000060
:10A4FC000080E03779C34143176E05B5B5B8934674
:10A50C00F5F93FE9034F384D321D30F94877825A3F
:10A51C003CBF737FDD4F1575000000000000F03F5D
:10A52C000000000000002440000000000000594022
:10A53C000000000000408F40000000000088C34075
:10A54C0000000000006AF8400000000080842E41EA
:10A55C0000000000D01263410000000084D7974136
:10A56C000000000065CDCD41000000205FA002423C
:10A57C00000000E876483742000000A2941A6D42B1
:10A58C00000040E59C30A2420000901EC4BCD642A4
:10A59C0000003426F56B0C430080E03779C341434F
:10A5AC0000A0D8855734764300C84E676DC1AB43C5
:10A5BC00003D9160E458E143408CB5781DAF1544E3
:10A5CC0050EFE2D6E41A4B4492D54D06CFF08044BE
:10A5DC00F64AE1C7022DB544B49DD9794378EA44D3
:10A5EC003C185000000001010001010101020101B1
:10A5FC00020201020301020302020402020502022A
:10A60C0005030206030207030207040307040307FA
:10A61C0005040705040706050706060706060707CF
:10A62C000707070001000400401A0020B81A002098
:10A63C00EC1A0020201B0020541B0020881B00203B
:10A64C002B810400210000002B810400220000005B
:10A65C00AABBCC03020100FFFFFFFFFF1122330A4C
:10A66C000B0CCCDDDDDDDDDD000000000203050799
:10A67C000B0D1113171D1F25292B2F353B3D434760
:10A68C00494F53596165676B6D717F83898B9597C2
:10A69C009DA3A7ADB3B5BFC1C5C7D3DFE3E5E9EF54
:10A6AC00F1FB0000FFFFFFFFFFFFFFFFC90FDAA266
:10A6BC002168C234C4C6628B80DC1CD129024E08CE
:10A6CC008A67CC74020BBEA63B139B22514A0879B5
:10A6DC008E3404DDEF9519B3CD3A431B302B0A6D44
:10A6EC00F25F14374FE1356D6D51C245E485B57697
:10A6FC00625E7EC6F44C42E9A637ED6B0BFF5CB68E
:10A70C00F406B7EDEE386BFB5A899FA5AE9F24116A
:10A71C007C4B1FE649286651ECE45B3DC2007CB8DB
:10A72C00A163BF0598DA48361C55D39A69163FA821
:10A73C00FD24CF5F83655D23DCA3AD961C62F356CD
:10A74C00208552BB9ED529077096966D670C354EA9
:10A75C004ABC9804F1746C08CA18217C32905E468D
:10A76C002E36CE3BE39E772C180E86039B2783A2B6
:10A77C00EC07A28FB5C55DF06F4C52C9DE2BCBF642
:10A78C00955817183995497CEA956AE515D226181B
:10A79C0098FA051015728E5A8AACAA68FFFFFFFF53
:10A7AC00FFFFFFFF00000000551D2500000000000A
:10A7BC000D0A0000844100208C41002094410020AF
:10A7CC009C41002040CF026010CF0260E0CE0260BE
:10A7DC00B0CE026080CE026050CE0260030405064B
:10A7EC00070800000102030405060000F0D5026012
:10A7FC00C0D5026090D5026060D5026000020000F6
:10A80C000004000000080000001000000000000020
:10A81C000000000025640000F5030000D56C00006A
:10A82C00A5050000716B0000A9050000AD05000036
:10A83C000000000000000000215B0000C5000000CB
:10A84C007D6E0000990500006D6200009D05000002
:10A85C00A10500000000000000000000393F0000CE
:10A86C005D020000257000008D05000079300000AD
:10A87C00910500009505000000000000000000009C
:10A88C00757A0000857B00007D0000008D7A000049
:10A89C006D7A00009D7B00001D7C0000B17A0000E9
:10A8AC00417C0000917A00005D7B0000FD7A000085
:10A8BC006D7B0000917C0000D57B00004D7A000080
:10A8CC00557A0000657A0000797B0000697A0000F7
:10A8DC000000000000000000ED2B0100212F010002
:10A8EC004D260100252701006D260100952601004B
:10A8FC004127010000000000000000009536010017
:10A90C008D36010089360100853601008136010043
:10A91C007D3601007936010075360100000000001B
:10A92C000000000055040100850401007D000000BA
:10A93C00510401006D7400007974000039040100A9
:10A94C000000000000000000652D0100C57600002D
:10A95C005977000055770000C9760000CD760000CD
:10A96C00000000000020202020202020202028286B
:10A97C0028282820202020202020202020202020B3
:10A98C0020202020208810101010101010101010F3
:10A99C001010101010040404040404040404041023
:10A9AC0010101010101041414141414101010101B1
:10A9BC00010101010101010101010101010101017B
:10A9CC001010101010104242424242420202020287
:10A9DC00020202020202020202020202020202024B
:10A9EC0010101010200000000000000000000000FB
:10A9FC00000000000000000000000000000000004B
:10AA0C00000000000000000000000000000000003A
:10AA1C00000000000000000000000000000000002A
:10AA2C00000000000000000000000000000000001A
:10AA3C00000000000000000000000000000000000A
:10AA4C0000000000000000000000000000000000FA
:10AA5C0000000000000000000000000000000000EA
:10AA6C000000000000000000984A00202020202058
:10AA7C0020202020202020202020202020202020CA
:10AA8C0020202020202020202020202000000042F8
:10AA9C00C8801F40B8821F40080000000000004220
:10AAAC00C4801F40B4821F400400000000C000425C
:10AABC0024801F4014821F401000000000C0004280
:10AACC0028801F4018821F402000000000C0004258
:10AADC002C801F401C821F404000000000C0004220
:10AAEC0034801F4024821F400001000000400042BF
:10AAFC0064811F4054831F4000040000004000424A
:10AB0C0080811F4070831F40000002000040004203
:10AB1C007C811F406C831F400000010000400042FC
:10AB2C0068811F4058831F4000080000004000420D
:10AB3C003C811F402C831F4001000000004000425C
:10AB4C0044811F4034831F40040000000040004239
:10AB5C0040811F4030831F40020000000040004233
:10AB6C0048811F4038831F4008000000000000424D
:10AB7C0004811F40F4821F400000040000000042CA
:10AB8C0008811F40F8821F400000080000000042AE
:10AB9C0018811F4008831F40000080000000004205
:10ABAC0014811F4004831F4000004000000000423D
:10ABBC0000811F40F0821F40000002000000004294
:10ABCC00FC801F40EC821F4000000100000000428E
:10ABDC0024811F4014831F40000000040000004229
:10ABEC0028811F4018831F4000000008000000420D
:10ABFC001C811F400C831F4000000001000000421C
:10AC0C0020811F4010831F40000000020000004202
:10AC1C00EC801F40DC821F4000100000000000424E
:10AC2C00F0801F40E0821F40002000000000004226
:10AC3C0034811F4024831F4000000040000000426C
:10AC4C0038811F4028831F40000000800080004294
:10AC5C0094801F4084821F400000040000C000420A
:10AC6C0090801F4080821F400000008000800042C6
:10AC7C00A8801F4098821F40000080000080004286
:10AC8C00A4801F4094821F400000400000400042FE
:10AC9C006C811F405C831F400010000000C000420C
:10ACAC0030801F4020821F40800000000040004286
:10ACBC00B0811F40A0831F400000002000400042D4
:10ACCC00AC811F409C831F400000001000400042DC
:10ACDC0084811F4074831F40000004000040004228
:10ACEC0088811F4078831F4000000800000000424C
:10ACFC002C811F401C831F400000001000000042EC
:10AD0C0030811F4020831F400000002000000042C3
:10AD1C000C811F40FC821F4000001000000000420C
:10AD2C0010811F4000831F40000020000080004263
:10AD3C00C8811F40B8831F40008000000080004283
:10AD4C00C4811F40B4831F400040000000800042BB
:10AD5C00C0811F40B0831F400020000000800042D3
:10AD6C00BC811F40AC831F400010000000800042DB
:10AD7C00D0811F40C0831F400000020000800042B1
:10AD8C00CC811F40BC831F400000010000C000426A
:10AD9C0074801F4064821F400000000100C000420C
:10ADAC0080801F4070821F400000000800C00042DD
:10ADBC0084801F4074821F400000001000C00042BD
:10ADCC006C801F405C821F400000400000C00042AD
:10ADDC007C801F406C821F400000000400C00042B9
:10ADEC0078801F4068821F400000000200C00042B3
:10ADFC0088801F4078821F400000002063825363CC
:10AE0C00FFFFFFFFFFFF000000000000000000003C
:10AE1C0001000000060000007D8600005586000041
:10AE2C0045A3000011A300000DA3000081840000C5
:10AE3C00D5850000BDA40000C584000021A400003D
:10AE4C00DDA30000D80B00200D85000071850000EB
:10AE5C00E85900204C5B0020705B0020285B002030
:10AE6C000000000061C7000039C9000005C90000DE
:10AE7C0000000000A1C80000A9C7000079C70000AD
:10AE8C0031AA000071AA00000000000001000000BF
:10AE9C000DDE0000CDF90000B1F00000D9DD00009E
:10AEAC00C9E700004DEF0000D9E90000C5E0000043
:10AEBC0059DD000011F90000000000000DFF00003A
:10AECC00890101005D01010000000000FD0001008E
:10AEDC0065FF000035FF000031AA000071AA0000D8
:10AEEC00000000001B050000170500000500000015
:10AEFC00190000007D00000007080C0B06050F0070
:10AF0C000D0E0102838407080C0B06050F000D0EB5
:10AF1C0001028384FFFFFFFFFFFFFFFFFFFF818222
:10AF2C00090A000041444320436F6E6E65637469E7
:10AF3C006F6E204F4B00000041444320436F6E6EF8
:10AF4C006563746F6E204641494C454421000000F6
:10AF5C004175746F73746565722072756E6E696E6F
:10AF6C00672C2077616974696E6720666F72204167
:10AF7C00674F70656E475053000000004175746F49
:10AF8C0073746565722064697361626C65642C20EE
:10AF9C00475053206F6E6C79206D6F646500000014
:10AFAC00496E697469616C697A696E672065746849
:10AFBC0065726E6574207769746820737461746946
:10AFCC006320495020616464726573730000000053
:10AFDC0045746865726E657420736869656C64206D
:10AFEC00776173206E6F7420666F756E642E2047C8
:10AFFC0050532076696120555342206F6E6C792E28
:10B00C000000000045746865726E657420636162AF
:10B01C006C65206973206E6F7420636F6E6E656350
:10B02C00746564202D2057686F20636172657320EE
:10B03C0077652077696C6C20737461727420657409
:10B04C006865726E657420616E797761792E000087
:10B05C000D0A45746865726E65742073746174753D
:10B06C0073204F4B00000000495020736574204D35
:10B07C00616E75616C6C793A200000000D0A4574A4
:10B08C006865726E6574204950206F66206D6F6420
:10B09C00756C653A2000000045746865726E6574C5
:10B0AC002073656E64696E6720746F2049503A2076
:10B0BC0000000000416C6C20646174612073656E4B
:10B0CC0064696E6720746F20706F72743A20000090
:10B0DC0045746865726E6574204750532055445012
:10B0EC002073656E64696E672066726F6D20706F79
:10B0FC0072743A200000000045746865726E6574C5
:10B10C00204E5452495020554450206C697374653C
:10B11C006E696E6720746F20706F72743A20000035
:10B12C0045746865726E6574204175746F537465EF
:10B13C00657220554450206C697374656E696E6736
:10B14C0020746F20262073656E642066726F6D20EC
:10B15C00706F72743A2000002450414E44412C0010
:10B16C002A0000000D0A00004E6F206272616E64AE
:10B17C002073656C6563746564000000496E6974C6
:10B18C0069616C69736564204B6579612043414E3C
:10B19C0042555300472D565447000000472D474752
:10B1AC00410000004669726D77617265203A20415A
:10B1BC0075746F53746565722047505320546565E0
:10B1CC006E737920456E676167652043414E20415F
:10B1DC006E64204B65796120666F72204543552063
:10B1EC00504342202100000056657273696F6E2037
:10B1FC003A2000005374617274207365747570008A
:10B20C0053657269616C414F472C205365726961BB
:10B21C006C52544B2C2053657269616C475053200F
:10B22C00696E697469616C697A6564000D0A53749E
:10B23C00617274696E67204175746F5374656572C1
:10B24C002E2E2E000D0A5374617274696E672045A0
:10B25C00746865726E65742E2E2E00000D0A537480
:10B26C00617274696E6720494D552E2E2E000000B8
:10B27C0052696768742E2E2E2074696D6520666F76
:10B28C007220736F6D652043414E4255532120410E
:10B29C006E642C2077652772652064656469636130
:10B2AC0074656420746F204B6579612068657265E4
:10B2BC00000000000D0A456E642073657475702CD7
:10B2CC002077616974696E6720666F7220475053EE
:10B2DC002E2E2E0D0A000000456E61626C656420F6
:10B2EC004B657961206D6F746F720000746F6C64C4
:10B2FC0020746F2073746565722C207769746820D4
:10B30C000000000020736F2E2E2E2E004920636F3C
:10B31C006E766572746564207468617420746F2035
:10B32C00737065656420000070776D447269766592
:10B33C00203C207A65726F202D20636C6F636B77D5
:10B34C00697365202D20737465657253706565642F
:10B35C002000000070776D4472697665203E207A7B
:10B36C0065726F202D20616E7469636C6F636B2D39
:10B37C00636C6F636B77697365202D2073746565DF
:10B38C007253706565642000303132333435363792
:10B39C0038394142434445460000000053746174FF
:10B3AC00654572723A200000436F6E6E65637420BF
:10B3BC004572723A2000000053656E644572723A11
:10B3CC00200000002563000064656300656E630067
:10B3DC0020204145532D4543422D253364202825FB
:10B3EC0073293A2000000000736B6970706564006B
:10B3FC00706173736564000020204145532D4342F6
:10B40C00432D25336420282573293A2000000000A1
:10B41C0020204145532D4346423132382D2533648B
:10B42C0020282573293A200020204145532D4354D0
:10B43C00522D31323820282573293A200000000083
:10B44C006661696C65640000202042617365363466
:10B45C0020656E636F64696E6720746573743A203F
:10B46C00000000007061737365640A2020426173F0
:10B47C00653634206465636F64696E672074657328
:10B48C00743A20007061737365640A004546453058
:10B49C0032314332363435464431444335383645FF
:10B4AC0036393138344146344133314544354635EB
:10B4BC0033453933423546313233464134313638EF
:10B4CC00303836374241313130313331393434460A
:10B4DC0045373935324532353137333337373830F4
:10B4EC004342304442383045363141414537433888
:10B4FC004444433643354336414144454233344555
:10B50C004233384132463430443545360000000071
:10B51C004232453745464433373037354239463069
:10B52C003346463938394337433530353143323079
:10B53C0033344432413332333831303235313132B5
:10B54C003745374246383632354134463439413541
:10B55C004633453237463444413842443539433416
:10B56C003744364441414241344338313237424406
:10B57C00354235433235373633323232464546431F
:10B58C004346433338423833323336364332394507
:10B59C00000000003030363641313938313836430E
:10B5AC0031384331304232463545443942353232F6
:10B5BC003735324139383330423639393136453501
:10B5CC0033354338463034373531384138383941E2
:10B5DC0034334135393442364245443237413136C1
:10B5EC0038443331443441353246383839323541B8
:10B5FC004138463500000000363032414237454371
:10B60C00413539374133443642353646463938327E
:10B61C003941354538423835394538353745413962
:10B62C00354130333531324532424145373339318A
:10B63C00363838443236344141353636334230337D
:10B64C00343144423943434644324334433546341F
:10B65C003231464543383134383030314237324557
:10B66C003834384133384341453143363546373821
:10B67C0045353641424445464531324433433033F7
:10B68C0039423841303244364245353933463042FE
:10B69C0042424441353646314543463637373135DB
:10B6AC00324546383034333730433141333035430B
:10B6BC0041463342354246313330383739423536DC
:10B6CC0043363144453538344130463533413234D4
:10B6DC00343741353145000020204D5049207465E8
:10B6EC00737420233120286D756C5F6D7069293A55
:10B6FC0020000000323536353637333336303539A5
:10B70C0045353243414532323932353437343730AE
:10B71C0035463339413934003636313346323631D9
:10B72C00363232323344463438384539434434386F
:10B73C00434331333243374130414339334337305C
:10B74C003142303031423039324534453542394658
:10B75C00373342434432374239454535304430362D
:10B76C00353743373746333734453930334344461E
:10B77C00413443363432000020204D50492074654A
:10B78C00737420233220286469765F6D7069293ABE
:10B79C002000000020204D50492074657374202334
:10B7AC003320286578705F6D6F64293A20000000A3
:10B7BC0020204D504920746573742023342028694F
:10B7CC006E765F6D6F64293A200000006661696CCB
:10B7DC0065642061742025640A000000556E65784C
:10B7EC00706563746564206572726F722C2072656B
:10B7FC007475726E20636F6465203D202530385857
:10B80C000A00000033364531333941454135353274
:10B81C00313536303944323831363939384544309F
:10B82C003230424242443936433337383930463667
:10B83C003531373144393438453942433743424145
:10B84C004134443933323544323444364133433154
:10B85C00323731304631304130394641303841424F
:10B86C00383700003030334130414145444437458E
:10B87C0037383446433037443846394543364533F8
:10B88C0042464435433344424137363435363336F9
:10B89C003341313038363936323245414332444403
:10B8AC0038344543433542384137344441433444BA
:10B8BC0030394530334235453042453737394632D9
:10B8CC00444636310000000020204D50492074655C
:10B8DC007374202335202873696D706C6520676341
:10B8EC0064293A2000000000202043414D454C4C77
:10B8FC0049412D4543422D25336420282573293A8F
:10B90C0020000000202043414D454C4C49412D4323
:10B91C0042432D25336420282573293A200000004A
:10B92C00202043414D454C4C49412D4354522D311F
:10B93C00323820282573293A200000002020434368
:10B94C004D3A207365747570206661696C6564008E
:10B95C00202043434D2D414553202325753A20008B
:10B96C004445532D454445332D43424300000000CC
:10B97C004445532D454445332D45434200000000BA
:10B98C004445532D4544452D434243004445532DD6
:10B99C004544452D454342004445532D4543420003
:10B9AC0043414D454C4C49412D3235362D43434D89
:10B9BC000000000043414D454C4C49412D3139327A
:10B9CC002D43434D0000000043414D454C4C494133
:10B9DC002D3132382D43434D0000000043414D457D
:10B9EC004C4C49412D3235362D47434D000000005B
:10B9FC0043414D454C4C49412D3139322D47434D36
:10BA0C000000000043414D454C4C49412D3132382A
:10BA1C002D47434D0000000043414D454C4C4941DE
:10BA2C002D3235362D4354520000000043414D4514
:10BA3C004C4C49412D3139322D43545200000000F9
:10BA4C0043414D454C4C49412D3132382D435452D4
:10BA5C000000000043414D454C4C49412D323536D8
:10BA6C002D4346423132380043414D454C4C4941FF
:10BA7C002D3139322D4346423132380043414D4548
:10BA8C004C4C49412D3132382D434642313238002D
:10BA9C0043414D454C4C49412D3235362D434243A3
:10BAAC000000000043414D454C4C49412D31393289
:10BABC002D4342430000000043414D454C4C49414D
:10BACC002D3132382D4342430000000043414D4597
:10BADC004C4C49412D3235362D4543420000000077
:10BAEC0043414D454C4C49412D3139322D45434252
:10BAFC000000000043414D454C4C49412D3132383A
:10BB0C002D454342000000004145532D3235362D62
:10BB1C0043434D004145532D3139322D43434D00A4
:10BB2C004145532D3132382D43434D004145532D62
:10BB3C003235362D47434D004145532D3139322D89
:10BB4C0047434D004145532D3132382D47434D006D
:10BB5C004145532D3235362D435452004145532D1A
:10BB6C003139322D435452004145532D3132382D49
:10BB7C00435452004145532D3235362D4346423104
:10BB8C00323800004145532D3139322D4346423174
:10BB9C00323800004145532D3132382D4346423165
:10BBAC00323800004145532D3235362D4342430087
:10BBBC004145532D3139322D434243004145532DDC
:10BBCC003132382D434243004145532D3235362D09
:10BBDC00454342004145532D3139322D45434200F6
:10BBEC004145532D3132382D4543420020204445E8
:10BBFC005325632D4543422D253364202825732975
:10BC0C003A200000202044455325632D4342432D08
:10BC1C0025336420282573293A2000002D2D2D2D45
:10BC2C002D454E4420444820504152414D455445E9
:10BC3C0052532D2D2D2D2D002D2D2D2D2D424547C3
:10BC4C00494E20444820504152414D455445525391
:10BC5C002D2D2D2D2D000000202044484D207061ED
:10BC6C0072616D65746572206C6F61643A200000BE
:10BC7C007365637033383472310000002020454303
:10BC8C005020746573742023312028636F6E737495
:10BC9C00616E74206F705F636F756E742C206261BF
:10BCAC00736520706F696E742047293A200000007C
:10BCBC003030303030303030303030303030303078
:10BCCC003030303030303030303030303030303068
:10BCDC003030303030303030303030303030303157
:10BCEC00000000006661696C656420282575290ACE
:10BCFC0000000000202045435020746573742023FD
:10BD0C00322028636F6E7374616E74206F705F6382
:10BD1C006F756E742C206F7468657220706F696E0D
:10BD2C0074293A20000000004646464646464646E0
:10BD3C004646464646464646464646464646464697
:10BD4C003939444546383336313436424339423139
:10BD5C00423444323238333000000000354541362D
:10BD6C004633383941333842384243383145373617
:10BD7C003737353342313541413535363945313731
:10BD8C0038324533304142453744323500000000EB
:10BD9C003430303030303030303030303030303093
:10BDAC003030303030303030303030303030303087
:10BDBC003030303030303030303030303030303077
:10BDCC00000000003746464646464646464646462E
:10BDDC0046464646464646464646464646464646F7
:10BDEC0046464646464646464646464646464646E7
:10BDFC004646464600000000353535353535353577
:10BE0C0035353535353535353535353535353535D6
:10BE1C0035353535353535353535353535353535C6
:10BE2C0035353535353535350000000073656370B3
:10BE3C003235367231000000736563703232347201
:10BE4C0031000000736563703139327231000000CB
:10BE5C0020204145532D47434D2D25336420232568
:10BE6C006420282573293A20000000002020414539
:10BE7C00532D47434D2D25336420232564207370A7
:10BE8C006C697420282573293A2000002020484D25
:10BE9C0041435F4452424720285052203D20547267
:10BEAC00756529203A2000002020484D41435F440D
:10BEBC0052424720285052203D2046616C73652920
:10BECC00203A20004D44350020204D443520746527
:10BEDC007374202325643A20000000002A864886CB
:10BEEC00F70D01010400000025642E2564000000FC
:10BEFC002E256400551D1300550403002A86488620
:10BF0C00F70D0101010000002A8648CE3D02010018
:10BF1C002A8648CE3D030101000000002A8648868F
:10BF2C00F70D0205000000002A864886F70D02076F
:10BF3C00000000002B0601050507030100000000AE
:10BF4C002B0E03021A0000002B0E03020700000048
:10BF5C002A864886F70D010C0103000070626557B4
:10BF6C00697468534841416E64332D4B6579547242
:10BF7C0069706C654445532D434243005042452043
:10BF8C0077697468205348413120616E6420332DE9
:10BF9C004B65792033444553000000002A864886BF
:10BFAC00F70D010C01040000706265576974685349
:10BFBC004841416E64322D4B6579547269706C65E1
:10BFCC004445532D434243005042452077697468E1
:10BFDC00205348413120616E6420322D4B6579200D
:10BFEC003344455300000000686D61635348413190
:10BFFC0000000000484D41432D5348412D310000B5
:10C00C002A864886F70D020800000000686D6163FF
:10C01C005348413232340000484D41432D5348417E
:10C02C002D323234000000002A864886F70D0209B2
:10C03C0000000000686D61635348413235360000E2
:10C04C00484D41432D5348412D32353600000000F8
:10C05C002A864886F70D020A00000000686D6163AD
:10C06C005348413338340000484D41432D53484127
:10C07C002D333834000000002A864886F70D020B59
:10C08C0000000000686D6163534841353132000097
:10C09C00484D41432D5348412D35313200000000AD
:10C0AC0069642D6D6435000069642D73686131001D
:10C0BC005348412D3100000060864801650304029D
:10C0CC000400000069642D73686132323400000092
:10C0DC005348412D32323400608648016503040216
:10C0EC000100000069642D73686132353600000070
:10C0FC005348412D323536006086480165030402F1
:10C10C000200000069642D7368613338340000004C
:10C11C005348412D333834006086480165030402CE
:10C12C000300000069642D73686135313200000032
:10C13C005348412D3531320064657343424300004E
:10C14C002A864886F70D0307000000006465732DEE
:10C15C00656465332D636263000000002A8648CE57
:10C16C003D03010700000000727361456E63727934
:10C17C007074696F6E0000005253410069642D6544
:10C18C00635075626C69634B6579000047656E6539
:10C19C00726963204543206B657900002B81040193
:10C1AC000C00000069642D65634448004543206B16
:10C1BC00657920666F722045434448006D6435579D
:10C1CC00697468525341456E6372797074696F6E0D
:10C1DC00000000005253412077697468204D4435AB
:10C1EC00000000002A864886F70D010105000000BA
:10C1FC007368612D3157697468525341456E63728F
:10C20C00797074696F6E00005253412077697468BD
:10C21C0020534841310000002A864886F70D010161
:10C22C000E000000736861323234576974685253DF
:10C23C0041456E6372797074696F6E005253412080
:10C24C0077697468205348412D3232340000000065
:10C25C002A864886F70D01010B00000073686132D5
:10C26C00353657697468525341456E6372797074F0
:10C27C00696F6E00525341207769746820534841AE
:10C28C002D323536000000002A864886F70D010154
:10C29C000C0000007368613338345769746852536A
:10C2AC0041456E6372797074696F6E005253412010
:10C2BC0077697468205348412D33383400000000EE
:10C2CC002A864886F70D01010D0000007368613560
:10C2DC00313257697468525341456E637279707488
:10C2EC00696F6E005253412077697468205348413E
:10C2FC002D353132000000002B0E03021D00000012
:10C30C002A8648CE3D04010065636473612D77690C
:10C31C0074682D534841310045434453412077699B
:10C32C0074682053484131002A8648CE3D040301ED
:10C33C000000000065636473612D776974682D5388
:10C34C004841323234000000454344534120776960
:10C35C007468205348413232340000002A8648CE9B
:10C36C003D0403020000000065636473612D77696E
:10C37C0074682D5348413235360000004543445310
:10C38C0041207769746820534841323536000000EB
:10C39C002A8648CE3D0403030000000065636473E5
:10C3AC00612D776974682D5348413338340000008F
:10C3BC0045434453412077697468205348413338CE
:10C3CC00340000002A8648CE3D040304000000001F
:10C3DC0065636473612D776974682D5348413531F9
:10C3EC003200000045434453412077697468205360
:10C3FC0048413531320000002A864886F70D01018C
:10C40C000A0000005253415353412D505353000026
:10C41C0069642D6B702D73657276657241757468E5
:10C42C0000000000544C532057656220536572760F
:10C43C0065722041757468656E7469636174696FA7
:10C44C006E0000002B06010505070302000000002A
:10C45C0069642D6B702D636C69656E7441757468BD
:10C46C0000000000544C532057656220436C6965F2
:10C47C006E742041757468656E7469636174696F5C
:10C48C006E0000002B0601050507030300000000E9
:10C49C0069642D6B702D636F64655369676E696E8B
:10C4AC0067000000436F6465205369676E696E67AF
:10C4BC00000000002B060105050703040000000026
:10C4CC0069642D6B702D656D61696C50726F74654C
:10C4DC006374696F6E000000452D6D61696C2050AE
:10C4EC00726F74656374696F6E0000002B06010532
:10C4FC00050703080000000069642D6B702D74693A
:10C50C006D655374616D70696E67000054696D657B
:10C51C00205374616D70696E670000002B06010575
:10C52C00050703090000000069642D6B702D4F4353
:10C53C0053505369676E696E670000004F43535048
:10C54C00205369676E696E670000000069642D6393
:10C55C00652D6261736963436F6E73747261696E8A
:10C56C0074730000426173696320436F6E7374725D
:10C57C0061696E7473000000551D0F0069642D63B2
:10C58C00652D6B6579557361676500004B65792086
:10C59C005573616765000000551D250069642D63A6
:10C5AC00652D6578744B657955736167650000007E
:10C5BC00457874656E646564204B657920557361AC
:10C5CC0067650000551D110069642D63652D737539
:10C5DC00626A656374416C744E616D6500000000A5
:10C5EC005375626A65637420416C74204E616D658D
:10C5FC00000000006086480186F84201010000003E
:10C60C0069642D6E657473636170652D63657274F6
:10C61C0074797065000000004E6574736361706519
:10C62C00204365727469666963617465205479701E
:10C63C006500000069642D61742D636F6D6D6F6E04
:10C64C004E616D6500000000436F6D6D6F6E204E86
:10C65C00616D6500434E00005504060069642D6150
:10C66C00742D636F756E7472794E616D6500000088
:10C67C00436F756E74727900430000005504070017
:10C68C0069642D61742D6C6F63616C697479000041
:10C69C004C6F63616C697479000000004C00000001
:10C6AC005504080069642D61742D73746174650000
:10C6BC0053746174650000005354000055040A0063
:10C6CC0069642D61742D6F7267616E697A6174692A
:10C6DC006F6E4E616D6500004F7267616E697A61B5
:10C6EC0074696F6E000000004F00000055040B00D1
:10C6FC0069642D61742D6F7267616E697A617469FA
:10C70C006F6E616C556E69744E616D650000000052
:10C71C004F726720556E6974000000004F55000081
:10C72C002A864886F70D010901000000656D6169D4
:10C73C006C4164647265737300000000452D6D617B
:10C74C00696C2061646472657373000055040500A4
:10C75C0069642D61742D73657269616C4E756D62BF
:10C76C006572000053657269616C206E756D62654F
:10C77C007200000073657269616C4E756D62657252
:10C78C00000000005504100069642D61742D706F59
:10C79C007374616C4164647265737300506F73746D
:10C7AC00616C20616464726573730000706F7374E4
:10C7BC00616C416464726573730000005504110070
:10C7CC0069642D61742D706F7374616C436F646553
:10C7DC0000000000506F7374616C20636F6465001F
:10C7EC00706F7374616C436F6465000055040400D2
:10C7FC0069642D61742D7375724E616D6500000056
:10C80C005375726E616D6500534E000055042A001D
:10C81C0069642D61742D676976656E4E616D650076
:10C82C00476976656E206E616D650000474E0000AD
:10C83C0055042B0069642D61742D696E69746961EE
:10C84C006C730000496E697469616C7300000000C0
:10C85C00696E697469616C730000000055042C00EA
:10C86C0069642D61742D67656E65726174696F6E94
:10C87C005175616C696669657200000047656E658B
:10C88C00726174696F6E207175616C69666965722D
:10C89C000000000067656E65726174696F6E51759A
:10C8AC00616C69666965720055040C0069642D61E0
:10C8BC00742D7469746C65005469746C65000000A7
:10C8CC007469746C6500000055042E0069642D6158
:10C8DC00742D646E5175616C696669657200000037
:10C8EC0044697374696E67756973686564204E6119
:10C8FC006D65207175616C69666965720000000078
:10C90C00646E5175616C696669657200550441000D
:10C91C0069642D61742D70736575646F6E796D002B
:10C92C0050736575646F6E796D000000707365757A
:10C93C00646F6E796D0000000992268993F22C6465
:10C94C000119000069642D646F6D61696E436F6D30
:10C95C00706F6E656E740000446F6D61696E20635C
:10C96C006F6D706F6E656E740000000044430000C4
:10C97C0055042D0069642D61742D756E6971756592
:10C98C004964656E7469666965720000556E6971FB
:10C99C007565204964656E7469666965720000008E
:10C9AC00756E697175654964656E746966696572E1
:10C9BC000000000050726F632D547970653A20347A
:10C9CC002C454E43525950544544000044454B2D80
:10C9DC00496E666F3A204445532D454445332D43EB
:10C9EC0042432C0044454B2D496E666F3A2044451A
:10C9FC00532D4342432C000044454B2D496E666F2A
:10CA0C003A204145532D000044454B2D496E666F2D
:10CA1C003A204145532D3132382D4342432C0000EE
:10CA2C0044454B2D496E666F3A204145532D3139A3
:10CA3C00322D4342432C000044454B2D496E666F0A
:10CA4C003A204145532D3235362D4342432C0000BC
:10CA5C00696E76616C696420504B00007273612EB4
:10CA6C004E0000007273612E4500000065636B651B
:10CA7C00792E51005253412D616C7400454344533F
:10CA8C004100000045435F4448000000454300005E
:10CA9C002A864886F70D01050C0000002020504224
:10CAAC004B44463220285348413129202325643AEF
:10CABC00200000002A8648CE3D0101002A864886C7
:10CACC00F70D010C010100002A864886F70D0105BF
:10CADC000D0000002D2D2D2D2D454E44205253417F
:10CAEC002050524956415445204B45592D2D2D2D42
:10CAFC002D0000002D2D2D2D2D424547494E205245
:10CB0C0053412050524956415445204B45592D2DE7
:10CB1C002D2D2D002D2D2D2D2D454E442045432002
:10CB2C0050524956415445204B45592D2D2D2D2DF4
:10CB3C00000000002D2D2D2D2D424547494E20453E
:10CB4C00432050524956415445204B45592D2D2DCB
:10CB5C002D2D00002D2D2D2D2D454E4420505249AC
:10CB6C0056415445204B45592D2D2D2D2D0000009F
:10CB7C002D2D2D2D2D424547494E205052495641C1
:10CB8C005445204B45592D2D2D2D2D002D2D2D2D62
:10CB9C002D454E4420454E43525950544544205047
:10CBAC00524956415445204B45592D2D2D2D2D00C4
:10CBBC002D2D2D2D2D424547494E20454E43525982
:10CBCC00505445442050524956415445204B4559E8
:10CBDC002D2D2D2D2D0000002D2D2D2D2D454E44B0
:10CBEC0020525341205055424C4943204B45592D1E
:10CBFC002D2D2D2D000000002D2D2D2D2D424547C6
:10CC0C00494E20525341205055424C4943204B45EC
:10CC1C00592D2D2D2D2D00002D2D2D2D2D454E4416
:10CC2C00205055424C4943204B45592D2D2D2D2D2F
:10CC3C00000000002D2D2D2D2D424547494E205032
:10CC4C0055424C4943204B45592D2D2D2D2D00007F
:10CC5C00393239323735383435333036334438306D
:10CC6C003344443630334435453737374437383816
:10CC7C00384544314435424633353738363139300E
:10CC8C0046413246323345424330383438414541CF
:10CC9C0044444139324341364333443830423332D1
:10CCAC0043344431303942453046333644364145BD
:10CCBC0037313330423943454437414344463534A8
:10CCCC00434643373535354143313445454241427E
:10CCDC003933413839383133464246334334463898
:10CCEC0030363644324438303046374333384138A6
:10CCFC0031414533313934323931373430334646AA
:10CD0C00343934364230413833443344334530358A
:10CD1C004545353743364635463536303646423549
:10CD2C004434424336434433344545303830314142
:10CD3C003545393442423737423037353037323364
:10CD4C003341304243374241433846393046373914
:10CD5C0000000000433336443045423746434432EA
:10CD6C0038353232334346423541414241354244F3
:10CD7C0041334438324330314341443139454134F5
:10CD8C003834413837454134333737363337453704
:10CD9C0035353030464342323030354335433744F5
:10CDAC0044364543344143303233434441323835C1
:10CDBC004437393643334439453735453145464395
:10CDCC0034323438384242344631443133414333BF
:10CDDC0030413537000000004330303044463531A7
:10CDEC00413743373741453844374337333730437E
:10CDFC003146463535423639453231314332423986
:10CE0C00453544423145443042463631443044394C
:10CE1C003839393632304634393130453431363898
:10CE2C003338374533433330414131453030433368
:10CE3C003339413739353038383435324444393662
:10CE4C0041394135454135443944434136384441F3
:10CE5C00363336303332414600000000323442461D
:10CE6C003631383534363837383646444433303337
:10CE7C0030383344323545363445464336364341F3
:10CE8C00343732424334344432353331303246381D
:10CE9C0042344139443342464137353039313338E5
:10CEAC0036433030373739333746453333464133E1
:10CEBC0032353244323838353538333741453142E2
:10CECC003438344138413941343546374545384397
:10CEDC003043363334463939453843444446373980
:10CEEC004335434530374545373243374631323386
:10CEFC0031343231393831363432333443414242B1
:10CF0C003732344346373842383137334239463872
:10CF1C003830464338363332323430374146314676
:10CF2C004544464444453242454236373443413108
:10CF3C00354633453831413135323145303731356D
:10CF4C003133413145383542354446413033314631
:10CF5C0032314543414539314133344400000000FE
:10CF6C0031303030310000002020525341206B65AD
:10CF7C00792076616C69646174696F6E3A20000087
:10CF8C007061737365640A2020504B435323312026
:10CF9C0064656372797074696F6E203A20000000CA
:10CFAC007061737365640A2020504B435323312006
:10CFBC00656E6372797074696F6E203A20000000A0
:10CFCC002020504B435323312064617461207369DA
:10CFDC00676E20203A2000007061737365640A202C
:10CFEC0020504B43532331207369672E2076657292
:10CFFC006966793A2000000020205348412D3120E9
:10D00C0074657374202325643A20000042756666AB
:10D01C00657220616C6C6F636174696F6E20666100
:10D02C00696C65640000000020205348412D256484
:10D03C002074657374202325643A2000544C532DBE
:10D04C0045434448452D45434453412D5749544885
:10D05C002D4145532D3132382D4342432D534841F8
:10D06C0000000000756E6B6E6F776E00544C532D84
:10D07C0045434448452D45434453412D5749544855
:10D08C002D4145532D3235362D4342432D534841C6
:10D09C0000000000544C532D45434448452D454356
:10D0AC004453412D574954482D4145532D31323865
:10D0BC002D4342432D53484132353600544C532DA9
:10D0CC0045434448452D45434453412D5749544805
:10D0DC002D4145532D3132382D47434D2D53484169
:10D0EC0032353600544C532D45434448452D454369
:10D0FC004453412D574954482D4145532D32353613
:10D10C002D4342432D53484133383400544C532D56
:10D11C0045434448452D45434453412D57495448B4
:10D12C002D4145532D3235362D47434D2D53484116
:10D13C0033383400544C532D45434448452D454316
:10D14C004453412D574954482D4145532D323536C2
:10D15C002D43434D00000000544C532D454344488F
:10D16C00452D45434453412D574954482D41455372
:10D17C002D3235362D43434D2D380000544C532D54
:10D18C0045434448452D45434453412D5749544844
:10D19C002D4145532D3132382D43434D00000000B5
:10D1AC00544C532D45434448452D45434453412D40
:10D1BC00574954482D4145532D3132382D43434D59
:10D1CC002D380000544C532D45434448452D4543C0
:10D1DC004453412D574954482D43414D454C4C49DE
:10D1EC00412D3132382D4342432D5348413235368F
:10D1FC0000000000544C532D45434448452D4543F5
:10D20C004453412D574954482D43414D454C4C49AD
:10D21C00412D3235362D4342432D5348413338345A
:10D22C0000000000544C532D45434448452D4543C4
:10D23C004453412D574954482D43414D454C4C497D
:10D24C00412D3132382D47434D2D5348413235361F
:10D25C0000000000544C532D45434448452D454394
:10D26C004453412D574954482D43414D454C4C494D
:10D27C00412D3235362D47434D2D534841333834EB
:10D28C0000000000544C532D45434448452D454364
:10D29C004453412D574954482D334445532D45444F
:10D2AC00452D4342432D534841000000544C532D0F
:10D2BC0045434448452D5253412D574954482D411F
:10D2CC0045532D3132382D4342432D5348410000F4
:10D2DC00544C532D45434448452D5253412D5749E9
:10D2EC0054482D4145532D3235362D4342432D5351
:10D2FC0048410000544C532D45434448452D52534E
:10D30C00412D574954482D4145532D3132382D4329
:10D31C0042432D534841323536000000544C532DB6
:10D32C0045434448452D5253412D574954482D41AE
:10D33C0045532D3132382D47434D2D53484132350D
:10D34C0036000000544C532D45434448452D525350
:10D35C00412D574954482D4145532D3235362D43D7
:10D36C0042432D534841333834000000544C532D64
:10D37C0045434448452D5253412D574954482D415E
:10D38C0045532D3235362D47434D2D5348413338B7
:10D39C0034000000544C532D45434448452D525302
:10D3AC00412D574954482D43414D454C4C49412D35
:10D3BC003132382D4342432D53484132353600002B
:10D3CC00544C532D45434448452D5253412D5749F8
:10D3DC0054482D43414D454C4C49412D3235362D49
:10D3EC004342432D5348413338340000544C532DA1
:10D3FC0045434448452D5253412D574954482D43DC
:10D40C00414D454C4C49412D3132382D47434D2D22
:10D41C005348413235360000544C532D4543444853
:10D42C00452D5253412D574954482D43414D454CA0
:10D43C004C49412D3235362D47434D2D5348413300
:10D44C0038340000544C532D45434448452D525319
:10D45C00412D574954482D334445532D4544452DB2
:10D46C004342432D53484100544C532D4448452DC1
:10D47C005253412D574954482D4145532D32353681
:10D48C002D47434D2D53484133383400544C532DC4
:10D49C004448452D5253412D574954482D4145532D
:10D4AC002D3132382D47434D2D53484132353600FE
:10D4BC00544C532D4448452D5253412D57495448F3
:10D4CC002D4145532D3132382D4342432D53484184
:10D4DC0032353600544C532D4448452D5253412D72
:10D4EC00574954482D4145532D3235362D4342432F
:10D4FC002D53484132353600544C532D4448452D5C
:10D50C005253412D574954482D4145532D313238F2
:10D51C002D4342432D53484100000000544C532DE1
:10D52C004448452D5253412D574954482D4145539C
:10D53C002D3235362D4342432D5348410000000017
:10D54C00544C532D4448452D5253412D5749544862
:10D55C002D4145532D3235362D43434D00000000EF
:10D56C00544C532D4448452D5253412D5749544842
:10D57C002D4145532D3235362D43434D2D3800006A
:10D58C00544C532D4448452D5253412D5749544822
:10D59C002D4145532D3132382D43434D00000000B1
:10D5AC00544C532D4448452D5253412D5749544802
:10D5BC002D4145532D3132382D43434D2D3800002C
:10D5CC00544C532D4448452D5253412D57495448E2
:10D5DC002D43414D454C4C49412D3132382D434260
:10D5EC00432D53484132353600000000544C532D26
:10D5FC004448452D5253412D574954482D43414DD4
:10D60C00454C4C49412D3235362D4342432D534820
:10D61C004132353600000000544C532D4448452D02
:10D62C005253412D574954482D43414D454C4C497B
:10D63C00412D3132382D4342432D534841000000D7
:10D64C00544C532D4448452D5253412D5749544861
:10D65C002D43414D454C4C49412D3235362D4342DD
:10D66C00432D534841000000544C532D4448452D44
:10D67C005253412D574954482D43414D454C4C492B
:10D68C00412D3132382D47434D2D534841323536DB
:10D69C0000000000544C532D4448452D5253412D4D
:10D6AC00574954482D43414D454C4C49412D323539
:10D6BC00362D47434D2D534841333834000000007C
:10D6CC00544C532D4448452D5253412D57495448E1
:10D6DC002D334445532D4544452D4342432D53484A
:10D6EC0041000000544C532D5253412D574954487E
:10D6FC002D4145532D3235362D47434D2D53484141
:10D70C0033383400544C532D5253412D57495448FF
:10D71C002D4145532D3132382D47434D2D53484122
:10D72C0032353600544C532D5253412D57495448E1
:10D73C002D4145532D3132382D4342432D53484111
:10D74C0032353600544C532D5253412D57495448C1
:10D75C002D4145532D3235362D4342432D534841EF
:10D76C0032353600544C532D5253412D57495448A1
:10D77C002D4145532D3132382D4342432D534841D1
:10D78C0000000000544C532D5253412D574954481E
:10D79C002D4145532D3235362D4342432D534841AF
:10D7AC0000000000544C532D5253412D57495448FE
:10D7BC002D4145532D3235362D43434D000000008D
:10D7CC00544C532D5253412D574954482D414553D8
:10D7DC002D3235362D43434D2D380000544C532DEE
:10D7EC005253412D574954482D4145532D31323810
:10D7FC002D43434D00000000544C532D5253412DEA
:10D80C00574954482D4145532D3132382D43434D02
:10D81C002D380000544C532D5253412D5749544828
:10D82C002D43414D454C4C49412D3132382D43420D
:10D83C00432D53484132353600000000544C532DD3
:10D84C005253412D574954482D43414D454C4C4959
:10D85C00412D3235362D4342432D53484132353616
:10D86C0000000000544C532D5253412D574954483D
:10D87C002D43414D454C4C49412D3132382D4342BD
:10D88C00432D534841000000544C532D5253412D0D
:10D89C00574954482D43414D454C4C49412D323547
:10D8AC00362D4342432D534841000000544C532D18
:10D8BC005253412D574954482D43414D454C4C49E9
:10D8CC00412D3132382D47434D2D53484132353699
:10D8DC0000000000544C532D5253412D57495448CD
:10D8EC002D43414D454C4C49412D3235362D474346
:10D8FC004D2D53484133383400000000544C532D07
:10D90C005253412D574954482D334445532D4544CA
:10D91C00452D4342432D534841000000544C532D98
:10D92C00454344482D5253412D574954482D4145A8
:10D93C00532D3132382D4342432D534841000000C2
:10D94C00544C532D454344482D5253412D57495463
:10D95C00482D4145532D3235362D4342432D5348E6
:10D96C0041000000544C532D454344482D52534123
:10D97C002D574954482D4145532D3132382D4342B2
:10D98C00432D53484132353600000000544C532D82
:10D99C00454344482D5253412D574954482D414538
:10D9AC00532D3132382D47434D2D534841323536A6
:10D9BC0000000000544C532D454344482D52534114
:10D9CC002D574954482D4145532D3235362D434260
:10D9DC00432D53484133383400000000544C532D30
:10D9EC00454344482D5253412D574954482D4145E8
:10D9FC00532D3235362D47434D2D53484133383452
:10DA0C0000000000544C532D454344482D525341C3
:10DA1C002D574954482D43414D454C4C49412D31CE
:10DA2C0032382D4342432D534841323536000000E5
:10DA3C00544C532D454344482D5253412D57495472
:10DA4C00482D43414D454C4C49412D3235362D43E3
:10DA5C0042432D534841333834000000544C532D6D
:10DA6C00454344482D5253412D574954482D434169
:10DA7C004D454C4C49412D3132382D47434D2D539A
:10DA8C004841323536000000544C532D4543444830
:10DA9C002D5253412D574954482D43414D454C4C23
:10DAAC0049412D3235362D47434D2D53484133389E
:10DABC0034000000544C532D454344482D525341DF
:10DACC002D574954482D334445532D4544452D433A
:10DADC0042432D5348410000544C532D4543444878
:10DAEC002D45434453412D574954482D4145532D01
:10DAFC003132382D4342432D53484100544C532D61
:10DB0C00454344482D45434453412D574954482DD2
:10DB1C004145532D3235362D4342432D5348410058
:10DB2C00544C532D454344482D45434453412D57A4
:10DB3C004954482D4145532D3132382D4342432D04
:10DB4C005348413235360000544C532D454344481C
:10DB5C002D45434453412D574954482D4145532D90
:10DB6C003132382D47434D2D534841323536000064
:10DB7C00544C532D454344482D45434453412D5754
:10DB8C004954482D4145532D3235362D4342432DB2
:10DB9C005348413338340000544C532D45434448CA
:10DBAC002D45434453412D574954482D4145532D40
:10DBBC003235362D47434D2D534841333834000010
:10DBCC00544C532D454344482D45434453412D5704
:10DBDC004954482D43414D454C4C49412D31323827
:10DBEC002D4342432D53484132353600544C532D6E
:10DBFC00454344482D45434453412D574954482DE2
:10DC0C0043414D454C4C49412D3235362D43424311
:10DC1C002D53484133383400544C532D454344481C
:10DC2C002D45434453412D574954482D43414D45AF
:10DC3C004C4C49412D3132382D47434D2D534841E1
:10DC4C0032353600544C532D454344482D454344FE
:10DC5C0053412D574954482D43414D454C4C494156
:10DC6C002D3235362D47434D2D5348413338340032
:10DC7C00544C532D454344482D45434453412D5753
:10DC8C004954482D334445532D4544452D43424377
:10DC9C002D53484100000000544C532D50534B2D34
:10DCAC00574954482D4145532D3132382D47434D5A
:10DCBC002D53484132353600544C532D50534B2D77
:10DCCC00574954482D4145532D3235362D47434D38
:10DCDC002D53484133383400544C532D50534B2D55
:10DCEC00574954482D4145532D3132382D43424329
:10DCFC002D53484132353600544C532D50534B2D37
:10DD0C00574954482D4145532D3235362D43424306
:10DD1C002D53484133383400544C532D50534B2D14
:10DD2C00574954482D4145532D3132382D434243E8
:10DD3C002D53484100000000544C532D50534B2D93
:10DD4C00574954482D4145532D3235362D434243C6
:10DD5C002D53484100000000544C532D50534B2D73
:10DD6C00574954482D4145532D3235362D43434D9B
:10DD7C0000000000544C532D50534B2D5749544820
:10DD8C002D4145532D3235362D43434D2D38000052
:10DD9C00544C532D50534B2D574954482D414553FA
:10DDAC002D3132382D43434D00000000544C532D7F
:10DDBC0050534B2D574954482D4145532D31323832
:10DDCC002D43434D2D380000544C532D50534B2DA7
:10DDDC00574954482D43414D454C4C49412D313206
:10DDEC00382D4342432D5348413235360000000054
:10DDFC00544C532D50534B2D574954482D43414DA2
:10DE0C00454C4C49412D3235362D4342432D534818
:10DE1C004133383400000000544C532D50534B2DDB
:10DE2C00574954482D43414D454C4C49412D3132B5
:10DE3C00382D47434D2D53484132353600000000F4
:10DE4C00544C532D50534B2D574954482D43414D51
:10DE5C00454C4C49412D3235362D47434D2D5348B9
:10DE6C004133383400000000544C532D50534B2D8B
:10DE7C00574954482D334445532D4544452D434271
:10DE8C00432D534841000000544C532D4448452D1C
:10DE9C0050534B2D574954482D4145532D31323851
:10DEAC002D47434D2D53484132353600544C532D9C
:10DEBC004448452D50534B2D574954482D414553FB
:10DECC002D3235362D47434D2D53484133383400D0
:10DEDC00544C532D4448452D50534B2D57495448C1
:10DEEC002D4145532D3132382D4342432D5348415A
:10DEFC0032353600544C532D4448452D50534B2D40
:10DF0C00574954482D4145532D3235362D43424304
:10DF1C002D53484133383400544C532D4448452D2F
:10DF2C0050534B2D574954482D4145532D313238C0
:10DF3C002D4342432D53484100000000544C532DB7
:10DF4C004448452D50534B2D574954482D4145536A
:10DF5C002D3235362D4342432D53484100000000ED
:10DF6C00544C532D4448452D50534B2D5749544830
:10DF7C002D4145532D3235362D43434D00000000C5
:10DF8C00544C532D4448452D50534B2D5749544810
:10DF9C002D4145532D3235362D43434D2D38000040
:10DFAC00544C532D4448452D50534B2D57495448F0
:10DFBC002D4145532D3132382D43434D0000000087
:10DFCC00544C532D4448452D50534B2D57495448D0
:10DFDC002D4145532D3132382D43434D2D38000002
:10DFEC00544C532D4448452D50534B2D57495448B0
:10DFFC002D43414D454C4C49412D3132382D434236
:10E00C00432D53484132353600000000544C532DFB
:10E01C004448452D50534B2D574954482D43414DA1
:10E02C00454C4C49412D3235362D4342432D5348F6
:10E03C004133383400000000544C532D4448452DD6
:10E04C0050534B2D574954482D43414D454C4C4949
:10E05C00412D3132382D47434D2D53484132353601
:10E06C0000000000544C532D4448452D50534B2D6B
:10E07C00574954482D43414D454C4C49412D32355F
:10E08C00362D47434D2D53484133383400000000A2
:10E09C00544C532D4448452D50534B2D57495448FF
:10E0AC002D334445532D4544452D4342432D534870
:10E0BC0041000000544C532D45434448452D5053CA
:10E0CC004B2D574954482D4145532D3132382D4352
:10E0DC0042432D534841323536000000544C532DE9
:10E0EC0045434448452D50534B2D574954482D41D9
:10E0FC0045532D3235362D4342432D534841333849
:10E10C0034000000544C532D45434448452D505386
:10E11C004B2D574954482D4145532D3132382D4301
:10E12C0042432D5348410000544C532D4543444821
:10E13C00452D50534B2D574954482D4145532D32A5
:10E14C0035362D4342432D5348410000544C532D3A
:10E15C0045434448452D50534B2D574954482D4366
:10E16C00414D454C4C49412D3132382D4342432DC4
:10E17C005348413235360000544C532D45434448E6
:10E18C00452D50534B2D574954482D43414D454C2B
:10E19C004C49412D3235362D4342432D53484133A2
:10E1AC0038340000544C532D45434448452D5053AE
:10E1BC004B2D574954482D334445532D4544452D3B
:10E1CC004342432D53484100544C532D5253412D3F
:10E1DC0050534B2D574954482D4145532D3132380E
:10E1EC002D47434D2D53484132353600544C532D59
:10E1FC005253412D50534B2D574954482D414553A3
:10E20C002D3235362D47434D2D534841333834008C
:10E21C00544C532D5253412D50534B2D5749544868
:10E22C002D4145532D3132382D4342432D53484116
:10E23C0032353600544C532D5253412D50534B2DE7
:10E24C00574954482D4145532D3235362D434243C1
:10E25C002D53484133383400544C532D5253412DD7
:10E26C0050534B2D574954482D4145532D3132387D
:10E27C002D4342432D53484100000000544C532D74
:10E28C005253412D50534B2D574954482D41455312
:10E29C002D3235362D4342432D53484100000000AA
:10E2AC00544C532D5253412D50534B2D57495448D8
:10E2BC002D43414D454C4C49412D3132382D434273
:10E2CC00432D53484132353600000000544C532D39
:10E2DC005253412D50534B2D574954482D43414DCA
:10E2EC00454C4C49412D3235362D4342432D534834
:10E2FC004133383400000000544C532D5253412DFF
:10E30C0050534B2D574954482D43414D454C4C4986
:10E31C00412D3132382D47434D2D5348413235363E
:10E32C0000000000544C532D5253412D50534B2D93
:10E33C00574954482D43414D454C4C49412D32359C
:10E34C00362D47434D2D53484133383400000000DF
:10E35C00544C532D5253412D50534B2D5749544827
:10E36C002D334445532D4544452D4342432D5348AD
:10E37C0041000000636C69656E742066696E697398
:10E38C00686564007365727665722066696E697380
:10E39C006865640044544C5376312E300000000004
:10E3AC0044544C5376312E3200000000756E6B6E67
:10E3BC006F776E202844544C53290000657874659F
:10E3CC006E646564206D617374657220736563722D
:10E3DC00657400006D61737465722073656372659A
:10E3EC00740000006B657920657870616E73696FDD
:10E3FC006E00000053534C76332E3000544C537641
:10E40C00312E3000544C5376312E3100544C53760F
:10E41C00312E3200202B20002C20000025733D00D3
:10E42C003F3F3D003A000000253032582573000074
:10E43C002E2E2E2E000000002020582E3530392094
:10E44C006365727469666963617465206C6F61647D
:10E45C003A2000007061737365640A2020582E35D1
:10E46C003039207369676E617475726520766572D8
:10E47C006966793A200000002A864886F70D01016A
:10E48C00080000003F3F3F00202825732C204D47FB
:10E49C0046312D25732C2030782530325829000038
:10E4AC002573206B65792073697A650074727565C4
:10E4BC000000000066616C73650000000A43657221
:10E4CC00746966696361746520697320756E696E21
:10E4DC00697469616C69736564210A0025736365ED
:10E4EC0072742E2076657273696F6E202020202046
:10E4FC003A2025640A000000257373657269616C0B
:10E50C00206E756D62657220202020203A2000005C
:10E51C000A2573697373756572206E616D652020B1
:10E52C0020202020203A20000A25737375626A652A
:10E53C006374206E616D652020202020203A20001D
:10E54C000A257369737375656420206F6E20202013
:10E55C0020202020203A20253034642D25303264B0
:10E56C002D2530326420253032643A253032643A1D
:10E57C0025303264000000000A25736578706972DA
:10E58C006573206F6E20202020202020203A20252B
:10E59C003034642D253032642D2530326420253002
:10E5AC0032643A253032643A25303264000000007F
:10E5BC000A25737369676E6564207573696E6720CD
:10E5CC0020202020203A20000A2573252D31387375
:10E5DC003A20256420626974730000000A25736276
:10E5EC006173696320636F6E73747261696E7473A7
:10E5FC00203A2043413D2573000000002C206D6122
:10E60C00785F706174686C656E3D25640000000075
:10E61C000A25737375626A65637420616C74206E6D
:10E62C00616D6520203A20000A2573636572742E93
:10E63C00207479706520202020202020203A200092
:10E64C00257353534C20436C69656E7400000000B5
:10E65C00257353534C20536572766572000000008D
:10E66C002573456D61696C0025734F626A6563742F
:10E67C00205369676E696E67000000002573526550
:10E68C007365727665640000257353534C204341C7
:10E69C00000000002573456D61696C20434100004A
:10E6AC0025734F626A656374205369676E696E6780
:10E6BC00204341000A25736B65792075736167658A
:10E6CC002020202020202020203A2000257344697F
:10E6DC00676974616C205369676E6174757265004B
:10E6EC0025734E6F6E205265707564696174696F25
:10E6FC006E00000025734B657920456E6369706868
:10E70C0065726D656E7400002573446174612045FB
:10E71C006E6369706865726D656E740025734B6508
:10E72C00792041677265656D656E740025734B6564
:10E73C00792043657274205369676E0025734352C8
:10E74C004C205369676E00002573456E63697068D1
:10E75C006572204F6E6C790025734465636970682F
:10E76C006572204F6E6C79000A2573657874206B86
:10E77C00657920757361676520202020203A200080
:10E78C00257325730000000054686520636572745E
:10E79C00696669636174652076616C696469747912
:10E7AC0020686173206578706972656400000000F0
:10E7BC00257325730A0000002573556E6B6E6F77F9
:10E7CC006E20726561736F6E202874686973207394
:10E7DC00686F756C64206E6F742068617070656E04
:10E7EC00290A00002D2D2D2D2D424547494E204341
:10E7FC00455254494649434154452D2D2D2D2D004C
:10E80C002D2D2D2D2D454E4420434552544946491E
:10E81C00434154452D2D2D2D2D00000054686520AD
:10E82C0063657274696669636174652068617320DD
:10E83C006265656E207265766F6B656420286973FE
:10E84C00206F6E20612043524C29000054686520D3
:10E85C00636572746966696361746520436F6D6D7D
:10E86C006F6E204E616D652028434E2920646F65C4
:10E87C0073206E6F74206D6174636820776974689F
:10E88C002074686520657870656374656420434EF8
:10E89C0000000000546865206365727469666963E2
:10E8AC00617465206973206E6F7420636F7272657A
:10E8BC0063746C79207369676E6564206279207467
:10E8CC0068652074727573746564204341000000A0
:10E8DC005468652043524C206973206E6F7420631A
:10E8EC006F72726563746C79207369676E656420EE
:10E8FC006279207468652074727573746564204342
:10E90C00410000005468652043524C206973206517
:10E91C007870697265640000436572746966696336
:10E92C0061746520776173206D697373696E67001C
:10E93C004365727469666963617465207665726992
:10E94C006669636174696F6E2077617320736B699C
:10E95C0070706564000000004F7468657220726509
:10E96C0061736F6E202863616E206265207573651C
:10E97C0064206279207665726966792063616C6CBB
:10E98C006261636B290000005468652063657274D2
:10E99C00696669636174652076616C696469747910
:10E9AC002073746172747320696E207468652066BC
:10E9BC0075747572650000005468652043524C20D4
:10E9CC0069732066726F6D20746865206675747546
:10E9DC0072650000557361676520646F6573206E06
:10E9EC006F74206D6174636820746865206B657941
:10E9FC00557361676520657874656E73696F6E0019
:10EA0C00557361676520646F6573206E6F74206D3C
:10EA1C00617463682074686520657874656E6465DC
:10EA2C00644B6579557361676520657874656E73A1
:10EA3C00696F6E00557361676520646F6573206E36
:10EA4C006F74206D6174636820746865206E734305
:10EA5C006572745479706520657874656E73696F2E
:10EA6C006E000000546865206365727469666963A2
:10EA7C00617465206973207369676E6564207769BA
:10EA8C00746820616E20756E616363657074616279
:10EA9C006C6520686173682E000000005468652066
:10EAAC006365727469666963617465206973207348
:10EABC0069676E6564207769746820616E20756E75
:10EACC0061636365707461626C6520504B20616C8E
:10EADC0067202865672052534120767320454344B4
:10EAEC005341292E00000000546865206365727440
:10EAFC0069666963617465206973207369676E6503
:10EB0C0064207769746820616E20756E616363653B
:10EB1C00707461626C65206B657920286567206272
:10EB2C0061642063757276652C2052534120746F9A
:10EB3C006F2073686F7274292E0000005468652072
:10EB4C0043524C206973207369676E656420776942
:10EB5C00746820616E20756E6163636570746162A8
:10EB6C006C6520686173682E000000005468652095
:10EB7C0043524C206973207369676E656420776912
:10EB8C00746820616E20756E616363657074616278
:10EB9C006C6520504B20616C6720286567205253B0
:10EBAC0041207673204543445341292E0000000038
:10EBBC005468652043524C206973207369676E65F5
:10EBCC0064207769746820616E20756E616363657B
:10EBDC00707461626C65206B6579202865672062B2
:10EBEC0061642063757276652C2052534120746FDA
:10EBFC006F2073686F7274292E0000006E616E00B6
:10EC0C006F766600696E6600504F534958000000DD
:10EC1C00494E46004E414E00303132333435363792
:10EC2C00383961626364656600000000286E756C9B
:10EC3C006C29000030000000303132333435363767
:10EC4C0038396162636465666768696A6B6C6D6E9E
:10EC5C006F707172737475767778797A0000000032
:10EC6C00496E66696E697479000000004E614E0051
:10EC7C0000010000385900201200000000060000BE
:10EC8C00F4F702600A00000000020000A8F702601E
:10EC9C004B000000000700005CF702604B00000016
:10ECAC000003000058F70260000000000103090493
:10ECBC0040F70260000000000203090428F702601C
:10ECCC000000000003030904245C00200000000085
:10ECDC000000000000000000000000003030303068
:10ECEC003030303030303030303030303030303018
:10ECFC0030303030303030303030303000000000C8
:10ED0C00010000060000000000000000844D0020FF
:10ED1C00EC4D0020544E00200000000000000000CC
:10ED2C0000000000000000000000000000000000D7
:10ED3C0000000000000000000000000000000000C7
:10ED4C0000000000000000000000000000000000B7
:10ED5C0000000000000000000000000000000000A7
:10ED6C000000000000000000000000000000000097
:10ED7C000000000000000000000000000000000087
:10ED8C000000000000000000000000000000000077
:10ED9C000000000000000000000000000000000067
:10EDAC000000000000000000000000000000000057
:10EDBC0001000000000000000E33CDAB34126DE6F4
:10EDCC00ECDE05000B00000000000000000000005D
:10EDDC000000000000000000000000000000000027
:10EDEC000000000000000000000000000000000017
:10EDFC000000000000000000000000000000000007
:10EE0C0000000000000000000000000000000000F6
:10EE1C0000000000000000000000000000000000E6
:10EE2C0000000000000000000000000000000000D6
:10EE3C0000000000000000000000000000000000C6
:10EE4C0000000000000000000000000000000000B6
:10EE5C0000000000000000000000000000000000A6
:10EE6C000000000000000000000000000000000096
:10EE7C000000000000000000000000000000000086
:10EE8C000000000000000000000000000000000076
:10EE9C000000000000000000000000000000000066
:10EEAC000000000000000000000000000000000056
:10EEBC000000000000000000000000000000000046
:10EECC000000000000000000000000000000000036
:10EEDC000000000000000000000000000000000026
:10EEEC000000000000000000000000000000000016
:10EEFC000000000000000000000000000000000006
:10EF0C0000000000000000000000000000000000F5
:10EF1C0000000000000000000000000000000000E5
:10EF2C0000000000000000000000000000000000D5
:10EF3C0000000000000000000000000000000000C5
:10EF4C0000000000000000000000000000000000B5
:10EF5C0000000000000000000000000000000000A5
:10EF6C000000000000000000000000000000000095
:10EF7C000000000000000000000000000000000085
:10EF8C000000000000000000000000000000000075
:10EF9C000000000000000000000000000000000065
:10EFAC000000000000000000000000000000000055
:10EFBC000000000000000000000000000000000045
:10EFCC000000000000000000000000000000000035
:10EFDC000000000000000000000000000000000025
:10EFEC000000000000000000000000000000000015
:10EFFC000000000000000000000000000000000005
:10F00C0000000000000000000000000000000000F4
:10F01C0000000000000000000000000000000000E4
:10F02C0000000000000000000000000000000000D4
:10F03C0000000000000000000000000000000000C4
:10F04C0000000000000000000000000000000000B4
:10F05C0000000000000000000000000000000000A4
:10F06C000000000000000000000000000000000094
:10F07C000000000000000000000000000000000084
:10F08C000000000000000000000000000000000074
:10F09C000000000000000000000000000000000064
:10F0AC000000000000000000000000000000000054
:10F0BC000000000000000000000000000000000044
:10F0CC000000000000000000000000000000000034
:10F0DC000000000000000000000000000000000024
:10F0EC000000000000000000000000000000000014
:10F0FC000000000000000000000000000000000004
:10F10C0000000000000000000000000000000000F3
:10F11C0000000000000000000000000000000000E3
:10F12C0000000000000000000000000000000000D3
:10F13C0000000000B8220000B90800000029DE071A
:10F14C00007B9A1780817EFA080000000000000006
:10F15C0000CC000080817EFD080000000000000053
:10F16C0000CC00008C06002000000000E80300002A
:10F17C00000000006806002000000000E80300000A
:10F18C0000000000008018403053002000000000F8
:10F19C00CC5801208C580120000000000000000019
:10F1AC002800000040000000280000004000000083
:10F1BC000000000000000000000000000000000043
:10F1CC000000000000000000000000000000000033
:10F1DC0000000000044F0020B406002000000000D6
:10F1EC00E80300000000000000003F40D8F6026079
:10F1FC000000000000000000000000000000000003
:10F20C0000000000000000000000000000000000F2
:10F21C0000000000000000000000000000000000E2
:10F22C0000000000000000000000000000000000D2
:10F23C0000000000000000000000000000000000C2
:10F24C0000000000000000000000000000000000B2
:10F25C0000000000000000000000000000000000A2
:10F26C000000000000000000000000000000000092
:10F27C000000000000000000000000000000000082
:10F28C000000000000000000000000000000000072
:10F29C000000000000000000000000000000000062
:10F2AC000000000000000000000000000000000052
:10F2BC000000000000000000000000000000000042
:10F2CC000000000000000000000000000000000032
:10F2DC000000000000000000000000000000000022
:10F2EC000000000000000000000000000000000012
:10F2FC000000000000000000000000000000000002
:10F30C0000000000000000000000000000000000F1
:10F31C000000000000000000B40600200000000007
:10F32C00E80300000000000000803F4088F6026007
:10F33C0000000000000000000000000000000000C1
:10F34C0000000000000000000000000000000000B1
:10F35C0000000000000000000000000000000000A1
:10F36C000000000000000000000000000000000091
:10F37C000000000000000000000000000000000081
:10F38C000000000000000000000000000000000071
:10F39C000000000000000000000000000000000061
:10F3AC000000000000000000000000000000000051
:10F3BC000000000000000000000000000000000041
:10F3CC000000000000000000000000000000000031
:10F3DC000000000000000000000000000000000021
:10F3EC000000000000000000000000000000000011
:10F3FC000000000000000000000000000000000001
:10F40C0000000000000000000000000000000000F0
:10F41C0000000000000000000000000000000000E0
:10F42C0000000000000000000000000000000000D0
:10F43C0000000000000000000000000000000000C0
:10F44C0000000000000000000000000000000000B0
:10F45C000000000000000000B406002000000000C6
:10F46C00E80300000000000000C03F4038F60260D6
:10F47C000000000000000000000000000000000080
:10F48C000000000000000000000000000000000070
:10F49C000000000000000000000000000000000060
:10F4AC000000000000000000000000000000000050
:10F4BC000000000000000000000000000000000040
:10F4CC000000000000000000000000000000000030
:10F4DC000000000000000000000000000000000020
:10F4EC000000000000000000000000000000000010
:10F4FC000000000000000000000000000000000000
:10F50C0000000000000000000000000000000000EF
:10F51C0000000000000000000000000000000000DF
:10F52C0000000000000000000000000000000000CF
:10F53C0000000000000000000000000000000000BF
:10F54C0000000000000000000000000000000000AF
:10F55C00000000000000000000000000000000009F
:10F56C00000000000000000000000000000000008F
:10F57C00000000000000000000000000000000007F
:10F58C00000000000000000000000000000000006F
:10F59C0000000000000000000000000080000000DF
:10F5AC0002150000592D010071360100FEF70260B2
:10F5BC0068C00F40000000300F0000000200000087
:10F5CC002C851F4001000000FF000000FF00000020
:10F5DC0000000000000000000E000000020000000F
:10F5EC0030851F4001000000FF000000FF000000FC
:10F5FC00000000000000000013024000260018006C
:10F60C00780000000000000080000000FFFFFFFFFA
:10F61C0080302020430000000000000000000000AB
:10F62C0000000000000000000000000000000000CE
:10F63C00000000004300000000000000000000007B
:10F64C0000000000000000000000000000000000AE
:10F65C00000000004300000000000000000000005B
:10F66C00000000000000000000000000000000008E
:10F67C00000000004300000000000000000000003B
:10F68C00000000000000000000000000000000006E
:10F69C00000000004300000000000000000000001B
:10F6AC00000000000000000000000000000000004E
:10F6BC0000000000430000000000000000000000FB
:10F6CC00000000000000000000000000000000002E
:10F6DC0000000000430000000000000000000000DB
:10F6EC00000000000000000000000000000000000E
:10F6FC000000000075850100FD45010000000000C0
:10F70C00F406002088490020A81C0020A81C00201A
:10F71C00A81C0020A81C0020A81C0020A81C00204D
:10F72C00A81C0020A81C0020A81C0020FFFFFFFF25
:10F73C00FFFFFFFFFFFFFFFFFFFF00000100415332
:10F74C0043494900000000000000000000000000D8
:10F75C000000000000000000000000000000415309
:10F76C0043494900000000000000000000000000B8
:10F77C00000000000000000000000000000000007D
:10F78C000000000000000000105500201055002063
:10F79C001855002018550020205500202055002019
:10F7AC0028550020285500203055002030550020C9
:10F7BC003855002038550020405500204055002079
:10F7CC004855002048550020505500205055002029
:10F7DC0058550020585500206055002060550020D9
:10F7EC006855002068550020705500207055002089
:10F7FC007855002078550020805500208055002039
:10F80C0088550020885500209055002090550020E8
:10F81C009855002098550020A0550020A055002098
:10F82C00A8550020A8550020B0550020B055002048
:10F83C00B8550020B8550020C0550020C0550020F8
:10F84C00C8550020C8550020D0550020D0550020A8
:10F85C00D8550020D8550020E0550020E055002058
:10F86C00E8550020E8550020F0550020F055002008
:10F87C00F8550020F85500200056002000560020B6
:10F88C000856002008560020105600201056002064
:10F89C001856002018560020205600202056002014
:10F8AC0028560020285600203056002030560020C4
:10F8BC003856002038560020405600204056002074
:10F8CC004856002048560020505600205056002024
:10F8DC0058560020585600206056002060560020D4
:10F8EC006856002068560020705600207056002084
:10F8FC007856002078560020805600208056002034
:10F90C0088560020885600209056002090560020E3
:10F91C009856002098560020A0560020A056002093
:10F92C00A8560020A8560020B0560020B056002043
:10F93C00B8560020B8560020C0560020C0560020F3
:10F94C00C8560020C8560020D0560020D0560020A3
:10F95C00D8560020D8560020E0560020E056002053
:10F96C00E8560020E8560020F0560020F056002003
:10F97C00F8560020F85600200057002000570020B1
:10F98C00085700200857002010570020105700205F
:10F99C00185700201857002020570020205700200F
:10F9AC0028570020285700203057002030570020BF
:10F9BC00385700203857002040570020405700206F
:10F9CC00485700204857002050570020505700201F
:10F9DC0058570020585700206057002060570020CF
:10F9EC00685700206857002070570020705700207F
:10F9FC00785700207857002080570020805700202F
:10FA0C0088570020885700209057002090570020DE
:10FA1C009857002098570020A0570020A05700208E
:10FA2C00A8570020A8570020B0570020B05700203E
:10FA3C00B8570020B8570020C0570020C0570020EE
:10FA4C00C8570020C8570020D0570020D05700209E
:10FA5C00D8570020D8570020E0570020E05700204E
:10FA6C00E8570020E8570020F0570020F0570020FE
:10FA7C00F8570020F85700200058002000580020AC
:10FA8C00085800200858002010580020105800205A
:10FA9C00185800201858002020580020205800200A
:10FAAC0028580020285800203058002030580020BA
:10FABC00385800203858002040580020405800206A
:10FACC00485800204858002050580020505800201A
:10FADC0058580020585800206058002060580020CA
:10FAEC00685800206858002070580020705800207A
:10FAFC00785800207858002080580020805800202A
:10FB0C0088580020885800209058002090580020D9
:10FB1C009858002098580020A0580020A058002089
:10FB2C00A8580020A8580020B0580020B058002039
:10FB3C00B8580020B8580020C0580020C0580020E9
:10FB4C00C8580020C8580020D0580020D058002099
:10FB5C00D8580020D8580020E0580020E058002049
:10FB6C00E8580020E8580020F0580020F0580020F9
:10FB7C00F8580020F85800200059002000590020A7
:10FB8C000859002008590020FFFFFFFF0000020069
:10FB9C00984A002002040000000000001811002008
:10FBAC00190000001900000012010002EF020140D0
:10FBBC00C0168304800201020301000065746830E2
:10FBCC0000000000DC0500000C5A0020A00B0020F7
:10FBDC000000000000000000000000000000000019
:10FBEC000000000000000000000000000000000009
:10FBFC0000000000000000000000000000000000F9
:10FC0C0000000000000000000000000000000000E8
:10FC1C000000000000000000010306333A3B000026
:10FC2C000104000000802D4000802D408200000067
:10FC3C0000000000000000000000000000000000B8
:10FC4C0000000000000000000000000000000000A8
:10FC5C0000000000C0620020000000000100000055
:10FC6C00010000000000000000000000E1A6000000
:10FC7C00000000000000000000000000B45900204B
:10FC8C00000000000000000005890000F189000060
:10FC9C00858A00007582000071820000000000005F
:10FCAC000000000000000000000000000000000048
:10FCBC000000000000000000000000000000000038
:10FCCC000000000000000000000000000000000028
:10FCDC000000000000000000000000000000000018
:10FCEC000000000000000000000000000000000008
:10FCFC0000000000000000000000000000000000F8
:10FD0C0000000000000000000000000000000000E7
:10FD1C0000000000000000000000000000000000D7
:10FD2C0000000000000000000000000000000000C7
:10FD3C0000000000000000000000000000000000B7
:10FD4C0000000000000000000000000000000000A7
:10FD5C000000000000000000000000000000000097
:10FD6C000000000000000000000000000000000087
:10FD7C000000000000000000000000000000000077
:10FD8C000000000000000000000000000000000067
:10FD9C000000000000000000000000000100030053
:10FDAC00000000000000000055C9000071C90000EF
:10FDBC000000000000000000F00B0020000000001C
:10FDCC000100010006000000E1E10000A9FD0000B7
:10FDDC0069F1000069E100006DF900001C0C0020C5
:10FDEC0000000000010002001100000000000000F3
:10FDFC00A5010100C1010100A503010000000000E4
:10FE0C00480C002080817E7E050000000000470029
:10FE1C008081797905000000000047000000560041
:10FE2C0000780000009702603875026055470100A9
:10FE3C00C0A80100010000000F2700000014000002
:10FE4C00080000000700000006000000050000008C
:10FE5C0004000000000000002BC000002CC00000BB
:10FE6C000000000003040000060000000700000072
:10FE7C00000000000000000101000000000005006F
:10FE8C0000000000280A0000093C00000000F041BE
:10FE9C000000803F0C030000000000000000000088
:10FEAC000000000000000000000000C00102FA0D7C
:10FEBC000DFF01010124660100000000000000009C
:10FECC000000000000000000000000000000000026
:10FEDC000000000000000000000000000000000016
:10FEEC000000000000000000000000000000000006
:10FEFC0000000000000000000000000000000000F6
:10FF0C0000000000000000000000000000000000E5
:10FF1C0000000000000000000000000000000000D5
:10FF2C0000000000000000000000000000000000C5
:10FF3C0000000000000000000000000000000000B5
:10FF4C0000000000000000000000000000000000A5
:10FF5C000000000000000000000000000000000095
:10FF6C000000000000000000000000000000000085
:10FF7C000000000000000000000000000000000075
:10FF8C000000000000000000000000000000000065
:10FF9C000000000000000000000000000000000055
:10FFAC000000000000000000000000000000000045
:10FFBC000000000000000000000000000000000035
:10FFCC000000000000000000000000000000000025
:10FFDC000000000000000000000000000000000015
:10FFEC000000000000000000000000000000000005
:04FFFC000000000001
:02000004600595
:1000000000000000000000000000000000000000F0
:1000100000000000000000000000000000000000E0
:1000200000000000000000000000000000000000D0
:1000300000000000000000000000000000000000C0
:1000400000000000000000000000000000000000B0
:1000500000000000000000000000000000000000A0
:100060000000000000000000000000000000000090
:100070000000000000000000000000000000000080
:100080000000000000000000000000000000000070
:100090000000000000000000000000000000000060
:1000A0000000000000000000000000000000000050
:1000B0000000000000000000000000000000000040
:1000C0000000000000000000000000000000000030
:1000D0000000000000000000000000000000000020
:1000E0000000000000000000000000000000000010
:1000F0000000000000000000000000000000000000
:1001000000000000000000000000000000000000EF
:1001100000000000000000000000000000000000DF
:1001200000000000000000000000000000000000CF
:1001300000000000000000000000000000000000BF
:1001400000000000000000000000000000000000AF
:10015000000000000000000000000000000000009F
:10016000000000000000000000000000000000008F
:10017000000000000000000000000000000000007F
:10018000000000000000000000000000000000006F
:10019000000000000000000000000000000000005F
:1001A000000000000000000000000000000000004F
:1001B000000000000000000000000000000000003F
:1001C000000000000000000000000000000000002F
:1001D000000000000000000000000000000000001F
:1001E000000000000000000000000000000000000F
:1001F00000000000000000000000000000000000FF
:1002000000000000000000000000000000000000EE
:1002100000000000000000000000000000000000DE
:1002200000000000000000000000000000000000CE
:1002300000000000000000000000000000000000BE
:1002400000000000000000000000000000000000AE
:10025000000000000000000000000000000000009E
:10026000000000000000000000000000000000008E
:10027000000000000000000000000000000000007E
:10028000000000000000000000000000000000006E
:10029000000000000000000000000000000000005E
:1002A000000000000000000000000000000000004E
:1002B000000000000000000000000000000000003E
:1002C000000000000000000000000000000000002E
:1002D000000000000000000000000000000000001E
:1002E000000000000000000000000000000000000E
:1002F00000000000000000000000000000000000FE
:1003000000000000000000000000000000000000ED
:1003100000000000000000000000000000000000DD
:1003200000000000000000000000000000000000CD
:1003300000000000000000000000000000000000BD
:1003400000000000000000000000000000000000AD
:10035000000000000000000000000000000000009D
:10036000000000000000000000000000000000008D
:10037000000000000000000000000000000000007D
:10038000000000000000000000000000000000006D
:10039000000000000000000000000000000000005D
:1003A000000000000000000000000000000000004D
:1003B000000000000000000000000000000000003D
:1003C000000000000000000000000000000000002D
:1003D000000000000000000000000000000000001D
:1003E000000000000000000000000000000000000D
:1003F00000000000000000000000000000000000FD
:1004000000000000000000000000000000000000EC
:1004100000000000000000000000000000000000DC
:1004200000000000000000000000000000000000CC
:1004300000000000000000000000000000000000BC
:1004400000000000000000000000000000000000AC
:10045000000000000000000000000000000000009C
:10046000000000000000000000000000000000008C
:10047000000000000000000000000000000000007C
:10048000000000000000000000000000000000006C
:10049000000000000000000000000000000000005C
:1004A000000000000000000000000000000000004C
:1004B000000000000000000000000000000000003C
:1004C000000000000000000000000000000000002C
:1004D000000000000000000000000000000000001C
:1004E000000000000000000000000000000000000C
:1004F00000000000000000000000000000000000FC
:1005000000000000000000000000000000000000EB
:1005100000000000000000000000000000000000DB
:1005200000000000000000000000000000000000CB
:0C053000000000000000000000000000BF
:10053C0000000000000000000000000000000000AF
:10054C00000000000000000000000000000000009F
:10055C00000000000000000000000000000000008F
:10056C00000000000000000000000000000000007F
:10057C00000000000000000000000000000000006F
:10058C00000000000000000000000000000000005F
:10059C00000000000000000000000000000000004F
:1005AC00000000000000000000000000000000003F
:1005BC00000000000000000000000000000000002F
:1005CC00000000000000000000000000000000001F
:1005DC00000000000000000000000000000000000F
:1005EC0000000000000000000000000000000000FF
:1005FC0000000000000000000000000000000000EF
:10060C0000000000000000000000000000000000DE
:10061C0000000000000000000000000000000000CE
:10062C0000000000000000000000000000000000BE
:10063C0000000000000000000000000000000000AE
:10064C00000000000000000000000000000000009E
:10065C00000000000000000000000000000000008E
:10066C00000000000000000000000000000000007E
:10067C00000000000000000000000000000000006E
:10068C00000000000000000000000000000000005E
:10069C00000000000000000000000000000000004E
:1006AC00000000000000000000000000000000003E
:1006BC00000000000000000000000000000000002E
:1006CC00000000000000000000000000000000001E
:1006DC00000000000000000000000000000000000E
:1006EC0000000000000000000000000000000000FE
:1006FC0000000000000000000000000000000000EE
:10070C0000000000000000000000000000000000DD
:10071C0000000000000000000000000000000000CD
:10072C0000000000000000000000000000000000BD
:10073C0000000000000000000000000000000000AD
:10074C00000000000000000000000000000000009D
:10075C00000000000000000000000000000000008D
:10076C00000000000000000000000000000000007D
:10077C00000000000000000000000000000000006D
:10078C00000000000000000000000000000000005D
:10079C00000000000000000000000000000000004D
:1007AC00000000000000000000000000000000003D
:1007BC00000000000000000000000000000000002D
:1007CC00000000000000000000000000000000001D
:1007DC00000000000000000000000000000000000D
:1007EC0000000000000000000000000000000000FD
:1007FC0000000000000000000000000000000000ED
:10080C0000000000000000000000000000000000DC
:10081C0000000000000000000000000000000000CC
:10082C0000000000000000000000000000000000BC
:10083C0000000000000000000000000000000000AC
:10084C00000000000000000000000000000000009C
:10085C00000000000000000000000000000000008C
:10086C00000000000000000000000000000000007C
:10087C00000000000000000000000000000000006C
:10088C00000000000000000000000000000000005C
:10089C00000000000000000000000000000000004C
:1008AC00000000000000000000000000000000003C
:1008BC00000000000000000000000000000000002C
:1008CC00000000000000000000000000000000001C
:1008DC00000000000000000000000000000000000C
:1008EC0000000000000000000000000000000000FC
:1008FC0000000000000000000000000000000000EC
:10090C0000000000000000000000000000000000DB
:10091C0000000000000000000000000000000000CB
:10092C0000000000000000000000000000000000BB
:10093C0000000000000000000000000000000000AB
:10094C00000000000000000000000000000000009B
:10095C00000000000000000000000000000000008B
:10096C00000000000000000000000000000000007B
:10097C00000000000000000000000000000000006B
:10098C00000000000000000000000000000000005B
:10099C00000000000000000000000000000000004B
:1009AC00000000000000000000000000000000003B
:1009BC00000000000000000000000000000000002B
:1009CC00000000000000000000000000000000001B
:1009DC00000000000000000000000000000000000B
:1009EC0000000000000000000000000000000000FB
:1009FC0000000000000000000000000000000000EB
:100A0C0000000000000000000000000000000000DA
:100A1C0000000000000000000000000000000000CA
:100A2C0000000000000000000000000000000000BA
:100A3C0000000000000000000000000000000000AA
:100A4C00000000000000000000000000000000009A
:100A5C00000000000000000000000000000000008A
:100A6C00000000000000000000000000000000007A
:100A7C00000000000000000000000000000000006A
:100A8C00000000000000000000000000000000005A
:100A9C00000000000000000000000000000000004A
:100AAC00000000000000000000000000000000003A
:100ABC00000000000000000000000000000000002A
:100ACC00000000000000000000000000000000001A
:100ADC00000000000000000000000000000000000A
:100AEC0000000000000000000000000000000000FA
:100AFC0000000000000000000000000000000000EA
:100B0C0000000000000000000000000000000000D9
:100B1C0000000000000000000000000000000000C9
:100B2C0000000000000000000000000000000000B9
:100B3C0000000000000000000000000000000000A9
:100B4C000000000000000000000000000000000099
:100B5C000000000000000000000000000000000089
:100B6C000000000000000000000000000000000079
:100B7C000000000000000000000000000000000069
:100B8C000000000000000000000000000000000059
:100B9C000000000000000000000000000000000049
:100BAC000000000000000000000000000000000039
:100BBC000000000000000000000000000000000029
:100BCC000000000000000000000000000000000019
:100BDC000000000000000000000000000000000009
:100BEC0000000000000000000000000000000000F9
:100BFC0000000000000000000000000000000000E9
:100C0C0000000000000000000000000000000000D8
:100C1C0000000000000000000000000000000000C8
:100C2C0000000000000000000000000000000000B8
:100C3C0000000000000000000000000000000000A8
:100C4C000000000000000000000000000000000098
:100C5C000000000000000000000000000000000088
:100C6C000000000000000000000000000000000078
:100C7C000000000000000000000000000000000068
:100C8C000000000000000000000000000000000058
:100C9C000000000000000000000000000000000048
:100CAC000000000000000000000000000000000038
:100CBC000000000000000000000000000000000028
:100CCC000000000000000000000000000000000018
:100CDC000000000000000000000000000000000008
:100CEC0000000000000000000000000000000000F8
:100CFC0000000000000000000000000000000000E8
:100D0C0000000000000000000000000000000000D7
:100D1C0000000000000000000000000000000000C7
:100D2C0000000000000000000000000000000000B7
:100D3C0000000000000000000000000000000000A7
:100D4C000000000000000000000000000000000097
:100D5C000000000000000000000000000000000087
:100D6C000000000000000000000000000000000077
:100D7C000000000000000000000000000000000067
:100D8C000000000000000000000000000000000057
:100D9C000000000000000000000000000000000047
:100DAC000000000000000000000000000000000037
:100DBC000000000000000000000000000000000027
:100DCC000000000000000000000000000000000017
:100DDC000000000000000000000000000000000007
:100DEC0000000000000000000000000000000000F7
:100DFC0000000000000000000000000000000000E7
:100E0C0000000000000000000000000000000000D6
:100E1C0000000000000000000000000000000000C6
:100E2C0000000000000000000000000000000000B6
:100E3C0000000000000000000000000000000000A6
:100E4C000000000000000000000000000000000096
:100E5C000000000000000000000000000000000086
:100E6C000000000000000000000000000000000076
:100E7C000000000000000000000000000000000066
:100E8C000000000000000000000000000000000056
:100E9C000000000000000000000000000000000046
:100EAC000000000000000000000000000000000036
:100EBC000000000000000000000000000000000026
:100ECC000000000000000000000000000000000016
:100EDC000000000000000000000000000000000006
:100EEC0000000000000000000000000000000000F6
:100EFC0000000000000000000000000000000000E6
:100F0C0000000000000000000000000000000000D5
:100F1C0000000000000000000000000000000000C5
:100F2C0000000000000000000000000000000000B5
:100F3C0000000000000000000000000000000000A5
:100F4C000000000000000000000000000000000095
:100F5C000000000000000000000000000000000085
:100F6C000000000000000000000000000000000075
:100F7C000000000000000000000000000000000065
:100F8C000000000000000000000000000000000055
:100F9C000000000000000000000000000000000045
:100FAC000000000000000000000000000000000035
:100FBC000000000000000000000000000000000025
:100FCC000000000000000000000000000000000015
:100FDC000000000000000000000000000000000005
:100FEC0000000000000000000000000000000000F5
:100FFC0000000000000000000000000000000000E5
:10100C0000000000000000000000000000000000D4
:10101C0000000000000000000000000000000000C4
:10102C0000000000000000000000000000000000B4
:10103C0000000000000000000000000000000000A4
:10104C000000000000000000000000000000000094
:10105C000000000000000000000000000000000084
:10106C000000000000000000000000000000000074
:10107C000000000000000000000000000000000064
:10108C000000000000000000000000000000000054
:10109C000000000000000000000000000000000044
:1010AC000000000000000000000000000000000034
:1010BC000000000000000000000000000000000024
:1010CC000000000000000000000000000000000014
:1010DC000000000000000000000000000000000004
:1010EC0000000000000000000000000000000000F4
:1010FC0000000000000000000000000000000000E4
:10110C0000000000000000000000000000000000D3
:10111C0000000000000000000000000000000000C3
:10112C0000000000000000000000000000000000B3
:10113C0000000000000000000000000000000000A3
:10114C000000000000000000000000000000000093
:10115C000000000000000000000000000000000083
:10116C000000000000000000000000000000000073
:10117C000000000000000000000000000000000063
:10118C000000000000000000000000000000000053
:10119C000000000000000000000000000000000043
:1011AC000000000000000000000000000000000033
:1011BC000000000000000000000000000000000023
:1011CC000000000000000000000000000000000013
:1011DC000000000000000000000000000000000003
:1011EC0000000000000000000000000000000000F3
:1011FC0000000000000000000000000000000000E3
:10120C0000000000000000000000000000000000D2
:10121C0000000000000000000000000000000000C2
:10122C0000000000000000000000000000000000B2
:10123C0000000000000000000000000000000000A2
:10124C000000000000000000000000000000000092
:10125C000000000000000000000000000000000082
:10126C000000000000000000000000000000000072
:10127C000000000000000000000000000000000062
:10128C000000000000000000000000000000000052
:10129C000000000000000000000000000000000042
:1012AC000000000000000000000000000000000032
:1012BC000000000000000000000000000000000022
:1012CC000000000000000000000000000000000012
:1012DC000000000000000000000000000000000002
:1012EC0000000000000000000000000000000000F2
:1012FC0000000000000000000000000000000000E2
:10130C0000000000000000000000000000000000D1
:10131C0000000000000000000000000000000000C1
:10132C0000000000000000000000000000000000B1
:10133C0000000000000000000000000000000000A1
:10134C000000000000000000000000000000000091
:10135C000000000000000000000000000000000081
:10136C000000000000000000000000000000000071
:10137C000000000000000000000000000000000061
:10138C000000000000000000000000000000000051
:10139C000000000000000000000000000000000041
:1013AC000000000000000000000000000000000031
:1013BC000000000000000000000000000000000021
:1013CC000000000000000000000000000000000011
:1013DC000000000000000000000000000000000001
:1013EC0000000000000000000000000000000000F1
:1013FC0000000000000000000000000000000000E1
:10140C0000000000000000000000000000000000D0
:10141C0000000000000000000000000000000000C0
:10142C0000000000000000000000000000000000B0
:10143C0000000000000000000000000000000000A0
:10144C000000000000000000000000000000000090
:10145C000000000000000000000000000000000080
:10146C000000000000000000000000000000000070
:10147C000000000000000000000000000000000060
:10148C000000000000000000000000000000000050
:10149C000000000000000000000000000000000040
:1014AC000000000000000000000000000000000030
:1014BC000000000000000000000000000000000020
:1014CC000000000000000000000000000000000010
:1014DC000000000000000000000000000000000000
:1014EC0000000000000000000000000000000000F0
:1014FC0000000000000000000000000000000000E0
:10150C0000000000000000000000000000000000CF
:10151C0000000000000000000000000000000000BF
:10152C0000000000000000000000000000000000AF
:10153C00000000000000000000000000000000009F
:10154C00000000000000000000000000000000008F
:10155C00000000000000000000000000000000007F
:10156C00000000000000000000000000000000006F
:10157C00000000000000000000000000000000005F
:10158C00000000000000000000000000000000004F
:10159C00000000000000000000000000000000003F
:1015AC00000000000000000000000000000000002F
:1015BC00000000000000000000000000000000001F
:1015CC00000000000000000000000000000000000F
:1015DC0000000000000000000000000000000000FF
:1015EC0000000000000000000000000000000000EF
:1015FC0000000000000000000000000000000000DF
:10160C0000000000000000000000000000000000CE
:10161C0000000000000000000000000000000000BE
:10162C0000000000000000000000000000000000AE
:10163C00000000000000000000000000000000009E
:10164C00000000000000000000000000000000008E
:10165C00000000000000000000000000000000007E
:10166C00000000000000000000000000000000006E
:10167C00000000000000000000000000000000005E
:10168C00000000000000000000000000000000004E
:10169C00000000000000000000000000000000003E
:1016AC00000000000000000000000000000000002E
:1016BC00000000000000000000000000000000001E
:1016CC00000000000000000000000000000000000E
:1016DC0000000000000000000000000000000000FE
:1016EC0000000000000000000000000000000000EE
:1016FC0000000000000000000000000000000000DE
:10170C0000000000000000000000000000000000CD
:10171C0000000000000000000000000000000000BD
:10172C0000000000000000000000000000000000AD
:10173C00000000000000000000000000000000009D
:10174C00000000000000000000000000000000008D
:10175C00000000000000000000000000000000007D
:10176C00000000000000000000000000000000006D
:10177C00000000000000000000000000000000005D
:10178C00000000000000000000000000000000004D
:10179C00000000000000000000000000000000003D
:1017AC00000000000000000000000000000000002D
:1017BC00000000000000000000000000000000001D
:1017CC00000000000000000000000000000000000D
:1017DC0000000000000000000000000000000000FD
:1017EC0000000000000000000000000000000000ED
:1017FC0000000000000000000000000000000000DD
:10180C0000000000000000000000000000000000CC
:10181C0000000000000000000000000000000000BC
:10182C0000000000000000000000000000000000AC
:10183C00000000000000000000000000000000009C
:10184C00000000000000000000000000000000008C
:10185C00000000000000000000000000000000007C
:10186C00000000000000000000000000000000006C
:10187C00000000000000000000000000000000005C
:10188C00000000000000000000000000000000004C
:10189C00000000000000000000000000000000003C
:1018AC00000000000000000000000000000000002C
:1018BC00000000000000000000000000000000001C
:1018CC00000000000000000000000000000000000C
:1018DC0000000000000000000000000000000000FC
:1018EC0000000000000000000000000000000000EC
:1018FC0000000000000000000000000000000000DC
:10190C0000000000000000000000000000000000CB
:10191C0000000000000000000000000000000000BB
:10192C0000000000000000000000000000000000AB
:10193C00000000000000000000000000000000009B
:10194C00000000000000000000000000000000008B
:10195C00000000000000000000000000000000007B
:10196C00000000000000000000000000000000006B
:10197C00000000000000000000000000000000005B
:10198C00000000000000000000000000000000004B
:10199C00000000000000000000000000000000003B
:1019AC00000000000000000000000000000000002B
:1019BC00000000000000000000000000000000001B
:1019CC00000000000000000000000000000000000B
:1019DC0000000000000000000000000000000000FB
:1019EC0000000000000000000000000000000000EB
:1019FC0000000000000000000000000000000000DB
:101A0C0000000000000000000000000000000000CA
:101A1C0000000000000000000000000000000000BA
:101A2C0000000000000000000000000000000000AA
:101A3C00000000000000000000000000000000009A
:101A4C00000000000000000000000000000000008A
:101A5C00000000000000000000000000000000007A
:101A6C00000000000000000000000000000000006A
:101A7C00000000000000000000000000000000005A
:101A8C00000000000000000000000000000000004A
:101A9C00000000000000000000000000000000003A
:101AAC00000000000000000000000000000000002A
:101ABC00000000000000000000000000000000001A
:101ACC00000000000000000000000000000000000A
:101ADC0000000000000000000000000000000000FA
:101AEC0000000000000000000000000000000000EA
:101AFC0000000000000000000000000000000000DA
:101B0C0000000000000000000000000000000000C9
:101B1C0000000000000000000000000000000000B9
:101B2C0000000000000000000000000000000000A9
:101B3C000000000000000000000000000000000099
:101B4C000000000000000000000000000000000089
:101B5C000000000000000000000000000000000079
:101B6C000000000000000000000000000000000069
:101B7C000000000000000000000000000000000059
:101B8C000000000000000000000000000000000049
:101B9C000000000000000000000000000000000039
:101BAC000000000000000000000000000000000029
:101BBC000000000000000000000000000000000019
:101BCC000000000000000000000000000000000009
:101BDC0000000000000000000000000000000000F9
:101BEC0000000000000000000000000000000000E9
:101BFC0000000000000000000000000000000000D9
:101C0C0000000000000000000000000000000000C8
:101C1C0000000000000000000000000000000000B8
:101C2C0000000000000000000000000000000000A8
:101C3C000000000000000000000000000000000098
:101C4C000000000000000000000000000000000088
:101C5C000000000000000000000000000000000078
:101C6C000000000000000000000000000000000068
:101C7C000000000000000000000000000000000058
:101C8C000000000000000000000000000000000048
:101C9C000000000000000000000000000000000038
:101CAC000000000000000000000000000000000028
:101CBC000000000000000000000000000000000018
:101CCC000000000000000000000000000000000008
:101CDC0000000000000000000000000000000000F8
:101CEC0000000000000000000000000000000000E8
:101CFC0000000000000000000000000000000000D8
:101D0C0000000000000000000000000000000000C7
:101D1C0000000000000000000000000000000000B7
:101D2C0000000000000000000000000000000000A7
:101D3C000000000000000000000000000000000097
:101D4C000000000000000000000000000000000087
:101D5C000000000000000000000000000000000077
:101D6C000000000000000000000000000000000067
:101D7C000000000000000000000000000000000057
:101D8C000000000000000000000000000000000047
:101D9C000000000000000000000000000000000037
:101DAC000000000000000000000000000000000027
:101DBC000000000000000000000000000000000017
:101DCC000000000000000000000000000000000007
:101DDC0000000000000000000000000000000000F7
:101DEC0000000000000000000000000000000000E7
:101DFC0000000000000000000000000000000000D7
:101E0C0000000000000000000000000000000000C6
:101E1C0000000000000000000000000000000000B6
:101E2C0000000000000000000000000000000000A6
:101E3C000000000000000000000000000000000096
:101E4C000000000000000000000000000000000086
:101E5C000000000000000000000000000000000076
:101E6C000000000000000000000000000000000066
:101E7C000000000000000000000000000000000056
:101E8C000000000000000000000000000000000046
:101E9C000000000000000000000000000000000036
:101EAC000000000000000000000000000000000026
:101EBC000000000000000000000000000000000016
:101ECC000000000000000000000000000000000006
:101EDC0000000000000000000000000000000000F6
:101EEC0000000000000000000000000000000000E6
:101EFC0000000000000000000000000000000000D6
:101F0C0000000000000000000000000000000000C5
:101F1C0000000000000000000000000000000000B5
:101F2C0000000000000000000000000000000000A5
:101F3C000000000000000000000000000000000095
:101F4C000000000000000000000000000000000085
:101F5C000000000000000000000000000000000075
:101F6C000000000000000000000000000000000065
:101F7C000000000000000000000000000000000055
:101F8C000000000000000000000000000000000045
:101F9C000000000000000000000000000000000035
:101FAC000000000000000000000000000000000025
:101FBC000000000000000000000000000000000015
:101FCC000000000000000000000000000000000005
:101FDC0000000000000000000000000000000000F5
:101FEC0000000000000000000000000000000000E5
:101FFC0000000000000000000000000000000000D5
:10200C0000000000000000000000000000000000C4
:10201C0000000000000000000000000000000000B4
:10202C0000000000000000000000000000000000A4
:10203C000000000000000000000000000000000094
:10204C000000000000000000000000000000000084
:10205C000000000000000000000000000000000074
:10206C000000000000000000000000000000000064
:10207C000000000000000000000000000000000054
:10208C000000000000000000000000000000000044
:10209C000000000000000000000000000000000034
:1020AC000000000000000000000000000000000024
:1020BC000000000000000000000000000000000014
:1020CC000000000000000000000000000000000004
:1020DC0000000000000000000000000000000000F4
:1020EC0000000000000000000000000000000000E4
:1020FC0000000000000000000000000000000000D4
:10210C0000000000000000000000000000000000C3
:10211C0000000000000000000000000000000000B3
:10212C0000000000000000000000000000000000A3
:10213C000000000000000000000000000000000093
:10214C000000000000000000000000000000000083
:10215C000000000000000000000000000000000073
:10216C000000000000000000000000000000000063
:10217C000000000000000000000000000000000053
:10218C000000000000000000000000000000000043
:10219C000000000000000000000000000000000033
:1021AC000000000000000000000000000000000023
:1021BC000000000000000000000000000000000013
:1021CC000000000000000000000000000000000003
:1021DC0000000000000000000000000000000000F3
:1021EC0000000000000000000000000000000000E3
:1021FC0000000000000000000000000000000000D3
:10220C0000000000000000000000000000000000C2
:10221C0000000000000000000000000000000000B2
:10222C0000000000000000000000000000000000A2
:10223C000000000000000000000000000000000092
:10224C000000000000000000000000000000000082
:10225C000000000000000000000000000000000072
:10226C000000000000000000000000000000000062
:10227C000000000000000000000000000000000052
:10228C000000000000000000000000000000000042
:10229C000000000000000000000000000000000032
:1022AC000000000000000000000000000000000022
:1022BC000000000000000000000000000000000012
:1022CC000000000000000000000000000000000002
:1022DC0000000000000000000000000000000000F2
:1022EC0000000000000000000000000000000000E2
:1022FC0000000000000000000000000000000000D2
:10230C0000000000000000000000000000000000C1
:10231C0000000000000000000000000000000000B1
:10232C0000000000000000000000000000000000A1
:10233C000000000000000000000000000000000091
:10234C000000000000000000000000000000000081
:10235C000000000000000000000000000000000071
:10236C000000000000000000000000000000000061
:10237C000000000000000000000000000000000051
:10238C000000000000000000000000000000000041
:10239C000000000000000000000000000000000031
:1023AC000000000000000000000000000000000021
:1023BC000000000000000000000000000000000011
:1023CC000000000000000000000000000000000001
:1023DC0000000000000000000000000000000000F1
:1023EC0000000000000000000000000000000000E1
:1023FC0000000000000000000000000000000000D1
:10240C0000000000000000000000000000000000C0
:10241C0000000000000000000000000000000000B0
:10242C0000000000000000000000000000000000A0
:10243C000000000000000000000000000000000090
:10244C000000000000000000000000000000000080
:10245C000000000000000000000000000000000070
:10246C000000000000000000000000000000000060
:10247C000000000000000000000000000000000050
:10248C000000000000000000000000000000000040
:10249C000000000000000000000000000000000030
:1024AC000000000000000000000000000000000020
:1024BC000000000000000000000000000000000010
:1024CC000000000000000000000000000000000000
:1024DC0000000000000000000000000000000000F0
:1024EC0000000000000000000000000000000000E0
:1024FC0000000000000000000000000000000000D0
:10250C0000000000000000000000000000000000BF
:10251C0000000000000000000000000000000000AF
:10252C00000000000000000000000000000000009F
:10253C00000000000000000000000000000000008F
:10254C00000000000000000000000000000000007F
:10255C00000000000000000000000000000000006F
:10256C00000000000000000000000000000000005F
:10257C00000000000000000000000000000000004F
:10258C00000000000000000000000000000000003F
:10259C00000000000000000000000000000000002F
:1025AC00000000000000000000000000000000001F
:1025BC00000000000000000000000000000000000F
:1025CC0000000000000000000000000000000000FF
:1025DC0000000000000000000000000000000000EF
:1025EC0000000000000000000000000000000000DF
:1025FC0000000000000000000000000000000000CF
:10260C0000000000000000000000000000000000BE
:10261C0000000000000000000000000000000000AE
:10262C00000000000000000000000000000000009E
:10263C00000000000000000000000000000000008E
:10264C00000000000000000000000000000000007E
:10265C00000000000000000000000000000000006E
:10266C00000000000000000000000000000000005E
:10267C00000000000000000000000000000000004E
:10268C00000000000000000000000000000000003E
:10269C00000000000000000000000000000000002E
:1026AC00000000000000000000000000000000001E
:1026BC00000000000000000000000000000000000E
:1026CC0000000000000000000000000000000000FE
:1026DC0000000000000000000000000000000000EE
:1026EC0000000000000000000000000000000000DE
:1026FC0000000000000000000000000000000000CE
:10270C0000000000000000000000000000000000BD
:10271C0000000000000000000000000000000000AD
:10272C00000000000000000000000000000000009D
:10273C00000000000000000000000000000000008D
:10274C00000000000000000000000000000000007D
:10275C00000000000000000000000000000000006D
:10276C00000000000000000000000000000000005D
:10277C00000000000000000000000000000000004D
:10278C00000000000000000000000000000000003D
:10279C00000000000000000000000000000000002D
:1027AC00000000000000000000000000000000001D
:1027BC00000000000000000000000000000000000D
:1027CC0000000000000000000000000000000000FD
:1027DC0000000000000000000000000000000000ED
:1027EC0000000000000000000000000000000000DD
:1027FC0000000000000000000000000000000000CD
:10280C0000000000000000000000000000000000BC
:10281C0000000000000000000000000000000000AC
:10282C00000000000000000000000000000000009C
:10283C00000000000000000000000000000000008C
:10284C00000000000000000000000000000000007C
:10285C00000000000000000000000000000000006C
:10286C00000000000000000000000000000000005C
:10287C00000000000000000000000000000000004C
:10288C00000000000000000000000000000000003C
:10289C00000000000000000000000000000000002C
:1028AC00000000000000000000000000000000001C
:1028BC00000000000000000000000000000000000C
:1028CC0000000000000000000000000000000000FC
:1028DC0000000000000000000000000000000000EC
:1028EC0000000000000000000000000000000000DC
:1028FC0000000000000000000000000000000000CC
:10290C0000000000000000000000000000000000BB
:10291C0000000000000000000000000000000000AB
:10292C00000000000000000000000000000000009B
:10293C00000000000000000000000000000000008B
:10294C00000000000000000000000000000000007B
:10295C00000000000000000000000000000000006B
:10296C00000000000000000000000000000000005B
:10297C00000000000000000000000000000000004B
:10298C00000000000000000000000000000000003B
:10299C00000000000000000000000000000000002B
:1029AC00000000000000000000000000000000001B
:1029BC00000000000000000000000000000000000B
:1029CC0000000000000000000000000000000000FB
:1029DC0000000000000000000000000000000000EB
:1029EC0000000000000000000000000000000000DB
:1029FC0000000000000000000000000000000000CB
:102A0C0000000000000000000000000000000000BA
:102A1C0000000000000000000000000000000000AA
:102A2C00000000000000000000000000000000009A
:102A3C00000000000000000000000000000000008A
:102A4C00000000000000000000000000000000007A
:102A5C00000000000000000000000000000000006A
:102A6C00000000000000000000000000000000005A
:102A7C00000000000000000000000000000000004A
:102A8C00000000000000000000000000000000003A
:102A9C00000000000000000000000000000000002A
:102AAC00000000000000000000000000000000001A
:102ABC00000000000000000000000000000000000A
:102ACC0000000000000000000000000000000000FA
:102ADC0000000000000000000000000000000000EA
:102AEC0000000000000000000000000000000000DA
:102AFC0000000000000000000000000000000000CA
:102B0C0000000000000000000000000000000000B9
:102B1C0000000000000000000000000000000000A9
:102B2C000000000000000000000000000000000099
:102B3C000000000000000000000000000000000089
:0C2B4C000000000000000000000000007D
:102B5800FFFFFFFFFFFFFFFFFFFFFFFFFFFFFFFF7D
:102B6800FFFFFFFFFFFFFFFFFFFFFFFFFFFFFFFF6D
:102B7800FFFFFFFFFFFFFFFFFFFFFFFFFFFFFFFF5D
:102B8800FFFFFFFFFFFFFFFFFFFFFFFFFFFFFFFF4D
:102B9800FFFFFFFFFFFFFFFFFFFFFFFFFFFFFFFF3D
:102BA800FFFFFFFFFFFFFFFFFFFFFFFFFFFFFFFF2D
:102BB800FFFFFFFFFFFFFFFFFFFFFFFFFFFFFFFF1D
:102BC800FFFFFFFFFFFFFFFFFFFFFFFFFFFFFFFF0D
:102BD800FFFFFFFFFFFFFFFFFFFFFFFFFFFFFFFFFD
:102BE800FFFFFFFFFFFFFFFFFFFFFFFFFFFFFFFFED
:102BF800FFFFFFFFFFFFFFFF0000000000000000D5
:102C080000000000000000000000000000000000BC
:102C180000000000000000000000000000000000AC
:102C2800000000000000000000000000000000009C
:102C3800000000000000000000000000000000008C
:102C4800000000000000000000000000000000007C
:102C5800000000000000000000000000000000006C
:102C6800000000000000000000000000000000005C
:102C7800000000000000000000000000000000004C
:102C8800000000000000000000000000000000003C
:102C9800000000000000000000000000000000002C
:102CA800000000000000000000000000000000001C
:102CB800000000000000000000000000000000000C
:102CC80000000000000000000000000000000000FC
:102CD80000000000000000000000000000000000EC
:102CE80000000000000000000000000000000000DC
:102CF80000000000000000000000000000000000CC
:102D080000000000000000000000000000000000BB
:102D180000000000000000000000000000000000AB
:102D2800000000000000000000000000000000009B
:102D3800000000000000000000000000000000008B
:102D4800000000000000000000000000000000007B
:102D5800000000000000000000000000000000006B
:102D6800000000000000000000000000000000005B
:102D7800000000000000000000000000000000004B
:102D8800000000000000000000000000000000003B
:102D9800000000000000000000000000000000002B
:102DA800000000000000000000000000000000001B
:102DB800000000000000000000000000000000000B
:102DC80000000000000000000000000000000000FB
:102DD80000000000000000000000000000000000EB
:102DE80000000000000000000000000000000000DB
:102DF80000000000000000000000000000000000CB
:102E080000000000000000000000000000000000BA
:102E180000000000000000000000000000000000AA
:102E2800000000000000000000000000000000009A
:102E3800000000000000000000000000000000008A
:102E4800000000000000000000000000000000007A
:102E5800000000000000000000000000000000006A
:102E6800000000000000000000000000000000005A
:102E7800000000000000000000000000000000004A
:102E8800000000000000000000000000000000003A
:102E9800000000000000000000000000000000002A
:102EA800000000000000000000000000000000001A
:102EB800000000000000000000000000000000000A
:102EC80000000000000000000000000000000000FA
:102ED80000000000000000000000000000000000EA
:102EE80000000000000000000000000000000000DA
:102EF80000000000000000000000000000000000CA
:102F080000000000000000000000000000000000B9
:102F180000000000000000000000000000000000A9
:102F28000000000000000000000000000000000099
:102F38000000000000000000000000000000000089
:102F48000000000000000000000000000000000079
:102F58000000000000000000000000000000000069
:102F68000000000000000000000000000000000059
:102F78000000000000000000000000000000000049
:102F88000000000000000000000000000000000039
:102F98000000000000000000000000000000000029
:102FA8000000000000000000000000000000000019
:102FB8000000000000000000000000000000000009
:102FC80000000000000000000000000000000000F9
:102FD80000000000000000000000000000000000E9
:102FE80000000000000000000000000000000000D9
:102FF80000000000000000000000000000000000C9
:1030080000000000000000000000000000000000B8
:1030180000000000000000000000000000000000A8
:103028000000000000000000000000000000000098
:103038000000000000000000000000000000000088
:103048000000000000000000000000000000000078
:103058000000000000000000000000000000000068
:103068000000000000000000000000000000000058
:103078000000000000000000000000000000000048
:103088000000000000000000000000000000000038
:103098000000000000000000000000000000000028
:1030A8000000000000000000000000000000000018
:1030B8000000000000000000000000000000000008
:1030C80000000000000000000000000000000000F8
:1030D80000000000000000000000000000000000E8
:1030E80000000000000000000000000000000000D8
:1030F80000000000000000000000000000000000C8
:1031080000000000000000000000000000000000B7
:1031180000000000000000000000000000000000A7
:103128000000000000000000000000000000000097
:103138000000000000000000000000000000000087
:103148000000000000000000000000000000000077
:103158000000000000000000000000000000000067
:103168000000000000000000000000000000000057
:103178000000000000000000000000000000000047
:103188000000000000000000000000000000000037
:103198000000000000000000000000000000000027
:1031A8000000000000000000000000000000000017
:1031B8000000000000000000000000000000000007
:1031C80000000000000000000000000000000000F7
:1031D80000000000000000000000000000000000E7
:1031E80000000000000000000000000000000000D7
:1031F80000000000000000000000000000000000C7
:1032080000000000000000000000000000000000B6
:1032180000000000000000000000000000000000A6
:103228000000000000000000000000000000000096
:103238000000000000000000000000000000000086
:103248000000000000000000000000000000000076
:103258000000000000000000000000000000000066
:103268000000000000000000000000000000000056
:103278000000000000000000000000000000000046
:103288000000000000000000000000000000000036
:103298000000000000000000000000000000000026
:1032A8000000000000000000000000000000000016
:1032B8000000000000000000000000000000000006
:1032C80000000000000000000000000000000000F6
:1032D80000000000000000000000000000000000E6
:1032E80000000000000000000000000000000000D6
:1032F80000000000000000000000000000000000C6
:1033080000000000000000000000000000000000B5
:1033180000000000000000000000000000000000A5
:103328000000000000000000000000000000000095
:103338000000000000000000000000000000000085
:103348000000000000000000000000000000000075
:103358000000000000000000000000000000000065
:103368000000000000000000000000000000000055
:103378000000000000000000000000000000000045
:103388000000000000000000000000000000000035
:103398000000000000000000000000000000000025
:1033A8000000000000000000000000000000000015
:1033B8000000000000000000000000000000000005
:1033C80000000000000000000000000000000000F5
:1033D80000000000000000000000000000000000E5
:1033E80000000000000000000000000000000000D5
:1033F80000000000000000000000000000000000C5
:1034080000000000000000000000000000000000B4
:1034180000000000000000000000000000000000A4
:103428000000000000000000000000000000000094
:103438000000000000000000000000000000000084
:103448000000000000000000000000000000000074
:103458000000000000000000000000000000000064
:103468000000000000000000000000000000000054
:103478000000000000000000000000000000000044
:103488000000000000000000000000000000000034
:103498000000000000000000000000000000000024
:1034A8000000000000000000000000000000000014
:1034B8000000000000000000000000000000000004
:1034C80000000000000000000000000000000000F4
:1034D80000000000000000000000000000000000E4
:1034E80000000000000000000000000000000000D4
:1034F80000000000000000000000000000000000C4
:1035080000000000000000000000000000000000B3
:1035180000000000000000000000000000000000A3
:103528000000000000000000000000000000000093
:103538000000000000000000000000000000000083
:103548000000000000000000000000000000000073
:103558000000000000000000000000000000000063
:103568000000000000000000000000000000000053
:103578000000000000000000000000000000000043
:103588000000000000000000000000000000000033
:103598000000000000000000000000000000000023
:1035A8000000000000000000000000000000000013
:1035B8000000000000000000000000000000000003
:1035C80000000000000000000000000000000000F3
:1035D80000000000000000000000000000000000E3
:1035E80000000000000000000000000000000000D3
:1035F80000000000000000000000000000000000C3
:1036080000000000000000000000000000000000B2
:1036180000000000000000000000000000000000A2
:103628000000000000000000000000000000000092
:103638000000000000000000000000000000000082
:103648000000000000000000000000000000000072
:103658000000000000000000000000000000000062
:103668000000000000000000000000000000000052
:103678000000000000000000000000000000000042
:103688000000000000000000000000000000000032
:103698000000000000000000000000000000000022
:1036A8000000000000000000000000000000000012
:1036B8000000000000000000000000000000000002
:1036C80000000000000000000000000000000000F2
:1036D80000000000000000000000000000000000E2
:1036E80000000000000000000000000000000000D2
:1036F80000000000000000000000000000000000C2
:1037080000000000000000000000000000000000B1
:1037180000000000000000000000000000000000A1
:103728000000000000000000000000000000000091
:103738000000000000000000000000000000000081
:103748000000000000000000000000000000000071
:103758000000000000000000000000000000000061
:103768000000000000000000000000000000000051
:103778000000000000000000000000000000000041
:103788000000000000000000000000000000000031
:103798000000000000000000000000000000000021
:1037A8000000000000000000000000000000000011
:1037B8000000000000000000000000000000000001
:1037C80000000000000000000000000000000000F1
:1037D80000000000000000000000000000000000E1
:1037E80000000000000000000000000000000000D1
:0837F8000000000000000000C9
:040000056000100087
:00000001FF
