:0200000460009A
:100000004643464200000156000000000103030081
:1000100000000000000000000000000000000000E0
:1000200000000000000000000000000000000000D0
:1000300000000000000000000000000000000000C0
:1000400000000000010408000000000000000000A3
:100050000000800000000000000000000000000020
:100060000000000000000000000000000000000090
:100070000000000000000000000000000000000080
:10008000EB04180A063204260000000000000000FD
:10009000050404240000000000000000000000002F
:1000A0000000000000000000000000000000000050
:1000B0000604000000000000000000000000000036
:1000C0000000000000000000000000000000000030
:1000D00020041808000000000000000000000000DC
:1000E0000000000000000000000000000000000010
:1000F0000000000000000000000000000000000000
:10010000D8041808000000000000000000000000F3
:100110000204180804200000000000000000000095
:1001200000000000000000000000000000000000CF
:10013000600400000000000000000000000000005B
:1001400000000000000000000000000000000000AF
:10015000000000000000000000000000000000009F
:10016000000000000000000000000000000000008F
:10017000000000000000000000000000000000007F
:10018000000000000000000000000000000000006F
:10019000000000000000000000000000000000005F
:1001A000000000000000000000000000000000004F
:1001B000000000000000000000000000000000003F
:1001C000000100000010000001000000000000001D
:1001D000000001000000000000000000000000001E
:1001E000000000000000000000000000000000000F
:1001F00000000000000000000000000000000000FF
:10020000FFFFFFFFFFFFFFFFFFFFFFFFFFFFFFFFFE
:10021000FFFFFFFFFFFFFFFFFFFFFFFFFFFFFFFFEE
:10022000FFFFFFFFFFFFFFFFFFFFFFFFFFFFFFFFDE
:10023000FFFFFFFFFFFFFFFFFFFFFFFFFFFFFFFFCE
:10024000FFFFFFFFFFFFFFFFFFFFFFFFFFFFFFFFBE
:10025000FFFFFFFFFFFFFFFFFFFFFFFFFFFFFFFFAE
:10026000FFFFFFFFFFFFFFFFFFFFFFFFFFFFFFFF9E
:10027000FFFFFFFFFFFFFFFFFFFFFFFFFFFFFFFF8E
:10028000FFFFFFFFFFFFFFFFFFFFFFFFFFFFFFFF7E
:10029000FFFFFFFFFFFFFFFFFFFFFFFFFFFFFFFF6E
:1002A000FFFFFFFFFFFFFFFFFFFFFFFFFFFFFFFF5E
:1002B000FFFFFFFFFFFFFFFFFFFFFFFFFFFFFFFF4E
:1002C000FFFFFFFFFFFFFFFFFFFFFFFFFFFFFFFF3E
:1002D000FFFFFFFFFFFFFFFFFFFFFFFFFFFFFFFF2E
:1002E000FFFFFFFFFFFFFFFFFFFFFFFFFFFFFFFF1E
:1002F000FFFFFFFFFFFFFFFFFFFFFFFFFFFFFFFF0E
:10030000FFFFFFFFFFFFFFFFFFFFFFFFFFFFFFFFFD
:10031000FFFFFFFFFFFFFFFFFFFFFFFFFFFFFFFFED
:10032000FFFFFFFFFFFFFFFFFFFFFFFFFFFFFFFFDD
:10033000FFFFFFFFFFFFFFFFFFFFFFFFFFFFFFFFCD
:10034000FFFFFFFFFFFFFFFFFFFFFFFFFFFFFFFFBD
:10035000FFFFFFFFFFFFFFFFFFFFFFFFFFFFFFFFAD
:10036000FFFFFFFFFFFFFFFFFFFFFFFFFFFFFFFF9D
:10037000FFFFFFFFFFFFFFFFFFFFFFFFFFFFFFFF8D
:10038000FFFFFFFFFFFFFFFFFFFFFFFFFFFFFFFF7D
:10039000FFFFFFFFFFFFFFFFFFFFFFFFFFFFFFFF6D
:1003A000FFFFFFFFFFFFFFFFFFFFFFFFFFFFFFFF5D
:1003B000FFFFFFFFFFFFFFFFFFFFFFFFFFFFFFFF4D
:1003C000FFFFFFFFFFFFFFFFFFFFFFFFFFFFFFFF3D
:1003D000FFFFFFFFFFFFFFFFFFFFFFFFFFFFFFFF2D
:1003E000FFFFFFFFFFFFFFFFFFFFFFFFFFFFFFFF1D
:1003F000FFFFFFFFFFFFFFFFFFFFFFFFFFFFFFFF0D
:10040000FFFFFFFFFFFFFFFFFFFFFFFFFFFFFFFFFC
:10041000FFFFFFFFFFFFFFFFFFFFFFFFFFFFFFFFEC
:10042000FFFFFFFFFFFFFFFFFFFFFFFFFFFFFFFFDC
:10043000FFFFFFFFFFFFFFFFFFFFFFFFFFFFFFFFCC
:10044000FFFFFFFFFFFFFFFFFFFFFFFFFFFFFFFFBC
:10045000FFFFFFFFFFFFFFFFFFFFFFFFFFFFFFFFAC
:10046000FFFFFFFFFFFFFFFFFFFFFFFFFFFFFFFF9C
:10047000FFFFFFFFFFFFFFFFFFFFFFFFFFFFFFFF8C
:10048000FFFFFFFFFFFFFFFFFFFFFFFFFFFFFFFF7C
:10049000FFFFFFFFFFFFFFFFFFFFFFFFFFFFFFFF6C
:1004A000FFFFFFFFFFFFFFFFFFFFFFFFFFFFFFFF5C
:1004B000FFFFFFFFFFFFFFFFFFFFFFFFFFFFFFFF4C
:1004C000FFFFFFFFFFFFFFFFFFFFFFFFFFFFFFFF3C
:1004D000FFFFFFFFFFFFFFFFFFFFFFFFFFFFFFFF2C
:1004E000FFFFFFFFFFFFFFFFFFFFFFFFFFFFFFFF1C
:1004F000FFFFFFFFFFFFFFFFFFFFFFFFFFFFFFFF0C
:10050000FFFFFFFFFFFFFFFFFFFFFFFFFFFFFFFFFB
:10051000FFFFFFFFFFFFFFFFFFFFFFFFFFFFFFFFEB
:10052000FFFFFFFFFFFFFFFFFFFFFFFFFFFFFFFFDB
:10053000FFFFFFFFFFFFFFFFFFFFFFFFFFFFFFFFCB
:10054000FFFFFFFFFFFFFFFFFFFFFFFFFFFFFFFFBB
:10055000FFFFFFFFFFFFFFFFFFFFFFFFFFFFFFFFAB
:10056000FFFFFFFFFFFFFFFFFFFFFFFFFFFFFFFF9B
:10057000FFFFFFFFFFFFFFFFFFFFFFFFFFFFFFFF8B
:10058000FFFFFFFFFFFFFFFFFFFFFFFFFFFFFFFF7B
:10059000FFFFFFFFFFFFFFFFFFFFFFFFFFFFFFFF6B
:1005A000FFFFFFFFFFFFFFFFFFFFFFFFFFFFFFFF5B
:1005B000FFFFFFFFFFFFFFFFFFFFFFFFFFFFFFFF4B
:1005C000FFFFFFFFFFFFFFFFFFFFFFFFFFFFFFFF3B
:1005D000FFFFFFFFFFFFFFFFFFFFFFFFFFFFFFFF2B
:1005E000FFFFFFFFFFFFFFFFFFFFFFFFFFFFFFFF1B
:1005F000FFFFFFFFFFFFFFFFFFFFFFFFFFFFFFFF0B
:10060000FFFFFFFFFFFFFFFFFFFFFFFFFFFFFFFFFA
:10061000FFFFFFFFFFFFFFFFFFFFFFFFFFFFFFFFEA
:10062000FFFFFFFFFFFFFFFFFFFFFFFFFFFFFFFFDA
:10063000FFFFFFFFFFFFFFFFFFFFFFFFFFFFFFFFCA
:10064000FFFFFFFFFFFFFFFFFFFFFFFFFFFFFFFFBA
:10065000FFFFFFFFFFFFFFFFFFFFFFFFFFFFFFFFAA
:10066000FFFFFFFFFFFFFFFFFFFFFFFFFFFFFFFF9A
:10067000FFFFFFFFFFFFFFFFFFFFFFFFFFFFFFFF8A
:10068000FFFFFFFFFFFFFFFFFFFFFFFFFFFFFFFF7A
:10069000FFFFFFFFFFFFFFFFFFFFFFFFFFFFFFFF6A
:1006A000FFFFFFFFFFFFFFFFFFFFFFFFFFFFFFFF5A
:1006B000FFFFFFFFFFFFFFFFFFFFFFFFFFFFFFFF4A
:1006C000FFFFFFFFFFFFFFFFFFFFFFFFFFFFFFFF3A
:1006D000FFFFFFFFFFFFFFFFFFFFFFFFFFFFFFFF2A
:1006E000FFFFFFFFFFFFFFFFFFFFFFFFFFFFFFFF1A
:1006F000FFFFFFFFFFFFFFFFFFFFFFFFFFFFFFFF0A
:10070000FFFFFFFFFFFFFFFFFFFFFFFFFFFFFFFFF9
:10071000FFFFFFFFFFFFFFFFFFFFFFFFFFFFFFFFE9
:10072000FFFFFFFFFFFFFFFFFFFFFFFFFFFFFFFFD9
:10073000FFFFFFFFFFFFFFFFFFFFFFFFFFFFFFFFC9
:10074000FFFFFFFFFFFFFFFFFFFFFFFFFFFFFFFFB9
:10075000FFFFFFFFFFFFFFFFFFFFFFFFFFFFFFFFA9
:10076000FFFFFFFFFFFFFFFFFFFFFFFFFFFFFFFF99
:10077000FFFFFFFFFFFFFFFFFFFFFFFFFFFFFFFF89
:10078000FFFFFFFFFFFFFFFFFFFFFFFFFFFFFFFF79
:10079000FFFFFFFFFFFFFFFFFFFFFFFFFFFFFFFF69
:1007A000FFFFFFFFFFFFFFFFFFFFFFFFFFFFFFFF59
:1007B000FFFFFFFFFFFFFFFFFFFFFFFFFFFFFFFF49
:1007C000FFFFFFFFFFFFFFFFFFFFFFFFFFFFFFFF39
:1007D000FFFFFFFFFFFFFFFFFFFFFFFFFFFFFFFF29
:1007E000FFFFFFFFFFFFFFFFFFFFFFFFFFFFFFFF19
:1007F000FFFFFFFFFFFFFFFFFFFFFFFFFFFFFFFF09
:10080000FFFFFFFFFFFFFFFFFFFFFFFFFFFFFFFFF8
:10081000FFFFFFFFFFFFFFFFFFFFFFFFFFFFFFFFE8
:10082000FFFFFFFFFFFFFFFFFFFFFFFFFFFFFFFFD8
:10083000FFFFFFFFFFFFFFFFFFFFFFFFFFFFFFFFC8
:10084000FFFFFFFFFFFFFFFFFFFFFFFFFFFFFFFFB8
:10085000FFFFFFFFFFFFFFFFFFFFFFFFFFFFFFFFA8
:10086000FFFFFFFFFFFFFFFFFFFFFFFFFFFFFFFF98
:10087000FFFFFFFFFFFFFFFFFFFFFFFFFFFFFFFF88
:10088000FFFFFFFFFFFFFFFFFFFFFFFFFFFFFFFF78
:10089000FFFFFFFFFFFFFFFFFFFFFFFFFFFFFFFF68
:1008A000FFFFFFFFFFFFFFFFFFFFFFFFFFFFFFFF58
:1008B000FFFFFFFFFFFFFFFFFFFFFFFFFFFFFFFF48
:1008C000FFFFFFFFFFFFFFFFFFFFFFFFFFFFFFFF38
:1008D000FFFFFFFFFFFFFFFFFFFFFFFFFFFFFFFF28
:1008E000FFFFFFFFFFFFFFFFFFFFFFFFFFFFFFFF18
:1008F000FFFFFFFFFFFFFFFFFFFFFFFFFFFFFFFF08
:10090000FFFFFFFFFFFFFFFFFFFFFFFFFFFFFFFFF7
:10091000FFFFFFFFFFFFFFFFFFFFFFFFFFFFFFFFE7
:10092000FFFFFFFFFFFFFFFFFFFFFFFFFFFFFFFFD7
:10093000FFFFFFFFFFFFFFFFFFFFFFFFFFFFFFFFC7
:10094000FFFFFFFFFFFFFFFFFFFFFFFFFFFFFFFFB7
:10095000FFFFFFFFFFFFFFFFFFFFFFFFFFFFFFFFA7
:10096000FFFFFFFFFFFFFFFFFFFFFFFFFFFFFFFF97
:10097000FFFFFFFFFFFFFFFFFFFFFFFFFFFFFFFF87
:10098000FFFFFFFFFFFFFFFFFFFFFFFFFFFFFFFF77
:10099000FFFFFFFFFFFFFFFFFFFFFFFFFFFFFFFF67
:1009A000FFFFFFFFFFFFFFFFFFFFFFFFFFFFFFFF57
:1009B000FFFFFFFFFFFFFFFFFFFFFFFFFFFFFFFF47
:1009C000FFFFFFFFFFFFFFFFFFFFFFFFFFFFFFFF37
:1009D000FFFFFFFFFFFFFFFFFFFFFFFFFFFFFFFF27
:1009E000FFFFFFFFFFFFFFFFFFFFFFFFFFFFFFFF17
:1009F000FFFFFFFFFFFFFFFFFFFFFFFFFFFFFFFF07
:100A0000FFFFFFFFFFFFFFFFFFFFFFFFFFFFFFFFF6
:100A1000FFFFFFFFFFFFFFFFFFFFFFFFFFFFFFFFE6
:100A2000FFFFFFFFFFFFFFFFFFFFFFFFFFFFFFFFD6
:100A3000FFFFFFFFFFFFFFFFFFFFFFFFFFFFFFFFC6
:100A4000FFFFFFFFFFFFFFFFFFFFFFFFFFFFFFFFB6
:100A5000FFFFFFFFFFFFFFFFFFFFFFFFFFFFFFFFA6
:100A6000FFFFFFFFFFFFFFFFFFFFFFFFFFFFFFFF96
:100A7000FFFFFFFFFFFFFFFFFFFFFFFFFFFFFFFF86
:100A8000FFFFFFFFFFFFFFFFFFFFFFFFFFFFFFFF76
:100A9000FFFFFFFFFFFFFFFFFFFFFFFFFFFFFFFF66
:100AA000FFFFFFFFFFFFFFFFFFFFFFFFFFFFFFFF56
:100AB000FFFFFFFFFFFFFFFFFFFFFFFFFFFFFFFF46
:100AC000FFFFFFFFFFFFFFFFFFFFFFFFFFFFFFFF36
:100AD000FFFFFFFFFFFFFFFFFFFFFFFFFFFFFFFF26
:100AE000FFFFFFFFFFFFFFFFFFFFFFFFFFFFFFFF16
:100AF000FFFFFFFFFFFFFFFFFFFFFFFFFFFFFFFF06
:100B0000FFFFFFFFFFFFFFFFFFFFFFFFFFFFFFFFF5
:100B1000FFFFFFFFFFFFFFFFFFFFFFFFFFFFFFFFE5
:100B2000FFFFFFFFFFFFFFFFFFFFFFFFFFFFFFFFD5
:100B3000FFFFFFFFFFFFFFFFFFFFFFFFFFFFFFFFC5
:100B4000FFFFFFFFFFFFFFFFFFFFFFFFFFFFFFFFB5
:100B5000FFFFFFFFFFFFFFFFFFFFFFFFFFFFFFFFA5
:100B6000FFFFFFFFFFFFFFFFFFFFFFFFFFFFFFFF95
:100B7000FFFFFFFFFFFFFFFFFFFFFFFFFFFFFFFF85
:100B8000FFFFFFFFFFFFFFFFFFFFFFFFFFFFFFFF75
:100B9000FFFFFFFFFFFFFFFFFFFFFFFFFFFFFFFF65
:100BA000FFFFFFFFFFFFFFFFFFFFFFFFFFFFFFFF55
:100BB000FFFFFFFFFFFFFFFFFFFFFFFFFFFFFFFF45
:100BC000FFFFFFFFFFFFFFFFFFFFFFFFFFFFFFFF35
:100BD000FFFFFFFFFFFFFFFFFFFFFFFFFFFFFFFF25
:100BE000FFFFFFFFFFFFFFFFFFFFFFFFFFFFFFFF15
:100BF000FFFFFFFFFFFFFFFFFFFFFFFFFFFFFFFF05
:100C0000FFFFFFFFFFFFFFFFFFFFFFFFFFFFFFFFF4
:100C1000FFFFFFFFFFFFFFFFFFFFFFFFFFFFFFFFE4
:100C2000FFFFFFFFFFFFFFFFFFFFFFFFFFFFFFFFD4
:100C3000FFFFFFFFFFFFFFFFFFFFFFFFFFFFFFFFC4
:100C4000FFFFFFFFFFFFFFFFFFFFFFFFFFFFFFFFB4
:100C5000FFFFFFFFFFFFFFFFFFFFFFFFFFFFFFFFA4
:100C6000FFFFFFFFFFFFFFFFFFFFFFFFFFFFFFFF94
:100C7000FFFFFFFFFFFFFFFFFFFFFFFFFFFFFFFF84
:100C8000FFFFFFFFFFFFFFFFFFFFFFFFFFFFFFFF74
:100C9000FFFFFFFFFFFFFFFFFFFFFFFFFFFFFFFF64
:100CA000FFFFFFFFFFFFFFFFFFFFFFFFFFFFFFFF54
:100CB000FFFFFFFFFFFFFFFFFFFFFFFFFFFFFFFF44
:100CC000FFFFFFFFFFFFFFFFFFFFFFFFFFFFFFFF34
:100CD000FFFFFFFFFFFFFFFFFFFFFFFFFFFFFFFF24
:100CE000FFFFFFFFFFFFFFFFFFFFFFFFFFFFFFFF14
:100CF000FFFFFFFFFFFFFFFFFFFFFFFFFFFFFFFF04
:100D0000FFFFFFFFFFFFFFFFFFFFFFFFFFFFFFFFF3
:100D1000FFFFFFFFFFFFFFFFFFFFFFFFFFFFFFFFE3
:100D2000FFFFFFFFFFFFFFFFFFFFFFFFFFFFFFFFD3
:100D3000FFFFFFFFFFFFFFFFFFFFFFFFFFFFFFFFC3
:100D4000FFFFFFFFFFFFFFFFFFFFFFFFFFFFFFFFB3
:100D5000FFFFFFFFFFFFFFFFFFFFFFFFFFFFFFFFA3
:100D6000FFFFFFFFFFFFFFFFFFFFFFFFFFFFFFFF93
:100D7000FFFFFFFFFFFFFFFFFFFFFFFFFFFFFFFF83
:100D8000FFFFFFFFFFFFFFFFFFFFFFFFFFFFFFFF73
:100D9000FFFFFFFFFFFFFFFFFFFFFFFFFFFFFFFF63
:100DA000FFFFFFFFFFFFFFFFFFFFFFFFFFFFFFFF53
:100DB000FFFFFFFFFFFFFFFFFFFFFFFFFFFFFFFF43
:100DC000FFFFFFFFFFFFFFFFFFFFFFFFFFFFFFFF33
:100DD000FFFFFFFFFFFFFFFFFFFFFFFFFFFFFFFF23
:100DE000FFFFFFFFFFFFFFFFFFFFFFFFFFFFFFFF13
:100DF000FFFFFFFFFFFFFFFFFFFFFFFFFFFFFFFF03
:100E0000FFFFFFFFFFFFFFFFFFFFFFFFFFFFFFFFF2
:100E1000FFFFFFFFFFFFFFFFFFFFFFFFFFFFFFFFE2
:100E2000FFFFFFFFFFFFFFFFFFFFFFFFFFFFFFFFD2
:100E3000FFFFFFFFFFFFFFFFFFFFFFFFFFFFFFFFC2
:100E4000FFFFFFFFFFFFFFFFFFFFFFFFFFFFFFFFB2
:100E5000FFFFFFFFFFFFFFFFFFFFFFFFFFFFFFFFA2
:100E6000FFFFFFFFFFFFFFFFFFFFFFFFFFFFFFFF92
:100E7000FFFFFFFFFFFFFFFFFFFFFFFFFFFFFFFF82
:100E8000FFFFFFFFFFFFFFFFFFFFFFFFFFFFFFFF72
:100E9000FFFFFFFFFFFFFFFFFFFFFFFFFFFFFFFF62
:100EA000FFFFFFFFFFFFFFFFFFFFFFFFFFFFFFFF52
:100EB000FFFFFFFFFFFFFFFFFFFFFFFFFFFFFFFF42
:100EC000FFFFFFFFFFFFFFFFFFFFFFFFFFFFFFFF32
:100ED000FFFFFFFFFFFFFFFFFFFFFFFFFFFFFFFF22
:100EE000FFFFFFFFFFFFFFFFFFFFFFFFFFFFFFFF12
:100EF000FFFFFFFFFFFFFFFFFFFFFFFFFFFFFFFF02
:100F0000FFFFFFFFFFFFFFFFFFFFFFFFFFFFFFFFF1
:100F1000FFFFFFFFFFFFFFFFFFFFFFFFFFFFFFFFE1
:100F2000FFFFFFFFFFFFFFFFFFFFFFFFFFFFFFFFD1
:100F3000FFFFFFFFFFFFFFFFFFFFFFFFFFFFFFFFC1
:100F4000FFFFFFFFFFFFFFFFFFFFFFFFFFFFFFFFB1
:100F5000FFFFFFFFFFFFFFFFFFFFFFFFFFFFFFFFA1
:100F6000FFFFFFFFFFFFFFFFFFFFFFFFFFFFFFFF91
:100F7000FFFFFFFFFFFFFFFFFFFFFFFFFFFFFFFF81
:100F8000FFFFFFFFFFFFFFFFFFFFFFFFFFFFFFFF71
:100F9000FFFFFFFFFFFFFFFFFFFFFFFFFFFFFFFF61
:100FA000FFFFFFFFFFFFFFFFFFFFFFFFFFFFFFFF51
:100FB000FFFFFFFFFFFFFFFFFFFFFFFFFFFFFFFF41
:100FC000FFFFFFFFFFFFFFFFFFFFFFFFFFFFFFFF31
:100FD000FFFFFFFFFFFFFFFFFFFFFFFFFFFFFFFF21
:100FE000FFFFFFFFFFFFFFFFFFFFFFFFFFFFFFFF11
:100FF000FFFFFFFFFFFFFFFFFFFFFFFFFFFFFFFF01
:10100000D10020432914006000000000000000000F
:101010002010006000100060003C0560000000002F
:10102000000000600048050000000000FFFFFFFF17
:10103000FFFFFFFFFFFFFFFFFFFFFFFFFFFFFFFFC0
:10104000FFFFFFFFFFFFFFFFFFFFFFFFFFFFFFFFB0
:10105000FFFFFFFFFFFFFFFFFFFFFFFFFFFFFFFFA0
:10106000FFFFFFFFFFFFFFFFFFFFFFFFFFFFFFFF90
:10107000FFFFFFFFFFFFFFFFFFFFFFFFFFFFFFFF80
:10108000FFFFFFFFFFFFFFFFFFFFFFFFFFFFFFFF70
:10109000FFFFFFFFFFFFFFFFFFFFFFFFFFFFFFFF60
:1010A000FFFFFFFFFFFFFFFFFFFFFFFFFFFFFFFF50
:1010B000FFFFFFFFFFFFFFFFFFFFFFFFFFFFFFFF40
:1010C000FFFFFFFFFFFFFFFFFFFFFFFFFFFFFFFF30
:1010D000FFFFFFFFFFFFFFFFFFFFFFFFFFFFFFFF20
:1010E000FFFFFFFFFFFFFFFFFFFFFFFFFFFFFFFF10
:1010F000FFFFFFFFFFFFFFFFFFFFFFFFFFFFFFFF00
:10110000FFFFFFFFFFFFFFFFFFFFFFFFFFFFFFFFEF
:10111000FFFFFFFFFFFFFFFFFFFFFFFFFFFFFFFFDF
:10112000FFFFFFFFFFFFFFFFFFFFFFFFFFFFFFFFCF
:10113000FFFFFFFFFFFFFFFFFFFFFFFFFFFFFFFFBF
:10114000FFFFFFFFFFFFFFFFFFFFFFFFFFFFFFFFAF
:10115000FFFFFFFFFFFFFFFFFFFFFFFFFFFFFFFF9F
:10116000FFFFFFFFFFFFFFFFFFFFFFFFFFFFFFFF8F
:10117000FFFFFFFFFFFFFFFFFFFFFFFFFFFFFFFF7F
:10118000FFFFFFFFFFFFFFFFFFFFFFFFFFFFFFFF6F
:10119000FFFFFFFFFFFFFFFFFFFFFFFFFFFFFFFF5F
:1011A000FFFFFFFFFFFFFFFFFFFFFFFFFFFFFFFF4F
:1011B000FFFFFFFFFFFFFFFFFFFFFFFFFFFFFFFF3F
:1011C000FFFFFFFFFFFFFFFFFFFFFFFFFFFFFFFF2F
:1011D000FFFFFFFFFFFFFFFFFFFFFFFFFFFFFFFF1F
:1011E000FFFFFFFFFFFFFFFFFFFFFFFFFFFFFFFF0F
:1011F000FFFFFFFFFFFFFFFFFFFFFFFFFFFFFFFFFF
:10120000FFFFFFFFFFFFFFFFFFFFFFFFFFFFFFFFEE
:10121000FFFFFFFFFFFFFFFFFFFFFFFFFFFFFFFFDE
:10122000FFFFFFFFFFFFFFFFFFFFFFFFFFFFFFFFCE
:10123000FFFFFFFFFFFFFFFFFFFFFFFFFFFFFFFFBE
:10124000FFFFFFFFFFFFFFFFFFFFFFFFFFFFFFFFAE
:10125000FFFFFFFFFFFFFFFFFFFFFFFFFFFFFFFF9E
:10126000FFFFFFFFFFFFFFFFFFFFFFFFFFFFFFFF8E
:10127000FFFFFFFFFFFFFFFFFFFFFFFFFFFFFFFF7E
:10128000FFFFFFFFFFFFFFFFFFFFFFFFFFFFFFFF6E
:10129000FFFFFFFFFFFFFFFFFFFFFFFFFFFFFFFF5E
:1012A000FFFFFFFFFFFFFFFFFFFFFFFFFFFFFFFF4E
:1012B000FFFFFFFFFFFFFFFFFFFFFFFFFFFFFFFF3E
:1012C000FFFFFFFFFFFFFFFFFFFFFFFFFFFFFFFF2E
:1012D000FFFFFFFFFFFFFFFFFFFFFFFFFFFFFFFF1E
:1012E000FFFFFFFFFFFFFFFFFFFFFFFFFFFFFFFF0E
:1012F000FFFFFFFFFFFFFFFFFFFFFFFFFFFFFFFFFE
:10130000FFFFFFFFFFFFFFFFFFFFFFFFFFFFFFFFED
:10131000FFFFFFFFFFFFFFFFFFFFFFFFFFFFFFFFDD
:10132000FFFFFFFFFFFFFFFFFFFFFFFFFFFFFFFFCD
:10133000FFFFFFFFFFFFFFFFFFFFFFFFFFFFFFFFBD
:10134000FFFFFFFFFFFFFFFFFFFFFFFFFFFFFFFFAD
:10135000FFFFFFFFFFFFFFFFFFFFFFFFFFFFFFFF9D
:10136000FFFFFFFFFFFFFFFFFFFFFFFFFFFFFFFF8D
:10137000FFFFFFFFFFFFFFFFFFFFFFFFFFFFFFFF7D
:10138000FFFFFFFFFFFFFFFFFFFFFFFFFFFFFFFF6D
:10139000FFFFFFFFFFFFFFFFFFFFFFFFFFFFFFFF5D
:1013A000FFFFFFFFFFFFFFFFFFFFFFFFFFFFFFFF4D
:1013B000FFFFFFFFFFFFFFFFFFFFFFFFFFFFFFFF3D
:1013C000FFFFFFFFFFFFFFFFFFFFFFFFFFFFFFFF2D
:1013D000FFFFFFFFFFFFFFFFFFFFFFFFFFFFFFFF1D
:1013E000FFFFFFFFFFFFFFFFFFFFFFFFFFFFFFFF0D
:1013F000FFFFFFFFFFFFFFFFFFFFFFFFFFFFFFFFFD
:10140000884207D0904205D251F8043B40F8043B93
:101410008242F9D8704700BF884204D2002340F8C6
:10142000043B8142FBD87047664B4FF42A01664A61
:1014300066482DE9F0475A641864654A99639546F1
:10144000BFF34F8FBFF36F8F21F030F8614B08204F
:10145000614A6249C3F854016148FFF7D1FF614A0C
:1014600061496248FFF7CCFF61496248FFF7D4FF4A
:10147000614C62494FF470000023614A086044F8EF
:1014800023200133B02BFAD15E4B80215E4A03F852
:10149000011B9342FBD14F4D4FF080385B494FF019
:1014A000FF325B4B0026DFF8A4A1DFF8A4911C609B
:1014B000C5F80481C5F800A1C5F8F480C5F8F0901E
:1014C0000B68544F43F4E0230B60FB693D4923F064
:1014D0007F0343F04003FB617B6A23F07F0343F00B
:1014E00040037B628A66CA660A674A6720F0E4FFA7
:1014F000494A4A4B6320A2630321E363484A494BAC
:10150000106000F160401E6042F8041C00F6A170FB
:101510004549464AC3F8082D0B68454A43F0807395
:101520000B601368434943F00103136003680B60C9
:1015300021F012FAC5F804813F48C5F800A1C5F8AA
:10154000F480C5F8F09021F07BFBF96E3B4A41F442
:1015500040513B4BF9661660C2F80861C2F8186149
:10156000C2F82861C2F838619A6BD20708D442F6F3
:101570001562344959651A659A6B42F001029A6303
:101580002F4A314C936843F00113936021F006F821
:1015900020F060FF21F080FB21F010FA20F088FF9E
:1015A0002368132BFCD921F097FA2368B3F5967FB3
:1015B000FBD320F07FFF21F05FFB21F089FB30BFE0
:1015C000FDE700BF00C00A40FFAAAAAA070020004A
:1015D0000000062000800D4038BA010000F80260CB
:1015E00000000000C06200203CB204600000002047
:1015F000E0250120DC8800200060002088ED00E06C
:10160000F10C010000E400E0A0E400E024ED00E0C3
:1016100008ED00E000C00F40452001004920010016
:1016200014E000E018E000E0FCED00E00000202005
:10163000001000E0B02301200046C3230040084012
:1016400000400D400000C056B42301201B1018209C
:101650000C0D11134FF48C72002121F029BB00BF37
:1016600018B14FF48C7110F079BA7047C02A2DE987
:10167000F0473AD0B2F5807F33D0802A03D06FF0A4
:101680001F00BDE8F0870A239846036000F10803B5
:101690008446520900274CF8043F01EB870E11F8ED
:1016A000275001379EF802609EF8014097424FEAAA
:1016B00006469EF803E046EA042444EA050444EAA8
:1016C0000E644CF8044FE8D3B8F10C0F11D0B8F108
:1016D0000E0F00F08180B8F10A0F47D00020BDE85E
:1016E000F0870E2303609846D0E70C2303609846EA
:1016F000CCE76B4AC8300121964601E05EF8041F32
:101700005E69183353F8184CC6F3072702EB166CC2
:1017100052FA86F517449CF8288095F828C097F867
:101720002850C6F3074745EA08451744654097F82F
:10173000288053F8147C85EA0C6453F8105C84EA22
:101740000824614053F8084C4F40196053F80C1CB2
:101750007D405F6069409D604C40D96066401C617F
:101760005E619842CAD10020BDE8F0874C4A00F182
:10177000A80C0121964601E05EF8041FD8681033DA
:1017800053F8104CC0F3072702EB106852FA80F5AB
:10179000C0F30746174498F828A095F828901644F7
:1017A00097F8285096F8288045EA0A4553F80C6CBB
:1017B00053F8087C654085EA096484EA082461409E
:1017C0004E40196077405E6078409F60D860634506
:1017D000D2D10020BDE8F087314AE8304FF001084F
:1017E000964601E05EF8048FDF69203353F8201C31
:1017F000C7F3072502EB176652FA87F4154496F8EB
:1018000028C094F8284095F82860C7F3074546EAB1
:101810000C461544714095F828C053F81C6C81EAB9
:10182000046153F8185C81EA0C2484EA080484EA11
:1018300006011C6053F80C6C81EA0504596053F8EA
:10184000141C9C60614053F8104C53F8085C52FA29
:1018500081FC02EB1169C1F30728D9609CF828C00C
:10186000C1F3074199F8289090448CEA040402EBF4
:10187000010C98F8281084EA09649CF828C084EACE
:10188000012484EA0C414E40196175405E616F404D
:101890009D61DF619842A5D10020BDE8F08700BFBF
:1018A000E82C02602DE9F04FC9B005460C461646FB
:1018B00000214FF48C7202A821F0FAF905F1080317
:1018C000324621466B6002A8FFF7D0FE0190002847
:1018D0006DD1DDF8089005F1180A039A4FEA09184E
:1018E00009F1FF3CC5F8009052F8083002EB080EF1
:1018F000BCF1000FAB60AEF1100BDEF80430EB6012
:10190000DEF808302B61DEF80C306B613FDDAEF1A4
:10191000140E14352A4805F11004714651F8043F9D
:1019200050FA83F700EB1366C3F30722C3F30743B0
:1019300097F8287096F82860024400EB8707034464
:1019400000EB860692F82820D7F82871D6F828658B
:1019500000EB820293F828307740D2F8282900EB78
:1019600083037A40D3F8283D534045F8043FAC4206
:10197000D4D1BCF1010CAEF1100E2546CBD14FEA0B
:101980000919A8F11003C9F110099A44CB44DBF8F6
:101990000030CAF80030DBF80430CAF80430DBF855
:1019A0000830CAF80830DBF80C30CAF80C3002A84E
:1019B0004FF48C7110F0D2F8019849B0BDE8F08F67
:1019C000E82C026003682DE9F04F5B1089B0D1F874
:1019D0000080059242681846079302F110041368CC
:1019E00001388D68069488EA0308044693680290DB
:1019F000D1F804E05D405068002CD368D1F80CA009
:101A00008EEA000E12698AEA030B019240F32B82E0
:101A1000069F7046DFF858A429465FFA88F2C0F3A3
:101A200007254FEA1B63C1F3074E0AEB82020AEB5C
:101A30008303166B0AEB8505D3F83024CBB25FFA2B
:101A40008BF40AEB830372400AEB8E0E1B6B060EBF
:101A50000AEB840403934FEA1169D5F830380AEB96
:101A60008605246B5FFA80FC82EA0306DEF8303CD0
:101A70000AEB8909C0F307407340FE68D9F8309437
:101A80004FEA18627440C8F307260AEB8000C1F3DE
:101A900007210AEB860684EA09040AEB8C0CD0F8CD
:101AA00030ECD6F830980AEB8202DCF830C00AEB52
:101AB0008101786884EA0909019EC8F30748D2F8D1
:101AC00030248CEA00005E40CBF307235040039A99
:101AD0000AEB8304BB68D5F83054CBF3074B534073
:101AE000D4F83048D1F830180AEB88080AEB8B0B91
:101AF0005D4089EA0E024140DBF830CC6540D8F801
:101B0000300C5FFA86FE81EA0C01130E6840C2F3C6
:101B1000074CCDB20196C0F3074B0AEB8E0E0AEBD1
:101B20008303C1F30729340EDEF830E0D3F83034F4
:101B30000AEB8B0B0AEB85050AEB8C0CDBF8306C9F
:101B40004FEA1168D5F830B08EEA030EC0F30725CE
:101B5000DCF8303C0AEB84045FFA80FC0396D4F88E
:101B600030440AEB88080AEB8C0C04930AEB8909D1
:101B70008BEA040B0AEB8505C1F30741D9F83098CD
:101B8000000ED5F830580AEB8101D8F830340AEB52
:101B900080007E69DCF83040C2F3072C8BEA060B2C
:101BA000D2B2BE695C403B690AEB8C0C74400AEB14
:101BB0008202019E8EEA0303D0F830048BEA050509
:101BC00083EA0909126BDCF83038C6F3072C42406F
:101BD000C6F307465C400AEB8C0CFB690AEB8606F1
:101BE000DCF830085A40D1F8303CD6F8301C42407E
:101BF000039E0498614082EA030B029B57F8204F32
:101C000089EA0608013B85EA0000019402937FF40B
:101C100004AF6FF07843079A86460D461A44134680
:101C2000069A02EB43130693069B5FFA8EF7C5F301
:101C300007244FEA186259682E0EEBB2C5F3074528
:101C40005FFA8BF0CBF3072C02950AEB82020AEBCA
:101C500087050AEB8000D2F830242D6B0AEB86064C
:101C6000076B4FEA1E605540D6F830645FFA88F281
:101C70007E404FEA1B670AEB8202694004960AEB3A
:101C80008000166B0AEB83030AEB8702D0F830540E
:101C90001B6BC8F30727D2F830240AEB840406989C
:101CA0005D400AEB8C0386EA020CCEF30722039117
:101CB000049ECBF30741D3F830B80AEB8203C26825
:101CC0000AEB8707CEF3074E0AEB8109724086685C
:101CD00001980AEB8E0E0399C8F30748D7F83078BD
:101CE0008CEA000CD4F830480AEB8808D3F83008A6
:101CF00085EA0603029D4C40DEF830EC7A40D9F8C4
:101D0000301C0AEB850582EA0E02D8F8307C61406F
:101D100083EA0B03D5F8304C8CEA000C83EA070009
:101D2000524B8CEA040CC2F30744C2F30728C1F3F8
:101D3000072E1C4453FA8CF69E4403EB126901945F
:101D400003EB08049EF828E0C0F30747039453FA16
:101D500082F41F4453FA80F80494C0F3072596F8E0
:101D6000282003EB1060069E53FA81FB99F8289017
:101D700003EB1C6A36691D440790724097F82800EF
:101D8000019C03EB116782EA0962CCF3072694F801
:101D90002840C1F3074182EA0E22CCF3074C02949B
:101DA000194482EA00429C441E44039B1446069A4E
:101DB00093F828E0506998F828800190019B906979
:101DC0009BF828B09AF828A088EA000097F82870B5
:101DD0008BEA030BD2F81C90049B8BEA0A6B079AE0
:101DE00080EA076095F8285092F8288080EA0E274C
:101DF000059A8BEA052B93F82830A646147000202C
:101E0000029C83EA090996F828608BEA04449CF84E
:101E1000285089EA086391F82810147187EA054769
:101E200083EA06231646724683EA01433772110A93
:101E3000150C3373120E7170210AB570F2703A0CE2
:101E40007171390A250CB272240E71721A0CB571B7
:101E5000190AF4713F0EB2731B0E7173F772F373AC
:101E600009B0BDE8F08FDFF808A0DDE6E82C0260DD
:101E7000E03D02602DE9F047089E984607461C6841
:101E8000DDF82490DDF828A0B1B182B10AF1FF3A63
:101E9000154654B3315D621C19F8013B013D83EADC
:101EA00001030AF8013F335502F00F04F1D1C8F8DD
:101EB00000400020BDE8F087002AF8D0154674B134
:101EC000335D611C19F8012B013D83EA02030AF816
:101ED000013B325501F00F04E9D0002CF0D132461D
:101EE00031463846FFF76EFDEAE73246314638465E
:101EF000FFF768FDCEE700BF002A45D02DE9F04787
:101F000086B01C46894682460F9B164603F101089F
:101F10000E9B5F1C19E017F8012C23788DF8142014
:101F2000534008F8013CDDF80500013EDDF80910DA
:101F300008F10108DDF80D2007F10107DDF8113087
:101F400020606160A260E3601AD0206801AD616822
:101F5000A268E3680FC5224621465046FFF732FDCE
:101F6000B9F1000FD7D02278B9F1010F17F8013C71
:101F700083EA020308F8013C08BF8DF81430D2E769
:101F8000002006B0BDE8F087002070472DE9F04F33
:101F9000156883B00F2DDDF830B0DDF83480DDF842
:101FA00038902AD81F460E468246019271B19DB1E3
:101FB0001BF80510013E18F8012B05F1010582EA16
:101FC000010205F00F0509F8012BF0D1019B00205B
:101FD0001D6003B0BDE8F08F5A4639465046FFF702
:101FE000F1FC07F1100212F8014D0134E4B2147053
:101FF000002CDDD19742F6D1DAE76FF02000E8E758
:102000002DE9F04F03688BB0D1F804805B10089283
:1020100042680993013B02F110041068029307948F
:102020001C465368D1F800E0002C88EA03038F684F
:102030008EEA000EC96890681E46D368126987EA66
:10204000000783EA0103019240F34082DDF81C900F
:10205000B446DFF884A41C465FFA8EF0C4F307216F
:102060004FEA1C62C7F30743FEB20AEB80000AEB9B
:102070008202D0F828010AEB8606D2F828250AEB5E
:1020800081015FFA8CF580EA020BD6F828010AEB91
:10209000830303900AEB8505D1F828094FEA1E61F6
:1020A000D3F8283D5FFA84F88BEA00000AEB81013F
:1020B000D5F828513A0E80EA030BD9F80430D1F84C
:1020C0002805CEF307215D40CEF307430AEB810ECE
:1020D000D9F80C100AEB8808C7F3072704910AEB1C
:1020E000820201990AEB8707D8F82881260E8BEA2D
:1020F000010B0499D2F82825C4F3074488EA0101AA
:10210000D7F828795540DEF828294840CCF3072E27
:102110006A400AEB8606039D0AEB8E0E7840D9F8DA
:102120000870DEF828190AEB840485EA070ED6F851
:102130002865D4F8284D0AEB83038EEA0606CCF313
:10214000074C6240D3F8285D0AEB8C0C7140130EEB
:102150006940DCF8287D5FFA8BF47840C1F3074CC6
:102160000AEB8303CBF307275FFA82FEC0F307284D
:10217000D3F828350AEB8C0C0AEB8404C0F307462D
:1021800003930AEB8E0EDCF8283D0AEB8808D4F89E
:1021900028410AEB8707DEF828C1050E0194C0B27A
:1021A000D8F828890AEB860604930AEB8505D7F848
:1021B0002879C2F30724D6F8286DC2F307420597A1
:1021C0000AEB8007039B0AEB840401980AEB820266
:1021D00006964340D5F82865D9F810000D0ED2F8C0
:1021E000282D43400AEB8505C8B2C1F30721D5F875
:1021F000285583EA08030AEB800E8CEA050C4FEAA7
:102200001B60DEF828510AEB81010AEB8000CBF35A
:10221000074B6E40049D0AEB8B0B83EA050ED9F841
:102220001450D4F828398CEA050CD9F81850D7F88E
:1022300028416E40059FD0F828558CEA070C5E4077
:10224000069B6C40D1F828098CEA030CD9F81C10C5
:1022500059F8203F4C40DBF8287D0193029B444015
:102260007740013B84EA020402937FF4F5AE6FF0FD
:10227000784209996646234611440A46079901EBBC
:10228000421207925FFA8EF5B146340EC7F3072863
:102290000AEB8505C3F3072CF0B2C7F30746390EE6
:1022A000CEF3072B0296FAB2D5F828611D0E0AEB81
:1022B0008404CEF307470AEB80000AEB8101D4F8CF
:1022C00028450AEB8202D0F828010AEB8505D1F8EF
:1022D0002815D2F828217440D5F8285541404FEAF6
:1022E0001E660397D8B26A40019D0AEB86060AEB88
:1022F0008000C3F307436C40079DD0F828710AEBB8
:102300008C00D6F828650AEB880E6D68C9F307487B
:1023100087EA060C029E0195C9F307250AEB86079A
:10232000079E0AEB8509019D0AEB8303D0F8280973
:102330006940B56801930AEB8B0B02950AEB88089C
:10234000029B4440DEF828595A40039BDBF8286979
:102350000AEB830E079BD7F8287D7140DB687C4031
:10236000D9F828B98CEA030C019B82EA0B02D3F856
:10237000280D8CEA0506D8F8283D4840C4F307210B
:102380005E40544BDEF828EDC0F307271944C6F32E
:10239000072A82EA0E0553FA80F211F8C81CDF19E9
:1023A00003EB156812F8C82C02919A44079953FA66
:1023B00084F918F8C88C03EB106C4969C6F3074B15
:1023C0000397C5F3074E4A4053FA85F703EB1661AE
:1023D0001AF8C8AC82EA0862C0F3074003EB14683D
:1023E000C5F30725C4F30744CDF804A0184419F831
:1023F000C8AC9B441CF8C89C9E4411F8C8CC1D4432
:10240000079953FA86F62344079C0490A46902981E
:1024100017F8C87C096982EA002267400398079C84
:102420008AEA010116F8C86C87EA0C6710F8C8AC94
:1024300081EA09610198E46987EA0A2A1BF8C8BCA5
:1024400081EA002118F8C88C6640049882EA0B42A1
:102450001EF8C8EC86EA086610F8C84C002081EA2D
:102460000E4E15F8C85C13F8C8CC089986EA052604
:102470008AEA0C4A0A710D4681F800E04FEA1E21F3
:1024800086EA044385F808A04FEA1E446970110AE1
:102490002B73AC70140C6971120E4FEA1A21AC71D7
:1024A0004FEA1E6EEA714FEA1A4469721A0C85F8F7
:1024B00003E0190AAC724FEA1A6AAA731B0E697319
:1024C00085F80BA0EB730BB0BDE8F08FDFF808A028
:1024D000D8E600BFD84E0260E82C026010B4012993
:1024E00014461A46214603D05DF8044BFFF788BD19
:1024F0005DF8044BFFF766BA2DE9F047160784B084
:102500000C9C0D9D59D1174680468A461E4669BBD4
:1025100042B303F1FF392068EE466168A268E368C0
:10252000AEE80F002B46002122464046FFF7D6FFBB
:102530006B1E494605F10F0E13F8010F11F8012F1C
:10254000734582EA00021A70F6D1EE46103F04F19C
:10255000100405F11005BEE80F0030607160B26034
:10256000F360D8D1002004B0BDE8F087002AF9D08C
:10257000013C03F1FF3949466A1E04F1100E14F8BC
:10258000010F11F8013F744583EA000302F8013F8F
:10259000F5D12B462A4651464046FFF79FFF286853
:1025A0006968103FAA6805F1100555F8043C3060D1
:1025B0007160B260F360DED1D4E76FF02100D2E742
:1025C000FFF700BAFFF71CBD2DE9F04FF7B000216F
:1025D000202283460DF1600A884620ACDFF8A891DE
:1025E000504620F065FB30A84FF48C72414620F035
:1025F0005FFB4FEA680708F00106BD1CAD01BBF1A7
:10260000000F07D05A4A29465A48002E08BF4A46AA
:1026100020F01EFB00232A46514630A82360636049
:10262000A360E36066BBFFF73DF9534B03EB07176D
:1026300010F1230F01D1C02D28D068B942F21075D6
:1026400002E0013D00F09D8123462246314630A83C
:10265000FFF744FF0028F4D00346BBF1000F04D07D
:102660004648049320F0FCFA049B30A84FF48C7188
:1026700004930FF073FA049B184677B0BDE8F08F0F
:10268000FEF7F4FF3E4B03EB0717D1E73D4820F080
:10269000E7FA08F10108B8F1060FAAD1BBF1000F63
:1026A00040F05A8100230DF120090CAE0493049BE5
:1026B0005F1003F00108BD1CAD01BBF1000F09D094
:1026C0002B4A2946304B3148B8F1000F08BF1A4653
:1026D00020F0BEFA00232A46514630A8C9F800303F
:1026E000C9F80430C9F80830C9F80C303360736099
:1026F000B360F36023606360A360E360B8F1000F30
:102700002ED0FEF7B3FF224B03EB0713059310F116
:10271000230F01D1C02D41D000289DD142F2107568
:1027200014AFB8F1000F40F01F8101944B460094A4
:102730001022414630A8FFF7DFFE00288CD1013D72
:10274000EFD105991022204620F09AFA002840F097
:102750005781BBF1000F24D00E4820F081FA20E011
:10276000FFF7A0F80C4B03EB07130593CFE700BF6F
:102770000C14002010140020504F02608014002020
:10278000804F026028140020081400203814002014
:10279000E04F026030140020B04F0260994820F0F2
:1027A0005FFA049B0133062B049380D1BBF1000F29
:1027B00040F00D8100277D1007F0010605F10208A9
:1027C0004FEA8818BBF1000F08D08F4A41468F4B63
:1027D0008F48002E08BF1A4620F03AFA8D4B0FCBD7
:1027E00089E80F008C4B4FEAD802504603EB4511A5
:1027F00020F05AFA00234246514630A80793FEF7CC
:1028000035FF10F1230F03D1B8F1C00F00F0A880FD
:1028100000287FF421AF002E40F0C1807F4BA646F8
:1028200003EB851503F1380805F5D4750FCDAEE837
:102830000F000FCDAEE80F000FCDAEE80F0095E80A
:102840000F008EE80F0002943146019407ABCDF8DB
:102850000090402230A8FFF70DFB00287FF4FCAE6B
:1028600041464022204620F00BFA002840F0C88064
:10287000BBF1000F40F0BC800137062F9BD1BBF1AC
:10288000000F40F0B980654B00260DF1400905931B
:10289000751006F00108BBF1000F08D05A495B4BD8
:1028A0005F48B8F1000F08BF194620F0D1F94FEA90
:1028B000051E059B5B490022734407928E4403F575
:1028C0001A73A1F526770FCB89E80F009EE80F0059
:1028D0008AE80F008022514630A8FEF7C7FE034663
:1028E00000287FF4BAAE07EB8507204605EB4505C7
:1028F000D7F8C8723A46B8F1000F6CD12D014A4B97
:10290000591990331D4420F0CFF914AA4B46029474
:102910003946009230A8019407AAFFF737FB034617
:1029200000287FF49AAE04903A462946204620F0CB
:10293000A7F9002864D1049BBBF1000F53D10136E5
:10294000062EA5D1BBF1000F3FF48FAE0A200493F1
:1029500020F09EF9049B88E60A2020F099F9A1E670
:10296000284820F07DF987E796E80F0087E80F00F8
:1029700094E80F0086E80F0097E80F0084E80F0046
:10298000D3E639461022204620F07AF9C0BBBBF1CD
:10299000000F3FF47EAE254820F062F979E6DFF8BB
:1029A00090E0A446BEE80F00ACE80F00BEE80F00C0
:1029B000ACE80F00BEE80F00ACE80F000EF5A07801
:1029C0009EE80F0008EB85188CE80F003BE70A2013
:1029D00020F05EF9EEE62901134B5D18903319449F
:1029E00020F062F991E7114820F03AF9049BA6E73C
:1029F0000E4820F035F93FE70A2020F049F942E778
:102A000001232AE6281400200C14002008140020BA
:102A1000501400201050026020500260D84E026016
:102A20006814002070510260AC5102603014002024
:102A3000104F02600368F0B5CD1A002D43DD1C78FD
:102A4000260608D45E1C06601C781460891BA1420F
:102A500039D30020F0BD04F07F04013C032C35D8AD
:102A6000DFE804F02A201302042D2CDD9F785E1D80
:102A700093F801E03F041D79DC7847EA0E632B43AD
:102A800043EA042414600660E0E7032D1BDD9C7814
:102A90001E1D5D782402DB7844EA05441C43146063
:102AA0000660D3E7022D0EDD5C78DE1C9B7843EADE
:102AB000042414600660C9E7012D04D05C789E1CD4
:102AC00014600660C2E76FF05F00F0BD6FF0630056
:102AD000F0BD00BF70B404680E1B002E0BDD26781D
:102AE0009E4204D10134046070BCFFF7A3BF6FF0B5
:102AF000610070BC70476FF05F00FAE770B5056861
:102B000082B04C1B002C06DD2C78012C07D06FF016
:102B1000610002B070BD6FF05F0002B070BD0135A2
:102B2000164601AA04460560FFF784FF0028F0D18D
:102B3000019B012B09D1236813F8011B003118BF39
:102B400001213160236002B070BD6FF06300E0E7E7
:102B50000368F0B5CC1A83B0002C06DD1C78022C7B
:102B600007D06FF0610003B0F0BD6FF05F0003B0FD
:102B7000F0BD0133174601AA06460360FFF75AFF6E
:102B80000028F0D1019B013B032B13D8316891F948
:102B90000020002A0EDB04463860019311F8015B27
:102BA000013B45EA04245A1C01933C603160F5D195
:102BB00003B0F0BD6FF06300D5E700BFF8B5036860
:102BC000CF1A002F05DD1F78032F05D06FF06100AD
:102BD000F8BD6FF05F00F8BD013304460E46036098
:102BE000FFF728FF0028F3D113681546002BF0D01B
:102BF0002268013B2B601278072A2A710CD82268C0
:102C000001322260AA60226813449E4223600CBFF6
:102C100000206FF06500F8BD6FF06300F8BD00BFE5
:102C200070B505684C1B002C05DD2C78032C05D0F5
:102C30006FF0610070BD6FF05F0070BD013504463C
:102C40000560FFF7F7FE0028F4D113681646012B44
:102C500003F1FF32326005D923685A1C22601B78C9
:102C6000002BE7D06FF0670070BD00BF2DE9F04387
:102C700099460368164683B0CA1A002A08DD1A78F6
:102C8000302A0BD06FF06108404603B0BDE8F083F6
:102C90006FF05F08404603B0BDE8F083013301AA3E
:102CA00005460F460360FFF7C5FE80460028EBD1BE
:102CB0002A68019B13449F421FD19742A7EB02034E
:102CC00016D91178002B3160E2DD13789945D9D1FE
:102CD000541C3946321D28462C60FFF7ABFED8B98C
:102CE0002B687268B3602B681A4497422A6007D831
:102CF0000023F3602B689F42C6D06FF06508C3E7DE
:102D0000102101201FF098FFF060064608B12A68E4
:102D1000D3E76FF06908B7E78046B5E770B5056897
:102D200082B04C1B002C06DD2C78022C07D06FF0F3
:102D3000610002B070BD6FF05F0002B070BD013580
:102D4000164601AA04460560FFF774FE0028F0D17C
:102D5000019A3046216801F037F92268019B13443B
:102D6000236002B070BD00BF2DE9F041066882B05B
:102D7000C6EB010EBEF1000F0ADD96F800E0BEF1D1
:102D8000300F0BD06FF06106304602B0BDE8F08125
:102D90006FF05F06304602B0BDE8F0810136904624
:102DA00001AA044606600D461F46FFF743FE06468D
:102DB0000028E9D12368ED1A002DE9DD019D1A787C
:102DC000002DC8F80020E3DD1A78062ADAD11D4468
:102DD000013308F10402204623602946FFF72AFE4A
:102DE00006460028D0D12368D8F80420C8F8083057
:102DF00021688B189D4223601ED08E5C01333A46B9
:102E00002946204642F8046B2360FFF713FE70B991
:102E100022687B68BA60226813449D4223600CBF1D
:102E200000266FF06506304602B0BDE8F081064628
:102E3000304602B0BDE8F08138460C210EF08EFE1F
:102E4000A2E700BF10B584B0002401AB0294019446
:102E50000394FFF789FF48B9019B052B00D03BB9CC
:102E6000029B002B14BF6FF06700002004B010BD60
:102E70006FF06700FAE700BF70B5044670B10E4608
:102E8000154601E0A4694CB16368AB42FAD12A4609
:102E90003146A0681FF0F4FE0028F3D1204670BD33
:102EA00068B110B5044680681FF0EEFE60691FF03F
:102EB000EBFE20462021BDE810400EF04FBE7047CB
:102EC00038B504685CB10546A36920462B60FFF75E
:102ED000E7FF20461FF0D8FE2C68002CF4D138BD47
:102EE0007F2A0346F0B40AD80468611A00296ADD13
:102EF000611E0120196004F8012CF0BC7047FF2A04
:102F000010D80468611A01295DDD651E8121022047
:102F10001D6004F8012C1A68541E1C6002F8011C84
:102F2000F0BC7047B2F5803F1FD3B2F1807F28D24A
:102F30000468611A032946DD601E160A150C8321F8
:102F40001860042004F8012C1A68541E1C6002F852
:102F5000016C1A68541E1C6002F8015C1A68541E49
:102F60001C6002F8011CF0BC70470468611A022959
:102F700029DD661E150A822103201E6004F8012C3B
:102F8000E7E70068411A04291DDD441E160A150CE6
:102F900084211C60140E00F8012C05201A68571EAD
:102FA0001F6002F8016C1A68561E1E6002F8015C70
:102FB0001A68551E1D6002F8014C1A68541E1C60E8
:102FC00002F8011C99E76FF06B0096E70368591A45
:102FD000002909DD012110B45C1E0460084603F8D5
:102FE000012C5DF8044B70476FF06B010846704789
:102FF00038B505688D420CD36C1A9C4209D31C4627
:1030000003461146281B224618601FF04DFE20463D
:1030100038BD6FF06B0038BDF8B5054610460E465A
:10302000174600F0CBFF2968B1422ED38B1B044614
:1030300098422AD8091A02463846296000F0FAFF59
:10304000A0B93B68012B12D0224631462846FFF733
:1030500047FF00280ADB2B6801349E1B002E14DD7D
:10306000591E02222044296003F8012CF8BD2B6868
:1030700093F90020002AE7DA9A1B002A05DD5A1E80
:1030800001342A6003F8010CDEE76FF06B00F8BD35
:1030900002680346501A002812DD002010B4541EA6
:1030A0001C6002F8010C1A68511A81420BDD541E93
:1030B000052102201C6002F8011C5DF8044B7047DA
:1030C0006FF06B0070476FF06B005DF8044B70475A
:1030D000F8B50568A94202D86C1AA34203D96FF06B
:1030E0006B042046F8BD0746E81A1C460E463860B9
:1030F00011461A461FF0D8FD002CF2DB224631465D
:103100003846FFF7EDFE00280CDB3B680134991BC5
:103110000029E4DD591E062204443960204603F8E4
:10312000012CF8BD04462046F8BD00BFF8B5069D49
:103130008DB90468661A002E27DD661E066004F845
:10314000015C0468651A002D1FDD671E0526022537
:10315000076004F8016C0C460646FFF7B9FF00282B
:1031600015DB0544214630462A46FFF7B9FE002804
:103170000DDB336801351C1B002C06DD591E302287
:103180002844316003F8012CF8BD6FF06B00F8BDE6
:10319000F8B505686E1A002E1BDD131C05F1FF370C
:1031A0004FF00102044618BF012307600E465B4240
:1031B00005F8013CFFF794FE002809DB2368991B02
:1031C000002906DD591E01220230216003F8012C7E
:1031D000F8BD6FF06B00F8BD036870B55C1A002C89
:1031E0001EDD5C1E002A046003F8012C04DD036868
:1031F00093F90020002A16DB012632460C460546CC
:10320000FFF76EFE00280ADB2B680136191B002928
:1032100006DD591E02223044296003F8012C70BDDE
:103220006FF06B0070BD5A1A002AF9DD5C1E002297
:103230000226046003F8012CDFE700BFF8B505683B
:10324000A94202D86C1AA34203D96FF06B0420463E
:10325000F8BD0746E81A1C460E46386011461A4665
:103260001FF022FD002CF2DB224631463846FFF7E4
:1032700037FE00280CDB3B680134991B0029E4DD94
:10328000591E132204443960204603F8012CF8BD6E
:1032900004462046F8BD00BFF8B50568A94202D82B
:1032A0006C1AA34203D96FF06B042046F8BD0746A1
:1032B000E81A1C460E46386011461A461FF0F4FC08
:1032C000002CF2DB224631463846FFF709FE002883
:1032D0000CDB3B680134991B0029E4DD591E1622E2
:1032E00004443960204603F8012CF8BD044620460A
:1032F000F8BD00BF2DE9F84313F00704066818BFB6
:1033000001248E4204EBD3042DD30F4604F10109AE
:10331000711A494527D38046301B11462246C8F80A
:1033200000001D461FF0C0FCD8F80060C5EBC403C8
:103330004A46751E39464046C8F8005006F8013C1A
:10334000FFF7CEFD00280CDBD8F800300234DF1B7D
:10335000002F08DD591E03222044C8F8001003F88E
:10336000012CBDE8F8836FF06B00BDE8F88300BF67
:10337000F8B50568A94202D86C1AA34203D96FF0C8
:103380006B042046F8BD0746E81A1C460E46386016
:1033900011461A461FF088FC002CF2DB224631460B
:1033A0003846FFF79DFD00280CDB3B680134991B74
:1033B0000029E4DD591E042204443960204603F844
:1033C000012CF8BD04462046F8BD00BF2DE9F047AA
:1033D00082B0074600681E46894690460A9DFFF760
:1033E0004BFDF0B1036904469D4209D8AEB12A46AF
:1033F000314660691FF058FC204602B0BDE8F087F6
:10340000294601201FF018FC074640B360691FF0F1
:103410003BFC67612561002EE9D1204602B0BDE882
:10342000F087202101201FF007FC0446B8B1C0F846
:103430000480414601201FF0FFFB8246A06080B15E
:10344000424649461FF030FC2561294601201FF005
:10345000F3FB606150B13B683C60A361C6E70020AC
:10346000CBE720461FF010FC5046C6E701905046BF
:103470001FF00AFC20461FF007FC019B1846BCE722
:103480002DE9F04F099D4D4CA4FB0554099D64089E
:1034900004EB440B5D4518BF0134B4F1804F80F05C
:1034A0008580A400013400287BD08C4294BF002189
:1034B0000121002975D1BBF1000F6FD08946DD1CB9
:1034C000041D3F4915F803EC09F1030915F8027CC6
:1034D0002B4615F8016C4FEA0E184FEA870CCB45C6
:1034E00008F0300801EB961A0CF03C0C4FEAAE0ED7
:1034F00001EB171706F03F0611F80EE005F1030582
:1035000017F808708E5D1AF80C80A44604F8037C46
:1035100004F1040404F808EC04F8068C04F8056CC3
:10352000D0D8099949451FD909F10109099C197891
:103530004C4522D95B780E01214D89109C0006F084
:10354000300605EB13136F5C04F03C019C5D0CF13D
:103550000303695C8CF801408CF802108CF8007051
:103560003D2103F1010C1970C0EB0C000023106029
:1035700018468CF80030BDE8F08F0C01104D891012
:103580003D2604F030040CF103036F5C295D8CF8D8
:1035900000708CF801108CF80260E1E7D94684468F
:1035A000BFE714606FF02900BDE8F08F4FF0FF33E4
:1035B0006FF029001360BDE8F08F00BFABAAAAAA84
:1035C000CC52026030B4029C0CB130BC58E72046AB
:1035D000146030BC704700BF2DE9F047DDF820E0F3
:1035E0009146BEF1000F00F09E8000229C46DFF85D
:1035F0005CA1904617461CF807300CEB07053C46CB
:10360000202B04D07DE015F8016F202E04D1013469
:10361000A645A4EB0703F6D8A6451DD0C4EB0E05BE
:10362000012D1CF8045001D90D2D5BD00A2D0FD0AF
:10363000002B5ED13D2D60D02E065AD4554495F80E
:1036400040307F2B55D00AB13F2B52D908F10108E9
:10365000671CBE45CFD8BE46B8F1000F63D008F056
:1036600007034FEAD80803EB430308EB48085B0065
:10367000C2EB4808073308EBD30300285DD08B4228
:1036800094BF00210121002957D1BEF1000F52D073
:1036900007460326E6440C46DFF8B0802A4D0EE0CC
:1036A0004244013492F8403003F03F02402B08BFFF
:1036B000013E042C42EA811125D0E6450CD01CF8CD
:1036C000012BA2F10A03DBB2162BE9D825FA03F38A
:1036D000DB07E5D5E645F2D1381AC9F8000000202D
:1036E000BDE8F087671C1CF807600A2EB1D0002BDC
:1036F000A4D06FF02B00BDE8F0870132022A9DD9DB
:10370000F7E7002388E766B10B0C012E3B7007D06A
:103710000B0A022E7B700BD0B97000240337CCE764
:1037200001370024C9E70020C9F80000BDE8F08790
:1037300002370024C1E77046CFE7C9F800306FF0C8
:103740002900BDE8F08700BF09004000CC520260AC
:1037500010B54024A4B058B92B4B03AA04A8009478
:103760008021FFF78DFED8B10124204624B010BD82
:1037700026481FF06DFA03AA04A80094224B80216A
:10378000FFF77EFE28B9582204A921481FF078FAD5
:1037900000B301241F481FF063FA204624B010BD77
:1037A000582204A91A481FF06BFA0028DCD15820CF
:1037B00003AA174B8021009004A8FFF70DFF0028F3
:1037C000D2D1224604A910481FF05AFA0446002814
:1037D000CAD1CAE710481FF03BFA582103AA0C4B84
:1037E000009104A88021FFF7F7FE0028D1D12246DE
:1037F00004A905481FF044FA04460028C9D1074827
:103800001FF02EFAB1E700BF8C530260881400202D
:10381000CC53026080140020A4140020C4140020A3
:1038200050B30023F0B5A1F1040E15461E462F68D3
:103830000136FC1A2C605EF8041F8C42A4EB0104D4
:103840002CBF4FF0000C4FF0010C45F8044B9F4289
:103850002CBF63460CF10103B042E8D102EB8002B9
:103860004BB111689942A1EB030134BF012300233E
:1038700042F8041BF5D3F0BD704700BFF0B5864693
:1038800087B00020BEF10F0F0391029201930590C3
:1038900040F2D080F446ACF1100C03980299059ADE
:1038A000019B50F8044B4FF000050E68E3FB042524
:1038B000B71845F1000241F8047B50F8044B4FF073
:1038C00000050E68E3FB0425B71845F1000241F836
:1038D000047B50F8044B4FF000050E68E3FB042511
:1038E000B71845F1000241F8047B50F8044B4FF043
:1038F00000050E68E3FB0425B71845F1000241F806
:10390000047B50F8044B4FF000050E68E3FB0425E0
:10391000B71845F1000241F8047B50F8044B4FF012
:1039200000050E68E3FB0425B71845F1000241F8D5
:10393000047B50F8044B4FF000050E68E3FB0425B0
:10394000B71845F1000241F8047B50F8044B4FF0E2
:1039500000050E68E3FB0425B71845F1000241F8A5
:10396000047B50F8044B4FF000050E68E3FB042580
:10397000B71845F1000241F8047B50F8044B4FF0B2
:1039800000050E68E3FB0425B71845F1000241F875
:10399000047B50F8044B4FF000050E68E3FB042550
:1039A000B71845F1000241F8047B50F8044B4FF082
:1039B00000050E68E3FB0425B71845F1000241F845
:1039C000047B50F8044B4FF000050E68E3FB042520
:1039D000B71845F1000241F8047B50F8044B4FF052
:1039E00000050E68E3FB0425B71845F1000241F815
:1039F000047B50F8044B4FF000050E68E3FB0425F0
:103A0000B71845F1000241F8047B50F8044B4FF021
:103A100000050E68E3FB0425B71845F1000241F8E4
:103A2000047B059202910390BCF10F0F3FF633AF78
:103A30000EF00F0EBEF1070F68D90EF0070E0398B7
:103A40000299059A019B50F8044B4FF000050E684F
:103A5000E3FB0425B71845F1000241F8047B50F858
:103A6000044B4FF000050E68E3FB0425B71845F141
:103A7000000241F8047B50F8044B4FF000050E683B
:103A8000E3FB0425B71845F1000241F8047B50F828
:103A9000044B4FF000050E68E3FB0425B71845F111
:103AA000000241F8047B50F8044B4FF000050E680B
:103AB000E3FB0425B71845F1000241F8047B50F8F8
:103AC000044B4FF000050E68E3FB0425B71845F1E1
:103AD000000241F8047B50F8044B4FF000050E68DB
:103AE000E3FB0425B71845F1000241F8047B50F8C8
:103AF000044B4FF000050E68E3FB0425B71845F1B1
:103B0000000241F8047B059202910390BEF1000F80
:103B100015D003980299059A019B50F8044B4FF079
:103B200000050E68E3FB0425B71845F1000241F8D3
:103B3000047B059202910390BEF1010EE9D1029936
:103B4000059A0B68134441F8043B059A934234BF2D
:103B5000012200220592F4D307B0F0BDF0B44E6804
:103B60001EB38F68002307EB860656F8044D250C1C
:103B7000B742A4B245EA0343B3FBF2F502FB1533A7
:103B800044EA0343B3FBF2F402FB1433EDD10968BA
:103B9000002903DB03600020F0BC7047002BF9D044
:103BA000D31AF0BC0360002070473346F2E700BF31
:103BB00020B100230122836080E80C00704700BF21
:103BC00080B110B50446806830B1616889000DF09D
:103BD000C5FFA0681FF058F800230122A36084E805
:103BE0000C0010BD704700BF42F21073994223D8F9
:103BF0002DE9F0414668B14202D80020BDE8F081CD
:103C00000C460546042120461FF016F88046B0B148
:103C1000AF685FB1B600394632461FF045F8384606
:103C200031460DF09BFFA8681FF02EF86C60002055
:103C3000C5F80880BDE8F0816FF00F0070476FF0A5
:103C40000F00BDE8F08100BF2DE9F04146688E42CB
:103C50002ED9731E05460C460CD081689A0051F887
:103C6000230048BB0A4403E052F8040D18B90B4680
:103C7000591EF9D101239C424FF0040138BF1C4664
:103C800020461EF0D9FF8046C0B1AF6857B1A200F0
:103C900039461FF009F83846B1000DF05FFFA868FB
:103CA0001EF0F2FF6C600020C5F80880BDE8F081CE
:103CB000BDE8F041FFF798BF3346DCE76FF00F0037
:103CC000BDE8F08188423AD08A68F0B50E4683B0EC
:103CD000002A36D04D6807466B1E0BD052F82310D1
:103CE0009C0041B9224403E052F8045D05BB234621
:103CF0005C1EF9D101257A683368AA423B600FD374
:103D0000521BB868AD000021920028441EF0D0FF7D
:103D10002A46B168B8681EF0C7FF002003B0F0BDA6
:103D200029463846FFF760FF0028F7D1AD00EFE7DE
:103D30001D467A683368AA423B60E1D2F0E7002072
:103D400070470192FFF73CFF019A1046E6E700BF7B
:103D5000F0B585B005460C46006801AB6968AA68F5
:103D60001E46D4F800C0D4F804E0A768C5F800C027
:103D7000C5F804E0AF6007C307CE20606160A260B1
:103D800005B0F0BD2DE9F0410C4649681646804665
:103D9000FFF72AFF98BB73422568D8F8001046EA5F
:103DA00003026368C2F3C012C2F1010705FB02F50A
:103DB00001FB0751C8F8001083B1A668D8F80810B5
:103DC000043E01EB830E56F8045F0C6805FB02F518
:103DD00004FB075441F8044B8E45F4D1D8F8041085
:103DE0008B420CD2D8F8082002EB830302EB81014E
:103DF0001A6807FB02F243F8042B9942F8D1BDE898
:103E0000F08100BF88423BD0F8B50C4649681546A2
:103E10000646FFF7E9FE00B1F8BD71682046FFF7DE
:103E2000E3FE0028F8D16A423168206815437368C0
:103E3000C5F3C015C5F1010705FB01FE07FB01F144
:103E400000FB05113160226802FB07E22260ABB182
:103E5000A268B168043A01EB83060B6852F8040FBC
:103E600007FB03F405FB03F300FB054041F8040BDB
:103E7000B142106800FB07331360EED10020F8BD9B
:103E80000020704770B50E4601210546FFF7ACFED5
:103E9000044688B96A680146A86892001EF008FFC7
:103EA000002E86EAE671AA68B4BF4FF0FF33012303
:103EB000A1EBE67111602B60204670BD4368B1EB49
:103EC000431F0AD283684A0901F01F0053F82230C9
:103ED00023FA00F000F0010070470020704700BF97
:103EE000012A22D8F8B5436805464F091646B1EBBA
:103EF000431F0C4602D392B91046F8BD04F01F01CF
:103F0000AD680124002055F8273006FA01F204FAC2
:103F100001F123EA01031A4345F82720F8BD791C73
:103F2000FFF762FE0028E9D0F8BD6FF0030070478C
:103F300003464068A0B170B49D680026043D314638
:103F400055F8044F002203E0202A01F1010108D0B6
:103F500024FA02F3013213F00103F5D0084670BCD5
:103F600070470136B042EBD11846F8E74368DBB141
:103F7000013B1ED080689A0050F82310B1B902446A
:103F800002E052F8041D89B9013BFAD101682023EF
:103F900000204FF0004202E00130202803D00A4206
:103FA0004FEA5202F8D01B1A184670475B012033C3
:103FB000EEE7826820231168EAE700BF08B5FFF743
:103FC000D5FF0730C00808BDF8B50C4612F0030154
:103FD0004368174618BF0121064601EB92059D4232
:103FE0000BD0FFF7EDFD0023012229463046736018
:103FF0003260B360FFF7F8FDD0B900213046FFF71B
:1040000041FFB0B99FB1B268E1190546EB0011F864
:10401000014DAE08013503F01803AF4204FA03F373
:1040200052F8264043EA040342F82630EED1F8BDA8
:10403000F8BDF8BDF8B514460D460746FFF796FFE4
:104040000730C608B44217D32246002128461EF086
:104050002FFE7EB12A1900239808B968DC000133CD
:1040600051F8205004F01804B34225FA04F402F881
:10407000014DF1D10020F8BD6FF00700F8BD00BF81
:10408000F8B50D460646FFF771FF72682B186C09EC
:1040900005F01F05B3EB421F34D8DCB173689C42B6
:1040A0003CD26FF04042B0681A4400EB840700EB4A
:1040B0008303121B00EB820252F8041943F8041D1B
:1040C000BB42F9D1234600EB8303002243F8042DC1
:1040D0009842FBD1A5B17068844211D2B268002128
:1040E000C5F1200602EB840302EB8004186800FA95
:1040F00005F20A4320FA06F143F8042B9C42F5D15D
:104100000020F8BD13F01F01304618BF012101EB5C
:104110005311FFF769FD0028BFD0F8BD002BD9D09F
:10412000B068D0E7F0B443684D099D4205D8CA068F
:1041300001F01F0605D09D4203D10021F0BCFFF71E
:10414000A1BECDB15A1B0BD08468214604EB850477
:1041500001EB820754F8045B41F8045BB942F9D1E2
:10416000934209D98168002401EB820201EB8301AB
:1041700042F8044B9142FBD18EB183B18468C6F101
:104180002005002004EB830353F8041D21FA06F2F6
:104190009C4242EA000201FA05F01A60F4D10020C4
:1041A000F0BC7047436870B473B16FF040448268EC
:1041B0001C4452F8245002EB84021DB11BE052F85B
:1041C000044DC4B9013BFAD14A68002A46D06FF0C9
:1041D00040448D68144455F8243005EB84011BB12C
:1041E0003EE051F8044D94B9013AFAD1181C18BFB9
:1041F000012070BC70474A684AB36FF040448D6834
:10420000144455F8246005EB8401002EECD09A424A
:104210001DD39A421ED8BBB16FF0404481681C4444
:10422000A20051F8240055F8244011442A44844245
:104230000DD307D90EE051F8044D52F8040D844215
:1042400005D807D3013BF6D1184670BC7047012052
:1042500070BC70474FF0FF3070BC70471046C8E725
:104260000023D6E72DE9F04F5C6887B00134119D3B
:10427000AC4272D8129C2668002E6ED01F460C46A7
:1042800093468246AA003046002102931EF010FD9C
:104290002368D7F80480129A4345126828BF434622
:1042A00004920393B8F1000F54D008F101030026E3
:1042B00015469B00019602EB03090593019E2A46D1
:1042C000DAF80830DBF8001053F8264033460F6860
:1042D0002E680133039807FB0467109E0193234661
:1042E000FFF7CCFA06FB07F702992A463B46404601
:1042F0008968FFF7C3FA002345F8044B49F8043FE7
:10430000019B9845DAD1059B049A043B1A44049218
:10431000059A0499DAF808001EF0C6FC029C504683
:104320002146FFF73FFF002809DB4046DAF8082066
:10433000A168FFF775FA002007B0BDE8F08F129B67
:104340004046DAF808101A68FFF76AFA002007B04A
:10435000BDE8F08F04230593DAE76FF00300EBE785
:10436000436870B473B16FF0404482681C4452F8E3
:10437000245002EB84021DB11EE052F8044DDCB95A
:10438000013BFAD14A6882B16FF040448E68144410
:1043900056F8243006EB84041BB150E054F8045D59
:1043A000BDB9013AFAD11BB91A46104670BC704724
:1043B000026870BC104670474A68002AF8D06FF057
:1043C00040448E68144456F8245006EB8404002DB3
:1043D000E7D09A42ECD39A4225D802680968002AAD
:1043E00001DD002929DB002901DD002A22DB002B69
:1043F000DAD06FF0404480681C44A10050F824508B
:1044000056F8244008443144AC42CED307D90FE0DB
:1044100050F8045D51F8044DA542C6D808D3013BBD
:10442000F6D11A46C1E70A68524270BC104670477E
:104430005242BAE74FF0FF32B7E70122B5E7002357
:10444000C9E700BF0B4610B583EAE37284B0002BC6
:104450004FF00104A2EBE37201A9B4BF4FF0FF33A8
:10446000234602940092CDF80CD00193FFF778FF19
:1044700004B010BD90422DE9F041074664D0884257
:10448000144603D0FFF71EFC0646C8B90123656831
:104490003B6075B16FF04042A3682A4453F8221084
:1044A00003EB820319B10EE053F8041D59B9013D25
:1044B000FAD138460021BDE8F041FFF795BB06462A
:1044C0003046BDE8F08129463846FFF78DFB0646A9
:1044D0000028F5D1A068B6463446B968043800E033
:1044E000C6460B680EF1010850F8042FE418144476
:1044F0002CBF0123002341F8044BA24294BF1C4669
:104500005C1C45450A46EBD8002CD9D00EF10205BB
:104510004FEA88080BE01368013508F104082344CA
:10452000A34242F8043B34BF01240024C8D26B1ECE
:1045300079689942EFD829463846FFF755FB00289D
:10454000BDD1BA684244E6E70C469FE72DE9F04149
:10455000884684B00546114640461746FFF722FEBE
:10456000002838DB00230122AF4201AE0192029302
:10457000039325D0A84505D041462846FFF7A2FB66
:104580000446B0B9012378682B6010B36FF0404344
:10459000B968034451F8232001EB83031AB104E006
:1045A00053F8042D0AB90138FAD1AA680024FFF79C
:1045B00037F93046FFF704FB204604B0BDE8F08130
:1045C00039463046FFF77EFB04460028F1D13746D6
:1045D000D0E7B968E9E76FF00900EEE7F8B50E68D3
:1045E0000746136803FB06F3002B04DBFFF742FFCB
:1045F00000B93E60F8BD0D46114614462846FFF747
:10460000D1FD002807DB224629463846FFF79EFFEA
:104610000028EED0F8BD2A4621463846FFF796FF1F
:104620000028E7D176423E60F8BD00BFF8B50E68BD
:104630000746136803FB06F3002B0EDD0D461146FB
:1046400014462846FFF7AEFD00280CDB224629461B
:104650003846FFF77BFF20B1F8BDFFF70BFF0028BE
:10466000FAD13E60F8BD2A4621463846FFF76EFF74
:104670000028F1D176423E60F8BD00BF134630B548
:10468000002B85B083EAE3744FF0010501AACDF851
:104690000CD0A4EBE374B4BF4FF0FF332B4602956C
:1046A00000940193FFF79AFF05B030BD134630B573
:1046B000002B85B083EAE3744FF0010501AACDF821
:1046C0000CD0A4EBE374B4BF4FF0FF332B4602953C
:1046D00000940193FFF7AAFF05B030BD2DE9F04F1C
:1046E000074689B0002301208F4291460290059031
:1046F00003930493069307935ED002AB884601931D
:104700004F450DF1140B60D0D8F804507DB16FF017
:104710004042D8F808302A4453F8221003EB8203B1
:1047200019B104E053F8042D0AB9013DFAD1D9F8C2
:1047300004407CB16FF04042D9F80830224453F86D
:10474000221003EB820319B104E053F8042D0AB9D7
:10475000013CFAD129193846FFF746FA824648B19A
:104760005846FFF72DFA0198FFF72AFA504609B08C
:10477000BDE8F08F01463846FFF784FB82460028EB
:10478000EED18CB16FF040462644B600D9F808301F
:104790002846BA689B593244D8F80810FFF76EF8DB
:1047A000013CA6F10406F1D1D8F80020D9F8003078
:1047B00003FB02F33B60D3E702A80190FFF782FA04
:1047C000824658B9DDF804809AE739465846FFF723
:1047D00079FA82460028C3D1D94695E70DF1140B2A
:1047E000BEE700BF8B1E0E2B00F2D3802DE9F04FE9
:1047F0000C468BB04FF00009012605461046924644
:104800000F460496CDF81490CDF818901EF058FA83
:10481000102C804632D049462846FFF733FB01462C
:1048200000283DD1B8F1000F00F0AD8083460DF1B6
:104830001009BBF1000F00F0AF801AF80B20A2F1B5
:104840003004A2F14101E0B2092888BFFF24052904
:10485000A2F1610198BFA2F13704052998BFA2F126
:104860005704A7421FD86FF0050148460191FFF792
:10487000A7F9019908460BB0BDE8F08FB0F1804F61
:1048800080F084808100284611F01C0F14BF33464D
:104890004B4603EB5111FFF7A7F90146002831D031
:1048A0000DF11009E1E703AB294607AA4846079630
:1048B000089609930397FFF711FF01460028D4D10A
:1048C0002B6807AA4946012B10D003AB2846039456
:1048D000079608960993FFF7A9FE01460028C4D160
:1048E0000BF1010BD845A4D10021BEE70793284660
:1048F000089303AB03940993FFF770FE0146002869
:10490000EED0B2E72846FFF7BDFA01460028C7D12E
:10491000B8F1000F37D00AEB080301938300B8F118
:10492000010F4FEAD00608F1FF3803F01C033CD01A
:10493000019A013012F801ED0192AEF13002AEF1B0
:104940004109AEF1610C5FFA82FBBBF1090F88BF30
:10495000FF22B9F1050F98BFAEF13702BCF1050F88
:1049600098BFAEF15702944202FA03F302D80DF158
:10497000100978E7AA6852F826703B4342F82630BF
:10498000B8F1000FCAD10DF11009ADE76FF00300C7
:1049900071E76FF0030070479AF800202D2A7FF42A
:1049A0004CAF4FF0FF322A609AE79AF800202D2A88
:1049B000BED14FF0FF330DF110092B6055E700BF5A
:1049C00000B585B00123009201AA01930293CDF8AE
:1049D0000CD0FFF783FE05B05DF804FB2DE9F04F26
:1049E000A7B04FF0010B0024814620AE019118467C
:1049F00023A91D4617462094CDF88CB0CDF890B071
:104A00002596FFF7ADFC00286FD029463846CDF833
:104A100050B015941694CDF85CB018941994CDF854
:104A200068B01B941C94CDF874B01E941F94CDF8FC
:104A300080B021942294FFF7B5FBA04220DB0DF15A
:104A4000500839460DF15C0A4046FFF73BF9044631
:104A500080B31AAB0DF1740B00934046FFF7B0F82A
:104A60005046FFF7ADF80098FFF7AAF85846FFF751
:104A7000A7F83046FFF7A4F8204627B0BDE8F08F2E
:104A8000B9F1000F05D021464846FFF7FBF904466F
:104A900038B9019B2BB339460198FFF713F9044647
:104AA000F8B11AAB0DF150080DF15C0A0DF1740B61
:104AB0000093D2E729465046FFF704F90446002840
:104AC000C7D11AAB7968CDF85CB0023118460093B3
:104AD000CDF850B0FFF788F8044648B10DF1740BDB
:104AE000BBE7002027B0BDE8F08F6FF00B00C4E7F4
:104AF00001460098FFF7C6F90DF1740B0446002833
:104B0000ABD102215846FFF76FF804460028A4D124
:104B100003213046FFF768F8044600289DD150462F
:104B2000FFF724FA00F01F001F2800F0C280C0F138
:104B30001F03404619460793FFF7A2FA04460028D0
:104B40008BD107995046FFF79BFA0446002884D181
:104B5000159B5046189A0293013B0392013A049325
:104B60009B1A05925A010A9311460692FFF788FA9A
:104B7000044600287FF471AF0A9B9B001C460BE0A3
:104B8000DDF870E05EF8043001334EF80430FFF7D2
:104B90004DFD002840F08F8051464046FFF7E0FB76
:104BA0000028524641464046EADA06995046FFF749
:104BB000B9FA044600287FF450AF05986FF04042E0
:104BC0006FF078438F4980000E94CDF83C900A90A6
:104BD000029810970244034401440A98119504383E
:104BE0008900CDF808A00C9003980391121A1B1AA3
:104BF00092005B0114460693049B059A934240F28F
:104C0000AE80039B16990433199A0A980D93125893
:104C1000CB581C9D9342C0F085804FF0FF332B5141
:104C20002B5913AF039A0133DDF83490043ADDF8C1
:104C300008A02B510B922DE0199B0C9A9A580A99B7
:104C4000026023AA5B5859461C9D436058462B5965
:104C500001252597239513932495FFF73FFD0146E2
:104C600058BB3046FFF70EF928BB049A229BAA4294
:104C7000169D01D00B9AA858039A314618605846E1
:104C8000AA585A6055F809209A60FFF769FB002876
:104C900015DD1C9D2B5900215846013B2B51FFF778
:104CA000F1F840B9059B1F98002BC5D1059A199BB7
:104CB000C5E707944CE70446CFE60446CDE61C9BC7
:104CC0000125514623AA1B595846CDF808A0239523
:104CD000139324952597FFF701FD002840F08D8060
:104CE00006995846FFF7CCF9002840F086805A46CE
:104CF00041464046FFF79AFC00287ED1139023A935
:104D00004046239524952597FFF72AFB00285FDB73
:104D1000049B043C013B0493069B203B06930B9BA6
:104D2000039369E703982F190858AAB10993002340
:104D30000893DDE9089A4B4649EA0009484651467E
:104D40001DF092FF00234FF0FF328B4208BF8242DA
:104D500000D21046386063E74FF0FF30FAE7DDF825
:104D60003C900E9C109F119DDDF808A0B9F1000F3A
:104D70000BD000994846FEF7A5FF00289BD12B6871
:104D80003A6803FB02F3C9F80030019B002B3FF4A3
:104D900064AE07994046FFF7C5F900288BD13B6800
:104DA0004146019F14933846FEF78CFF002882D1BC
:104DB000012513AB139023A93846239524952593F9
:104DC000FFF7CEFA00287FF448AE3D60044644E683
:104DD00002995846FEF776FF78B906995846FFF7CC
:104DE0004FF950B95A4641464046FFF7F7FB20B904
:104DF0001C9A1359013B13518AE7DDF808A00446B9
:104E00002BE600BFFEFFFF3F70B51C4684B00126B5
:104E100084EAE475002C01AB0296A5EBE475B4BFFF
:104E20004FF0FF343446CDF80CD000950194FFF7D5
:104E3000D5FD04B070BD00BF2DE9F04184B0002560
:104E4000012604468846104601A917460296CDF869
:104E50000CD08DE86000FFF783FAA8422ADB4246B7
:104E600028463B462146FFF7B9FD00BB054602E058
:104E7000FFF7B4FBD8B901A920460296CDF80CD0B3
:104E80008DE86000FFF76CFA00283A46214620467C
:104E9000EEDB02E0FFF7CAFB48B939462046FFF7D0
:104EA0005FFA00283A4621462046F3DA002004B093
:104EB000BDE8F0816FF00900F9E700BF131E15D0BF
:104EC00017DB012B30B4044604D0022B06D030BCD3
:104ED000FEF744BE0020206030BC70478B68002085
:104EE0001B6803F00103236030BC70476FF00B00B8
:104EF00070476FF0090070478B1E0E2B44D82DE9C8
:104F0000F04186B0164607460C460A46014601A8FF
:104F1000FFF7D4FF20BB4FF0010802AD014603AB01
:104F20003A4638460294CDF80C80CDF810800595AD
:104F3000FFF754FD034698B903A938460293CDF80C
:104F40000C80CDF810800595FFF70AFAA0B9019BF7
:104F5000092B08D9326837330020511C3160137097
:104F600006B0BDE8F081326830330020511C31605A
:104F7000137006B0BDE8F081214638463246FFF78F
:104F8000BBFF0028E3D0EBE76FF00300704700BFE2
:104F90002DE9F0438C1E85B00E2C00F282800C4669
:104FA00080461D461646FEF7E1FF032C25DC431C18
:104FB000033003F001031844A84275D8D8F8002044
:104FC000002301210096013202930191039360D0E6
:104FD000102C17D001AF41463846FEF773FE054648
:104FE00000283FD1019B013358D021466A463846FC
:104FF000FFF782FF054658B334E04008102C08BF85
:105000004008D4E7D8F8041009B36FF040400027F7
:10501000DFF8A0E00844800004235D1ED8F80820D3
:10502000CC184FEAC50C135823FA0CF303F00F0CFD
:1050300013F0FF034FEA23131BD1D7B9022C18D06A
:105040002B46002DE9D10139A0F10400E4D101AFD4
:10505000009B0022591C154600911A70009B9E1B54
:105060000C9B1E603846FEF7ABFD284605B0BDE838
:10507000F083009A01271EF8033002EB07091EF89F
:105080000C40CDF800901370009BDA1900921C7050
:10509000D6E772182D230092337099E7012301930C
:1050A000A3E76FF00300E1E70C9B18606FF00700C7
:1050B000DCE700BFC411002083681B68DB0729D52B
:1050C0002DE9F04186B00546144F03240DF1080880
:1050D000012608E0FFF7F2FEA0B9019BABB157F83B
:1050E000044F002C0EDD03A9284602940396049673
:1050F000CDF81480FFF734F900282246294601A88C
:10510000E8DC012006B0BDE8F0816FF00D0006B0CC
:10511000BDE8F0816FF00D00704700BF28540260B9
:105120002DE9F04FA7B04FF0000801259A4617ACC3
:105130000590079118461AA90692CDF85C801A9539
:105140001B951C94FFF70CF94045309E40F3E88016
:10515000DAF808301F68FA0740F1E2801AA90698C9
:10516000CDF85C801A951B951C94FFF7F9F8002880
:10517000C0F2D680BD1C03236D0005F008053D4438
:1051800005FB07F2013BC2F1020202FB05F5F7D174
:105190004FF0010B194630221AA80F931DAC109343
:1051A0001293139315931693CDF838B0CDF844B0FD
:1051B000CDF850B01DF07CFDDAF80430059803EB13
:1051C0000B084146FEF710FD8146F0B111AF0DF11D
:1051D00050082046FEF7F4FC2046FEF7F1FC384666
:1051E000FEF7EEFC4046FEF7EBFC2EB1B3681BB1B8
:1051F000484627B0BDE8F08F0DF1380B5846FEF752
:10520000DFFC484627B0BDE8F08F41462046FEF758
:10521000EBFC11AF814610B10DF15008D9E74FEA10
:1052200048013846FEF7E0FC81460028F4D1079B90
:105230000DF150081B680893013374D0002E00F064
:10524000B980B368002B7BD00DF1380B30687168E2
:105250005B46B26807C3DDF81C9051464846FFF72D
:105260007FF80028C0F28180494652462046FFF769
:10527000E3FD81460028ACD16B42129813A91A466F
:1052800007930291534600920FA9019010AA20465D
:10529000FEF7E8FF814600289BD159460598FEF7A6
:1052A00011FD8146002894D113A926AA129B0DA8AE
:1052B000029101250799DDF814B0009118A942F870
:1052C000340D5846019353460B920D95179518953A
:1052D000FEF7C8FF814600287FF47BAF5A4603469D
:1052E00006980832406809925A46CB46A1460432D5
:1052F00004460A92BBF1000F00F097800BF1FF3BD0
:10530000069A926852F8245025FA0BF505F001052B
:1053100085F00102002B63D1002A61D00023E9E768
:105320006FF0030065E707994046FEF7CBFC814626
:1053300000287FF44EAFCDF81C80CDF850B07DE74B
:105340000DF1380B01215846FEF79CFD8146A8B1AE
:105350002046FEF735FC2046FEF732FC3846FEF7C5
:105360002FFC4046FEF72CFC40E707992046FEF74D
:10537000A9FC814600287FF42CAF7DE7DAF8041001
:1053800058468901FEF77CFE814600287FF421AF54
:10539000524659465846FFF74FFD814600287FF494
:1053A00018AF002E3FF457AF5B4607CB30607160FB
:1053B000B26050E70DF1380B01215846FEF762FD4F
:1053C00081460028DAD02046FEF7FAFB2046FEF799
:1053D000F7FB3846FEF7F4FB4046FEF7F1FB0DE71E
:1053E000012B00D132BB129813AA0799534602929F
:1053F00000910190099A0A990598FEF733FF38BB8E
:105400006900129A13AB0598294401921AAA079DC4
:105410000293534602EB8101009501F10802043129
:10542000FEF720FFA0B9012364E7A4B1013C4FF0CF
:105430001F0B65E7129813AA079953460292009131
:105440000190099A0A990598FEF70CFF0028EAD006
:105450004C468146BDE613A9129B4FF0010E0DADDF
:1054600002914C46079901935346009118A90B9A53
:1054700005981995CDF834E0CDF85CE0CDF860E002
:10548000FEF7F0FE814600287FF4A3AE089B0133AF
:105490007FF49FAE069A5368002B3FF49AAE936850
:1054A0001B68DB077FF595AE059A089910461160D9
:1054B0005146FFF793F881468BE600BFB1F5007FB8
:1054C0001BD870B5ADF5007D154606460A460C465C
:1054D00018466946A847054640B168464FF4007132
:1054E0000CF03CFB28460DF5007D70BD2246304691
:1054F0006946FEF769FD0546EFE76FF00300704768
:105500002DE9F04F00239BB00124054609938846FE
:105510000A9301460C9391460D9317AA0F9308A87E
:105520001093129313931593169307AB08940B944F
:105530000E94119414940794179418941993FFF7E8
:1055400075F88346002837D1099F8FB10A9E01461E
:10555000043E56F8044F002203E0202A01F1010125
:1055600025D024FA02F3013213F00103F5D00F46DF
:105570000BAE08A93046FEF7A5FB834618B314AB63
:1055800011AC0DF1380A029308A8FEF719FB30465A
:10559000FEF716FB5046FEF713FB2046FEF710FB06
:1055A0000298FEF70DFB58461BB0BDE8F08F0130A6
:1055B000B842CED11F46DBE714AB0BAE11AC0DF1F8
:1055C000380A0293E0E739463046FEF7ABFD8346E2
:1055D0000028D4D12846FEF7C9FC40F21353984264
:1055E00016D840F25133984200F2C88040F2892325
:1055F000984200F2C680B0F5AF7F80F0CD80F928E8
:1056000000F2CD80962834BF1B231223049301E0BF
:1056100002230493002311AC0397059369684B465A
:10562000424620468900FFF749FF8346002840F0A4
:105630009D8008A92046FEF793FE002810DB204637
:10564000FEF794FC824608A8FEF790FC0AF10101DF
:10565000091A2046FEF766FD8346002840F0868042
:10566000139A4FF0200A039F136843F0030313605B
:1056700069684B46424620468900FFF71FFF002815
:1056800073D12046FEF772FC834608A8FEF76EFC35
:10569000834563D8BAF1010A08A920466BD0FEF70A
:1056A0005FFE0028E4DA012317A920460793179329
:1056B000189307AB1993FEF753FE0028D8DD14ABFF
:1056C000039714AF3246009321462B46204602979B
:1056D000FFF726FD834600284AD108A92046FEF799
:1056E0003FFE002850D0012317A9204607931793A7
:1056F000189307AB1993FEF733FE002844D0039BA1
:10570000012B50D94FF0010A039F19E00EA8FEF7B4
:10571000E5FF2A460EA9002859D12046FFF78CFB49
:1057200017A9002853D101232046079317931893F4
:1057300007AB1993FEF714FE002833D0574531D03C
:105740000EAB08A920460AF1010A0393FEF708FEF2
:10575000224621460028D9D1039729E0C0EB0B014E
:105760002046FEF7DFFC002894D0834614AB02935A
:105770000DF1380A08E76FF00D0015E703230493D5
:1057800048E70423049345E7059B049A01339A42B2
:1057900005937FF443AFEBE7082304933AE70C2328
:1057A000049337E7039708A92046FEF7D9FD58B9B7
:1057B000012317A9204607931793189307AB199352
:1057C000FEF7CEFD0028DFD16FF00D0BD0E7DDF83E
:1057D0000CA08346D8E600BF2DE9F0478EB0002329
:1057E0000124074605A815460294059408940393DE
:1057F00004930693079309930A93FEF763FA70B133
:10580000824608AC02A8FEF7DBF905A8FEF7D8F936
:105810002046FEF7D5F950460EB0BDE8F08708AC3B
:1058200029462046FEF74EFA82460028EAD1DDF8E6
:1058300018E0BEF1000F00F0D780079E0146043E3D
:1058400056F8045F002204E0202A01F1010100F073
:105850009E8025FA02F3013213F00103F4D0099E71
:10586000C6B10A9B4FF0000CA3F1040E60465EF82F
:10587000045F002204E0202A00F1010000F08D8086
:1058800025FA02F3013213F00103F4D0814228BF5C
:1058900001460E46314605A8FEF744FC8246002824
:1058A000B0D131462046FEF73DFC82460028A9D102
:1058B000012381460DF104081D46089305930BA9A9
:1058C00005A8CDF804900B950C95CDF83480FEF723
:1058D00047FD00287AD00699A1B1079B4FF0000A36
:1058E000A3F1040C50465CF804EF002203E0202AE8
:1058F00000F1010040D02EFA02F3013213F001034F
:10590000F5D0014605A8FEF70DFC824600287FF47D
:1059100079AF099991B10A9B8646A3F1040A5AF816
:1059200004CF002203E0202A0EF1010E2AD02CFA27
:1059300002F3013213F00103F5D071462046FEF761
:10594000F1FB824600287FF45DAF214605A8FEF7F3
:1059500007FD002828DB05A922460846FEF7F6FDCC
:10596000824600287FF44EAF012105A8FEF7DAFB3E
:1059700082460028A3D045E70AF1010A5145B2D179
:105980001946BFE701308842C9D11946D6E7013030
:1059900086457FF455AF194661E70CF1010CB4451B
:1059A0007FF465AF1E4675E705AA21462046FEF73F
:1059B000CDFD824600287FF425AF01212046FEF769
:1059C000B1FB824600283FF47AAF1BE73146204600
:1059D000FEF756FB824600287FF414AF3846214676
:1059E000FEF770F982460DE7714638E72DE9F04F72
:1059F000A5B001270E4614461EAD009021A9104601
:105A00001E97219722972395FEF7AAFC002840F3C2
:105A1000148100232246314606A80A930B930D9366
:105A20000E93109311931393149307930893169363
:105A3000179319931A931C931D931F9320930997FF
:105A40000C970F9712970697159718971B971E9705
:105A5000FFF7C2FE034660B30DF1240A0CAE0DF150
:105A600054080DF160090FAA0DF1480B01921BAF0C
:105A700050460093FEF7A4F83046FEF7A1F80198CF
:105A8000FEF79EF85846FEF79BF806A8FEF798F832
:105A90004046FEF795F84846FEF792F83846FEF77E
:105AA0008FF82846FEF78CF8009B184625B0BDE815
:105AB000F08F05AB21A906A805972197229723937C
:105AC000FEF74EFC10B16FF00D03C5E70DF1240A8F
:105AD000314622460CAE5046FFF7AEF90346002889
:105AE000BDD151463046FEF7EDF80DF1540803469E
:105AF0000028B6D121464046FEF7E4F80DF16009D2
:105B000003460028AFD121464846FEF7DBF803469E
:105B10000028A8D10FAB39460DF1480B1846019368
:105B2000FEF7B0F903460028A1D101465846FEF71A
:105B3000A9F91BAF034600289AD101463846FEF763
:105B4000A1F90346002893D101212846FEF79AF9CE
:105B5000034600288CD10394019C02900E9B1B6885
:105B6000DA0726D46CE0FEF7DDFA42463946002813
:105B700061D11D9B38461B68DB0703D4209B1B6843
:105B8000DB070AD5FEF72AFD52462946002852D1E6
:105B90002846FEF74BFD00284DD101213846FEF77F
:105BA000C1FA0121002846D12846FEF7BBFA002899
:105BB00041D11A9B012148461B68DB07D3D54946D2
:105BC0003046FEF7CDFB002864DB4A4631463046BE
:105BD000FEF72CFD00282ED13A4621462046FEF73E
:105BE00025FD40BB2A4659465846FEF71FFD10BB0F
:105BF000029B21A93046059301232193229305ABF3
:105C00002393FEF7ADFB0028A8D1039C0290029BD2
:105C100021A93846059301232193229305AB2393B1
:105C2000FEF79EFB002822463946384624DAFEF766
:105C3000D5FC0028EBD003461AE76FF0030035E7E8
:105C400001213046FEF76EFA0028F4D1119B1B6843
:105C5000D80735D4149B1B68D90731D401212046BD
:105C6000FEF760FA0028E6D101215846FEF75AFAFD
:105C700000283FF473AFDEE721463846FEF770FB9D
:105C8000002822463946384629DBFEF7CFFC00289B
:105C9000F2D0D0E7324649464846FEF7C7FC002816
:105CA000C9D1224639463846FEF7C0FC0028C2D189
:105CB0005A4629462846FEF7B9FC002898D0BAE78C
:105CC000424621462046FEF789FC0028B3D15246C1
:105CD00059465846FEF7AAFC0028BFD0ABE700980B
:105CE000FDF7F0FF0346C3E62DE9F04188B04668B2
:105CF00080680124002301AD0F46049005A902A885
:105D00009046039602940594069401930795FEF736
:105D100027FB38B305A902A80194059406940795BA
:105D2000FEF71EFBF0B1022305A902A80594069414
:105D300007950193FEF714FB18B9002008B0BDE8E1
:105D4000F08102A8FFF7B8F920B10128F5D008B01A
:105D5000BDE8F0814246394602A8FFF7D1FB08B002
:105D6000BDE8F0816FF00D00E8E700BF2DE9F04FCE
:105D700040F6FD77A1F1030E8DB0BE45169E00F2F0
:105D8000C68011F01F0A02924FF001021D464FF02B
:105D90000003044618BF92468B4607930AEB511A3C
:105DA0000893DFF890914FEA8A0706924FEA4A1A61
:105DB000A7F104080197C1EB0A03039333462A466F
:105DC00001992046FFF77AFBB0B9A36853F8082081
:105DD0004A45F3D9D3451AD3D3F800E03246029F9F
:105DE00029464EF0010C2046C3F800C0BFB9FFF7AA
:105DF0007BFF10F10E0FE1D0034606AF384601934A
:105E0000FDF7DEFE019B18460DB0BDE8F08F03994B
:105E10002046FEF787F90028EED1A368DCE74EF0B4
:105E200003070322214604A81F60FDF797FE0346DF
:105E300000286AD1049B002B6CD0012B55D006AFF3
:105E400021463846FDF73EFF03460028D6D1012102
:105E50003846FEF767F903460028CFD14FF00C0A09
:105E60004FF001080DF1140922E013F10E0F09AAF9
:105E700021462046C2D1CDF814A0CDF82480CDF81B
:105E80002880CDF82C90FEF7A9FB03460028B5D159
:105E9000062309AA394638460593CDF82480CDF863
:105EA0002880CDF82C90FEF799FB03460028A5D159
:105EB0002046FFF701F903460028D6D13846FFF700
:105EC000FBF803460028D0D1324629462046FFF78A
:105ED00017FB03460028C8D1324629463846FFF74B
:105EE0000FFB03460028C0D188E74FF0040E05AF32
:105EF00009AA2146204609930A93CDF814E00B978E
:105F0000FEF76CFB0346002899D006AF76E76FF0EA
:105F1000030079E70820012305AF09AA059021466F
:105F2000204609930A930B97FEF758FB0346002877
:105F3000EBD184E733F304B52DE9F04F9FB0002394
:105F4000012482467E4A06A81021069409940C94E6
:105F50000F94129415941894079308930A930B9333
:105F60000D930E9310931193139314931693179309
:105F700019931A93FEF736FC20B3834609AC0CAD97
:105F80000FAE15AF0DF160080DF14809BAF1000F21
:105F90002AD106A8FDF714FE2046FDF711FE28467B
:105FA000FDF70EFE3046FDF70BFE4846FDF708FEF6
:105FB0003846FDF705FE4046FDF702FE58461FB085
:105FC000BDE8F08F09AC5F4A10210CAD2046FEF70A
:105FD00009FC834640B30FAE15AF0DF160080DF11B
:105FE0004809BAF1000FD4D0594657481CF030FE8A
:105FF00006A8FDF7E5FD2046FDF7E2FD2846FDF782
:10600000DFFD3046FDF7DCFD4846FDF7D9FD38469B
:10601000FDF7D6FD4046FDF7D3FD0A201CF038FE03
:1060200058461FB0BDE8F08F484A102128460FAEF1
:10603000FEF7D8FB834628B115AF0DF160080DF1CE
:106040004809A3E72A4606A9304615AFFEF746FBE6
:10605000834620B10DF160080DF1480996E73C4AEE
:1060600010213846FEF7BEFB83460028F2D1BAF174
:10607000000F19D139463046FEF772F938B10DF1EB
:1060800060080DF1480906A84FF0010B82E70DF1F9
:1060900048092B4606AA30464946FEF79FFC834630
:1060A00020B30DF1600874E72A481CF0D1FD394691
:1060B0003046FEF755F948B10DF160080DF1480979
:1060C00025481CF0CDFD4FF0010B8DE70DF148097F
:1060D00022481CF0C5FD2B46494606AA3046FEF76D
:1060E0007DFC834608B30DF160087DE71C4A102152
:1060F0003846FEF777FB83460028D2D10DF16008C1
:10610000184A10214046FEF76DFB834600287FF4B5
:106110003DAFBAF1000F40F0B18039463046FEF78E
:106120001FF908B34FF0010B33E70D4A1021384631
:10613000FEF758FB83460028E0D00DF1600825E704
:10614000CC140020501500201C180020D41500206D
:10615000381600201817002080140020301400206A
:10616000341700205817002041464846FEF7F8F83B
:10617000002888D1CDF800A02B46224606A930463B
:10618000FEF7CEFF834600287FF403AF724A10214A
:106190003846FEF727FB834600287FF4FAAE3946DF
:1061A0003046FEF7DDF800287FF46DAF2A4606A9D9
:1061B0003046FFF71BFC834600287FF4EAAE674AAF
:1061C00010213846FEF70EFB834600287FF4E1AE2F
:1061D00039463046FEF7C4F800287FF454AF604BD0
:1061E0000022C346B8462F4625461C46029254F864
:1061F000081C3046FDF746FE0346002840F0A58007
:1062000054F8041C4846FDF73DFE4A460346314615
:10621000002840F09A8006A8FFF7DEFA1BA9034683
:10622000002840F0928022680123039006A882EAA9
:10623000E27E002A1C9305ABAEEBE27EB4BF4FF0CA
:10624000FF3201221D93CDF814E00C341B92FEF7AF
:1062500087F8039B00286BD1029A0132032A02922D
:10626000C5D12C463D464746D8469B46BAF1000F5D
:106270003FF48FAE3B481CF0F3FCB9E63A481CF003
:10628000E7FC39463046FEF76BF800287FF418AF7C
:1062900041464846FEF764F8834600287FF410AF75
:1062A00030481CF0DDFCCDF800B02B46224606A994
:1062B0003046FEF735FF834600287FF495AE264A28
:1062C00010213846FEF78EFA834600287FF45EAE32
:1062D00026481CF0BDFC39463046FEF741F8002840
:1062E0007FF4EEAE1F481CF0BBFC2A4606A93046E0
:1062F000FFF77CFB834600287FF476AE174A102117
:106300003846FEF76FFA834600287FF43FAE184800
:106310001CF09EFC39463046FEF722F800287FF438
:10632000CFAE10481CF09CFC12481CF091FC56E7C4
:106330002C463D464746D846BAF1000F3FF4A3AE7F
:1063400002990D481CF084FCBDE62C463D464746AC
:10635000D8469B461AE600BF44180020A418002027
:10636000D056026030140020B8170020D417002047
:10637000F0170020081900200C1800202DE9F00368
:106380000B680468496840686340214D4840C3F386
:10639000074705EB136155FA83F605EB10682F44A8
:1063A00091F80011C3F3072C96F8006298F80033B7
:1063B00055FA80F897F8009346EA0166C0F307277C
:1063C00098F80011C0F3074846EA09462F4441EA0D
:1063D000036115F8083015F80C0041EA034197F8FD
:1063E000003246EA0020146841EA032380EA336160
:1063F000506883EA314381EA3321634080EA010532
:1064000083EA312182E82200BDE8F003704700BF33
:10641000EC5602604FF48A7200211CF049BC00BFA8
:1064200018B14FF48A710BF099BB70472DE9F04F0A
:10643000C5B01646041D0746019240220D460021B4
:106440000DEB02001CF034FC20464FF48872002152
:106450001CF02EFCC02E00F01B82B6F5807F00F0F1
:106460001782802E04D06FF0230045B0BDE8F08F76
:1064700003234FF004094FF0150810263B6000235A
:1064800002936A1E0DF13F010023013312F8010F40
:10649000B34201F8010FF8D3019BC02B00F0038237
:1064A000744904AD4FF0CC0C4FF07F0E66279E234D
:1064B0000020CDF80CC04FF08B0BF4464FF0900A43
:1064C000BE463B222F46A026054608461946CC2349
:1064D0000CE0067A0830417890F802E090F803C0AA
:1064E0000279437990F806A090F807B009040837BC
:1064F0001B0441EA066604A943EA026346EA0C0269
:1065000043EA0B0342EA0E2243EA0A2341F835200C
:10651000013547F8043C062DDBD14022002120A89C
:106520001FAD1CF0C5FB0DF161060DF141000378B4
:10653000043010F8051C1B0410F8022C43EA016318
:1065400010F8031CB04243EA020343EA012345F872
:10655000043FECD120A924A851F8043BCA68814229
:1065600083EA0203CB61F7D104A92AAA28A827ADA0
:10657000FFF704FF2AA806A928AAFFF7FFFE29466D
:106580002BA851F8042F51F8203C884283EA0203DB
:106590000B60F6D12AAA08A928A8FFF7EFFE28AABF
:1065A0002AA80AA9FFF7EAFE019B802B12D923A98A
:1065B00051F8042F0B698D4283EA02030B62F7D175
:1065C0000CA92EAA2CA8FFF7D9FE2CAA2EA80EA93A
:1065D000FFF7D4FE029B0121219A0DF1C00E4FEA74
:1065E000031A254B0D46319203EB0A07209B239A91
:1065F00076463093229B33923293C5EB05130135D7
:10660000E1B103F01F033199309AC3F120009A40A1
:10661000C1404A403261319A32999A40C1404A4061
:106620007261329A33999A40C1404A40B261309ABD
:106630003399C24001FA03F35340F361052D06F18B
:1066400010060AD017F8011FC5EB05130135002904
:10665000D7D1052D06F11006F4D1029943AF8B0076
:106660001A4603937346511800224FEA011B03494F
:10667000594407E0EC5A02601C5B02603C5B02601C
:1066800011F9012F561C02D0186844F822009F42CD
:1066900003F10403F4D1019B802B42D9249B0AF11E
:1066A000040C8649764630930F25269B8C44259A08
:1066B0003293279B3192339305F01F031CF8012B73
:1066C0000F35C3F12001C2B13098319A9840CA40C9
:1066D000424032613198329A9840CA4042407261D9
:1066E0003298339A9840CA404240B2613398309A07
:1066F00000FA03F3CA405340F3614B2D06F1100634
:10670000DAD10BF113016E4A44A87346114411F912
:10671000012F551C02D01D6844F8225004339842C2
:10672000F5D1289B0AF1090C644D0122299976467E
:106730002A98AC44309315462B9B31913393C5EB8B
:10674000051332900135E2B103F01F033199309AFD
:10675000C3F120009A40C1404A403261319A3299D7
:106760009A40C1404A407261329A33999A40C1407E
:106770004A40B261309A3399C24001FA03F3534060
:10678000F361052D06F110060AD01CF8012BC5EBAC
:1067900005130135002AD7D1052D06F11006F4D1D5
:1067A0000BF12802464973460A4401E012F9019FA1
:1067B000B9F1FF3F02D0196844F829109F4203F154
:1067C0000403F3D1019B802B43D92C9B0AF10C05C8
:1067D0003A4977462D9A0F260D4430932E992F9BD8
:1067E00031923291339306F01F0315F8012B0F36C7
:1067F000C3F12001C2B13098319A9840CA4042405A
:106800003A613198329A9840CA4042407A6132984F
:10681000339A9840CA404240BA613398309A00FA9D
:1068200003F3CA405340FB614B2E07F11007DAD146
:106830000BF13B02224B44A81A4412F9013F591CA8
:1068400003D0DEF8001044F823100EF1040E70455A
:10685000F3D10298039A430011461A4A03440144B3
:106860001B0102EB810203F1D0008033204423445A
:1068700001E012F9018FB8F1FF3F02D054F828105F
:10688000196004339842F4D1002045B0BDE8F08F80
:106890000423019A4FF0FF394FF019083B600123A0
:1068A000D6080293EDE50DF14F030DF1570113F8F2
:1068B000012FD2438B421A72F9D1F1E51C5B0260C1
:1068C0003C5B0260DC5B02602DE9F041C6B00C4627
:1068D000154600214FF48A72804601A81CF0E8F9A1
:1068E0002A46214601A8FFF7A1FD0746002842D10C
:1068F000019B02A808F1140E08F11C02A3F1040682
:10690000C8F80030B6FA86F67609F31CF6009B014B
:1069100006F1160100EB030CC358DCF80400ACF1DF
:106920000805C8F80430ACF11003C8F80800DCF81A
:106930000840DCF80C00C8F80C40C8F810009C684F
:106940000139D86802F1080242F8104CA3F108039B
:1069500042F80C0CF3D17342153605EBC3030EEB72
:10696000C606A3F1B800A83B07C853F8043CB060C2
:10697000F1603261736101A84FF48A710BF0EEF897
:10698000384646B0BDE8F0812DE9F04192F805C0E7
:106990001D4692F804E084B0547A4FEA0C4792F80E
:1069A000088000F1140647EA0E6C5178240492F82E
:1069B00007E0537B090444EA08674CEA0E0E947919
:1069C0001B0492F800C092F80C804EEA042E41EAB3
:1069D0000C6C8168D47A43EA08638EEA010ED17B9D
:1069E0003C43977A0B43D17844EA0724C7684CEAC2
:1069F000010192F80EC092787C4043EA0C230769AB
:106A000041EA022142687B40076881EA020CCDF826
:106A100004E002940393CDF800C0002F4BD034461D
:106A2000B84619E0206B40340099019A0840039B56
:106A300082EAF072019254F80C0C1043484002991B
:106A4000009054F8042C1A434A40029254F8081C4F
:106A50000A4083EAF273039302AA2146684608F1CA
:106A6000FF38FFF78BFC6A4604F1080102A8FFF724
:106A700085FC02AA04F110016846FFF77FFC6A4614
:106A800004F1180102A8FFF779FC02AA04F1200121
:106A90006846FFF773FC6A4604F1280102A8FFF775
:106AA0006DFCB8F1000FBDD106EB8716029C039B6D
:106AB000103E9DE800503268002084EA02070297E9
:106AC0003C0E726853400393B168F2688CEA01018E
:106AD000EB718EEA0202EF704FEA116EE9720E0C52
:106AE000EA73090A85F808E06E724FEA126E160C16
:106AF000A972120A85F80CE0190E6E73AA731E0CA7
:106B000029711B0A390C6E713A0AAB712C706970CD
:106B1000AA7004B0BDE8F0812DE9F047160784B0F3
:106B20000C9C0D9D59D1174680468A461E4669BB6E
:106B300042B303F1FF392068EE466168A268E3685A
:106B4000AEE80F002B46002122464046FFF71CFF0F
:106B50006B1E494605F10F0E13F8010F11F8012FB6
:106B6000734582EA00021A70F6D1EE46103F04F136
:106B7000100405F11005BEE80F0030607160B260CE
:106B8000F360D8D1002004B0BDE8F087002AF9D026
:106B9000013C03F1FF3949466A1E04F1100E14F856
:106BA000010F11F8013F744583EA000302F8013F29
:106BB000F5D12B462A4651464046FFF7E5FE2868A8
:106BC0006968103FAA6805F1100555F8043C30606B
:106BD0007160B260F360DED1D4E76FF02500D2E7D8
:106BE0002DE9F047089E9A4681461C68DDF824800E
:106BF0000A9FA9B17AB1013F15465CB3315D621CB1
:106C000018F8013B013D83EA010307F8013F3355C2
:106C100002F00F04F1D1CAF800400020BDE8F0876F
:106C2000002AF8D0154674B1335D611C18F8012BA9
:106C3000013D83EA020307F8013B325501F00F04DE
:106C4000E9D0002CF0D13346324601214846FFF707
:106C50009BFEE9E73346324601214846FFF794FEA2
:106C6000CCE700BF2DE9F84FDDF828909346146873
:106C70000B9FDDF8308089B182461E460D4694B1E7
:106C800019F80420013D17F8013B04F1010483EADF
:106C9000020304F00F0408F8013BF0D1CBF80040E8
:106CA0000020BDE8F88F32464B4601215046FFF7E1
:106CB0006BFE06F1100212F8013D0133DBB21370D6
:106CC000002BDDD19642F6D1DAE700BF2DE9F04F77
:106CD0004FF0000AFDB02022069051461FA80DF18A
:106CE0002C0B0DF13C091BF0E3FF4FEA6A06069BF3
:106CF0000AF00107B41C002B40F046814FEA8418CB
:106D0000E30000240593B04B03EB8615C03303EB7F
:106D100046130793059A29461FA81BF0C5FF424654
:106D20001FA937A8002F40F00C81FFF7CDFD079B6E
:106D3000DC46A64A234402EB040E186859684E4606
:106D40009A681034DB682035ACE80F00DEF80000EC
:106D5000DEF80410DEF80820DEF80C300FC65A46C4
:106D6000394627AB37A8FFF70FFE1022494627A860
:106D70001BF086FF002840F06181202CCAD1069BC1
:106D8000002B40F01C810AF1010ABAF1060FACD1C8
:106D9000069B002B40F0708100230893089B5C1039
:106DA00003F001030593A51C069B002B40F0FB801C
:106DB000AE01874B0FCB8BE80F00854B0FCB89E8DB
:106DC0000F00844BEA001FA803EB44111BF06CFF7B
:106DD000059B32461FA937A8002B40F0E180FFF742
:106DE00073FD04EB440400267B4B03EB0413344691
:106DF00007937A4B5F46079A5D4603EB040C059BAD
:106E000002EB040A4E46CDF82490002B40F0A380FC
:106E100013AD9BE80F0085E80F00DAF80000DAF800
:106E20000410DAF80820DAF80C300FC7DCF800009C
:106E3000DCF80410DCF80820DCF80C300FC627ABB7
:106E40001022059937A8019313ABCDF800B0103488
:106E5000FFF762FE1022494627A81BF011FF002809
:106E600040F0EC80302CC4D1069B0546002B40F04E
:106E7000EC80089B0133062B08938FD1069B002BD7
:106E800040F0068100274FF01009DFF878B13C464A
:106E90004E46DDF818A0059507F001085048013767
:106EA000BAF1000F07D04F494F4BB8F1000F08BFA0
:106EB00019461BF0CDFE250100224C490DF15C0E58
:106EC0000BEB05030A920D4403F5F1630FCB8EE83B
:106ED0000F0095E80F001FAD85E80F00294604EB71
:106EE0004405802237A8FFF7A1FA414B2D01324615
:106EF00027A87C105919B8F1000F40F085801BF0CD
:106F0000D3FE27AB1BAA3146029337A8019317ABD8
:106F100000920AAAFFF7A6FE364B324627A8591957
:106F20001BF0AEFE002840F08980BAF1000F40F05F
:106F30009080062F0BEB840300F09380D3F8086950
:106F4000AAE742461FA937A8FFF770FA1F4BDC4695
:106F5000079A2344EFE699E80F0013AE86E80F0086
:106F6000DCF80000DCF80410DCF80820DCF80C3059
:106F70000FC5DAF800004D46DAF80410DAF80820F8
:106F8000DAF80C300FC55AE7174B4FEA8418154A48
:106F900041461948002F08BF1A461BF059FEAFE6BC
:106FA000FFF744FA1DE70599AE010F4B0D4A134850
:106FB000002908BF1A4631461BF04AFEF9E6104880
:106FC0001BF04EFEDFE600BF045C0260245D026041
:106FD000445D0260545D0260B45D0260445E026024
:106FE000601900200C14002008140020A45E026028
:106FF000D45E0260645F02602819002044190020FA
:1070000030140020EC560260234B324627A8591951
:107010001BF04AFE27AB1BAA3146029337A8019307
:1070200017AB00920AAAFFF71DFE1C4B324627A899
:1070300059191BF025FE00283FF477AF069BFBB9DA
:10704000012528467DB0BDE8F08F15481BF008FEED
:107050000FE713481BF004FE062F0BEB84037FF4AD
:107060006DAF069B059D002BEBD00A201BF010FE98
:1070700028467DB0BDE8F08F0A201BF009FE8BE6A4
:10708000012508481BF0ECFD28467DB0BDE8F08FD7
:107090000A201BF0FDFDF5E6645F0260D45E02602D
:1070A00030140020801400202DE9F04F9BB007938E
:1070B0002A9B0390022BDDF89890289E00F099817E
:1070C000102B00F296812A9BDB0700F19281249B12
:1070D000073B062B00F28D81B9F57F4F00F28981C5
:1070E0002A9BB9F1000F9DF890409246A3F102024D
:1070F0008B4608BF0023C4F10E0118BF402352087D
:10710000C4F10F041AAF43EAC2030DF13900CAB249
:107110000799E4B215460992249A2B43C5F10F054D
:10712000089407F8303D04951BF0BEFD791912AAAA
:107130005346279D02F8013D8A424FEA1323F9D1B5
:107140002795002B40F055810DF137011A4612ACFE
:107150009E46084606910DF147011293139305913F
:107160001493159301E014F801EF10F8013F013278
:107170008EEA0303102A01F8013FF4D112AB0DA8E7
:10718000279500901946039800F0F4FC0446002867
:1071900040F00C81B9F1000F71D04B46C9F30728BC
:1071A0000E940DF13A000E2B7C60BC6028BF0E23BC
:1071B000FC6025991A460A938DF839908DF838802D
:1071C0001BF072FD059B22463846279D194601E0BB
:1071D00010F8018F13F8014F013288EA0404102AD5
:1071E00001F8014FF4D10DAB2795039D009312AB2D
:1071F0002846194600F0BEFC002840F0D7800A9AC5
:10720000B9EB020319463AD01346259ACDF828B0B7
:1072100004461344CDF82CA028960DF15708994642
:10722000AB46DDF818A00E46102E354649463846C6
:1072300028BF10253C607C602A46BC60FC601BF0C7
:1072400033FD5046059911F8012F10F8013F4145D3
:1072500083EA02030B70F6D10DAB1022584600935F
:1072600012AB194600F086FC002840F09F80761B88
:10727000A944D9D1DDF828B0DDF82CA0289E9DF8CE
:1072800024300DF1680907990DF15900249A09F885
:10729000103D1BF009FD249B0021089A581C48440E
:1072A0001BF006FD01238DF86730BAF1000F58D0AE
:1072B0000DF15708279D5446102C28BF1024BBF110
:1072C000000F21D1294622463846C7F800B0C7F83A
:1072D00004B0C7F808B0C7F80CB01BF0E5FC06987E
:1072E000059911F8012F10F8013F414583EA020387
:1072F0000B70F6D10DAB10220398009312AB194618
:1073000000F038FC002851D10DAB102249460398FB
:1073100000933B4600F02EFC002847D103461AAAF2
:10732000295C1A44013312F8302CDBB24A409C42EB
:1073300032541846F3D8BBF1010F3AD0049B2644CF
:107340002544C4EB0A0A1AAA09EB030112F8013D0D
:107350000133DBB213700BB99142F7D1BAF1000FD0
:10736000A9D1049B00224B4419461AAB03F8012D06
:107370009942FBD10DAB49460398102200933B463E
:1073800000F0F8FB90B90DF15701059B069813F832
:10739000014F10F8012F994282EA04021A70F6D1C7
:1073A0002A9A12A929981BF07FFC00201BB0BDE887
:1073B000F08F00233146224638463B607B60BB603D
:1073C000FB601BF071FC0698059911F8012F10F86D
:1073D000013F414583EA02030B70F6D10DAB102249
:1073E0000398009312AB194600F0C4FB0028A5D007
:1073F000DCE76FF00C001BB0BDE8F08F40220021ED
:107400001BF056BC2DE9F0410546174608460122FF
:1074100019461E4600F0A6FAA8B143690446102B8F
:1074200011D1284600F0B6FA2146284600F0C2FAEB
:1074300008B1BDE8F0813246394628460123BDE84F
:10744000F04100F0E3BA6FF00C00BDE8F08100BF3E
:1074500010B5044600F09EFA40212046BDE81040D9
:107460000AF07CBB30B589B0119D9DB106951C46D4
:107470000E9D13460A46109903950D9D05910295A0
:107480000F990C9D049100218DE83000FFF70CFE50
:1074900009B030BD6FF00C00FAE700BFF0B589B05D
:1074A0000F9E119C0E9F109D02960494139E129C99
:1074B000009313460A46002101970395059406960A
:1074C000FFF7F2FD09B0F0BD2DE9F0418CB0884620
:1074D0000121129F08AD139E159C01970296149FDF
:1074E000179E00931346059542460397049406960B
:1074F000169DFFF7D9FD80B996B1014603460CAA47
:10750000695C1A44013312F8102CDBB24A409E42E7
:10751000194640EA0200F2D820B90CB0BDE8F0816B
:107520003046FAE7204641460AF018FB6FF00E009D
:10753000F3E700BFF0B50A9C05AD95E8E0401CB14B
:10754000BDE8F040FFF7C0BF6FF00C00F0BD00BF1A
:107550002DE9F04FA5B040220021814614A81BF070
:10756000A7FB14A88023534A0221FFF74BFF00BB5F
:10757000514F082304264FF0010A089307F10C032A
:1075800007F130053446099307F118034FF0070B54
:10759000B8460A9307F124030B93B9F1000F67D1A2
:1075A00096B9B9F1000F7FD10124204625B0BDE87E
:1075B000F08FB9F1000FF7D0012440481BF048FBD1
:1075C000204625B0BDE8F08F0CAF3D4B0899224610
:1075D00003933B19029114A83A49059301910021A4
:1075E0000696CDF800B00497374BFFF75DFD0028F5
:1075F000D7D1A219294638461BF042FB0028D0D12A
:107600002A19089805965B462E4E2146019014A82B
:107610000492A6F12402039702950096FFF754FF07
:107620000028BED122463846A6F118011BF028FBDF
:1076300004460028B5D1B9F1000F31D1BAF1030FDA
:1076400005F120051BD0099B0AF1010A58F804BF77
:107650001A4652F8043F08930A9B099253F8044FC4
:107660000A930B9B53F8046F0B93B9F1000F97D05B
:10767000514616481BF0ECFA002E92D0A4E714A84D
:1076800000F088F914A840210AF068FAB9F1000F57
:107690008BD00A201BF0FCFA204625B0BDE8F08F05
:1076A0000B481BF0DDFAC9E70A4801241BF0D8FAA1
:1076B0007BE700BF00600260106002607C19002060
:1076C000AC600260C4600260A0600260901900209B
:1076D0003014002080140020891A0BD030B400240C
:1076E000CDB2234601330444DBB2A55499421C4673
:1076F000F8D830BC704700BF48B3F0B4B2FA82F497
:10770000640934BB431813F8016CB6FA86F38F1B77
:107710005B091760B14238BF43F0010389B10138FA
:107720002246974210F8014F02F101028CBF00255A
:1077300001257440914214FB05F443EA0403DBB2D3
:10774000EFD1002B044808BF0020F0BC704703486D
:1077500070470248F9E700BF009EFFFF009FFFFF50
:10776000891A8023012983540BD930B401240025C0
:10777000234601330444DBB2A55499421C46F8D891
:1077800030BC704770B48D1A012D0AD90124013A1A
:107790000026234601330444DBB2A6549D421C4616
:1077A000F8D8084400F8015C70BC704740B3F0B4EE
:1077B000B2FA82F464092CBB4D1E475DB7FA87F319
:1077C000CE1B5B091660B9422CBF194643F001017C
:1077D00085B1013823469E4210F8014F03F10103A1
:1077E0008CBF002201229D4214FB02F241EA0201F9
:1077F000C9B2F0D10029044808BF0020F0BC70478E
:10780000024870470148F9E7009EFFFF009FFFFF15
:107810008A4206D202440144002302F8013B8A4214
:10782000FBD1704728B1B2FA82F0400908B9116063
:1078300070470148704700BF009FFFFF20B3F0B4BE
:10784000B2FA82F56D090DBB1560D9B146182F4605
:10785000802016F8014D0139002C0CBF3C4647F042
:10786000010484EA0703274601FB03F4254315605E
:10787000347814FB03F34340D8B20029E9D108B9A6
:10788000F0BC70470248FBE7024870470148F7E741
:10789000009EFFFF009FFFFFE0B170B4B2FA82F5D7
:1078A0006D09CDB9156091B108442E4610F8013D1F
:1078B000002B0CBF334646F0010383EA06041E4644
:1078C00001FB04F3013945EA03051560EED1002000
:1078D00070BC7047014870470048F9E7009FFFFF00
:1078E000094803686BB9094A094913782BB141F873
:1078F000043B12F8083F002BF9D1002201230A6053
:1079000003600348704700BFA823012070A90260EC
:10791000E024012070B578B1084C656855B1064681
:1079200001E0656835B13146A86808341BF0A0F95C
:107930000028F6D1284670BD0546FBE770A9026015
:10794000074B5A6852B11978814204D106E013F806
:10795000081F814202D0DA68002AF8D11046704729
:1079600070A9026030B4084C636853B19D69083453
:107970002D788542F8D15D688D42F5D15D789542CC
:10798000F2D1184630BC704770A902604022002135
:107990001BF08EB968B110B50446C06B18B12368EE
:1079A0009B691B6A984720464021BDE810400AF0B9
:1079B000D5B87047E9B170B5B0FA80F406466409ED
:1079C000ACB90D46402221461BF072F9AB69DB6968
:1079D0009847F06378B16B783560022B01D0204670
:1079E00070BD064A2046064BF260336170BD054803
:1079F00070BD04487047044870BD00BFD976006070
:107A0000F9760060009FFFFF809EFFFFF0B130B469
:107A10000468C4B12569AD0712D5012B4260037219
:107A200009D06578033D022D05D963B9A369C06B00
:107A30009B6930BC1847A369C06B5B6930BC1847B1
:107A400065689542E9D0024830BC704700487047ED
:107A5000009FFFFF0346002827D002685278022AC1
:107A600023D1042923D8DFE801F0080E141A0300FB
:107A70000020104AD8601A6170470F4900200F4A51
:107A8000D9601A6170470E4900200E4AD9601A6108
:107A900070470D4900200D4AD9601A6170470C49A2
:107AA00000200C4AD9601A6170470B4870470B4898
:107AB000704700BF25780060D9760060F9760060D5
:107AC000617700603D78006085770060AD77006089
:107AD0001178006099780060009FFFFF809FFFFF92
:107AE000C8B138B50368A3B199B1102A0FD81C6981
:107AF000E4070AD4DD68AA420BD304462A4628309C
:107B00001BF0D2F8A563002038BD1546F5E7034801
:107B100038BD034838BD0248704700BF809FFFFF53
:107B2000009FFFFF28B103681BB100234362184682
:107B300070470148704700BF009FFFFFB0B1036866
:107B4000A3B15B78062B01D00020704730B51546F5
:107B500083B00C46836B90F9081000F12802C06BCB
:107B60008DE8300005F03CFC03B030BD00487047A4
:107B7000009FFFFF2DE9F04F85B00E9D002800F01B
:107B800082800F4604460168002D7CD01646B1FA6B
:107B900081F25209002A76D148782A600128D1F86A
:107BA000149024D0062800F08780B9F1000F00F06F
:107BB000D0809F4298465ED0022826D0032800F04D
:107BC0008480052874D1896904F11402E06B04F102
:107BD0002803CDF808808DE8840004F124020C69A4
:107BE0003146A04700B92E6005B0BDE8F08F4E4584
:107BF0007ED189693A462E604D68E06B94F9081091
:107C0000AC4605B0BDE8F04F604794F90830002B52
:107C10003BD0012B606A03D1C0EB09039E423CD3E9
:107C2000002867D1002E45D0B6FBF9FA09FB1A6A85
:107C3000BAF1000F00F08480CAEB0606524604F148
:107C40001400B9191BF030F8636A53446362002EC4
:107C500030D094F90810226804F12803E06B94698D
:107C600032468DE88001A468A0470028BCD12B686B
:107C70001E442E60B8E7636A2BB9B6FBF9F309FB23
:107C80001363002B98D03448AEE7E368606A002B9A
:107C9000C2D0C0EB09039E42C2D8204432463946C6
:107CA00014301BF001F8636A00201E4466629BE7F3
:107CB0002A4899E7002097E73A463146E06B2E6064
:107CC00005B0BDE8F04F05F051BCD1F818E004F163
:107CD000280294F9081004F12403E06B8DE8840174
:107CE0003246DEF80C40A04700287FF47DAF7AE7EB
:107CF0001B4879E7C0EB090A204439465246143044
:107D00001AF0D2FFA64694F9081004F128035EF891
:107D100014CB4A46E06BDCF818C0CDF800E0CDF893
:107D20000480DCF808B0D84700287FF45DAF2B68EA
:107D3000C8445744CAEB06064B442B60606271E7A7
:107D400094F90810002986D1E368002B83D0CA4635
:107D500072E7044848E700BF009FFFFF809FFFFFD6
:107D6000809DFFFF809CFFFF002872D02DE9F0412D
:107D7000046882B0002A6ED0B4FA84F35B09002B49
:107D800069D165781360EB1E042B1DD9A5F1090399
:107D9000B3FA83F35B09BBB92678483E012E17D9A5
:107DA000012D3DD0022D52D10E4690F90810074604
:107DB000154601290ED06269436A9A4238D0C268DA
:107DC000002A42D1002B40D1002002B0BDE8F08152
:107DD0001846FAE7C3681BB3816B00F11408002949
:107DE00031D07A6A404698473B68F86B99695A697E
:107DF0008C6897F90810019607F12803CDF80080E8
:107E0000A0470028E1D197F90830BBB939683B6930
:107E100001B149692A46304602B0BDE8F041184731
:107E2000436A0E48002B08BF002002B0BDE8F08175
:107E3000A36907F11408C06B9C68DCE73B6803B1D9
:107E40005B692B60C0E7E168CBE70448BDE7044805
:107E5000BBE7044870470348B7E700BF809DFFFFBA
:107E6000809FFFFF009FFFFFB8B130B404688CB162
:107E7000B1FA81F35B096BB990F90850012D09D172
:107E80006478062C02D0184630BC7047C06B30BCFA
:107E900005F0E4BB024830BC70470148704700BFA2
:107EA000009FFFFF60B330B5046885B034B390F92C
:107EB00008501DBB6478062C02D0002005B030BDF0
:107EC000102A1BD80C46C06B6946154605F0C6FB48
:107ED0000028F3D1002DF0D021466C464A1911F844
:107EE000015B14F8013B914283EA050340EA030079
:107EF000C0B2F4D10028E0D00248DFE70248DDE755
:107F000001487047009DFFFF009FFFFF30B585B01F
:107F10001D460446FFF7E4FD60B9F4B12368E3B100
:107F20000A9B2946606220460093089A099BFFF746
:107F300021FE08B105B030BD0A9B204603AA19688E
:107F4000099B1944FFF710FF0028F3D10A9B1A6818
:107F5000039B13440A9A1360ECE7014805B030BD57
:107F6000009FFFFF2DE9F0431D4603689046079EE2
:107F70005B78089F062B099CDDF828E00B9ADDF85A
:107F800030C0DDF8349016D0082B11D1C06B4346B9
:107F900014600A46CDF830902146CDF82CC0CDF8BB
:107FA00028E0099708960795BDE8F043FFF75ABA0D
:107FB0000B48BDE8F083C06B0B46146001212246DC
:107FC000CDF834C0CDF83090CDF82CE00A97099662
:107FD0000895CDF81C80BDE8F04305F0CDBB00BF8F
:107FE000809FFFFF30B51C46036887B05B78062B87
:107FF0001ED0082B19D113460E9AC06B15460C9A49
:108000002A600A460D9D109903950B9D05910295D6
:108010000F990A9D04910C998DE83000FFF78AFAB8
:1080200010F10F0F1CD007B030BD0E4807B030BDA7
:1080300013460E9AC06B15460C9A2A600A46109D8C
:108040000D9903950F9D059102950B990A9D049139
:108050000C998DE8300005F0B7FB10F1120FE2D15A
:108060000148E0E7809FFFFF009DFFFFFAF736BA67
:1080700010B45DF8044BFAF73FBA00BF30B430BC1F
:10808000F9F7F8BE30B430BCF9F780BFF9F70ABC95
:10809000F9F7ECBA13460A46022105F0F1B800BF21
:1080A00013460A460221FFF7ADB900BFFEF76CBCCC
:1080B00010B45DF8044BFEF72FBD00BF30B430BCE8
:1080C000FEF78EBD30B430BCFEF7CCBDFEF7FCBB76
:1080D000FEF7ACB913460A46052105F0D1B800BF3A
:1080E00013460A460521FFF78DB900BF11461A460F
:1080F00000F0EEB811461A4600F062BA10B45DF80E
:10810000044B00F001BA00BF10B45DF8044B00F05E
:10811000A9BC00BF00F0BCBE00F0B4BE00F020BFA0
:1081200000F00EBF00F072BF00F060BF10B5044653
:1081300000F090F82046BDE810401AF0A5BD00BF41
:1081400010B5044600F07AF82046BDE810401AF059
:108150009BBD00BF10B50446FFF77AF92046BDE885
:1081600010401AF091BD00BF10B5044605F064FB45
:108170002046BDE810401AF087BD00BF10B5044688
:10818000FEF74EF92046BDE810401AF07DBD00BF55
:1081900010B50446F9F764FA2046BDE810401AF01D
:1081A00073BD00BF10B54FF4C07101201AF044FD3B
:1081B000044608B100F048F8204610BD10B58021F3
:1081C00001201AF039FD044608B100F033F82046CA
:1081D00010BD00BF10B5402101201AF02DFD04464E
:1081E00008B1FFF70BF9204610BD00BF10B54FF4E2
:1081F000C47101201AF020FD044608B105F03AF8D8
:10820000204610BD10B54FF48A7101201AF014FDFC
:10821000044608B1FEF7FEF8204610BD10B54FF435
:108220008C7101201AF008FD044608B1F9F712FA22
:10823000204610BD802200211AF03ABD10B18021E5
:1082400009F08CBC704700BF4FF4C07200211AF0D7
:108250002FBD00BF18B14FF4C07109F07FBC70474B
:10826000431E0549073013F8012F520883428A5CE8
:108270001A70F8D1704700BFA4B0026010B4431E5A
:10828000084C073013F8012F5108615C914205D169
:108290009842F7D100205DF8044B704701205DF84B
:1082A000044B7047A4B0026070B5084C054604F159
:1082B000800608222046294614441AF0E1FC18B131
:1082C000B442F6D1002070BD012070BD24B102601F
:1082D0002DE9F04F91F805C000F110074D7890306E
:1082E0004FEA0C4691F800E02D0491F804C0CC79D7
:1082F00046EA0C6C8E7845EA0E6ECD784CEA0404A2
:1083000091F806C04EEA05057E4B44EA0C2C45EA7E
:1083100006258CEA151101F00F3185EA01148CEA6B
:10832000010C8CEA144189B28CEA010684EA01410D
:1083300081EA960C0CF0333C81EA0C0186EA8C0C45
:1083400081EA1C2404F0FF148CEA042C61404FEAFB
:10835000FC7581EA050C0CF0AA3C81EA0C0185EA67
:108360000C0C4FEAF17457F8101C103757F81C6CBE
:108370008CEA010E57F8185C86EA3C1657F8141C74
:108380000EF03F0BCEF3052906F03F0ACEF3054869
:1083900003EB8B0BCEF3056E03EB8A0AB842DBF8D6
:1083A00000B103EB8909DAF800A203EB8808D9F8D9
:1083B000009303EB8E0E8BEA0A0BD8F800A4C6F3E9
:1083C0000528DEF800E58BEA090BC6F3054903EB47
:1083D0008808C6F305668BEA0A0B03EB8909D8F80F
:1083E00000A603EB86068BEA0E0ED9F80087D6F8B6
:1083F00000688EEA0A0E8EEA080E8EEA060684EA05
:10840000060485EA040581EA3411C5F3052905F05F
:108410003F08C5F3054AC5F3056503EB890901F07B
:108420003F0E03EB8808C1F30526D9F8009303EB50
:108430008A0AD8F8008103EB8505DAF800A403EB7B
:108440008E0E89EA0808D5F80055C1F30549C1F335
:10845000056188EA0C0CDEF800E203EB81018CEA8E
:108460000A0803EB8606D1F800C803EB890988EAFD
:108470000508D6F80066D9F8005788EA0E0181EAA7
:10848000060181EA050181EA0C0C7FF46CAF4FEA2A
:108490007C0C002084EA0C0303F0AA3384EA030175
:1084A0008CEA030C4FEA71048CEA142303F0FF13E7
:1084B00084EA03218CEA030C8CEA910303F0333342
:1084C0008CEA030C81EA830383EA1C4189B28CEABB
:1084D00001444B4083EA141101F00F314B4084EA10
:1084E00001110C0ED1701E0ED3710D0C1470090AFF
:1084F00016711C0C55701B0A917054719371BDE874
:10850000F08F00BFA4B002602DE9F043560783B09E
:108510000A9C0B9D51D1012916460746994628D041
:108520001AB303F1FF3820686B4661682A4603C31B
:1085300021463846FFF7CCFE6A1E434605F1070E7A
:1085400012F8010F13F8011F724581EA0001117042
:10855000F6D16B46083E04F1080405F1080503CB8B
:10856000C9F80000C9F80410DDD1002003B0BDE84F
:10857000F083002AF9D0013C03F1FF3841466A1E1E
:1085800004F1080E14F8010F11F8013FA64583EA23
:10859000000302F8013FF5D12A462946384608353E
:1085A000FFF796FE55F8082C55F8043C083EC9F82C
:1085B0000020C9F80430E1D1D7E76FF03100D5E7EA
:1085C0002DE9F04F96464B794A7883B006460D78F0
:1085D000120401901B0400F1100A087942EA0565B3
:1085E000CA7806F1900C43EA0060CB792A438D7873
:1085F0000343887942EA0525AF4C43EA002383EA26
:10860000151101F00F314B4085EA011283EA124146
:1086100089B283EA010082EA014181EA900303F012
:108620003333594080EA830381EA132202F0FF12B8
:1086300083EA022351404FEAF37281EA020303F016
:10864000AA33594053404FEAF1715AF8100C0AF11D
:10865000100A5AF81C5C58405AF8186C85EA331511
:108660005AF8142C00F03F0BC0F3052705F03F0823
:10867000C0F3054904EB8B0BC0F3056004EB8808DD
:10868000D445DBF800B104EB8707D8F8008204EB8F
:108690008909D7F8007304EB80008BEA0808D9F841
:1086A00000B4C5F3052988EA0708D0F8007504EB83
:1086B000890988EA0B00C5F30548C5F3056580EA1A
:1086C000070004EB8808D9F8007604EB850580EAFA
:1086D0000700D8F80077D5F8005880EA070080EA4C
:1086E000050081EA000181EA06004FEA3115C0F376
:1086F000052800F03F06C0F3054782EA050204EBB7
:108700008808C0F3056004EB8606D8F8008304EB04
:108710008707D6F8006104EB8000D7F8009402F0D8
:108720003F0788EA0608D0F80005C2F3052604EBE7
:10873000870788EA0303C2F30548D7F8007204EB01
:10874000860683EA090304EB8808D6F80066C2F3BC
:10875000056283EA0003D8F8000704EB820283EA8B
:108760000703D2F8002883EA060383EA000383EABA
:1087700002037FF46AAF019A02F5887A01E04FEABA
:1087800031155CF80C2C0CF1100C5CF8200C5540E9
:108790005CF8186C48405CF8142C05F03F08E24582
:1087A00000F03F0BC0F3052704EB8808C0F3054930
:1087B00004EB8B0BC0F3056004EB8707D8F800824D
:1087C000DBF800B104EB8909D7F8007304EB8000F3
:1087D0008BEA0808D9F800B4C5F3052988EA070828
:1087E000D0F8007504EB890988EA0B00C5F3054849
:1087F000C5F3056580EA070004EB8808D9F8007620
:1088000004EB850580EA0700D8F80077D5F8005812
:1088100080EA070080EA050083EA000383EA060095
:108820004FEA3315C0F3052800F03F06C0F30547B3
:1088300082EA050204EB8808C0F3056004EB8606B3
:10884000D8F8008304EB8707D6F8006104EB8000BA
:10885000D7F8009402F03F0788EA0608D0F8000530
:10886000C2F3052604EB870788EA0101C2F3054835
:10887000D7F8007204EB860681EA090104EB880848
:10888000D6F80066C2F3056281EA0001D8F8000755
:1088900004EB820281EA0701D2F8002881EA06018E
:1088A00081EA000181EA02017FF469AF019A1E4664
:1088B00002F5C87004E000BFA4B002604FEA3615AC
:1088C0005AF80C3C0AF1100A5AF8207C5D405AF81C
:1088D000182C77405AF8143C05F03F09504507F032
:1088E0003F0BC7F3052804EB8909C7F3054C04EBDC
:1088F0008B0BC7F30567D9F8009204EB8808DBF807
:1089000000B104EB8C0CD8F8008304EB87078BEAEA
:10891000090BDCF80094C5F3052CD7F800758BEA39
:10892000080BC5F3054804EB8C0CC5F305658BEA11
:10893000090B04EB8808DCF800C604EB85098BEA18
:10894000070BD8F80057D9F800788BEA0C0888EAAA
:10895000050585EA070581EA050182EA010283EA45
:108960003113C2F3052802F03F0CC2F30549C2F3EC
:10897000056204EB880803F03F0704EB8C0CC3F39B
:108980000525D8F8008304EB8909DCF800C104EB65
:108990008202D9F8009404EB870788EA0C0CD2F81D
:1089A0000025C3F30548C3F305638CEA0606D7F830
:1089B000007204EB830386EA090C04EB8505D3F807
:1089C000006804EB88088CEA020CD5F80056D8F849
:1089D00000278CEA070383EA050383EA020386EA99
:1089E00003067FF46BAF4FEA7603002081EA0304AD
:1089F00004F0AA3461405C404FEA710284EA122319
:108A000003F0FF1382EA03215C4084EA910303F040
:108A100033335C4081EA830383EA144292B284EAEE
:108A20000241534083EA111202F00F32534081EAAF
:108A30000212110E8EF803201D0E8EF80730140C52
:108A40008EF80010120A8EF80450190C8EF80140AE
:108A50001B0A8EF802208EF805108EF8063003B03F
:108A6000BDE8F08F2DE9F043560783B00A9C0B9DBB
:108A700051D1012916460746994628D01AB303F169
:108A8000FF3820686B4661682A4603C32146384692
:108A9000FFF796FD6A1E434605F1070E12F8010F17
:108AA00013F8011F724581EA00011170F6D16B467F
:108AB000083E04F1080405F1080503CBC9F80000DD
:108AC000C9F80410DDD1002003B0BDE8F083002A0E
:108AD000F9D0013C03F1FF3841466A1E04F1080E4B
:108AE00014F8010F11F8013FA64583EA000302F8CC
:108AF000013FF5D12A46294638460835FFF760FD83
:108B000055F8082C55F8043C083EC9F80020C9F86F
:108B10000430E1D1D7E76FF03100D5E72DE9F04F10
:108B200091F801E008304A7900250F784FEA0E43AA
:108B30000C79120443EA076ECB79CF7842EA0462DB
:108B40008C794EEA07071A4391F802E042EA0424BE
:108B5000CB4E47EA0E2383EA141202F00F32534041
:108B600084EA021283EA020101F010314B405140C5
:108B7000C1F3436E0A0F03F00F04C3F3036C06EB5B
:108B8000820206EB8E0ED2F8408906EB840406EBD7
:108B90008C0CDEF840E95F0FD4F80099C1F3430272
:108BA000DCF8004906EB87074EEA081CC1F3432EA8
:108BB00006EB8208C3F3032244EAC904D7F80099FC
:108BC00006EB8E0ED8F8407944EA091406EB8202CF
:108BD000DEF84099C1F3434E4CEAC708D2F80029A9
:108BE000C3F3034C06EB8E0E44EA820748EA89047D
:108BF000DEF8408906EB8C02C1F3031EC3F3431C6D
:108C000044EA480406EB8E0ED2F80029DEF84089CB
:108C100047EA4202C1F3033E06EB8C07C3F3433C31
:108C2000C1F30351D7F80079C3F3435306EB8C0C1F
:108C300006EB8E0E42EAC717DCF8009906EB8303B9
:108C4000DEF8402944EAC81406EB8101D3F800C9D4
:108C500044EA821447EA8913D1F8402943EA4C13C5
:108C600044EA421223F0704322F07042082D18BFEC
:108C7000012D40F3FA800F2D00F0F7809C0E910E2D
:108C800044EA830341EA820223F0704322F07042F7
:108C9000D90302F400771E0102F480791C0701F069
:108CA000005C4FEA434B06F0105604F080544FEA44
:108CB000833A0BF0805B4FEA834826439C024BEAE1
:108CC0000C0C0AF0006A04F0006E46EA09094CEA4E
:108CD000070C9F0549EA0A0908F002784CEA0E0CD5
:108CE00007F080664FEA930E49EA08084FEA831AB4
:108CF0004CEA06070EF000794FEA432B5E000AF0BB
:108D0000807A47EA09074FEAC32C48EA0A0A06F0C4
:108D1000807E0BF400181E044FEA530B47EA0E0E38
:108D20004AEA080806F400160BF4801B04F48024B9
:108D30004EEA060E4FEAC30948EA0B0B0CF4801CFE
:108D40004FEA830801F400314BEA040B4EEA0C0CA5
:108D500008F4003609F4002E9F0A01354FEA9319F2
:108D60004BEA06084CEA0E0C07F48037560B09F460
:108D7000802948EA07074FEA12184CEA090906F465
:108D800000564FEA131C08F480583E4349EA01019B
:108D90000CF4803C4FEA821E970846EA08080EF45D
:108DA000006E41EA0C0107F400575608140248EA25
:108DB0000E0839434FEA923E06F4806604F480546C
:108DC00040F608090EF4007748EA06060C430EEA5E
:108DD00009094FEA52184FEA522C3E4344EA09016E
:108DE00008F02008970A0CF4806C4FEAC21E46EA8D
:108DF000080607F010074FEAD20941EA0C010EF409
:108E0000807E4FEAD21A46EA070841EA0E0E09F0C0
:108E10000806970C0AF0200A48EA060809F011092A
:108E200007F00407960E4EEA0A0E940048EA070778
:108E300006F002064EEA090E04F00404510D3E430A
:108E40004EEA0404C2F3006701F00201102D46EA65
:108E5000070600F1080041EA040140F8106C40F8F0
:108E60000C1C7FF403AFBDE8F08FDC0ED10E44EA9A
:108E7000430341EA420223F0704322F0704207E7C5
:108E8000A4B0026008B5FFF749FE002008BD00BF8E
:108E900038B50446FFF742FE04F140052046221D86
:108EA00023469C6F083052F8041C083B42F8044CDF
:108EB0000832D3F88440C3F8801050F8041C40F8FE
:108EC000044CA842C3F88410EBD1002038BD00BF89
:108ED000F8B515460C4607461146FFF71FFE05F18B
:108EE000080104F18000FFF719FE3B46A646214623
:108EF00038460022856FAEF1080E0838083344F872
:108F000022500831D0F8845041F8045CDEF800515A
:108F100053F8046C9D67DEF80451DD6757F8225062
:108F2000C3F8FC60C3F8F85054F82260023251F8DC
:108F3000045C202AC1F8F860C1F8FC50DAD1F8BD11
:108F400000B5E1B00A466946FFF7C2FF68464FF434
:108F5000C07108F003FE002061B05DF804FB00BFA3
:108F600000B5E1B00A4601466846FFF7B1FF684622
:108F70004FF4C07108F0F2FD002061B05DF804FB11
:108F800070B516460D4604461146FFF7C7FD05F1BC
:108F9000800006F10801FFF7C1FD06F1100104F59C
:108FA0008070FFF7BBFD29462046A4F180052346CB
:108FB0000A46D3F87841083B083908301460083273
:108FC000D3F8844142F8044CD1F800418467D1F8C9
:108FD0000441C467D3F88040C2F8F840D3F8844015
:108FE0009D42C2F8FC40E4D170BD00BF00B5E1B0C5
:108FF0000A466946FFF7C4FF68464FF4C07108F09F
:10900000ADFD002061B05DF804FB00BF00B5E1B02C
:109010000A4601466846FFF7B3FF68464FF4C07141
:1090200008F09CFD002061B05DF804FB0021802267
:109030002DE9F04FADF5697D0E468246DFF82C93A1
:1090400008A802ACDFF8288319F032FE28A84FF4F4
:10905000C072314619F02CFE771006F0010BBAF100
:10906000000F0FD07A1C002FBC48C2EBC2020CBF0D
:1090700020213321BBF1000F0CBF4B464346D200E9
:1090800019F0E6FDB64A731E92E8030084E8030077
:10909000042B00F29080DFE813F089007D0071005E
:1090A0000500400188AD28A9AE4A2846FFF768FFB1
:1090B00028464FF4C07108F051FD42F2107503E0EC
:1090C000FFF706F9013D0BD02246214608A8002FE4
:1090D000F6D02246214628A8FFF772FA013DF3D1C7
:1090E000BBF1000F40F000819F490822204601EBB0
:1090F000C70119F0C5FD002840F00981BAF1000F41
:1091000040F0F4800136062EA6D1BAF1000F40F0EF
:1091100020814FF0000B0DF1180804AD4FEA6B07EA
:109120000BF00109BAF1000F10D07A1C002F8F4B01
:10913000C2EBC2028E4E0CBF202133218D48B9F103
:10914000000F18BF3346D20019F082FD8A4A0BF196
:10915000FF3392E80300503A88E8030085E80300F3
:1091600092E8030084E80300042B00F2AC80DFE8FF
:1091700013F0A500AF0072002700E40088AD28A816
:10918000784A2946FFF7A4FE28464FF4C07108F03C
:10919000E5FC92E788AD28A9724A2846FFF798FEB9
:1091A00028464FF4C07108F0D9FC86E76D4908A83D
:1091B000FFF7B4FC81E76B4908A8FFF769FE7CE77D
:1091C00088AE28A9674A3046FFF7DAFE30464FF4EA
:1091D000C07108F0C3FCB9F1000F4AD142F2107619
:1091E00004E00094FFF790F9013E0FD043460822B7
:1091F000394608A80194002FF3D043460094082272
:10920000002128A8FFF72EFC013EEFD15B49082280
:10921000204601EBC70119F033FD002877D1BAF1E0
:10922000000F40F086800BF1010BBBF1060F7FF4BD
:1092300075AFBAF1000F40F0A98008A8802108F0AE
:109240008DFC28A84FF4C07108F088FC50460DF53D
:10925000697DBDE8F08F88AE28A8424A3146FFF705
:1092600037FE30464FF4C07108F078FCB9F1000FBA
:10927000B4D042F2107988AE11E00094FFF744F9BF
:10928000B9F1010995E8030086E8030094E80300BA
:1092900085E8030096E8030084E803002AD04346EB
:1092A0000822012108A80194002FE6D0434600942B
:1092B0000822012128A8FFF7D5FBE1E7294908A8E2
:1092C000FFF72CFC87E7274908A8FFF7E1FD82E7B5
:1092D00088AE28A9234A3046FFF7FAFD30464FF4FE
:1092E000C07108F03BFC76E72549FEE6254819F0F9
:1092F000B7FC07E795E80300234B082284E8030046
:1093000003EBC701204619F0BBFC002887D0BAF157
:10931000000F41D14FF0010A8FE788AD28A8114A0C
:109320002946FFF72DFE28464FF4C07108F016FCC1
:10933000C3E6144819F094FC75E788AE28A8094ADA
:109340003146FFF71DFE30464FF4C07108F006FCB1
:1093500041E70A2019F09CFCDBE600BF2C1C002032
:1093600024BA02602CBA026044BA026008140020D9
:109370000C140020441C002074BA026094BA0260ED
:109380005CBA0260301400207CBA02600A204FF000
:10939000000A19F07DFC50E702484FF0010A19F06D
:1093A0005FFC4AE7801400200B6870B5D41A012CCA
:1093B00015DD1C789E1C5B78921B0E6043EA04242A
:1093C00094420CDC0D4622463146FAF7FDFD18B9F1
:1093D0002B681C442C6070BDA0F5445070BD014842
:1093E00070BD00BF80CFFFFF70B586B006460D464A
:1093F0006846FAF7DDFB03A8FAF7DAFB68460221B4
:10940000FAF740FD044640B16846FAF7D9FB03A8D5
:10941000FAF7D6FB204606B070BD2946022203A803
:10942000FBF744F904460028EED169463046FAF7C6
:1094300097FF002805DB304603A9FAF791FF0028C3
:10944000E2DD014CE0E700BF80CFFFFF7C2200217E
:1094500019F02EBC2DE9F041061D05460C461746B5
:109460003046FFF7A1FF18B103461846BDE8F0816A
:109470003A46214605F11000FFF796FF0028F3D188
:1094800005F134083A4621464046FFF78DFF002893
:10949000EAD140463146FFF7A7FF044608B103462C
:1094A000E3E73046FAF78AFD23462860DDE700BF90
:1094B0002DE9F04F041D87B006468B46204600215B
:1094C00017469846FAF7BEFF00283DD006F11C0962
:1094D0004FF00C0A119B5946109A4846FBF7EEFFD5
:1094E00018B129E0FAF71EFE30BB21464846FAF7CC
:1094F00037FF00284FF001014846F3DABAF1010ABC
:1095000020D02146FFF770FF0028E3D106F14C037D
:1095100006F1280A06F1100B054600934A4650460C
:1095200059462346FBF7FCFD30B921465046FFF76C
:109530005BFF58B1054601E0A0F54655284607B047
:10954000BDE8F08F264DF9E7264DF7E7BB1C204616
:109550000293FAF733FD81465846FAF72FFD029041
:109560005046FAF72BFD4A460390B91C2046FAF7FD
:1095700061FD0028E0D1BB1C4FEA192287F8019059
:1095800058464B443A70029A991C05930491FAF795
:1095900051FD059B0028CFD10299BC1C0498039A69
:1095A00000EB010B090A504604F809100BF1020AFE
:1095B0009DF8084051465C70FAF73CFD0028BBD18D
:1095C000039802998244020A049BC7EB0A075A5483
:1095D0008BF80100C8F80070C6F80090AEE700BF35
:1095E00080CEFFFF80CFFFFF002A18BF0029F8B50B
:1095F0001AD0C8B1071D054616463846FAF762FB71
:10960000044618B1A4F556542046F8BD314605F17C
:109610001000FAF757FB04460028F3D13846FAF752
:10962000CDFC28602046F8BD004CEDE780CFFFFF61
:1096300068B162B110B50468A24206D83430FAF7B6
:10964000C3FC18B1A0F5485010BD024810BD014838
:10965000704700BF80CFFFFF2DE9F04F83B0002897
:1096600053D0B3FA83F46409002C4ED10568AB42A1
:109670004BD8051D06468846214628461F46934678
:10968000FAF7E0FE002840D006F11C044FF00C0968
:109690000D9B41460C9A2046FBF710FF18B12EE0B7
:1096A000FAF740FD58BB29462046FAF759FE002834
:1096B0004FF001012046F3DAB9F101092BD0294618
:1096C000FFF792FE82460028E2D106F14C0306F134
:1096D0002808224606F11001009340462B46FBF76E
:1096E0001FFD60B929464046FFF77EFE08B182465D
:1096F00007E03A4659464046FAF79CFC08B1A0F507
:109700004A5A504603B0BDE8F08FDFF810A050462B
:1097100003B0BDE8F08FDFF808A0F2E780CFFFFFCD
:1097200080CDFFFF2DE9F04F87B000286ED0046890
:1097300094426BD8061D00F1340904460F46484692
:1097400031469846FFF750FE20B10446204607B048
:10975000BDE8F08F03A8FAF72BFA109B002B00F05E
:10976000908004F11C0A04F1700550462946FAF76E
:10977000F7FD00283CD104F1580501212846FAF7ED
:1097800061FE002840F0A5804FF00C0B3046FAF740
:1097900015FC119B0146109A2846FBF78FFE18B165
:1097A0002BE0FAF7BFFC40BB31462846FAF7D8FD5C
:1097B00000284FF001012846F3DABBF1010B00F05D
:1097C000A880FAF73FFE0028E0DD04F1640B324682
:1097D00029465846FCF70AF978B904F14C0033469B
:1097E0005246594600905846FBF79AFC00B304E0F5
:1097F00028465146FAF766FA50B1A0F54C5403A832
:10980000FAF7DEF9204607B0BDE8F08F424C9DE73D
:1098100004F1580501212846FAF734FB0028ECD161
:1098200004F1640B01215846FAF72CFB0028E4D11F
:109830002A46494603A8FAF751FF0028DDD103A9BB
:1098400032460846FBF7F8FA0028D6D104F1400565
:109850004C34524633460094284603A9FBF760FC7B
:109860000028CAD15A4629462846FAF737FF002869
:10987000C3D1324629462846FBF7DEFA0028BCD180
:1098800013E0494603A8FAF71DFA0028B5D104F100
:109890004C0104F14005334604F11C0200912846B6
:1098A00003A9FBF73DFC0028A7D12846FAF786FB61
:1098B000024639462846C8F80020FAF7BBFB0446A2
:1098C00003A8FAF77DF9002C3FF440AFA4F54C54FF
:1098D0003CE72A4629462846FAF700FF00288CD1A3
:1098E000324629462846FBF7A7FA002885D104F11D
:1098F000640B5A4659465846FAF7F0FE00287FF4A2
:109900007CAF324659465846FBF796FA00288FD06E
:1099100073E7024C73E700BF80CFFFFFF2CCFFFF7D
:1099200010B504467030FAF74BF904F16400FAF709
:1099300047F904F15800FAF743F904F14C00FAF73B
:109940003FF904F14000FAF73BF904F13400FAF76B
:1099500037F904F12800FAF733F904F11C00FAF79B
:109960002FF904F11000FAF72BF9201DFAF728F966
:1099700020467C21BDE8104008F0F0B82DE9F04108
:109980008EB006460C4608A8059205F0B7FF05996B
:1099900019B1631813F8013C63B32144302306AABC
:1099A00007A80794F9F796F8B0B1A0F54E5508A8A6
:1099B00006F07AF94DB928460EB0BDE8F08110F5F1
:1099C000845F53D008A806F06FF93046FFF7A8FF70
:1099D00028460EB0BDE8F081079C371D069B07A8FE
:1099E0003A461C442146F9F799F9054698B1A5F580
:1099F0004E55DCE705AA0193009308A8029223467E
:109A00001B4A1C4905F080FF05460028D7D109995B
:109A1000089C0591C1E706F11002214607A8F9F755
:109A20007DF905460028E2D1079B9C4216D00BA881
:109A3000FAF7BEF80BAA214607A8F9F76FF9804696
:109A40000BA8FAF7BDF8B8F1000F02D0A8F54E55F3
:109A5000ADE7079B9C4201D0074DA8E73846FAF7CF
:109A6000ADFA306008A806F01FF9A4E7059994E75D
:109A70005C1C0020781C00201ACCFFFF10B5A0B0A1
:109A800004467C22002101A819F012F96CB9FB22CE
:109A90000F4901A8FFF772FF041C18BF012401A899
:109AA000FFF73EFF204620B010BD0A4819F0D0F85D
:109AB000FB22074901A8FFF761FF044620B10648D1
:109AC000012419F0CDF8EAE7044819F0C9F8E6E7EF
:109AD000ACBA0260981C002080140020C41400203E
:109AE00002F09EB92DE9F0418CB016460546884635
:109AF00003A81F4601F074F93146284601F0AAFD7B
:109B0000044630B103A801F093F920460CB0BDE83B
:109B1000F081139B2846129A03A9019333460092C1
:109B20003A4602F095F804460028EBD103A801F06C
:109B300043FC28B9404603A9FAF7C4F80446E1E714
:109B4000004CDFE780B0FFFF4FF49A72002119F05C
:109B5000AFB800BF08B310B5044601F079F904F1BD
:109B6000880001F065F904F1AC0001F061F904F13D
:109B7000E00001F05DF904F5827001F059F904F19B
:109B80007C00FAF71DF804F1D000FAF719F804F593
:109B90009470BDE81040FAF713B870472DE9F04310
:109BA00085B0002837D0856D0446002D33D000F1F4
:109BB000880699460D9B90460F463246009300F169
:109BC0007C010C9B02F02CF9054618B1284605B023
:109BD000BDE8F0834B46424602A9204601F014FD41
:109BE00020B10546284605B0BDE8F083029B31460A
:109BF000D4F8DC20204608EB0306C3EB090403ABD2
:109C00000194009601F0BCFC0028EAD1029A039B63
:109C100013443B60DAE7014DD8E700BF80B0FFFF97
:109C200070B515460A680C460646AA1A01F0C0FC33
:109C300000B170BD2368224606F1AC013046EB1A34
:109C4000BDE8704001F082BC70B5144605460E4672
:109C500001F058F948B9012C10D0BCB906F18801BF
:109C600005F1880001F036F900B170BD06F17C0104
:109C700005F17C00BDE87040FAF724B806F18801D0
:109C800005F1AC00BDE8704001F024B90048ECE7F4
:109C900080B0FFFF2DE9F04182B01E46DDF824E0E0
:109CA000089BE8B1876D0446D7B100F188071546D7
:109CB0008846CDF800E000F17C013A4602F0B0F8A9
:109CC00010B102B0BDE8F081D4F8DC20434639463B
:109CD00020460996089502B0BDE8F04101F050BC5D
:109CE0000048EEE780B0FFFF30B583B0019170B15E
:109CF00015460C46134600F1AC0101AA01F026FC02
:109D000018B90199091B8D4201D103B030BD01483A
:109D1000FBE700BF80B0FFFF2DE9F04182B0DDF826
:109D200020E0DDF824C040B300F1D0081D461746FE
:109D30000E46CDF804C000F17C03CDF800E04146AA
:109D400000F1AC020446FFF7CDFE10B102B0BDE851
:109D5000F0814046FAF732F9A8420ED8A26D394692
:109D6000404612F0070318BF012303EBD202326012
:109D700002B0BDE8F041FAF75DB90148E6E700BF7F
:109D800080B0FFFFF8B5C46D05460E46084607349F
:109D90001146E4089C4228BF1C462246FAF714F9F3
:109DA0000746C0B9E400E96D8C420DD84C35304609
:109DB0002946FAF7D5FA00280DDB2A463146304607
:109DC000BDE8F840FAF732BC611A3046FAF7AAF952
:109DD0000028EBD007463846F8BD00BF2DE9F04F0C
:109DE000456D97B0DDF88C80002D00F0CA800C46E0
:109DF00005460121184699469346FAF723FB0028A9
:109E000045DB05F14C0648463146FAF7A9FA002829
:109E10003DDA0C230DA8029300F0E2FF04A8F9F745
:109E2000C7FE07A8F9F7C4FE0AA8F9F7C1FECDF8E6
:109E30008C80B046239E0C2702E0FAF703FB50BB50
:109E40000DAA04A900962846229B01F0E9FF42468C
:109E50000DA9D0B92046FAF7EFFFB0B9013F01468E
:109E60002046EAD1484B0DA8029300F0E1FF04A878
:109E7000F9F7A6FE07A8F9F7A3FE0AA8F9F7A0FECE
:109E8000029B184617B0BDE8F08F0346EBE73F484A
:109E900017B0BDE8F08F219B07A9209A2846FFF74D
:109EA00071FF03460028DED14FF01F0AEF6D3346E5
:109EB000229A0AA80737FF083946FBF7FFFA00285D
:109EC000E3D1E96D0AA8C1EBC701FAF72BF901212B
:109ED0000028DAD1BAF1010A0AA850D0FAF7B2FA8A
:109EE000002841460AA8E1DBFAF73AFA0028DDDA51
:109EF0004A4621465846FAF7F1FB03460028B2D1FC
:109F000007A95A460846FAF769FB03460028AAD172
:109F100007A90AAA0846FAF7E1FB03460028A2D1DE
:109F200004A90AAA0846FAF7D9FB034600289AD1E1
:109F3000424604A95846FBF759FD0346002892D132
:109F400007AA59465846FAF7C9FB034600288AD1A2
:109F5000424659465846FAF76FFF0346002882D119
:109F6000029A013A02923FF47DAF014603905846AF
:109F7000FAF768FA039B00283FF45DAF73E70248E5
:109F800080E703487EE700BF00B3FFFF80B3FFFF19
:109F900080B0FFFF2DE9F047B8B0064688469146ED
:109FA0009DF808011F46F46D04F080F9002841D0A7
:109FB0000734824604A8E408F9F7FAFD1FA803F065
:109FC000C5FE07A922463846FAF734F8054648B1D7
:109FD0001FA804F013F804A8F9F7F2FD284638B0DA
:109FE000BDE8F087419B04A9409A3046FFF7CAFEBE
:109FF00005460028ECD107AB224604A81919FAF748
:10A0000019F805460028E3D1630007AA51461FA8A6
:10A0100003F0F4FE084C419A1FAB4099304603937D
:10A020003B4601924A46009141460294FFF7D6FE14
:10A030000546CDE70148D2E7E9DF006080B0FFFFC9
:10A040002DE9F04399B005461F4688460FA8914672
:10A0500000F0C6FE03A8F9F7ABFD06A8F9F7A8FDC6
:10A0600009A8F9F7A5FD0CA8F9F7A2FD6B6D002B67
:10A0700000F0878001212098FAF7E4F9002807DB37
:10A0800005F14C0620983146FAF76AF9002813DBEF
:10A090003D4C0FA800F0CCFE03A8F9F791FD06A8EF
:10A0A000F9F78EFD09A8F9F78BFD0CA8F9F788FDE3
:10A0B000204619B0BDE8F08301212198FAF7C2F9D2
:10A0C0000028E5DB31462198FAF74AF90028DFDA63
:10A0D0003946284601F0BEFA04460028D9D14B463D
:10A0E000424603A92846FFF74DFE04460028D0D17A
:10A0F0003246219906A8FBF779FC04460028C8D10E
:10A1000006AA03A909A8FAF7E9FA04460028C0D16B
:10A1100009A932460846FAF78FFE04460028B8D14E
:10A1200006AA20990CA8FAF7D9FA04460028B0D15B
:10A130000CA932460846FAF77FFE04460028A8D14B
:10A140000CAA019705F12803284600920FA909AA35
:10A1500001F0E2FD044600289BD10FA801F02CF984
:10A16000002895D10FA932460846FAF765FE044645
:10A1700000288ED120990FA8FAF7F2F8002888D08D
:10A1800086E7024895E700BF00B2FFFF80B0FFFFFF
:10A19000F0B5A7B004460F4615461E4605A8F9F7C8
:10A1A00007FD08A8F9F704FD04F17C032046029797
:10A1B000019608AA009505A9FFF7ECFE044640B1F8
:10A1C00005A8F9F7FDFC08A8F9F7FAFC204627B026
:10A1D000F0BD0DF1950326AD08AA0BA945F8883D01
:10A1E0002846F8F719FF061E21DB05AA0BA9284609
:10A1F000F8F712FF002818DB06440BA92846324660
:10A20000F8F76EFE071E14DB0BA928463022F8F77C
:10A21000DDFE031E0FDB3E4404992C981E4432469B
:10A2200018F042FD2D9B1E60CAE70446C8E734467D
:10A23000C6E73C46C4E71C46C2E700BF70B584B021
:10A2400000249DF82450089E009313460A46294690
:10A25000019603940294FFF79BFF04B070BD00BF0A
:10A26000F0B58BB004460E461746109D04A8029325
:10A270001D44F9F79DFC07A8F9F79AFC294602A8A6
:10A28000302303AAF8F726FC50B9029A039B134423
:10A290009D4210D104AA294602A8F8F73FFD60B1FB
:10A2A000A0F59F4404A8F9F78BFC07A8F9F788FCF0
:10A2B00020460BB0F0BD0E4CF4E702A807AA2946D1
:10A2C000F8F72CFD0028EBD107AB20463A46314683
:10A2D000019304AB009304F18803FFF7B1FE044639
:10A2E0000028DFD1029A034B954218BF1C46D9E7DC
:10A2F0001AB0FFFF00B4FFFF70B582B015461E46CE
:10A30000044602F06DFE10B1012002B070BD00964F
:10A310002B4604F1880204F17C01204601F080FD07
:10A32000003018BF012002B070BD00BF70B50546F7
:10A330000E4600F0E7FD044638B906F17C0105F150
:10A340007C00F9F7BFFC044620B1284600F0B2FDBE
:10A35000204670BD06F1880105F1880000F0BAFDC5
:10A3600004460028F1D1F3E700F050BD00F0A2BD93
:10A3700038B54B6E0446A3B303680D46002B29DBAA
:10A380002046F9F7F3FDAB6DB0EB430F27D86B6EAA
:10A3900020469847E8B9043508E0FAF753F82A460A
:10A3A000214660B12046FAF719F990B923680021D7
:10A3B00020468B42F1DB02E0FAF7C8F848B929469B
:10A3C0002046F9F7CDFF00282A4621462046F3DA39
:10A3D000002038BD0021FAF735F80028D0D0044815
:10A3E00038BD0A1D0146BDE83840FAF725BD00BF5B
:10A3F00080B0FFFF2DE9F0410E4686B007460021F0
:10A4000006F118052846FAF71DF810B906B0BDE8A0
:10A41000F0816846F9F7CCFB03A8F9F7C9FB684659
:10A420003A1D2946FBF7E2FA044648B16846F9F7B7
:10A43000C7FB03A8F9F7C4FB204606B0BDE8F081CE
:10A440006A46694603A8FAF749F904460028EDD19F
:10A45000394603A8FFF78CFF04460028E6D1DFF851
:10A46000948003AA31463046D8F800300133C8F84A
:10A470000030FAF733F904460028D7D13946304680
:10A48000FFF776FF04460028D0D1D8F800300C360C
:10A4900003AA013331463046C8F80030FAF71EF9F6
:10A4A00004460028C2D139463046FFF761FF044612
:10A4B0000028BBD1D8F800306A4631463046013317
:10A4C000C8F80030FAF70AF904460028AED1394638
:10A4D0003046FFF74DFF04460028A7D1D8F80030DA
:10A4E000012128460B44C8F80030F9F7CBFC04469C
:10A4F0009CE700BFB01F012070B584B0054601F194
:10A500000C04164601A8F9F753FB291D224601A8A1
:10A51000FAF78CF8054668B901462046F9F792FF2C
:10A5200001A900280CBF002206F001022046F9F71D
:10A5300029FC054601A8F9F743FB284604B070BD85
:10A540002DE9F04FBD4C8DB006468846236868461D
:10A55000154601332360F9F72BFB03A8F9F728FB15
:10A5600006A8F9F725FB09A8F9F722FBB369002B28
:10A5700000F0FA802A46294603A8FAF7AFF8044605
:10A5800078B16846F9F71CFB03A8F9F719FB06A890
:10A59000F9F716FB09A8F9F713FB20460DB0BDE843
:10A5A000F08F314603A8FFF7E3FE04460028E8D108
:10A5B000DFF88C92032203A96846D9F800300133F2
:10A5C000C9F80030FAF7FCF904460028D9D1371D44
:10A5D00004E0F9F7BBFF04460028D2D139466846AB
:10A5E000F9F7BEFE00283A4669466846F1DA06F1F8
:10A5F000100A00215046F9F725FF002840F032816B
:10A6000005F10C0A06A852465146FAF767F80446C7
:10A610000028B6D1314606A8FFF7AAFE0446002856
:10A62000AFD1D9F80030012106A80B44C9F8003099
:10A63000F9F726FD044628B1A3E7F9F787FF04469A
:10A6400000289ED1394606A8F9F78AFE06A90028F7
:10A650003A460846F1DA0A4603A82946FAF73EF8D0
:10A66000044600288DD1314603A8FFF781FE044639
:10A67000002886D1D9F80030012103A80B44C9F87D
:10A680000030F9F7FDFC044630B17AE7F9F75EFFD8
:10A69000044600287FF475AF394603A8F9F760FE39
:10A6A00003A900283A460846F0DA06AA09A8114686
:10A6B000FAF714F8044600287FF463AF314609A87E
:10A6C000FFF756FE044600287FF45BAFD9F8003050
:10A6D000012109A80B44C9F80030F9F7D1FC044660
:10A6E00030B14EE7F9F732FF044600287FF449AF56
:10A6F000394609A8F9F734FE09A900283A46084660
:10A70000F0DA6A46694606A8F9F7E8FF0446002829
:10A710007FF437AF314606A8FFF72AFE044600282B
:10A720007FF42FAFD9F8003006A903AA01330846F9
:10A73000C9F80030F9F77AFF044600287FF421AF0A
:10A74000069B002106A88B4280F2E980F9F77AFE89
:10A750003A4606A9002800F0E28006A8F9F73EFF75
:10A7600004460028ECD00CE705F1180203A81146B6
:10A77000F9F7B4FF044600287FF403AF314603A87D
:10A78000FFF7F6FD044600287FF4FBAEDFF8B0903B
:10A7900003AA294606A8D9F800300133C9F80030C9
:10A7A000F9F71CFF044600287FF4EBAE371D05E0E7
:10A7B000F9F7CCFE044600287FF4E3AE394606A83C
:10A7C000F9F7CEFD06A900283A460846F0DA03AAB2
:10A7D000294609A8F9F72AFF044660B1D1E6F9F73E
:10A7E00031FE3A4609A958B109A8F9F7F7FE04461F
:10A7F00000287FF4C6AE099B002109A88B42EEDB3E
:10A8000009AA06A903A8F9F769FF044600287FF4FE
:10A81000B8AE314603A8FFF7ABFD044600287FF42D
:10A82000B0AED9F80030032203A968460133C9F855
:10A830000030FAF7C5F8044650B1A2E6D01801205E
:10A84000B01F0120F9F782FE044600287FF499AE7C
:10A8500039466846F9F784FD00283A466946684655
:10A86000F0DACDE605F1180203A81146F9F736FF34
:10A87000044600287FF485AE314603A8FFF778FD33
:10A88000044600287FF47DAED9F8003003AA06A85C
:10A89000DFF8E0B101331146C9F80030F9F71EFFC7
:10A8A000044600287FF46DAE314606A8FFF760FD30
:10A8B000044600287FF465AEDBF80030524606A956
:10A8C00003A80133CBF80030F9F708FF044600284D
:10A8D0007FF457AE314603A8FFF74AFD044600282F
:10A8E0007FF44FAEDBF8003003AA694668460133B7
:10A8F000CBF80030F9F772FE044630B141E6F9F7C3
:10A9000025FE044600287FF43CAE39466846F9F738
:10A9100027FD00283A4669466846F0DA70E606A93F
:10A9200003AA0846F9F782FE044600287FF429AE00
:10A93000069B002106A88B420BDAF9F783FD3A4605
:10A9400006A930B106A8F9F749FE04460028EFD061
:10A9500017E603A906AA0846F9F768FE0446002888
:10A960007FF40FAE039B002103A88B420BDAF9F7AB
:10A9700069FD3A4603A930B103A8F9F72FFE044652
:10A980000028EFD0FDE503A96A460846F9F7A6FEC0
:10A99000044600287FF4F5AD314603A8FFF7E8FC34
:10A9A000044600287FF4EDADD9F8003003A909AAC8
:10A9B00001330846C9F80030F9F738FE044600288C
:10A9C0007FF4DFAD039B002103A88B420BDAF9F77C
:10A9D00039FD3A4603A930B103A8F9F7FFFD044653
:10A9E0000028EFD0CDE505F11802514609A8F9F786
:10A9F00075FE044600287FF4C4AD314609A8FFF770
:10AA0000B7FC044600287FF4BCADD9F80030012122
:10AA100009A80B44C9F80030F9F732FB04460028B6
:10AA20007FF4AFAD394609A8F9F79AFC09A90028C7
:10AA30003A46084605DBF9F789FD04460028F1D0BF
:10AA40009FE506A94046F9F73DF9044600287FF442
:10AA500098AD03A908F10C00F9F734F90446002871
:10AA60007FF48FAD08F1180009A9F9F72BF9044616
:10AA700087E500BFB01F01202DE9F04F012A8DB0FE
:10AA8000019140F2138180460C211046144618F0C3
:10AA9000D3F805460090002800F00E8103A8F9F7CE
:10AAA00087F806A8F9F784F809A8F9F781F8019E54
:10AAB000284631681831F9F705F98346002840F037
:10AAC000DC8005F10C0A7D4F012556F8042FAAF110
:10AAD0000C01504601351832DFF8E091F9F7FEFD20
:10AAE00041468346002840F0C88050460AF10C0ACF
:10AAF000FFF73EFC8346002840F0BF803A68AC4236
:10AB000002F101023A60E0D104EB4405009B08F138
:10AB1000040203A8AD00A5F10C011944FAF766FF81
:10AB20008346002840F0A980A5F11806019A009BF1
:10AB3000671E02EB840A4D461E44002F00F09680EB
:10AB4000324603A906A8F9F7C9FD8346002840F05C
:10AB50009480414606A8FFF70BFC8346002840F08E
:10AB60008C80D9F8003003A95AF8042C0133084628
:10AB70001832C9F80030F9F7B1FD834600287CD1BE
:10AB8000414603A8FFF7F4FB8346002875D12B68E4
:10AB900001332B6006AA09A81146F9F79FFD8346E9
:10ABA00000286AD1414609A8FFF7E2FB8346002846
:10ABB00063D1D9F8003009AA5AF8041C01330846B9
:10ABC000C9F80030F9F78AFD8346002855D141467F
:10ABD0005AF8040CFFF7CCFB834600284DD15AF8F5
:10ABE000041C09AA2B680C31013308462B60F9F7C5
:10ABF00075FD8346002840D15AF8040C41460C30BC
:10AC0000FFF7B6FB8346002837D15AF8041C06AA82
:10AC10002B680C31013308462B60F9F75FFD834642
:10AC200058BB5AF8040C41460C30FFF7A1FB834691
:10AC300018BB2B68D8F8081001335AF8040C2B60A5
:10AC4000F9F702F88346C0B95AF8040CD8F808108E
:10AC50000C30F8F7F9FF834678B95AF8040D0C3E2A
:10AC60001830F8F7ADFF47B1013F66E703A906A822
:10AC7000F9F728F8834600288CD003A8009EF8F73F
:10AC80009FFF06A8F8F79CFF09A80025F8F798FF92
:10AC900001353046F8F794FF0C36AC42F8D10098F5
:10ACA00017F0F2FF58460DB0BDE8F08F0968FFF7C6
:10ACB000A1FB0DB0BDE8F08F0148F4E7B01F012003
:10ACC00080B2FFFF2DE9F84F0E46994682461546A1
:10ACD000C3F3450701F10C084FF0000B5FFA8BF44A
:10ACE000294630460BF1010BE41BB4FA84F46409E5
:10ACF0002246F9F747F805F10C012246243570B9D0
:10AD00004046F9F73FF850B9BBF1020FE6D14FEAE0
:10AD1000D91231465046BDE8F84FFFF7EDBBBDE80C
:10AD2000F88F00BF00487047A8BB026070B40B4D9D
:10AD30002B6883B90A4E032204240A49304601E0F5
:10AD400014460A7B013300F8014B0C31002AF7D17D
:10AD50000121F2542960024870BC70476C1F012029
:10AD6000441B0120A8BB026004280CD00323074A1F
:10AD700002E0834205D0137B0C32002BF9D1184638
:10AD80007047104670470148704700BFA8BB02607B
:10AD900018280DD00322074B03E05A88824205D0C1
:10ADA0001A7B0C33002AF8D11046704718467047BA
:10ADB00000487047A8BB026038B50546064C0748F6
:10ADC00003E014F80C0F30B1A068294617F050FFCB
:10ADD0000028F6D1204638BDA8BB0260B01C002078
:10ADE00068B110B50446F8F7E3FE04F10C00F8F77B
:10ADF000DFFE04F11800BDE81040F8F7D9BE704737
:10AE000018B17C22002117F053BF704778B17C2223
:10AE1000002110B5044617F04BFF04F17C00F8F751
:10AE2000C7FE04F18800BDE81040FFF7D9BF7047A6
:10AE300068B110B50446F8F7C3FE04F10C00F8F74A
:10AE4000BFFE04F11800BDE81040F8F7B9BE704726
:10AE500070B3036E012B70B5044612D00430F8F7BE
:10AE6000AFFE04F11000F8F7ABFE04F11C00F8F798
:10AE7000A7FE04F12800FFF7DBFF04F14C00F8F710
:10AE80009FFE606F70B1A36F53B100252E4628441A
:10AE90000136FFF7CDFFA36F2435606FB342F6D8BC
:10AEA00017F0F2FE20467C21BDE8704006F056BE49
:10AEB000704700BF68B110B50446FFF7C9FF04F141
:10AEC0007C00F8F77DFE04F18800BDE81040FFF734
:10AED000AFBF704738B504460D46F8F7F3FE00B132
:10AEE00038BD05F10C0104F10C00F8F7EBFE002869
:10AEF000F6D105F1180104F11800BDE83840F8F763
:10AF0000E1BE00BF097802F06BB800BF10B50121A7
:10AF10000446F8F7B7FF00B110BD012104F10C00A1
:10AF2000F8F7B0FF0028F7D1014604F11800BDE89A
:10AF30001040F8F7A7BF00BF2DE9F04FDFF874E429
:10AF4000164697B08046DEF8002006F118040F463A
:10AF50000021013220461D46CEF80020F9F772FA92
:10AF6000002847D02B6A83B105F118090021484613
:10AF7000F9F768FA002844D02B6A33B1484601211A
:10AF8000F9F760FA002840F0DB8001A8F8F710FE1E
:10AF900004A8F8F70DFE07A8F8F70AFE0AA8F8F7C4
:10AFA00007FE0DA8F8F704FE10A8F8F701FE13A895
:10AFB000F8F7FEFD2246214601A8F9F78FFB8246ED
:10AFC00030B301A8F8F7FCFD04A8F8F7F9FD07A8CD
:10AFD000F8F7F6FD0AA8F8F7F3FD0DA8F8F7F0FD6D
:10AFE00010A8F8F7EDFD13A8F8F7EAFD504617B0E2
:10AFF000BDE8F08F29463846FFF76CFF17B0BDE873
:10B00000F08F31463846FFF765FF17B0BDE8F08F87
:10B01000414601A8FFF7ACF982460028D1D1DFF8FC
:10B020009093224601A904A8D9F800300133C9F849
:10B030000030F9F753FB82460028C2D1414604A8EC
:10B04000FFF796F982460028BBD1D9F8003001A954
:10B050002A4601330846C9F80030F9F73FFB82461B
:10B060000028AED1414601A8FFF782F982460028A8
:10B07000A7D1D9F8003004A905F10C020133084624
:10B08000C9F80030F9F72AFB8246002899D14146D9
:10B0900004A8FFF76DF98246002892D1D9F8003054
:10B0A00001A9324601330846C9F80030F9F7BEFA63
:10B0B0008246002885D108F104050BE0F9F7C2F9B2
:10B0C0002A4601A958B101A8F9F788FA8246002852
:10B0D0007FF477AF019B002101A88B42EEDB04A92E
:10B0E00006F10C0508462A46F9F7A0FA8246002820
:10B0F0007FF467AF08F1040B0BE0F9F7A3F95A46A8
:10B1000004A958B104A8F9F769FA824600287FF427
:10B1100058AF049B002104A88B42EEDB002101A85C
:10B12000F9F790F9014668B904A8F9F78BF90028F6
:10B1300075D1324639464046FFF702FA824640E76B
:10B140009A4854E7214601AA13A8F9F7C7FA82469C
:10B1500000287FF436AF414613A8FFF709F982466D
:10B1600000287FF42EAFD9F8003001AA07A8904C30
:10B1700001331146C9F80030F9F7B0FA82460028C9
:10B180007FF41FAF414607A8FFF7F2F88246002878
:10B190007FF417AF236801AA07A90AA80133236027
:10B1A000F9F79CFA824600287FF40BAF41460AA8C3
:10B1B000FFF7DEF8824600287FF403AF236807A973
:10B1C0003246013308462360F9F788FA82460028A0
:10B1D0007FF4F7AE414607A8FFF7CAF88246002879
:10B1E0007FF4EFAE2368022207A901A80133236090
:10B1F000F9F7E6FB824600287FF4E3AE08F1040489
:10B20000214601A8F9F7ACF801A900282246084612
:10B210000ADBF9F79BF982460028F1D0D1E63846DF
:10B22000FFF774FE8246CCE604AA0DA81146F9F792
:10B2300055FA824600287FF4C4AE41460DA8FFF7B8
:10B2400097F8824600287FF4BCAED9F800300DA9EB
:10B2500001AA01330846C9F80030F9F7E7F9824638
:10B2600000287FF4AEAE0D9B00210DA88B420BDAB7
:10B27000F9F7E8F822460DA930B10DA8F9F7AEF9B3
:10B2800082460028EFD09CE60DA90AAA0846F9F7E5
:10B29000CDF9824600287FF494AE0D9B00210DA8C5
:10B2A0008B420BDAF9F7CEF822460DA930B10DA882
:10B2B000F9F794F982460028EFD082E607A90DAA93
:10B2C0000846F9F7B3F9824600287FF47AAE079B67
:10B2D000002107A88B420BDAF9F7B4F8224607A938
:10B2E00030B107A8F9F77AF982460028EFD068E66E
:10B2F00007A904AA0846F9F7F1F9824600287FF465
:10B3000060AE414607A8FFF733F8824600287FF475
:10B3100058AED9F800300AA92A46254D013308460F
:10B32000C9F80030F9F7DAF9824600287FF449AE0F
:10B3300041460AA8FFF71CF8824600287FF441AE78
:10B340002B680AAA07A910A801332B60F9F76EF938
:10B35000824600287FF435AE109B002110A88B4256
:10B360000BDAF9F76FF8224610A930B110A8F9F7F7
:10B3700035F982460028EFD023E60DA93846F8F7C4
:10B38000A1FC824600287FF41CAE10A907F10C0036
:10B39000F8F798FC824600287FF413AE07F11800F6
:10B3A00013A9F8F78FFC82460BE600BF80B0FFFFC1
:10B3B000B01F01206817012008B500211830F9F7E7
:10B3C00041F8B0FA80F0400908BD00BF38B5044626
:10B3D0000D46F8F7C5FF70B905F10C0104F10C003A
:10B3E000F8F7BEFF38B905F1180104F11800F8F7B5
:10B3F000B7FF00B938BD014838BD00BF80B0FFFFBE
:10B4000070B51E4604460D46F9F7ECF900B170BD63
:10B410003246294604F10C00F9F7E4F90028F6D188
:10B4200004F118000121BDE87040F8F72BBD00BF02
:10B43000012A2DE9F843089FDDF824802FD80D4616
:10B44000814600211E4605F118001446F8F7FAFF60
:10B4500038B9B8F1000F38D0012338703360BDE837
:10B46000F88309F10400F8F7A9FD8146D4B9430037
:10B4700001339845336028D30423394602462846D1
:10B4800001F8013BF8F7D6FD50B909F1010105F1CA
:10B490000C004A463944BDE8F843F8F7CBBD0C48E8
:10B4A000BDE8F883431C984533600ED3002105F1B5
:10B4B0000C00F8F703FD3946831C4A46284601F87C
:10B4C000013BBDE8F843F8F7B5BD0248BDE8F88395
:10B4D00080B0FFFF00B1FFFF83B3F8B5147834B933
:10B4E000012B19D10846BDE8F840FFF70FBD1546FE
:10B4F00004301C460E46F8F761FD2B780746042BF6
:10B500001ED1430001339C4206D10246691C3046DD
:10B51000F8F75AFD10B1F8BD0A48F8BD791C3A4653
:10B5200006F10C002944F8F74FFD0028F3D106F18D
:10B5300018000121BDE8F840F8F7A4BC01487047A5
:10B540000148E8E780B0FFFF80B1FFFF012B12D96F
:10B5500070B414681646621C3260257845B15C1ED2
:10B56000A54205D854192B46346070BCFFF7B4BF10
:10B57000024870BC70470148704700BF80B0FFFFB1
:10B58000F0B583B0099C089E74B1013C771C1D4640
:10B5900001940097FFF74CFF20B92B6833702B689C
:10B5A00001332B6003B0F0BD0048FBE780B0FFFF24
:10B5B000022A21D90A68531C0B601378032B1BD174
:10B5C00030B4941CD51C0C6054780D60927842EA1B
:10B5D0000424182C0CD01946084B03E05A88A242C8
:10B5E00007D0197B0C330029F8D1054830BC7047CF
:10B5F000042130BC01F0F4BC02487047A8BB0260D3
:10B6000080B1FFFF80B0FFFF30B40578042D0CD06F
:10B6100003200E4C02E0854208D0207B0C34002829
:10B62000F9D1A0F59F4030BC7047084C0320022B95
:10B63000086008D91070002063881B0A5370638863
:10B64000937030BC70470248FBE700BFA8BB0260A4
:10B6500000B1FFFF2DE9F0410C4686B006460121FE
:10B6600004F11800F8F7EEFEB8BB336BCBB3F36B05
:10B67000BBB3014605462046F8F7E4FE00282CDB64
:10B6800004F10C0729463846F8F7DCFE002824DBD5
:10B6900006F1040820464146F8F762FE00281CDA4D
:10B6A00041463846F8F75CFE002816DA6846F8F797
:10B6B0007FFA03A8F8F77CFA3A4639466846F9F764
:10B6C0000DF8054688B16846F8F77AFA03A8F8F746
:10B6D00077FA284606B0BDE8F081474806B0BDE8D5
:10B6E000F081464806B0BDE8F08131466846FEF775
:10B6F0003FFE05460028E6D1414F2246214603A8D9
:10B700003B6801333B60F8F7E9FF05460028DAD1D2
:10B71000314603A8FEF72CFE05460028D3D13B682E
:10B72000B26901333B60002A47D003A906F1100239
:10B730000846F8F753FF05460028C4D104E0F8F79F
:10B7400005FF05460028BED1414603A8F8F708FECC
:10B7500003A9002842460846F1DA03A92246084612
:10B76000F8F7BCFF05460028ADD1314603A8FEF727
:10B77000FFFD05460028A6D13B6803A906F11C027F
:10B78000013308463B60F8F729FF054600289AD1A7
:10B7900002E0F8F7DBFE68BB414603A8F8F7E0FDDE
:10B7A00003A9002842460846F3DA6846124DF8F726
:10B7B000D7FD002808BF002585E703A90322084616
:10B7C000F8F774FF054600287FF47DAF0CE0F8F72A
:10B7D00039FE424603A90028BFD003A8F8F7FEFEB1
:10B7E000054600287FF46FAF039B002103A88B421E
:10B7F000EDDBB2E7054666E780B3FFFF80B0FFFFF1
:10B80000B01F01202DE9F04F8846CBB019461E46E7
:10B8100091460546FFF71EFF0446002840F095803C
:10B82000286B00284ED0E86B00284BD004A805F107
:10B830004C0AF8F7BDF907A8F8F7BAF921465046BF
:10B84000F8F73CFB012840F08480EF6D24210220B2
:10B85000013717F0F1F9834601907F0800287AD06C
:10B860003146FFF737FB044600287CD10BF1240654
:10B8700059463046FFF72EFB044678B9002F76D0A4
:10B88000834601E05F4572D03246314628460BF1CF
:10B89000010BFEF755FE0028F4D00446019D284612
:10B8A000FFF7C6FA3046FFF7C3FA284617F0ECF95F
:10B8B00004A8F8F785F907A8F8F782F94046FFF7DA
:10B8C000B7FA20464BB0BDE8F08FFEF739FE019A7B
:10B8D00010A9002840F02A811BF807302846FFF7FE
:10B8E000F1F910AB42464146002840F01F8128463E
:10B8F000FFF722FB002840F01981013F42464146F4
:10B9000028467B1CE1D110A8FFF792FA029A414623
:10B910002846FEF7F1FD04460028BFD141462846DF
:10B92000FEF768FD019D04462846FFF781FA304680
:10B93000FFF77EFA284617F0A7F904A8F8F740F9B0
:10B9400007A8F8F73DF9002CB8D120464BB0BDE868
:10B95000F08FAC48B6E704A8AB4CF8F731F907A86C
:10B96000F8F72EF9AAE7019B03F1240696E70DF5F7
:10B97000947B012228464BF8C46D5946FFF77CF8AA
:10B98000044600288AD13346019A31462846FFF7FB
:10B99000D3FA0446002881D1012259462846199637
:10B9A000FFF76AF8044600287FF478AF014648465E
:10B9B000F8F784FA4946029004A8F8F783F9044698
:10B9C00000287FF46BAF4A46514607A8F8F72EFED1
:10B9D000044600287FF462AF029B07A904A813F174
:10B9E000FF3318BF01231A460293F8F7CBF9044638
:10B9F00000287FF453AF01467A1C584617F058F9D7
:10BA0000002F3BD00395DA465D4695F8009021461D
:10BA100004A8F8F753FA40EA0909391901344FFA32
:10BA200089F904A8F8F74AFAA74249EA400005F85C
:10BA3000010BEAD1039D00234FF0010E9AF801108B
:10BA40000EF1010E9AF800C081EA03020B4077451F
:10BA500002F0010154B281F001001CFB00F14CEA3C
:10BA6000C0104AB204EA020182EA040243EA010376
:10BA70008AF801200AF8010BDBB2DFD210A8FFF729
:10BA8000AFF94AAB019A41463B44284613F8C43CFF
:10BA9000FFF718F9044618B110A8FFF7C9F9FDE639
:10BAA00008F1180901214846F8F7ECF90446002886
:10BAB000F2D1549B002B3FF420AFAB6D2A1D0AA896
:10BAC0004FF00C0A07330392DB081C46F8F770F8B6
:10BAD0000DA8F8F76DF8559B2146549A0AA8F9F776
:10BAE000EDFC18B120E0F8F71DFBE8B903990AA8AE
:10BAF000F8F736FC00284FF001010AA8F3DABAF192
:10BB0000010A7CD0F8F79EFC0028E4DD0AAA494629
:10BB10004846F8F7E3FD044650B10AA8F8F750F894
:10BB20000DA8F8F74DF8B7E70446F6E70446B3E783
:10BB300048462946FEF71CFC04460028EDD1DFF8F4
:10BB4000D0900AAA0DA8D9F8003011460133C9F8DF
:10BB50000030F8F7C3FD04460028DED129460DA8C1
:10BB6000FEF706FC04460028D7D1D9F800300DAA0C
:10BB7000414640460133C9F80030F8F7AFFD0446AE
:10BB80000028CAD129464046FEF7F2FB04460028A9
:10BB9000C3D1D9F800300DA90AAA01330846C9F863
:10BBA0000030F8F79BFD04460028B6D129460DA8C1
:10BBB000FEF7DEFB04460028AFD1D9F8003008F1CB
:10BBC0000C0A0DAA013351465046C9F80030F8F767
:10BBD00085FD04460028A0D150462946FEF7C8FB43
:10BBE0000446002899D1D9F800300AA80133C9F8D1
:10BBF0000030F7F7E5FF0DA8F7F7E2FF7DE6034C0D
:10BC00004AE700BF80B0FFFF80B2FFFF00B3FFFF35
:10BC1000B01F012038B5036B93B1C36B83B10D46E0
:10BC2000044601212846F8F70DFC00280ADB04F140
:10BC30004C012846F8F794FB002803DA002038BDB1
:10BC4000014838BD014838BD80B0FFFF80B3FFFF19
:10BC50002DE9F04705460F4603F1180001211C4667
:10BC60001646DDF82080DDF82490F8F7EBFB88B964
:10BC700031462846FFF7CEFF08B1BDE8F087CDF882
:10BC800024902346CDF82080324639462846BDE828
:10BC9000F047B7E50048F0E780B0FFFFF0B5074692
:10BCA00083B00D461046012114461E46F8F7CAFB24
:10BCB00058B34FF0FF312046F8F7C4FB78B14FF08E
:10BCC000000E2246334629463846CDF804E0CDF82A
:10BCD00000E0FFF7BDFF0446204603B0F0BD31464B
:10BCE0002846FFF7F7F804460028F5D10C35014641
:10BCF0002846F8F7A7FB0028EED0391D2A4628462B
:10BD000003B0BDE8F040F8F791BC3146284603B0D7
:10BD1000BDE8F040FFF7DEB8F0B5046B8BB0B4B10E
:10BD2000C46BA4B115461E46044601A80F46FFF792
:10BD300057F82A46334601A92046FFF7AFFF0546CC
:10BD400040B101A8FFF774F828460BB0F0BD0D48CC
:10BD50000BB0F0BD119B3946109A2046FFF79EFFAD
:10BD600005460028EDD13B4601AA39462046FFF79B
:10BD7000E3F805460028E4D139462046FEF73AFBB1
:10BD80000546DEE780B1FFFF2DE9F04F056B83B07C
:10BD9000DDF83080DDF83490B5B3C46BA4B3C76D63
:10BDA000144606461F25073700F14C0B0193FF0888
:10BDB00000914FEAC70A4B46424639462046F9F7FA
:10BDC0007DFB10BBF16D2046C1EB0A01F8F7AAF923
:10BDD0000121D0B9013D20461AD0F8F733FB0028E5
:10BDE00059462046E7DBF8F7BBFA0028E3DA009B68
:10BDF000224601993046CDF83490CDF8308003B01A
:10BE0000BDE8F04FFFF724BF034803B0BDE8F08F53
:10BE1000024803B0BDE8F08F80B0FFFF00B3FFFF22
:10BE200010B582B0049C009313460A4600F1280125
:10BE30000194FFF7A9FF02B010BD00BF70B50C461A
:10BE400082B00146154620461E4601F0C9F850B999
:10BE5000019604F18803009504F17C0204F12801A5
:10BE60002046FFF791FF02B070BD00BF0378002BA2
:10BE700044D00A789A4241D12DE9F04301F1880774
:10BE8000ABB00C46054639468830F8F769FA002809
:10BE90003DD104F1940805F194004146F8F760FAA9
:10BEA000002834D104F1A00905F1A0004946F8F7B3
:10BEB00057FA054658BB264602A8FEF791FF7C229A
:10BEC00029460BA816F0F4FE16F8281B0BA801F063
:10BED00087F804F17C0233460195009502A90BA86E
:10BEE000FFF7B6FE044658B102A8FEF7A1FF0BA863
:10BEF000FEF7AEFF20462BB0BDE8F0830C4870473C
:10BF0000394602A8F8F72CFA28B1094CECE70848A2
:10BF10002BB0BDE8F083414605A8F8F721FA0028C8
:10BF2000F3D1494608A8F8F71BFA0028DCD0ECE763
:10BF300080B0FFFF2DE9F04FA24EC1B0054609AC1D
:10BF40000FCE0FC496E803007C2284E80300002192
:10BF500021A816F0ADFE0FA8FEF742FF18A8FEF7C5
:10BF60003FFF06A8F7F724FE21A8012101F038F8C9
:10BF70000446D0B9002D44D1022106A8F7F782FF6C
:10BF80000446002800F00F8121A8FEF761FF0FA8EA
:10BF9000FEF74EFF18A8FEF74BFF06A8F7F710FEB6
:10BFA000204641B0BDE8F08F0446002C17DAB5B149
:10BFB0002146854816F04CFE21A8FEF749FF0FA840
:10BFC000FEF736FF18A8FEF733FF06A8F7F7F8FDCF
:10BFD0000A2016F05DFE204641B0BDE8F08F21A892
:10BFE000FEF736FF0FA8FEF723FF18A8FEF720FF85
:10BFF00006A8F7F7E5FD002DEAD1204641B0BDE8DF
:10C00000F08F724816F024FE022106A8F7F73AFFD7
:10C0100004460028C9D12BAE0190009006AA3346F1
:10C0200018A921A8FFF714FE04460028BDD100235B
:10C03000DFF8A491DFF8A4811021654F06A8654AB6
:10C04000C9F80030C8F800303B60F8F7CBFB044675
:10C050000028AAD101903346009006AA0FA921A872
:10C06000FFF7F6FD044600289FD109ABD9F8002060
:10C070004FF0010A05939B4603923B68D8F80020D5
:10C080000493029200235BF8042F102106A8C9F83C
:10C090000030C8F800303B60F8F7A4FB3346044694
:10C0A00006AA0FA9002880D1019021A80094FFF7CB
:10C0B000CFFD044600287FF478AF474B039A1B68F6
:10C0C000934240F0B180454B029A1B68934240F086
:10C0D000AB803F4B049A1B68934240F0A5800AF165
:10C0E000010ABAF1060FCDD1002D7BD13A4B1021B8
:10C0F000384A06A81D60394B1D60354B1D60F8F7A6
:10C1000071FB044600287FF43FAF019518AB009502
:10C1100006AA0FA921A8FFF79BFD044600287FF47B
:10C1200033AFD9F800300126DFF8ACA00393D8F87C
:10C130000030DFF8A8B00293059C3B68049300230D
:10C1400054F8042F102106A8C9F80030C8F80030B0
:10C150003B60F8F747FB00287FF426AF019018AB4F
:10C16000009006AA0FA921A8FFF772FD00287FF40E
:10C170001BAFDAF80030039A93425ED1DBF800304F
:10C18000029A9A4259D1124B049A1B68934254D195
:10C190000136062ED3D10446002D3FF4F5AE1048EB
:10C1A00016F05EFD08E72BAE0190009006AA33461C
:10C1B00018A921A8FFF74CFD044600287FF4E4AE3F
:10C1C00035E700BF080400201C180020BC1C00201C
:10C1D000B01F0120F01C002068170120D01801209A
:10C1E00030140020194816F03BFD194816F030FDB8
:10C1F000184B194A10211C6006A8184B1C60184BDC
:10C200001C60F8F7EFFA044600287FF4CEAE0190E8
:10C2100018AB009006AA0FA921A8FFF719FD044644
:10C2200000287FF4C2AE7CE70DB90124ACE651468C
:10C230000C4816F00DFD0124BEE6002DF5D0314668
:10C24000084816F005FD0124B6E600BF30140020B2
:10C25000341D002068170120F01C0020D018012098
:10C26000B01F0120241D00202DE9F8430C210446B5
:10C27000F7F7BAFC002840F0C780A2680746646858
:10C2800002F1180C02F1200102EB8404664656F814
:10C29000185C043656F8043C7D191D442CBF012758
:10C2A000002746F81C5CAB4288BF01378E42EED1B6
:10C2B00002F1280502F1300E0023A84658F8286C38
:10C2C00008F1040858F8049C9B194B442CBF012624
:10C2D000002648F82C3C994594BF3346731CF04522
:10C2E000ECD13B4497684FF00008D668DB1997699A
:10C2F0002CBF4FF00109C1463B4419EB0606936081
:10C300002CBF4FF00109C146BB42D7692CBF0023A7
:10C3100001231E449E422CBF4B4609F101033E44BB
:10C32000BE4238BF0133D66051F8186C043151F861
:10C33000047C18EB06063E442CBF4FF001084FF07A
:10C34000000841F81C6CB74288BF08F101088D4213
:10C35000EAD19844A946002159F8207C09F1040942
:10C3600059F8043CC91919442CBF0126002649F884
:10C37000241C8B4294BF3146711CF145ECD11669E7
:10C380004144536902F110078919D2F820804FF017
:10C39000000E2CBF012600264144F31811612CBF6A
:10C3A0004FF001094FF000098845D2F8248094BF6E
:10C3B0000026012633449E4294BF494609F10101FB
:10C3C0004344434538BF013153613E6876443E6083
:10C3D0002B68334447F8043B55F8048B43452CBF86
:10C3E0000023012376452CBF9E4603F1010E6745CD
:10C3F000EBD102F11C0371449C42916104D90022EB
:10C4000043F8042B9C42FBD8BDE8F8832DE9F04F9C
:10C4100093B0064601250D2405AB0190342200217E
:10C42000184604930295039416F042FC30461821F6
:10C43000F7F7DAFB0090002840F02A82B3681C6806
:10C44000D3F830A05D6D54441E6DD86DA24505EB48
:10C4500004015A6894BF002401248D4288BF01342E
:10C4600071182CBF4FF0010E4FF0000E0F1A7444DC
:10C470001F60884294BF2146611E4C1C00F00C8254
:10C4800052182CBF4FF0010E4FF0000E4FFA8EFEE7
:10C49000596B9C6D0A449F68914288BF0EF1010E52
:10C4A0002244944288BF0EF1010E0244904288BF9C
:10C4B0000EF1010ECAEB020C924594BF7246AEF12A
:10C4C0000102C6EB0C0E664588BF013AC3F804E0D2
:10C4D00052B2002AC0F25382BA182CBF4FF0010C9E
:10C4E0004FF0000C4FFA8CFCD3F83890DF684A44C8
:10C4F000914588BF0CF1010C0244904288BF0CF1B9
:10C50000010CC1EB020E914294BF6246ACF10102F4
:10C51000C5EB0E0C754588BF013AC3F808C052B28E
:10C52000002AC0F22282BA182CBF4FF0010E4FF041
:10C53000000E4FFA8EFED3F83CC01F69624494454A
:10C5400088BF0EF1010E5244924588BF0EF1010ED4
:10C550003244964288BF0EF1010E2A44954288BFAC
:10C560000EF1010EC9EB0208914594BF7246AEF17F
:10C570000102C4EB080E444588BF013AC0EB0E0827
:10C58000704588BF013AC3F80C8052B2002AC0F24D
:10C59000E381BA182CBF012700277FB22A44D3F8C1
:10C5A00040E0D3F81480954288BF01372A44954271
:10C5B00088BF01377244964588BF01370A449142CB
:10C5C00088BF01375244924594BFBA4607F1010A29
:10C5D0003244964288BF0AF1010A2244944288BF3D
:10C5E0000AF1010ACCEB020B944594BF5246AAF122
:10C5F0000102C0EB0B07584588BF013AC0EB070AA0
:10C60000B84288BF013AC3F810A052B2002AC0F263
:10C61000998118EB02022CBF4FF0010A4FF0000A7B
:10C620004FFA8AFA22445F6CD3F81880944288BF8C
:10C630000AF1010A2244944288BF0AF1010A3A44ED
:10C64000974288BF0AF1010A4A44914588BF0AF11E
:10C65000010A0A44914288BF0AF1010A2A4495421C
:10C6600094BF51460AF1010182182CBF4FF0010B13
:10C670004FF0000BCEEB020A5944C3F814A09645C4
:10C6800094BF0A464A1E52B2002AC0F2538118EBE8
:10C6900002022CBF0121002149B20244D3F8488094
:10C6A000D3F81CA0904288BF01310244904288BF59
:10C6B00001314244904588BF01316244944588BFAE
:10C6C00001314A44914588BF0131A2182CBF4FF077
:10C6D000010B4FF0000BC7EB02095944C3F8189047
:10C6E000974294BF0A464A1E52B2002AC0F21881ED
:10C6F0001AEB02022CBF4FF0010A4FF0000A4FFA6A
:10C700008AFAD96CD3F820900A44914288BF0AF182
:10C71000010A7244964588BF0AF1010A62449445B1
:10C7200094BFD4460AF1010C82182CBF4FF0010BC4
:10C730004FF0000BC8EB020ADC44C3F81CA0904584
:10C7400088BFACF1010C4FFA8CFCBCF1000FC0F2B9
:10C75000DD8019EB0C0C2CBF4FF001094FF00009E4
:10C760004FFA89F9B4445A6A664588BF09F101094C
:10C77000BC44674588BF09F101091EEB0C0E2CBFB4
:10C780004FF0010A4FF0000AC1EB0E0CD144C3F880
:10C7900020C0714594BFCE46A9F1010E4FFA8EFE1E
:10C7A000BEF1000FC0F2A78012EB0E0C2CBF0122CD
:10C7B00000224FFA82FEAC449A6A654588BF0EF1AA
:10C7C000010EC444E04588BF0EF1010E17EB0C07C3
:10C7D0002CBF4FF001094FF00009C6EB070CCE4407
:10C7E000C3F824C0BE4294BF7746AEF101077FB2C2
:10C7F000002F76DB12EB070E2CBF0122002252B273
:10C80000A644DF6A744588BF01328E44714588BFF3
:10C81000013218EB0E082CBF4FF0010C4FF0000C4A
:10C82000C5EB080E6244C3F828E0454594BF1546A1
:10C83000551E6DB2002D4BDB7A192CBF0127002746
:10C840007FB20244019D904294BF3846781C324426
:10C850006D68964294BF0646461C89182CBF01227B
:10C8600000220F1B1644DF628C4294BF3446741EB4
:10C870000D2D64B224EAE4721A6307D903EB85052F
:10C880000022343343F8042B9D42FBD1002C0BDBF8
:10C89000009813B0BDE8F08FB2FA82FE013A4FEA79
:10C8A0005E1ECEF1000EF3E5039A6FF04043019E49
:10C8B00064421344049D324602A9304645F82340A1
:10C8C000F7F744FE0028E3D14FF0FF333360DFE792
:10C8D000C5F1000EEA1977454FF0FF3728BF002752
:10C8E000AFE7C7F1000C07EB020E62454FF0FF32D5
:10C8F00028BF002284E7CEF100090EEB020C4FF0B6
:10C90000FF3E4A4528BF4FF0000E54E7CCF1000A25
:10C91000CC44D1454FF0FF3928BF4FF0000921E743
:10C92000C2F100095244CA454FF0FF3A28BF4FF008
:10C93000000AE6E65142424488454FF0FF3128BFE5
:10C940000021AAE6C2F1000A4244D0454FF0FF3A66
:10C9500028BF4FF0000A65E6C2F100083A44474597
:10C960004FF0FF3728BF002718E6C2F1000E3A4407
:10C9700077454FF0FF3E28BF4FF0000EDBE5C2F1D8
:10C98000000C3A4467454FF0FF3C28BF4FF0000CC5
:10C99000AAE500BF2DE9F04F8FB006460125082417
:10C9A00006AB20220021039518460593049416F047
:10C9B0007FF930460E21F7F717F90746002840F0B7
:10C9C000C080B3681968D3F81C90DA6A4945C9EB8E
:10C9D000010458682CBF00210121A24288BF013107
:10C9E000A41A49421C6049B2002940F0AE803C467E
:10C9F000D3F82080196B804588BF013CC8EB00004C
:10CA00009D68814288BF013C401A64B25860002C86
:10CA100040F0D9802046D3F824C05C6BAC4588BF79
:10CA20000138CCEB0505D3F80CA0AC4288BF013827
:10CA30002D1B40B29D60002840F0BD800190D3F8CE
:10CA400028E0D3F810B0D645CEEB090598BF0020FA
:10CA5000554488BF0120A94594BF4042C0F1010060
:10CA600012EB0509019DC3F80C9045EB000040B2A4
:10CA70000028C0F297801BEB00002CBF4FF0010B89
:10CA80004FF0000B4FFA8BFB8242C2EB08095D6945
:10CA900094BF002201224844804594BFC2F100089F
:10CAA000C2F1010808184BEB080818614FFA88F822
:10CAB000B8F1000F6DDB15EB08082CBF0125002530
:10CAC0006DB2C1EB0C0041459A6994BF0021012170
:10CAD0008044C44594BFC1F1000CC1F1010C14EBBA
:10CAE000080045EB0C0C58614FFA8CFCBCF1000FB0
:10CAF00046DB12EB0C0C2CBF0120002040B2C4EB33
:10CB00000E0264457168624494BF002401249A6156
:10CB1000964594BFC4F1000EC4F1010E0829864465
:10CB20004FFA8EFE2EEAEE72DA6107D903EB81022C
:10CB30002033002143F8041B9342FBD1BEF1000FC8
:10CB40000ADB38460FB0BDE8F08F4C42A04234BF3C
:10CB5000FF24002408444BE7049A6FF04044CEF1D0
:10CB60000003059D144403A93246304645F824309D
:10CB7000F7F7ECFC0028E4D14FF0FF333360E0E737
:10CB8000CCF10000944482424FF0FF3028BF0020D7
:10CB9000B5E7C8F10002A84495424FF0FF3528BF21
:10CBA00000258EE745425844AB454FF0FF3B28BF78
:10CBB0004FF0000B68E74542AA4534BFFF2500252A
:10CBC000824401953BE76042854234BFFF2000204C
:10CBD000254420E72DE9F04F8FB0054601260924B2
:10CBE00005AB24220021029618460493039416F004
:10CBF0005FF828461021F6F7F7FF0190002840F073
:10CC00009881AB681A68D3F82090D3F824804A44FE
:10CC1000D3F82CE01F6B914508EB020C586B94BFC6
:10CC200000240124CEEB0C029E6BE04588BF01344A
:10CC3000D11BE64588BF013C974294BF2246621E45
:10CC40000C1A884288BF013AC6EB040CA64294BF76
:10CC50001146511EC3F800C05A680029C0F26D8108
:10CC600051182CBF0122002252B24144D3F828C0EF
:10CC7000DC6B884588BF01326144D3F808A08C453D
:10CC800088BF0132C7EB010B8F4294BF1146511E82
:10CC9000C0EB0B02584588BF0139C6EB020B964228
:10CCA00094BF0A464A1EC4EB0B015C4594BF9346F1
:10CCB000A2F1010B59604FFA8BFBBBF1000FC0F2E0
:10CCC00086811AEB0B0B2CBF0121002149B2E344F2
:10CCD000D3F80CA0DC4588BF0131F344DE4588BFA2
:10CCE0000131C0EB0B02584588BF0139C6EB020B7E
:10CCF000964294BF0A464A1EC4EB0B015C4594BFA2
:10CD00009346A2F1010B99604FFA8BFBBBF1000F28
:10CD1000C0F254811AEB0B0B2CBF0121002149B248
:10CD2000F344D3F810A0DE4588BF0131F344DE455B
:10CD300088BF0131BB445F4588BF0131BB445F45BB
:10CD400088BF01318344584588BF0131C4EB0B02D1
:10CD50005C4588BF0139C9EB020B914594BF0A4677
:10CD60004A1EC8EB0B01D84588BF013AD96052B2C0
:10CD7000002AC0F219811AEB02022CBF4FF0010BFE
:10CD80004FF0000B4FFA8BFB3A445969974288BF2A
:10CD90000BF1010B3A44974288BF0BF1010B02449F
:10CDA000904288BF0BF1010B0244904288BF0BF107
:10CDB000010B3244964288BF0BF1010BC8EB020A0B
:10CDC000904594BF5A46ABF10102CCEB0A0BD44517
:10CDD00088BF013AC3F810B052B2002AC0F2DB801B
:10CDE0008A182CBF0121002149B20244D3F818A0AF
:10CDF000904288BF01310244904288BF01313244E1
:10CE0000964288BF01313244964288BF01312244A4
:10CE1000944288BF0131CCEB020B944594BF0A4683
:10CE20004A1ECEEB0B01DE4588BF013A596152B272
:10CE3000002AC0F2A7801AEB02022CBF4FF0010AB1
:10CE40004FF0000A4FFA8AFA3244D969964288BFF5
:10CE50000AF1010A3244964288BF0AF1010A2244CB
:10CE6000944288BF0AF1010A2244944288BF0AF121
:10CE7000010A3244964294BF56460AF10106024422
:10CE8000904288BF0136C9EB020A914588BF013E36
:10CE9000C8EB0A02D04594BFB046A6F101089A61DA
:10CEA0004FFA88F8B8F1000F62DB11EB08022CBFD3
:10CEB0000121002149B222446E68944288BF0131A9
:10CEC0002244944288BF01312244944294BF0C46CC
:10CED0004C1C4A44914594BFA14604F10109CCEB96
:10CEE0000201944594BFCC46A9F1010CCEEB01049C
:10CEF0008E4594BFE646ACF1010EE11BA74294BFFC
:10CF00007746AEF101070A1A884294BF3846781E68
:10CF1000DA61092E40B220EAE0721A6207D903EB07
:10CF200086060022243343F8042B9E42FBD10028BE
:10CF30000BDB01980FB0BDE8F08F4C421144A242C8
:10CF40004FF0FF3228BF00228FE6039A6FF0404473
:10CF50004342049E144402A92A46284646F8243037
:10CF6000F7F7F4FA0028E4D14FF0FF332B60E0E745
:10CF7000C8F1000608EB0102B1424FF0FF3128BFB3
:10CF8000002198E7514252448A454FF0FF3A28BFAA
:10CF90004FF0000A58E7C2F1000B0A4459454FF020
:10CFA000FF3128BF002120E7C2F1000B5244DA45CF
:10CFB0004FF0FF3B28BF4FF0000BE5E6CBF100013F
:10CFC000D3448A454FF0FF3128BF0021A8E6CBF1BA
:10CFD0000001D3448A454FF0FF3128BF002176E697
:10CFE000F8B50D460446FDF733FF6B1E2570032B85
:10CFF00065D8DFE803F0573A2D02334B0125334E55
:10D000000C2203F1300103F1600003F19007E360AB
:10D01000C03361626065201D2D492763E363666646
:10D020006560E561E564A562656325646564A26089
:10D0300022622265E262A263A164F6F797FFA0650F
:10D0400004F14C00F6F792FF2566E0650020F8BD7C
:10D05000204B0125204E082203F1200103F140005E
:10D0600003F16007E3608033D3E71C4B01251C4FBD
:10D07000082603F1200203F13C0103F15800E360AC
:10D0800074336262616507222063201D1049E363E7
:10D0900067666560E561E564A5626563256465644E
:10D0A000A660C5E70F4B01250F4E062203F11801BC
:10D0B00003F1300003F14807E3606033A9E720463D
:10D0C000FDF7C6FE0948F8BD8CBD02600DC40060C6
:10D0D0007C5E0020ECBC0260D5CB00605CBC0260D2
:10D0E00095C90060E4BB026069C2006080B1FFFFC7
:10D0F0002DE9F04F8E460F2191B01EF80FCF0F9201
:10D100000CEA01044FEA1C1C00EBC404CDE900AB9F
:10D11000D4E93023D4E9104525E01EF801CD0E9A5C
:10D12000534B0CF00F04CDF828804FEA1C1C53F829
:10D13000323000EBC4041B04DDE904670B93D4E92F
:10D140003023D4E9104556405F4032463B465646B0
:10D150005F4666406F4034463D46DDE90A6756400B
:10D160005F4032463B4626094FF000081709013957
:10D17000009604F00F06069700EBCC0C009F2C09DC
:10D18000CDF830804FEA027947EA05770194CDF86F
:10D1900020800097364F57F83660069F47EA03779E
:10D1A0001B09069707933304DDE90645DCE9306780
:10D1B0000D9374407D4026462F46DDE90CABDDE93A
:10D1C00000238AEA060A8BEA070B42EA080243EACE
:10D1D000090356465F46DCE9104562404C1C4FEAA5
:10D1E000161483EA05034FEA067504944FEA1214F5
:10D1F0000995029402F00F04029D0E9445EA03750E
:10D200000295049D45EA0B7504954FEA13150395A5
:10D210004FEA1715DDE908AB0595DDE902454AEA55
:10D22000040A4BEA050B7FF478AF0F9C390E3D0CD6
:10D23000E7704FEA172E21702746300EE671310C49
:10D24000E372E273360A65701D0E84F802E01C0C6E
:10D250003871180A7971130C110EBE71120A3D72E1
:10D260007C72B87239737B73BA7311B0BDE8F08FFA
:10D2700080BE02604FF4C472002115F019BD00BFDA
:10D280002DE9F04F04468BB093460846012219461B
:10D290001D46FAF767FB002800F09C80D0F814A028
:10D2A0008046BAF1100F40F095802046FAF772FBE5
:10D2B00041462046FAF77EFB10B10BB0BDE8F08F77
:10D2C0002A46594601232046FAF7A0FB05460028C6
:10D2D000F3D105A906AB52462046009119460595A3
:10D2E0000695079508950995FAF744FC86460028A7
:10D2F0006CD1089B4FF0000A099D4FF0040E93FA81
:10D3000083FB079B95FA85FC069A1DBA5B4611BA0A
:10D310004FF0000B40EA0C0228434FF0030C04F5D9
:10D320008075C4E92023C5E90001C4E930ABC4E934
:10D3300010AB02F0010AC7075B084FEA3202490846
:10D340004FEA30004FEA4A1B002604EBCE053B4370
:10D35000CBEB0A0A32437040BCF1010C4FEA0A6978
:10D360004FEA6E0E81EA0901C5E91023C5E93001D3
:10D37000DFD1022704F1C00304F1400C4FF0030E8B
:10D380003D460293EA00029E604601230CEB020137
:10D3900032442F46D1E90089D2E900ABF6E90245D3
:10D3A000013384EA0A0485EA0B05BB42E2E902453F
:10D3B000F0E9024584EA080485EA0905E1E9024545
:10D3C000ECD1BEF1010E4FEA4305DBD170460BB044
:10D3D000BDE8F08F6FF013000BB0BDE8F08F00BF19
:10D3E0002DE9F04F00268DB00796DDF858A0DDF846
:10D3F0005C80002B00F0B68005461C4600F5B87B2B
:10D4000000F5B0730F469146002100F5A072002090
:10D41000C5F860610C2C5E609E60DE60C5F87061CE
:10D42000CBF80460CBF80860CBF80C60C5F88071CD
:10D43000C2E900012A46E2E95201039200F0848029
:10D44000E20005F25F11CDF814B09B46100E0F46B6
:10D450000491110C8DF82F20120ACDF85C80A8469B
:10D46000089609968DF82C008DF82D108DF82E2039
:10D470000A96102C26463D4609F1FF3028BF10269B
:10D48000394606F25F1EC64411F8012F10F8013F1D
:10D49000714583EA02030B70F6D15A46594640465D
:10D4A000B144FFF725FEA41BE3D12F465B4645465A
:10D4B000DDF814B0DDF85C8008AE0499204601E088
:10D4C00016F8014F11F8012F01306240102807F8BB
:10D4D000012FF5D11A46194628460493FFF708FE96
:10D4E000049B07A81946102205F5A873009028464A
:10D4F000FAF740FB28BB039BC5F848815860B8F198
:10D50000000F1DD005F26F14464623460AF1FF3185
:10D51000102E28BF102606F26F172F4413F8010FA4
:10D5200011F8012F9F4282EA00021A70F6D15A4682
:10D5300059462846B244FFF7DBFDB8EB0608E3D1B5
:10D5400000200DB0BDE8F08FD9F800400122D9F8D5
:10D550000400D9F80810C5F860415860996085F852
:10D560006F21BEE76FF01300EBE700BF2DE9F04F2E
:10D570009A4689B00023164692450546884603938D
:10D5800003D9C2EB0A038B4264D32C464FF00F0C35
:10D590006FF01F0BF4E9500110EB080241F100039A
:10D5A0009C4508BF934555D38B4208BF824251D357
:10D5B000C4E90023B8F1000F42D005F5B07B05F5B2
:10D5C000B87947464C4649461022102F28BF1027ED
:10D5D00011F8013D013A01330C2ADBB20B7001D97D
:10D5E000002BF5D003AB102259462846009304AB1C
:10D5F000FAF7C0FA28BB3146D5F880213E440DF138
:10D600000F0E0AF1FF301AB922780B7853402370BD
:10D610000B7801311EF8012F534000F8013FD5F877
:10D620008021012A10D0B14204F10104EBD14A4615
:10D6300049462846BA44FFF75BFDB8EB0708C0D15E
:10D64000002009B0BDE8F08F94F800C083EA0C0315
:10D650002370E8E76FF01300F3E700BF2DE9F04F08
:10D66000D0F84C31161FD0F8447187B04FEAC30888
:10D67000D0F84041FF00D0F848310C2E47EA5477EB
:10D6800048EA537875D88B464FEAC40900F5A8716B
:10D69000064658464FEAC30A154615F005FB59EAF7
:10D6A000070306D15AEA080303D1002007B0BDE8FA
:10D6B000F08F4FEA184C8DF80B804FEA1A6E8DF8F8
:10D6C0000FA04FEA1A4206F26F144FEA18638DF862
:10D6D00013704FEA18288DF817904FEA1A2A8DF820
:10D6E00009C08DF80A804FEA176C4FEA17488DF889
:10D6F0000CE03F0A8DF80EA04FEA196E8DF80D2050
:10D700004FEA194A8DF810C04FEA192902A821469C
:10D7100001948DF808304FF0000C8DF811802246EE
:10D720008DF812708DF814E08DF815A08DF8169014
:10D7300001E010F8013F12F8017F0CF1010C7B4071
:10D74000BCF1100F01F8013FF3D106F5B872013DAD
:10D7500030461146FFF7CCFC0BF1FF30AB4410F81C
:10D76000012F14F8013F584583EA02030370F6D1F4
:10D770009BE76FF0130099E72DE9F04383B01E4655
:10D7800017460B9D32460C9C00950DAD0194044646
:10D790000A9BDDF8408095E86002FFF721FE10B19A
:10D7A00003B0BDE8F08333462A4639462046FFF7EA
:10D7B000DDFE0028F4D14A464146204603B0BDE8CC
:10D7C000F043FFF74BBF00BF2DE9F0418CB00E4690
:10D7D0000021139C0DF1200E129D159F01950294BE
:10D7E000169D179C009313460395324605970494A3
:10D7F000CDF818E0149DFFF7BFFF88B99FB107F17E
:10D80000FF386A1E0DF11F01454412F8017F11F81F
:10D81000013FAA4283EA070340EA0300F5D120B999
:10D820000CB0BDE8F0813846FAE72046314604F0F6
:10D8300095F96FF01100F3E710B50446FAF7AAF86E
:10D840004FF4C4712046BDE8104004F087B900BF12
:10D850002DE9F04FBF4BADF50D7D4FF0800A1393CE
:10D8600003F5907308901493CDF824A0099B00242D
:10D87000139AA3F1C003A2460A92B3FA83F35B0999
:10D880001593B54B1193149B98464FF4C472002125
:10D890002AA815F00DFA089B002B40F0D481AF4B5D
:10D8A00002212AA803EB44131A460B93099BFFF7A6
:10D8B000E7FC10F1230F034603D1159A002A40F02C
:10D8C000FA81002B40F0A381A54B16ACA5484FF080
:10D8D000100B53F82A7003F55273A34E4FEA8A09CE
:10D8E00053F82A1003F5D873069453F82A20A3F5A9
:10D8F000587300EB811100F5D87053F82A3000EB13
:10D900008212A0F5E47006EB831306F5527650F808
:10D910002A0056F82A600E9135460F961AAE1092DC
:10D920000D900191012103923A4600902AA8029598
:10D93000CDF814B004960C93FFF71EFF03460028A1
:10D9400040F0658112903A464146304615F098F90C
:10D95000129B002840F0CC815A460A992046129327
:10D9600015F08EF9002840F0C3812AA8FAF712F8C2
:10D970004FF4C4712AA804F0F1F8089A002A40F084
:10D9800069814FF4C47208992AA815F091F9099B8E
:10D9900002210B9A2AA8FFF773FC0346002840F0E7
:10D9A00036810F9A01460D9D4FF0100B0E980C9B7F
:10D9B00002923A4601902AA806940496CDF80C806B
:10D9C0000095CDF814B0FFF7D7FE0346002840F0CD
:10D9D0001E813A461099304615F052F9002840F061
:10D9E00087815A460A99204615F04AF9834600284D
:10D9F00040F07E812AA8F9F7CDFF4FF4C4712AA820
:10DA000004F0ACF8089B002B40F035814FF4C47251
:10DA100008992AA815F04CF9099B02210B9A2AA80B
:10DA2000FFF72EFC0346002840F0F1800F9B0121F8
:10DA30000E9A2AA8019300920D9B0C9AFFF7D0FC36
:10DA40000346002840F0E380202F40F2D680109D4E
:10DA5000334620212AA82A46203FFFF787FD0346A8
:10DA6000002840F0D4802A4622AB39462AA820322A
:10DA7000FFF77CFD0346002840F0C98010222146B4
:10DA80002AA8FFF7EBFD0346002840F0C080344B86
:10DA90004146304653F809B05A4615F0F1F80028CF
:10DAA00040F0268110220A99204615F0E9F8074631
:10DAB000002840F01D812AA8F9F76CFF4FF4C471CB
:10DAC0002AA804F04BF8089B002B40F0E4804FF4A8
:10DAD000C47208992AA815F0EBF8119B02211F4D7A
:10DAE0002AA81A68099B05EB4212FFF7C9FB0346F7
:10DAF000002840F08C8005F5816205F51C73014615
:10DB00002AA852F8097005F5227205F5846553F8C4
:10DB1000093002EB8717303A55F8095052F80920BE
:10DB20000097114F019507EB8212FFF759FC03464E
:10DB300000286CD1BBF1200F7BD93346424620210F
:10DB40002AA8FFF713FDABF12005034600285ED19C
:10DB50000CE000BF00BF026058CA0260A0C40260AF
:10DB600060C5026028C7026078C5026022AB294602
:10DB700008F120022AA8FFF7F9FC0346002846D145
:10DB8000102221462AA8FFF769FD034600283ED14E
:10DB90005E4B304653F80910A3F59F6353F80920F4
:10DBA00003F55E7303EB811115F06AF8002840F06D
:10DBB0009F80204610220A9915F062F8002840F054
:10DBC00097802AA8F9F7E6FE4FF4C4712AA803F05B
:10DBD000C5FF089B002B40F08780119B0AF1010ACA
:10DBE0000A9A08F140080433BAF1060F02F1100254
:10DBF00011930A9262D01C6847E63346109A394660
:10DC00002AA8FFF7B3FC034600283FF437AF089A71
:10DC1000002A71D12AA80893F9F7BCFE2AA84FF46C
:10DC2000C47103F09BFF089B18460DF50D7DBDE800
:10DC3000F08F3346594642462AA8FFF797FC034621
:10DC400000289DD0E3E7324B52460999314814F041
:10DC5000FFFF24E6304815F003F8129B4FF4C4721E
:10DC60002AA8194615F024F82C4B52460999294840
:10DC700014F0EEFF8BE6284814F0F2FF59464FF4FB
:10DC8000C4722AA815F014F8214B52460999244869
:10DC900014F0DEFFC0E6204814F0E2FF39464FF4EE
:10DCA000C4722AA815F004F81C4B524609991C4866
:10DCB00014F0CEFF11E71B4814F0D2FF139A099B12
:10DCC000603240331392149AB3F5A07F099302F5A2
:10DCD000C07214927FF4CAAD089B9BB9002318460A
:10DCE0000DF50D7DBDE8F08F0B4814F0B9FF74E71A
:10DCF000089A0123002A8DD00B48089314F0B0FF36
:10DD0000089B87E70A2014F0C3FFE7E758CA0260C0
:10DD10000C140020901E0020301400200814002055
:10DD2000AC1E0020281400208014002070B5064D81
:10DD300014460B462E6834448119184614F0B4FF7B
:10DD400000202C6070BD00BFB82301206422002198
:10DD500014F0AEBF4165704701657047816570473B
:10DD60002DE9F043884693B004460068914600F0E0
:10DD700009FB00230546B8F1000F3AD0B9F1000FB6
:10DD800037D002278DF8043004F10C0619E002A9FF
:10DD9000204600F0B9FB2A4602A9204600F02AFBE3
:10DDA0002A463146204600F09BFB3146204600F0D3
:10DDB000ABFB9DF804300133DBB2BB428DF804307D
:10DDC00014D2204600F0D6FB2A463146204600F009
:10DDD00087FB012201A9204600F082FB022FD6D149
:10DDE0004A464146204600F07BFBD0E713B0BDE831
:10DDF000F08301278DF80430C6E700BF2DE9F84312
:10DE000017460122984605460E4600F07BFA044666
:10DE1000B0B905F10C09304600F0B4FA02464946A3
:10DE2000284600F0E7FA304600F0ACFA012102463D
:10DE3000484614F03DFF424639462846FFF790FF1A
:10DE40002046BDE8F88300BFB2F5807F2DE9F041A0
:10DE5000E0B02BD8076DD319B3F5C07F26D80446A0
:10DE60000E46154600214FF4C072684614F020FF9C
:10DE70003A466946E36D206E98470746E0B9D4F804
:10DE8000508006B155B9424669462046FFF768FF03
:10DE90000123E364384660B0BDE8F0810DEB080073
:10DEA00031462A46A84414F0FFFEECE76FF0040761
:10DEB000384660B0BDE8F0816FF00807EAE700BFC0
:10DEC0002DE9F041904601221F4604460D4600F020
:10DED00019FA08B1BDE8F081284604F10C0500F0FC
:10DEE00051FA064629462046324600F083FA324669
:10DEF0002846012114F0DCFE42F21073142EC4F8FF
:10DF00005C802766A3650CD818231025236520465E
:10DF1000079A0699FFF798FF0028DBD12565BDE831
:10DF2000F0811C2E8BBF3023242320251825EDE7FC
:10DF30002DE9F84F1546064600680F469B46DDF86A
:10DF400028A000F01FFAB5F5806F49D8BAF5807F98
:10DF500042D8F36D814633B1736D012B34D0F26C2E
:10DF6000B36D9A4230DCBBF1000F07D0BAF1000F5D
:10DF700004D0524659463046FFF7F2FECDB106F1C5
:10DF80000C084D4530462C4628BF4C4600F0F2FAAE
:10DF90004A464146304600F0A3FA4146304600F07A
:10DFA000B3FA38462246414614F07EFE2D1B274424
:10DFB000E7D1304652465946FFF7D2FEF36C0020B7
:10DFC0000133F364BDE8F88F524659463046FFF7F7
:10DFD0003BFF18B98246D1E76FF00400BDE8F88F27
:10DFE0006FF00200BDE8F88F00B5002383B0009306
:10DFF000FFF79EFF03B05DF804FB00BF48B110B50A
:10E00000044600F065F964212046BDE8104003F0A5
:10E01000A5BD70472DE9F041B0B00446042000F0E2
:10E0200045F964220546002117A814F041FE7CB989
:10E03000694E2946019417A80094684B684A3460D9
:10E04000FFF73EFFE0B10125284630B0BDE8F08182
:10E0500000276448604E14F0FBFD2946019717A87D
:10E0600000975E4B5E4A3760FFF72AFF00287FD09B
:10E0700001255D4814F0F4FD284630B0BDE8F0817C
:10E0800003AF4FF0010E009423463946502217A8E3
:10E09000CDF8B0E0FFF74CFF0028D4D10023502288
:10E0A000394617A80093FFF743FF00285DD150229F
:10E0B0004E49384614F0E4FD8046002855D117A893
:10E0C00000F006F9642117A803F048FD17A800F036
:10E0D000FFF8642117A803F041FD002C58D16422F9
:10E0E000214617A814F0E4FD019400942946404B02
:10E0F00017A83B4A3460FFF7E3FE0028A3D122466D
:10E10000214617A8FFF7A0FE00289CD1002350222B
:10E11000394617A80093FFF70BFF034628BB009072
:10E120005022394617A8FFF703FFF0B938465022AE
:10E13000304914F0A5FD0546B8B917A800F0C8F895
:10E14000642117A803F00AFD17A800F0C1F817A86A
:10E15000642103F003FD002C3FF476AF264814F051
:10E160007FFD0A2014F094FD6EE7002C80D16AE751
:10E1700003AF4FF0010E009003463946502217A816
:10E18000CDF8B0E0FFF7D4FE00287FF471AF85E74B
:10E19000194814F065FD194814F05AFD64224146EF
:10E1A00017A814F085FDCDF80480CDF8008029462D
:10E1B0000F4B17A80A4AC6F80080FFF781FE002817
:10E1C0007FF456AF0246014617A8FFF73DFE002830
:10E1D0007FF44EAF9AE700BFB823012070CA0260F7
:10E1E0002DDD0060CC1E002080140020A8CA026033
:10E1F000F8CA026020CB026030140020E81E002024
:10E200000048704770CB0260002833D0014610B53B
:10E210000446194814F02CFD20B32146174814F089
:10E2200027FDE8B12146164814F022FDC0B1214671
:10E23000144814F01DFDB8B12146134814F018FD20
:10E24000A0B12146114814F013FD88B121461048B1
:10E2500014F00EFD0F4C00280CBF2046002010BD0E
:10E260000D4810BD0D4810BD0D4810BD0D4810BD26
:10E270000D4810BD704700BF041F00202C20002057
:10E280005C3B002050200020F83300202434002084
:10E29000C820002050CE026010CF026040CF026044
:10E2A000E0CE0260B0CE026080CE02600338C0B221
:10E2B000052803D8024B53F8200070470020704710
:10E2C000A40500200023036043608360704700BF03
:10E2D000B8B10368ABB110B50446406808B15B6AD9
:10E2E0009847A06838B12368D968490003F036FC24
:10E2F000A06814F0C9FC20460C21BDE8104003F0D2
:10E300002DBC7047C9B1C0B1F8B505460B6A0C46C3
:10E31000164698470746686088B116B92C600020F9
:10E32000F8BDE168022014F087FCA8600028F5D150
:10E330003846636A98470348F8BD03487047014868
:10E34000F8BD00BF80AEFFFF00AFFFFF0122FFF767
:10E35000D9BF00BF78B1026869B162B10B6853B12F
:10E3600010B5D41A18BF01243CB9936A49684068B3
:10E370009847204610BD02487047014810BD00BFB5
:10E3800000AFFFFF00B1007A704700BF00B1007816
:10E39000704700BF00B14068704700BF20B10368FC
:10E3A00013B11B69406818470048704700AFFFFF72
:10E3B00020B1036813B15B69406818470048704793
:10E3C00000AFFFFF20B1036813B19B694068184795
:10E3D0000048704700AFFFFF40B130B40C46C5693C
:10E3E00011461A4620462B4630BC18470048704755
:10E3F00000AFFFFF00286ED003682DE9F04305460B
:10E4000091B0002B65D08668002E62D09046DA6805
:10E41000894642450ED21B69406898470446002849
:10E420003ED06F463846402103F098FB204611B09D
:10E43000BDE8F08313466F461A4636213046F4187D
:10E4400014F036FC2B6820465C21DA6814F030FCAE
:10E45000B8F1000F15D009F1FF31601E06EB08027C
:10E46000334693F800E011F8014F8EEA040403F8F4
:10E47000014B9A4210F801EF0C788EEA0404047004
:10E48000EFD12B6868681B69984704460028C9D1FA
:10E490002B68314668685C69DA68A0470446C1E7C2
:10E4A0002B684246494668685B696F469847044650
:10E4B0000028B7D12B68694668689B69984704466D
:10E4C0000028AFD12B68E946AE68D3F80880DB6836
:10E4D000B2E70248ABE70148704700BF00AFFFFF5B
:10E4E00068B103685BB110B4846824B15B694068AB
:10E4F0005DF8044B184703485DF8044B704701482A
:10E50000704700BF00AFFFFF00282FD00368002B2B
:10E510002CD0F0B5866891B0002E25D004460D466B
:10E520009A6969464068DF68904708B111B0F0BD4C
:10E53000236860681B6998470028F7D12368F119A0
:10E5400060685E69DA68B0470028EFD123686946E1
:10E5500060685E699A68B0470028E7D12368294659
:10E5600060689B699847E1E70148DFE7004870472A
:10E5700000AFFFFFA8B103689BB170B5856875B1A6
:10E5800004461B694068984700B170BD236829465E
:10E5900060685C69DA682346BDE870401847024845
:10E5A000F3E70148704700BF00AFFFFF002831D0FC
:10E5B000F0B585B0002416460D460122014601A89B
:10E5C000029401941F460394FFF79CFE044628B171
:10E5D00001A8FFF77DFE204605B0F0BD3246294672
:10E5E00001A8FFF707FF04460028F1D1019B7BB18A
:10E5F000039A6AB15B6939460A9A029898470446B9
:10E600000028E5D10B9901A8FFF77EFF0446DFE75C
:10E61000014CDDE70048704700AFFFFF20B1036801
:10E6200013B1DB6A406818470048704700AFFFFF2E
:10E630005822002114F03CBB10B1582103F08EBACF
:10E64000704700BF08B5582214F02EFB08BD00BF6C
:10E6500070B403460022064E064D1046064C07498C
:10E660009E60DD601C6159611A605A6070BC704721
:10E670000123456789ABCDEFFEDCBA9876543210A2
:10E680000369024600202DE9F04F1F4613465269E8
:10E6900095B08E46D34E11461A46DB6810911C4643
:10E6A000119287EA01039168DEF800200497234065
:10E6B00005922746049ACDF800E096466240109CE9
:10E6C000C94D2644009C12910D446468DFF888B35C
:10E6D0002146109C06EB010C009E6340C34CB668BB
:10E6E0000691744431462B44059E07910C440099D1
:10E6F0003344BF4DCE6807EB73633D443146009E03
:10E700001A4087EA030E366905EB010A0891019663
:10E710000199B84D0D4400994E6905EB0309314646
:10E72000049E009D7240B44EAD699444009A0295D7
:10E730000E4403EB3C5CD26909910EEA0C0E1146C3
:10E74000AE4D66448EEA070E029A0A918B44A644A7
:10E750000099154483EA0C020CEBFE3E009C1397D3
:10E7600002EA0E020F6A646A8CEA0E0839465340C8
:10E77000A34F7544009A534403940F440B91926A3B
:10E780000399A04C0C4411460EEBB3229E4B0C9106
:10E7900008EA02088EEA020A93440B4488EA0C084D
:10E7A0000099C844C96A02EB78680D910AEA080C1E
:10E7B00007EB080A8CEA0E0782EA080C3744934EEE
:10E7C00008EB37570E440CEA070E04EB070988EAFA
:10E7D00007048EEA02021544009A07EBF535116B27
:10E7E0002C4087EA050E03EB050C894B84EA0804EC
:10E7F00000910B4411465C44DFF860B205EBB42491
:10E800000EEA040806EB040E88EA070685EA040807
:10E81000576B56443A4604EB76660E9208EA0608B1
:10E820009F1988EA050384EA06087A4D4B44DFF80D
:10E8300030921544CA6B06EB33530F9208EA030873
:10E840001D4488EA040486EA0308A4448C6B03EBA5
:10E85000FC3C08EA0C0883EA0C0188EA0606B64488
:10E860006D4E0CEBBE2E264401EA0E018CEA0E081A
:10E8700066445940694B0F441344069A0EEB776780
:10E8800073449144029A08EA07088EEA0701B944E2
:10E8900088EA0C0C654407EB3555294087EA050CDE
:10E8A00081EA0E010E445E4905EBF63611440D9ADD
:10E8B0000CEA060C29448CEA070C5A4F63441744AF
:10E8C000059A06EBB32307EB060A574F86EA0308BF
:10E8D00017440E9A08EA050507EB0308099F7540DF
:10E8E000A944524D03EBF9693D4483EA090E0EEA4F
:10E8F000060605EB090E4E4D5E4031444D4E09EBC8
:10E90000F15189EA01071F400C9B87EA09071D4462
:10E91000574405EB010C0F9D01EBB74781EA070354
:10E9200003EA0909444B89EA01092B44019DC844C3
:10E9300003EB070A2E44414D07EB383887EA0803FA
:10E94000464419407940714408EBF16188EA0103BB
:10E950001F40039B87EA08071D44BC4405EB010EDA
:10E96000374D01EBFC5C089F254481EA0C0305EB65
:10E970000C0903EA08034B4053440CEBB3438CEA05
:10E98000030529402F4D81EA0C013D442E4F0E44D2
:10E9900005EB03080B9903EB36360F4483EA0605B3
:10E9A000374405EA0C055D40754406EBF56586EADB
:10E9B00005010B40254973401144079A994401EB26
:10E9C000050E234B05EBF9591344009A85EA09011A
:10E9D00003EB090C31401F4E6940414409EBB14142
:10E9E00040E000BF56B7C7E878A46AD7DB702024A0
:10E9F000EECEBDC1AF0F7CF52AC68747134630A8BF
:10EA0000D8988069AFF7448BB15BFFFFBED75C89B4
:10EA10002211906B937198FD8E4379A62108B44919
:10EA200040B340C0515A5E26AAC7B6E95D102FD642
:10EA300053144402C8FBD3E781E6A1D8E6CDE12117
:10EA4000D60737C3870DD5F4ED145A4505E9E3A978
:10EA5000F8A3EFFCD9026F67019546FD39D0D4D9F0
:10EA600062251EF689EA01031D400A9B85EA090515
:10EA70001E442F44D74D0E4401EB37371544099AF5
:10EA800081EA070305EB070803EA09034B407344D7
:10EA900007EBF36387EA03052940CF4D794015441E
:10EAA000019A8C4405EB030ECC4D03EBFC5C83EA2E
:10EAB0000C010F400B995F400D44C9493E44654429
:10EAC00021440CEBB647C74E8CEA070903EA090359
:10EAD00083EA0C0C0D9BE0441E44C34B07EB383813
:10EAE00006EB070A89EA080987EA08074144CE4489
:10EAF00008EB3E7E87EA0E0788EA0E082F44069D43
:10EB00000EEB77572B44B94D88EA070673448EEA1B
:10EB1000070E15445644059A3D4407EB36468EEAE7
:10EB2000060987EA060CB24F89440A9906EB79294F
:10EB30000F448CEA090C86EA090EB9190C9F9C4413
:10EB4000AC4B09EB3C7C3B44AB4F8EEA0C0E4B4488
:10EB500089EA0C09AE440E9D0CEB7E5E2F44A74D56
:10EB600089EA0E0967448CEA0E0C15448944A449CD
:10EB700075440EEB39498CEA090C8EEA09069C446F
:10EB8000089B09EB7C2C19449E4B86EA0C064944F1
:10EB900089EA0C093E44029F0CEB36763B4489EA35
:10EBA000060903EB0C07039B8CEA060C4D449B44BF
:10EBB00006EB7555B3448CEA050386EA050A009E08
:10EBC0000B449149DFF880C205EB334331448F4E4B
:10EBD0008AEA030A85EA030901EB050E0F9DBA4490
:10EBE0008B4916448B4F03EB7A2A2944079D89EA07
:10EBF0000A0983EA0A081944874BD9442B44874DF4
:10EC00000AEB3979534488EA09088AEA090A06EBCB
:10EC1000090B0A9EF0443544814E09EB78588AEA84
:10EC2000080A05EB080E89EA08098A447D49CDF8EF
:10EC300014E008EB3A4A2144099C01EB0A0E89EAE8
:10EC40000A092744784CCDF824E09944009A089B9F
:10EC50000AEB79291644754A9E4669EA0808134664
:10EC6000069A88EA0A08734407EB090E704FD844E5
:10EC70000893704B09EBB868CDF800E019460C9B7F
:10EC800068EA0A0ADFF8C4E11C440B460F998AEAD5
:10EC9000090A1344684ADFF8B8B1464406930B9B4F
:10ECA0001A44664B0B4466490D4602990F440E996F
:10ECB0004D1901990295634D4D190D998C44079991
:10ECC00001958E440599089D8A44039908EBBA5A28
:10ECD0008B4409996AEA0909554489EA0809894473
:10ECE00000990AEB794969EA08084C4488EA0A085D
:10ECF0008844069909EBF82868EA0A0A41448AEA36
:10ED0000090AB24408EBBA6A6AEA0909524489EA74
:10ED10000809A9440AEBB95969EA08084B4488EA8A
:10ED20000A08A04409EB784868EA0A0A47448AEAD4
:10ED3000090A8A44029908EBFA2A6AEA090901EBEE
:10ED40000A06019989EA08099144129A0AEBB969FD
:10ED500069EA080801EB090588EA0A08984409EB02
:10ED6000B85868EA0A0A0CEB08048AEA090ABA44A5
:10ED7000119F08EB7A4A6AEA09090EEB0A0189EA4F
:10ED800008094E440AEBF62666EA0808B34488EA06
:10ED90000A08454406EBB56565EA0A0A53198AEA8A
:10EDA000060ABB60109B544405EBB45464EA0606A3
:10EDB00023446E407B613144139E04EB714161EA50
:10EDC00005057218049E65403144AB44396102EB7D
:10EDD000FB233FE08A4C2A8D4239FAFF81F6718786
:10EDE0000C38E5FD22619D6D44EABEA4A9CFDE4B3F
:10EDF000604BBBF670BCBFBEC67E9B28FA27A1EA5B
:10EE00008530EFD4051D8804E599DBE6442229F41A
:10EE1000F87CA21F39A093FC6556ACC497FF2A4327
:10EE2000C3595B65A72394AB7DF4EFFF92CC0C8FA5
:10EE3000144301A3D15D84854F7EA86FE0E62CFECC
:10EE4000A111084E827E53F735F23ABDBBD2D72AC4
:10EE500091D386EBFB6015B0BDE8F08F2DE9F84348
:10EE60000368064614460D4603F03F0713449A42D2
:10EE7000C7F14008036002D9436801334360DFB142
:10EE8000A04519D806F118092946424609EB0700A2
:10EE900013F00AFF49463046FFF7F2FB80B9C8EB92
:10EEA0000404454407463F2C08D929463046403CD7
:10EEB0004035FFF7E5FB18B93F2CF6D814B92046CA
:10EEC000BDE8F88306F1180022462946384413F0BD
:10EED000EBFE0020BDE8F88302B1BFE710467047A3
:10EEE000F8B50446006880220D4600F03F0004F1AA
:10EEF00018062318013038281A764BD8C0F138028A
:10EF00000021304413F0D4FE236831466668204661
:10EF10005A0FDB0042EAC6021F0A84F85030160A74
:10EF200084F8542084F85170170C84F85560120E40
:10EF30001E0C84F856701B0E84F8572084F852601B
:10EF400084F85330FFF79CFB18BBA3682B70A368B1
:10EF50001B0A6B706389AB70E37AEB70E3682B710B
:10EF6000E3681B0A6B71E389AB71E37BEB71236987
:10EF70002B7223691B0A6B72638AAB72E37CEB72A0
:10EF800063692B7363691B0A6B73E38AAB73E37D5D
:10EF9000EB73F8BDC0F140020021304413F088FE4D
:10EFA00031462046FFF76CFB0028F2D1014638229B
:10EFB000304613F07DFEA7E730B40023054D064C24
:10EFC0000649074A8560C46001614261036043608D
:10EFD00030BC70470123456789ABCDEFFEDCBA98A2
:10EFE0007654321002B9704738E700BFFFF778BF98
:10EFF000FFF746BB70B596B006460C461546002195
:10F000005822684613F054FE0E480F490F4A104B21
:10F0100002900391049205935CB929466846FFF774
:10F020005FFF04466846582102F098FD204616B05E
:10F0300070BD224631466846FFF710FF044600289F
:10F04000F0D1EAE70123456789ABCDEFFEDCBA9842
:10F0500076543210FFF7CEBF2DE9F043DFF8A490CD
:10F06000804685B00125002409F11C0709F18C06B2
:10F07000B8F1000F1BD121466A4630465136FFF7E2
:10F08000B9FF394604461037102220BB684613F0FA
:10F09000F7FD0446F0B9B8F1000F0DD1072D05F1C9
:10F0A000010510D059F8044FB8F1000FE3D02946FC
:10F0B000114813F0CDFDDEE7104813F0D1FD072D08
:10F0C00005F10105EED1B8F1000F0ED1204605B0D3
:10F0D000BDE8F0830124B8F1000FF7D0084813F021
:10F0E000BFFD204605B0BDE8F0830A2013F0D0FD37
:10F0F000204605B0BDE8F083081F00203014002032
:10F10000801400208CCB0260FFF7A2BAFFF7E4BEA8
:10F11000FFF7E6BEFFF796BAFFF7B2BA05F0D8B828
:10F1200006F08ABA06F08CBA05F0CCB805F0ECB857
:10F13000012106F0F3BB00BF07F0C8B807F0CAB85A
:10F14000012307F0AFB900BF06F0E2BB06F02EBC0A
:10F15000002106F0E3BB00BF002307F0A3B900BF06
:10F16000012107F021BB00BF08F0C2BC08F0C4BCFD
:10F17000012308F00DBE00BF07F010BB07F0B8BBBD
:10F18000002107F011BB00BF002308F001BE00BF43
:10F1900010B50446FFF750FA2046BDE8104013F0C2
:10F1A00073BD00BF10B5044605F086F82046BDE8E3
:10F1B000104013F069BD00BF10B5044606F0A2FB75
:10F1C0002046BDE8104013F05FBD00BF10B50446F7
:10F1D00007F0DEFA2046BDE8104013F055BD00BF31
:10F1E00010B55821012013F027FD044608B1FFF7A0
:10F1F0001FFA204610BD00BF10B55C21012013F09E
:10F200001BFD044608B105F053F8204610BD00BFB1
:10F2100010B56C21012013F00FFD044608B106F073
:10F220006DFB204610BD00BF10B5D821012013F0A2
:10F2300003FD044608B107F0A7FA204610BD00BF41
:10F2400098B1092270B506464568084C084803E0A5
:10F2500054F8140F40B16268AA42F9D1B16813F0B2
:10F260000FFD0028F4D1204670BD704770CF0260BA
:10F270001C1F00202DE9F047566882B01EB93046A9
:10F2800002B0BDE8F087904692682A4B0746147892
:10F290008946294AA3FB04535B0903EB8305A4EBCE
:10F2A000C504E4B2009413F0FBFC002837DB814571
:10F2B0008CBF0024012494BBD8F804E00744C0EBC1
:10F2C0000906BEF1010FDBD9D8F808C0022512E00B
:10F2D00013F0E6FC0028074421DBB042A6EB000651
:10F2E00034BF00240124D4B9D8F804E075451BD2FA
:10F2F000D8F808C001350CEB050331460F4A3846F3
:10F3000013F8013C03F07F0A13F0800F0AEBC414DA
:10F310002346DDD0AE4507D914F07E4FEAD06FF01A
:10F320000A0002B0BDE8F087C6EB090002B0BDE8F4
:10F33000F08700BFCDCCCCCC281F0020301F002090
:10F34000C0B10322F8B5064645680F460B4C0C4881
:10F3500003E054F8140F50B16268AA42F9D1B168C1
:10F3600013F08EFC0028F4D123693B60F8BD6FF0E8
:10F370002D00F8BD6FF02D00704700BF88D00260EF
:10F38000341F0020C0B10322F8B5064645680F4679
:10F390000B4C0C4803E054F8140F50B16268AA42B9
:10F3A000F9D1B16813F06CFC0028F4D123693B60FB
:10F3B000F8BD6FF02D00F8BD6FF02D00704700BF55
:10F3C00000D10260381F0020C0B10922F8B50646FE
:10F3D00045680F460B4C0C4803E054F8140F50B12D
:10F3E0006268AA42F9D1B16813F04AFC0028F4D14E
:10F3F000237C3B70F8BD6FF02D00F8BD6FF02D0041
:10F40000704700BF90D202603C1F0020012870B4FA
:10F4100015D00C4C0C4D04E01E7C864209D05C6972
:10F420001D4605F11403002CF6D16FF02D0070BCC1
:10F430007047AB690C600020136070BC70470923F3
:10F44000024CF7E7481F002090D202603C1F0020CA
:10F45000C0B10822F8B5064645680F460B4C0C486B
:10F4600003E054F8140F50B16268AA42F9D1B168B0
:10F4700013F006FC0028F4D1237C3B70F8BD6FF03C
:10F480002D00F8BD6FF02D00704700BFE0D2026084
:10F49000501F0020012870B415D00C4C0C4D04E016
:10F4A0001E7C864209D05C691D4605F11403002CC0
:10F4B000F6D16FF02D0070BC7047AB690C60002076
:10F4C000136070BC70470823024CF7E7200400204B
:10F4D000E0D20260501F002038B50D461446FFF7F9
:10F4E000AFFE30B10346027C00205B7C2A702370A3
:10F4F00038BD6FF02D0038BD10B50C46FFF7A0FEEB
:10F5000018B1C3680020236010BD6FF02D0010BD3E
:10F5100070B40B4C01260B4D03E054F8145F5DB141
:10F52000667CB042F9D1267C8E42F6D1616800201B
:10F530001560196070BC70476FF02D0070BC70478B
:10F5400070CF02601C1F0020C0B10822F8B506462B
:10F5500045680F460B4C0C4803E054F8140F50B1AB
:10F560006268AA42F9D1B16813F08AFB0028F4D18D
:10F57000237C3B70F8BD6FF02D00F8BD6FF02D00BF
:10F58000704700BF44D302605C1F0020C0B1082256
:10F59000F8B5064645680F460B4C0C4803E054F896
:10F5A000140F50B16268AA42F9D1B16813F068FB38
:10F5B0000028F4D1237C3B70F8BD6FF02D00F8BD1E
:10F5C0006FF02D00704700BFD0D30260681F00208D
:10F5D000C0B10822F8B5064645680F460B4C0C48EA
:10F5E00003E054F8100F50B16268AA42F9D1B16833
:10F5F00013F046FB0028F4D1E3683B60F8BD6FF0E0
:10F600002D00F8BD6FF02D00704700BF48D4026098
:10F61000741F0020032870B415D00C4C0C4D04E06E
:10F620001E7C864209D05C691D4605F11403002C3E
:10F63000F6D16FF02D0070BC7047AB690C600020F4
:10F64000136070BC70470823024CF7E7801F00204E
:10F6500044D302605C1F0020C0B10522F8B5064605
:10F6600045680F460B4C0C4803E054F8140F50B19A
:10F670006268AA42F9D1B16813F002FB0028F4D104
:10F68000237C3B70F8BD6FF02D00F8BD6FF02D00AE
:10F69000704700BFB8D40260881F0020F8B12DE980
:10F6A000F04106461746456888460A220D4C0E482A
:10F6B00003E054F8140F70B16268AA42F9D1B1683E
:10F6C00013F0DEFA0028F4D1227C637C88F8002055
:10F6D0003B70BDE8F0816FF02D00BDE8F0816FF068
:10F6E0002D007047F4D40260901F0020F8B50C463E
:10F6F000164605460021204613F0DAFA5FEA460E68
:10F7000022D0AE4429460BE0A2F137034208C007DD
:10F71000A05C58BF1B01714543EA0003A35413D0FA
:10F72000481B11F8012BA2F13003A2F14107DEB210
:10F73000092EEBD9052FA2F16106A2F15703E3D9F7
:10F74000052EE3D90148F8BD0020F8BD00EEFFFF0B
:10F750002DE9F0439BB080468946174604A81E4613
:10F76000FEF766FF04A8FEF773FF60B104466D461E
:10F7700004A8FEF761FF2846102102F0EFF92046A9
:10F780001BB0BDE8F083229A314604A8FFF7A4FB22
:10F79000044608B16D46EBE70822394604A86D46D9
:10F7A000FFF79AFB04460028E2D104A86946FFF758
:10F7B00097FB04460028DBD1B9F1100F35D99DE83D
:10F7C0000F0088E80F0004A8FEF742FF0446002857
:10F7D000CED1102269460DEB0200FFF77DFB0446F7
:10F7E0000028C5D13146229A04A8FFF775FB0446CC
:10F7F0000028BDD13946082204A8FFF76DFB044656
:10F800000028B5D1694604A8FFF76AFB0446002822
:10F81000AED1B9F11F0F08F11000694694BFA9F1EC
:10F820001002102213F040FAA2E74A464046694609
:10F8300013F03AFA9CE700BF2DE9F041E8B01C460E
:10F8400005460F466E9E08A89046F8F7FDFC234635
:10F8500000962A4602A81821FFF77AFF044650B105
:10F8600008A8F8F7F7FC02A8182102F077F920465B
:10F8700068B0BDE8F08102A908A8F9F7C7FB044603
:10F880000028EDD1014601972B460097424608A873
:10F89000F9F7E8F80446E3E72DE9F041D0B0064671
:10F8A0000D461746579C0AA89846F1F7D3FE0094D8
:10F8B0003246569B294602A8FFF74AFF044650B13C
:10F8C0000AA8F1F7CDFE02A8294602F047F9204622
:10F8D00050B0BDE8F081EA0002A90AA8F1F7E2FF02
:10F8E00004460028ECD10146019733460097424672
:10F8F0000AA8F2F701FE0446E2E700BF0023036016
:10F9000043608360704700BF002800F099812DE9B3
:10F91000F0478046AAB0184689461F46164613F09F
:10F92000CBF90546002800F015813146384613F022
:10F93000C3F90446002800F00D81854280F00A8159
:10F94000484613F0BDF92B5C0544202B00F0A6803F
:10F950000D2B00F0A0800A2B40F0FC8030466E1C7E
:10F9600013F0AEF9235C2218202B00F09D800D2BA4
:10F9700000F097800A2BA4EB0603349908BF0132EC
:10F98000152BA2EB07020A6049DC0025A946A64216
:10F9900080F0E4800021A41B334603AA00940846AB
:10F9A000F3F71AFE2C3072D0DDF80CA0012051467E
:10F9B00013F042F90746002800F0408100943346D6
:10F9C00003AA5146F3F708FE0446002840F0CA8017
:10F9D000B9F1000F6BD0329B002B00F03381252D45
:10F9E00000F0E280212D00F0F880052D00F0C980A4
:10F9F000062D00F0E580072D00F00581039902290E
:10FA000005D93B78302B02D17B78832B50D93846EF
:10FA100002F0A4F8384613F037F9934838E016227C
:10FA20009249304613F02CF90028AED1EB7D0D2B16
:10FA300046D005F117090A2B40F0908009F1010624
:10FA4000A71B162F40DD17228949304613F018F9FD
:10FA500000283BD109F11800231A0F2B40F3D9805D
:10FA6000082206A9FFF742FE002840F0D28009F1E3
:10FA700028062525A71B0D2F00F3ED8033780D2BCD
:10FA80007CD00A2B6AD101364FF001097FE7794813
:10FA90002AB0BDE8F0876B7801355CE76B780135FB
:10FAA00056E75378013265E7537801325FE70399EF
:10FAB0000020C8F80070C8F804102AB0BDE8F0872C
:10FAC00005F118092B7EB6E7112F16DD12226A49BF
:10FAD000304613F0D5F880B909F11300231A0F2B23
:10FAE00040F39780082206A9FFF700FE002840F0A7
:10FAF000908009F123062125BCE70D2F3CDD0E2265
:10FB00005E49304613F0BCF8002835D1152F33DD9F
:10FB100016225B49304613F0B3F800284ED0162267
:10FB20005849304613F0ACF8002874D016225649D4
:10FB3000304613F0A5F8F8B9072506F11600231A88
:10FB40001F2B66DD102206A9FFF7D0FD002860D12B
:10FB5000363693E74D482AB0BDE8F0874C482AB0C6
:10FB6000BDE8F0870399384601F0F8FF384613F0F6
:10FB70008BF8A4F588508BE7464889E773780136FF
:10FB80007FE733993A46039B019110213298009008
:10FB900006A8FFF781FE0446002C3FF42FAF38463D
:10FBA00013F072F8204673E7339906A8039A009180
:10FBB0003946329BFFF740FE0446EDE70525BCE7DA
:10FBC00033993A463298019118210090039B0DEB2E
:10FBD0000100FFF761FE0446DEE70AA8039DF8F77F
:10FBE00029FB339B06AA04A800930821329BFFF748
:10FBF000AFFD044688B10AA8F8F720FB04A8082145
:10FC000001F0ACFFC8E733993A46039B01912021EC
:10FC1000BCE721483CE706258FE704A90AA8F9F7C5
:10FC200037F904460028E6D1019706AB00972A462B
:10FC300000210AA8F8F768FC0446DCE7174827E724
:10FC4000174870470399384601F088FF384613F08B
:10FC50001BF814481CE70E220849304613F010F830
:10FC600000287FF40BAF51E780ECFFFFF429002060
:10FC70000C2A0020D4EEFFFF242A0020382A00207E
:10FC8000482A0020602A0020782A002080EFFFFF09
:10FC900000EFFFFF80EDFFFF00EEFFFF80EEFFFFB4
:10FCA00080EBFFFF00EDFFFF10B50446006818B1C0
:10FCB000616801F053FF206812F0E6FFA06812F0BF
:10FCC000E3FF20460C21BDE8104001F047BF00BF14
:10FCD0002DE9F04F8A4685B000210646009317466D
:10FCE00008461D46134603AADDF838B0F3F76AFC50
:10FCF000304612F0E5FF8146504612F0E1FF039CCA
:10FD0000631C03EB941399440F9B484498425CD8BE
:10FD1000002C4AD1A146214600953B4603AA4846FD
:10FD2000F3F750FC0446002848D1304612F0C8FFD3
:10FD300031460246584612F0B7FF304612F0C0FF77
:10FD4000039D0BEB0006ADB14F464FF00A08402D66
:10FD50002C463946304628BF402422462D1B12F03F
:10FD6000A3FF3219631C2744039582F800801E44C8
:10FD7000002DECD15046002412F0A2FF514602465D
:10FD8000304612F091FF504612F09AFF0246484664
:10FD9000531CB4541E44109BCBEB06061E6012F09D
:10FDA00073FF204605B0BDE8F08F2146012012F018
:10FDB00043FF81460028AED10648F3E7484612F0DB
:10FDC00063FF204605B0BDE8F08F109B18606FF010
:10FDD0002900E7E780EEFFFF0138C0B2032803D80F
:10FDE000024B53F82000704700207047CC050020DC
:10FDF00010B1002303604360704700BF60B1036827
:10FE000053B19B6A10B504464068984708212046C4
:10FE1000BDE8104001F0A2BE704700BF70B169B1EB
:10FE200070B5056845B904464B6A0E469847606050
:10FE300030B12660284670BD024870BD0148704749
:10FE4000014870BD80C1FFFF80C0FFFFF0B12DE908
:10FE5000F0470568BDB9DFF8489004461F46904654
:10FE6000D9F824308A4698470646606080B1089BDE
:10FE70002846C4F80090C6F800A0C6F80480B76011
:10FE8000F360BDE8F0870448BDE8F087024870479A
:10FE90000248BDE8F08700BF80C1FFFF80C0FFFFC0
:10FEA00030D5026020B1036813B19B6840681847E1
:10FEB0000020704720B1036813B1DB68084618477B
:10FEC000002070472DE9F047DDF82080DDF8249010
:10FED000D8B104460068C0B10E46174663B1056943
:10FEE000B5B160683A46CDF824903146CDF820800F
:10FEF000AC46BDE8F04760470846FEF7D7F920B1A9
:10FF0000FEF740FA03462068E9E70348BDE8F087BA
:10FF10000248BDE8F08700BF80C1FFFF00C1FFFFBE
:10FF20002DE9F04F89B00DF14809DDF8548099E8CA
:10FF3000000ED2B11568C5B11F46EB681446079094
:10FF40000E469847002845D0079A062A11D066B970
:10FF500053464A4639462046CDF84C80CDF848B045
:10FF600009B0BDE8F04FFFF7ADBF1B4809B0BDE8D1
:10FF7000F08F002EF9D0236833B19B6860689847F2
:10FF80000730B8EBD00F23D360680023CDF814B04E
:10FF9000D6F804E01A4635781946CDF80890CDF821
:10FFA00004A00097CDF810E0039503F0DFF90028D6
:10FFB000DCD1206820B18368606898470730C008AA
:10FFC000064B80458CBF1846002009B0BDE8F08F75
:10FFD0000348CBE70348C9E780C1FFFF00C7FFFF25
:10FFE00080BCFFFF00C1FFFF2DE9F04F81B00DF194
:10FFF000280898E8000F00B304460068E8B10E46F0
:02000004600199
:1000000017468BB14569E5B160683A463146AC4662
:10001000CDF834B0CDF830A0CDF82C90CDF82880B4
:1000200001B0BDE8F04F60470846FEF73FF920B148
:10003000FEF7A8F903462068E4E7034801B0BDE8ED
:10004000F08F0248FAE700BF80C1FFFF00C1FFFF49
:10005000F0B5DDF820E050B1046844B1A46924B1E2
:10006000A4464068BDE8F04060470248F0BD024841
:10007000F0BD00BF00C1FFFF80C1FFFFF0B5DDF89C
:1000800020E050B1046844B1E46924B1A44640685A
:10009000BDE8F04060470248F0BD0248F0BD00BF37
:1000A00000C1FFFF80C1FFFFB8B10268AAB1A1B1D2
:1000B0000B6893B130B41C6A8CB11D78052D06D045
:1000C0009A4207D123464968406830BC18471378E4
:1000D000012BF7D0034830BC7047034870470248F3
:1000E000F9E700BF00C1FFFF80C1FFFF50B108B5B5
:1000F00003684BB1DB6A1BB140689847002008BD1C
:10010000024808BD02487047014808BD00C1FFFF12
:1001100080C1FFFF18B103680BB1586870470148F0
:10012000704700BF902A002010B1006800B100782D
:10013000704700BF062818BF01280CBF012000200F
:10014000704700BF08B502F0C1F8C00008BD00BF8D
:100150002DE9F04385B00E4691461F460D9C804622
:1001600002F0B4F8A04215D800230C9A0546CDF849
:1001700008900392404601971A460096194603F0EC
:10018000F3F920B9A0F56450A54228BF002005B0BE
:10019000BDE8F0830048FAE780BCFFFF2DE9F04F8F
:1001A00081B0934606460C460AAFDDF834801D4602
:1001B00097E8800602F08AF8CDF830B05146C9F8C9
:1001C00000004246304601230D970B950A9401B07A
:1001D000BDE8F04F03F034B82DE9F04F144681B07C
:1001E0000F46994606460A9DDDF82CB0DDF83080B2
:1001F000DDF834A002F06AF8A0420ED15246414622
:1002000030460123CDF834B0CDF830900B970A95E5
:1002100001B0BDE8F04F02F09FBE024801B0BDE85A
:10022000F08F00BF80BFFFFF2DE9F04F81B08946FE
:1002300017469B460BAC0A9D064694E8100502F053
:1002400045F8A04228600DD852464146304600236A
:10025000CDF830B0CDF82C900A9701B0BDE8F04F42
:1002600002F0D4BC014801B0BDE8F08F00BCFFFF34
:1002700002F088B830B4012300F10804054D1430B1
:10028000054A4D608C6048610A610B700B7330BC8D
:10029000704700BF9C2A0020A42A002002380228B0
:1002A0008CBF002001207047806D704710B582B070
:1002B00011461A46059C049B0094F9F7D1FF034BA5
:1002C00010F5984F08BF184602B010BD00C7FFFFD9
:1002D00070B470BCF9F75CBF70B5AEB0044615469B
:1002E0001E4603A8FAF740F8214603A8FAF71EF8BD
:1002F000044668B9339BA4F56454324629460093FA
:1003000003A8329BF9F7ACFF10F5984F18BF0446CD
:1003100003A8FAF72BF820462EB070BDF0B5B1B0A7
:1003200004460D46164605A81F46FAF71DF8214655
:1003300005A8F9F7FBFF30B1044605A8FAF716F84F
:10034000204631B0F0BD399B389A379936980393DF
:100350003B460292324601912946009005A8F9F7E2
:1003600017FF0446E9E700BFFBF780BD8830022293
:10037000024B88600A704B60704700BFAC2A0020B7
:10038000023801288CBF002001207047A0F1040032
:10039000B0FA80F040097047A0F10100B0FA80F097
:1003A0004009704708B5C36800689847C00008BD99
:1003B0002DE9F04F83B0934604460D461E460E9934
:1003C000DDF83080DDF83490C36800680191DDF815
:1003D0003CA0984727680123CDF838B05246C9F8A9
:1003E00000003846CDF83C800D960C95A468019924
:1003F000A44603B0BDE8F04F604700BF2DE9F047C9
:10040000154604461E46C36800688946089FDDF805
:1004100024809847A8420BD120684B46CDF8248011
:100420003A46089601216468A446BDE8F047604753
:100430000148BDE8F08700BF80BFFFFF10B504464C
:1004400003F0D4F82046BDE8104012F01DBC00BFF8
:1004500010B50446FAF72EFD2046BDE8104012F014
:1004600013BC00BF10B50446F9F780FF2046BDE875
:10047000104012F009BC00BF10B50446102101F075
:100480006DFB2046BDE8104012F0FEBB10B5AC215C
:10049000012012F0D1FB044618B10022114601F0F0
:1004A000C1FC204610BD00BF10B5AC21012012F0E8
:1004B000C3FB044608B1FAF7A9FC204610BD00BFF3
:1004C00010B5AC21012012F0B7FB044608B1F9F7D2
:1004D0004BFF204610BD00BF1021012012F0ACBB25
:1004E0002DE9F043CB68ADF50D7D074608680C4655
:1004F00098470546384601F0E9FEED00B5EBC00F20
:1005000028D104AD20222A2100262846904612F048
:10051000CFFBE368206898470CAA81460123206836
:1005200031460295A46803923246CDF804800096C5
:10053000A04718B10DF50D7DBDE8F0830CAA01466A
:10054000CDF804904346009238462A46FFF700FE55
:100550000028EFD002480DF50D7DBDE8F08300BF07
:1005600000BEFFFF0048704700E1FFFF2DE9F04F9C
:10057000ADF51B7DDDF894B20390BBF1400F98BF41
:10058000402B029104929DF8980200F2F680802997
:10059000994694BF00240124002C40F0EE80FDF722
:1005A00085FE8046002800F0EA8007A8FDF78AFE55
:1005B0002246414607A8FDF7A5FE18B10DF51B7DA3
:1005C000BDE8F08F40463AADFDF7DCFE07469DF8EA
:1005D0009C121AA8212FAA4634BF402380231A4612
:1005E0001E46019312F064FBB3455C465046A49945
:1005F00028BF34462246A24412F056FB361BF3D1E4
:100600005AAC0597CA46DDF804B02746DDF81090CD
:10061000DA4556463846494628BF5E463246374494
:1006200012F042FBBBEB060BF2D1029B0AAE059F18
:10063000002B00F0A6807AABDDF8A0B2049307A8E7
:10064000FDF7ACFE50BBDDF804901AA907A84A4696
:10065000FDF7AEFE10BB4A46294607A8FDF7A8FEE7
:10066000E0B94A46214607A8FDF7A2FEB0B93146D7
:1006700007A8FDF7A7FE88B9BBF1010F27D94FF0F6
:10068000010901E0D94522D033463A463146404679
:1006900009F10109FDF7A0FE0028F3D082462846A3
:1006A000802101F05BFA2046802101F057FA04987E
:1006B000802101F053FA3046402101F04FFA07A89B
:1006C000FDF706FE50460DF51B7DBDE8F08F029B41
:1006D0003146DDF80CE0BB4299467346704628BFB0
:1006E000B9464B444A46039312F0DEFA029BB3EB41
:1006F0000903029347D0049BCDF81480DDF804A0D1
:1007000098465745B9464046314628BFD1464A46E5
:10071000C84412F0C9FABAEB090AF2D1049A019B53
:10072000DDF81480D0181946024600E039B112F8FD
:10073000013D01390133DBB21370002BF6D0019B70
:100740008646E918002311F801CD1EF8012D8D42CF
:10075000624413440B70C3F30723F4D1019BE118E7
:10076000002311F801ED10F8012D8C42724413445E
:100770000B70C3F30723F4D161E704481EE7044874
:100780001CE77AAB04934FF0000A88E780E0FFFF94
:1007900000E1FFFF2DE9F04F0027DBB005461046D2
:1007A00007919A460897659CF7F7CAF8002800F069
:1007B000C080802C0646D0F80480D0F80CB0099791
:1007C00000F2B58039464FF4817219A80A970B9749
:1007D00005F108090C9712F06BFA2B68AF686A688C
:1007E000302B17445BD104230BAA39464846F2F755
:1007F00071F9002842D0A0F5F45000283BD15CB13B
:10080000649B5A1E19AB03EB440012F8011F02331C
:1008100003F8011C9842F8D10134099A4FEAD8082C
:10082000012765000B9C0492414601942B460C9CC9
:1008300011A8CDF808A019AA03970094FFF796FE17
:10084000C8B9BBF1000F2ED10DAF19A8F7F79EF86C
:10085000314619A8F7F7AEF80446002837D011A89A
:10086000202101F07BF93846102101F077F919A811
:10087000F7F790F820465BB0BDE8F08FA9684846CE
:100880000B9B09AA0C910B443946AB60F2F760F957
:100890000028B0D1AB689F42B1D02748EBE727488A
:1008A0005BB0BDE8F08F099802220DAF0B9C2B4680
:1008B0000C9D0490594603923846CDF808A019AA19
:1008C00001940095FFF752FE0028D4D1BDE79DF9B1
:1008D0001C3011A94FEAC80219A8F7F797F8044687
:1008E0000028BCD1F268394619A8F7F7F9F8044690
:1008F0000028B4D119A8F7F715F904460028AED19D
:1009000008AB66A919A800930EC9F7F733F9044696
:100910000028A4D10899A4F5F054689B08AA19A846
:100920001944F7F721FA002808BF002497E7044884
:10093000A1E704489FE700BF1AE1FFFF1EE1FFFFA8
:1009400080E0FFFF00E1FFFF2DE9F04FA5B0044676
:100950000068904601930F46DDF8BC90DDF8C0A01A
:10096000FDF710FD0022012303928DF80F30BAF13C
:10097000000F67D0431E14AA064602EB030B424643
:1009800039462046FDF736FD00285CD12E9A2046D8
:100990000199FDF7A5FD002855D1042203A92046A1
:1009A000FDF79EFD00284ED114A92046FDF7ACFDB1
:1009B000002848D1324614A904A812F075F9B9F1FB
:1009C000010F23D90125424639462046FDF712FD85
:1009D000002838D1324604A92046FDF781FD90BB9E
:1009E00004A92046FDF790FD68BB66B10DF14F01EB
:1009F0000DF10F0011F8012F10F8013F594583EA5E
:100A000002030B70F6D10135A945DCD156453546B8
:100A100014A9319828BF55462A46C5EB0A0A12F098
:100A200043F9319B04A804212B44319310F8013D74
:100A300001390133DBB203700BB90029F6D1BAF1E9
:100A4000000F9CD1002025B0BDE8F08F2DE9F043C8
:100A50008568BDB000244FF00409089506940794FA
:100A600009948DF8169081C830282F4415D11D4661
:100A700014460E4610AB0AAA394608A8F2F774F9D4
:100A800030B90B9A092A0CD068483DB0BDE8F08314
:100A9000A0F53C503DB0BDE8F08365483DB0BDE8F1
:100AA000F0830C99634812F0EBF80028ECD1109A0F
:100AB000129B1199302A249303EB0108EDD14B4688
:100AC00017AA414624A8F2F705F8002845D0A0F55A
:100AD0003C500028D9D19DF81600FDF7E7FB804671
:100AE0000028D1D0394608A813AB0DAAF2F73CF97B
:100AF0000028CDD10DA80DF11701FEF7ADFD00289E
:100B0000C2D19DF81700F6F71BFF81460028BBD025
:100B10004368139ADB08042A07934ED1149AC368DA
:100B20009A424AD119A8FDF7CDFB2CA8F6F72EFF63
:100B3000149A159924A812F0B7F8414619A8012271
:100B4000FDF7E0FB0746002839D019A8FDF7C0FBE8
:100B50002CA8F6F71FFF384697E7249806AA179B9C
:100B600041461890034424A82493F1F7F1FF00288C
:100B7000ADD1249B9845AED007AA414624A8F1F7F1
:100B8000E7FF10F1620F01D00028A0D1249B984507
:100B9000A1D0414624A82CAAF2F754F9002896D1F6
:100BA0002CA80DF11601FEF7F1FC00287FF46CAFC4
:100BB000249B98458FD0204867E7204865E7079831
:100BC0002A462146069D179C0DF17008029019A82F
:100BD000189BCDF80C8001950094FFF7B5FE0746F1
:100BE0000028B2D149462CA8F6F7E4FE07460028B3
:100BF000ABD1079A73B241462CA8D200F6F706FF94
:100C000007460028A1D1469A09ABA7F5385724A971
:100C100001922CA8459A02930092449B149AF7F7EC
:100C200075F9002808BF00278FE700BF80D1FFFFBC
:100C30009ED0FFFFD02A00209AD0FFFF00D1FFFFF7
:100C40002DE9F04F9FB083460BA8FDF73BFB042036
:100C5000FDF72CFB00285BD0014601220BA8FDF715
:100C600051FB002854D1DFF8EC8004464FF0140902
:100C7000012308F1180208F1600708F5907608F5DD
:100C8000F075059208F130024FF0040A069208F15F
:100C9000480207920822BBF1000F2DD10EA9019343
:100CA000CDF800A02B4603910BA83146CDF8089053
:100CB000FFF74AFE01342835203682464A460EA9FF
:100CC00018BB3846203711F0DBFFF0B9BBF1000F3D
:100CD00027D1062C2AD0059B069953F804AF58F863
:100CE000042F059351F8043F0691079951F8049F8A
:100CF0000791BBF1000FD1D0214613480993089208
:100D000011F0A6FF099B089AC8E7BBF1000F14D1A8
:100D10004FF0010A0BA8FDF7DBFA50461FB0BDE803
:100D2000F08F0A4811F09CFF062CD4D1BBF1000FC4
:100D3000F0D00A2011F0ACFFECE705484FF0010AB3
:100D400011F08EFFE6E700BFDC2A002030140020FF
:100D50008014002020D602602DE9F0418AB0904630
:100D60003023054609AA0E46F1F7B4FE00284ED1FD
:100D70002A68099B13449E4245D1022309AA3146A1
:100D80002846F1F7A7FE044620B1A0F56C500AB042
:100D9000BDE8F08129680346099A40460694059407
:100DA0000494039402940194009401F081F80028C3
:100DB00032D12C6809AA09980223314604442846F6
:100DC0002C60F1F787FE10BB2C680346099F024692
:100DD00004900146039002900190009040460697CF
:100DE000059401F065F8B8B92A684046099B134498
:100DF0002B6001F097F878B9404601F069FA58B9CC
:100E00002B689E42C3D005480AB0BDE8F081A0F52A
:100E10006C500AB0BDE8F0810148B8E79AC4FFFF02
:100E200000C5FFFFF0B58FB00C46154606460BA86F
:100E3000F2F7BEFE611909AA0AA830230A94F1F755
:100E400049FE20B1A0F5745420460FB0F0BD0A9FB2
:100E500008AA099B0AA81F443946F1F779FE002821
:100E6000F0D1089C002C40F0D480022309AA394616
:100E70000AA8F1F72FFE054680B10BA8F2F7A0FEF5
:100E80004FF680732B4033B1654C304602F0AEFB19
:100E900020460FB0F0BDA5F57454F6E7034606955D
:100EA0000595304604950395029501950095099A9C
:100EB0000A9900F0FDFF05460028DED10A9D0223B5
:100EC000099809AA394605440AA80A95F1F702FECD
:100ED00005460028D1D12B4609980A9D06901A464E
:100EE00005951946049330460393029301930093AA
:100EF00000F0DEFF05460028BFD10A9D02230998B5
:100F000009AA394605440AA80A95F1F7E3FD054602
:100F10000028B2D12B4609980A9D04901A460395E1
:100F2000194606933046059302930193009300F00F
:100F3000BFFF05460028A0D10A9D0223099809AAEF
:100F4000394605440AA80A95F1F7C4FD054600286C
:100F500093D10022099D0A9B3046009511460692C6
:100F60000592049203920292019200F0A1FF0546BD
:100F7000002882D10A9D09AA09980223394605440E
:100F80000AA80A95F1F7A6FD054600287FF475AF7B
:100F90002B4609980A9D02901A4601951946069318
:100FA0003046059304930393009300F081FF0546B8
:100FB00000287FF462AF0A9A3046099B13440A93D3
:100FC00000F0B0FF054600287FF457AF0BAA394662
:100FD0000AA8F1F7A3FE054600287FF44EAF0BAA3E
:100FE00039460AA8F1F79AFE054600287FF445AF76
:100FF0000AA80BAA3946F1F791FE054600287FF4AE
:101000003CAF0A9B9F4206D00BA8054CF2F7D8FDD7
:101010003BE7044C18E70BA8F2F7D2FD14E700BF3A
:1010200000C3FFFF80C2FFFF0368062BF0B50D462B
:10103000C1B000F0A480044602A8F9F7E1FE6846BA
:10104000A36821AA666800931E443146F1F780FD2B
:10105000002833D1219B013B022B00F23D8130233C
:101060003146684601AAF1F735FD044628B102A8C9
:10107000F9F7EEFE204641B0F0BD01990623009F2E
:1010800001AA68460F443946F1F724FD04460028BA
:10109000EDD1019A072A40F02181009C9349204616
:1010A00011F0EEFD002840F01981073439466846FA
:1010B00003AA0094F1F732FE002879D0A0F5745409
:1010C000002CD4D121A8F9F79BFEF9F72FFE037865
:1010D000064623B945E016F8013F002B41D021A870
:1010E000F9F7B6FE317821A8FBF77AFF044600280D
:1010F00057D1189A379B9A42EDD1199A389B9A4248
:10110000E9D122A903A8F3F72BF90028E3D125A9F7
:1011100006A8F3F725F90028DDD128A909A8F3F7D7
:101120001FF90028D7D134A915A8F3F719F9002819
:10113000D1D12BA90CA8F3F713F90028CBD131A9F1
:1011400012A8F3F70DF904460028C4D101460FA8F0
:10115000F2F7B4FE074621462EA8F2F7AFFE87420B
:10116000B9D121A8F9F774FE33788DF804303378BB
:10117000002B00F0B98002A8F9F76AFE05E001A98A
:10118000FEF766F9002840F0AB802B789DF804103C
:1011900013B18B4240F09E802846FBF721FF41B0FF
:1011A000F0BD21A8F9F754FE33788DF804305EE7DE
:1011B00003A8F2F7DBFE009B18909F4240F092805C
:1011C000302301AA31466846F1F784FC0446002822
:1011D0007FF44DAF01990423009C68460DEB030298
:1011E0000C442146F1F776FC00287FF467AF019AA2
:1011F00006A80099F2F7E8FE00287FF45FAF009F91
:101200000423019821460DEB03020744684600972A
:10121000F1F760FC00287FF451AF019A09A800990A
:10122000F2F7D2FE00287FF449AF009F0323019814
:1012300001AA2146074468460097F1F74BFC18B90C
:101240009DE80C0013440093009B9C424AD101AAE4
:10125000042331466846F1F73DFC00287FF42EAFA9
:1012600002A80CA99DE80C00FAF736F908B310F5AE
:101270009D4F31D1009B1B78023B012B2CD803A83A
:10128000F2F79CFE019B411C0246994224D1009931
:101290000CA80131F2F798FEF0B9009B0FA819785D
:1012A0000239F2F7EFFDB8B9012112A8F2F7EAFD11
:1012B00090B9009A3146019B6846134415AA0093E1
:1012C000F1F72CFD00287FF4F9AE15A8F2F74EFED9
:1012D0001990F7E60648CEE6054CC8E6054CC6E68A
:1012E0000548C8E6054CC2E6054CC0E6F42A0020D5
:1012F00000C3FFFF80C6FFFF00C6FFFF9AC2FFFFCB
:1013000080B1FFFF70B5002584B016461C461D60F5
:1013100001AA5D609D60F1F727FD18B1A0F56A5044
:1013200004B070BD01A83146FEF74EF868B93378B5
:10133000012BF5D12368052B00D043B9636805481C
:10134000002B08BF002004B070BD0348E8E7014847
:10135000E6E700BF80C5FFFF80C3FFFFF0B589B09F
:101360000C4605461144302303AA04A80494F1F75F
:10137000B1FB18B1A0F5745009B0F0BD049E02AAEB
:10138000039B04A81E443146F1F7E2FB0028F1D18B
:10139000029B012B4BD1042303AA314604A8F1F789
:1013A00099FB0028E6D105F17C07039A0499384699
:1013B000F2F70AFE044600283BD1049A039B13442B
:1013C0009E42049319D0A02303AA314604A8F1F742
:1013D00081FB044698B310F1620F2AD1049B9E4210
:1013E0000BD03146A12303AA04A8F1F773FB0446EE
:1013F000002845D010F1620F1BD105F188060024AA
:10140000314605F128033A46019428460094FAF73C
:101410001FFC044668B939462846FAF7FBFB044628
:101420000028A9D02846F9F745FD2046A4E72D4815
:10143000A2E72846F9F73EFDA4F574509CE7039A0D
:10144000049B002A03EB02044ADD1B78062B05935C
:1014500001D0302B42D106AA214604A8F1F73AFB6D
:1014600060BB049A069B079213449C4204932BD1C1
:10147000294605A8FFF7D8FD04460028AED0D1E7DD
:10148000049C03AA039B04A81C442146F1F7C8FB53
:1014900000287FF46FAF049A039B13449C4211D140
:1014A00005F18806A31A28463146FAF715F868B1FF
:1014B000049410F59D4FA2D00B485DE7B0F574542D
:1014C000B0D1D5E7094857E7084CABE73146284685
:1014D000FAF7C0F8049400289DD0EAE7044CA1E78D
:1014E000044C9FE780C2FFFF00C3FFFF9AC2FFFFCB
:1014F0009EC2FFFFA0C2FFFF70B50B4688B000245C
:1015000011440646049303AA04A830238DF807402B
:10151000F1F7E0FA20B1A0F57454204608B070BD90
:10152000049D02AA039B04A81D442946F1F710FB61
:101530000028F0D1029C1CB1264C204608B070BD9A
:101540000DF10702294604A805ABFFF7DBFE0028D2
:10155000E1D103AA294604A80423F1F7BBFA002825
:10156000D9D1039B3BB39DF80700FEF735FC00B3D0
:1015700001463046FEF752FCC8B99DF80730012BF2
:101580001BD0023B012B14D805A87168FFF74CFD56
:10159000034638B9039A04997068FFF7DFFE0346E3
:1015A0000028BAD030461C46FEF728FCB5E70446B2
:1015B000B3E7094CB1E7094CAFE7039A04997068A7
:1015C000FFF730FC044608B90024A6E73046FEF7D2
:1015D00015FCA2E780C2FFFF80C3FFFFA0C2FFFF90
:1015E000F0B591B0169C09911144002C2ED01E46E6
:1015F0000546302308AA09A8F1F76CFA18B1A0F53E
:10160000745011B0F0BD089A0DAB099F09A817449A
:101610000AAA3946F1F7A8FB0028F0D108AA3946F2
:1016200009A80423F1F756FA0028E8D10AA80DF119
:101630001E020DF11F01099FFEF730F840B10B9A11
:101640000A2A1AD0092A34D02548DAE72548D8E7EB
:1016500001940146089C0DA80096099E9DF81F3034
:101660009DF81E20049703940296FFF793F8D0B1DB
:1016700010F5F05FC5D11C48C3E70C991B4811F069
:10168000FFFA01460028DFD123463246099C0DA807
:10169000089E02978DE85000FEF764FF0028B0D145
:1016A0003B78302BE7D139462846089AFFF724FFCC
:1016B000A7E70C990E4811F0E3FA01460028C3D1C0
:1016C00023463246099C0DA8089E02978DE85000DB
:1016D000FFF7BCF90028E6D010F5385F91D1CAE7D2
:1016E00080C6FFFF00C4FFFF80C4FFFFFC2A00206C
:1016F000082B00202DE9F04188B0144605460E461F
:1017000005A81F46FEF7FAF814B304F1FF3816F8DF
:1017100008300BB32146012011F08EFA80460028D4
:1017200079D02246314611F0BFFA0E9B224641463F
:10173000009328463B46FFF753FF214607464046A5
:1017400000F00CFA404611F09FFA67BB002000E061
:101750006E4808B0BDE8F0810E9B04AA009705A86A
:101760000193334602926A496A4AFEF7CDF800288F
:1017700053D10120FEF730FB01462846FEF74EFB11
:10178000044630B9069A05996868FFF74BFB044692
:1017900010B12846FEF732FB05A8FEF785FA204671
:1017A00008B0BDE8F0812846FEF728FB17F56E5F0C
:1017B0002FD0224631462846FFF79EFE0028C5D08E
:1017C0002846FEF71BFB0120FEF706FB01462846D4
:1017D000FEF724FB30B9224631466868FFF722FB4A
:1017E0000028B3D02846FEF709FB0220FEF7F4FAE2
:1017F00001462846FEF712FB30B92246314668689A
:10180000FFF7ACFD0028A1D02846FEF7F7FA3F48C5
:101810009FE741489DE741489BE710F59C5FF8D062
:1018200010F5985F26D010F5845F92D116F8083035
:10183000002B7FF46FAF04AB0E9A05A800970293BC
:10184000334601923649374AFEF75EF8A0B90220C6
:10185000FEF7C2FA01462846FEF7E0FA04460028E1
:1018600097D1069A05996868FFF778FD0446002825
:101870008FD191E72C486CE710F59C5FC9D010F52B
:10188000985FF7D010F5845F7FF463AF16F80820F7
:10189000002A7FF43FAF04AB0192009205A80293A7
:1018A0003346224A2249FEF72FF848B9069A2846BD
:1018B0000599FFF721FE044600283FF46DAF68E765
:1018C00010F5845F7FF445AF16F80820002A7FF4F6
:1018D00021AF04AB0192009205A802933346154A4A
:1018E0001549FEF711F860B90E9C3B46069A28464A
:1018F00000940599FFF774FE044600283FF44CAFAE
:1019000047E710F5845F7FF424AF03E700C3FFFFD0
:10191000342B0020142B002080C4FFFF80C0FFFF69
:10192000742B0020542B002000C4FFFF942B0020B8
:10193000B02B0020CC2B0020F02B00202DE9F04311
:1019400087B000241646302302AA8DF807400546CA
:10195000F1F7C0F820B1A0F5745007B0BDE8F083EE
:1019600002990DF107022F6803AB28460F44394650
:10197000FFF7C8FC0028F0D102AA39462846F1F743
:101980004FF9E8B92A68029B13449F421BD19DF886
:101990000700FEF721FA002843D001463046FEF743
:1019A0003DFA0028D9D19DF80730012B0DD0023B1C
:1019B000012B17D91C4C3046FEF720FA2046CCE705
:1019C000A0F56C50C9E71948C7E772683946284640
:1019D000FFF7C2F904460028EDD12B689F421ED0C4
:1019E000124CE8E703A87168FFF71EFB04460028C5
:1019F000E1D1D6F804802A6808F188094046BB1A6C
:101A00004946F9F769FD044608B12F60D3E7494616
:101A10004046F9F71FFE2F6004460028CBD1002076
:101A20009BE7014899E700BF80C3FFFF9AC4FFFF0F
:101A30002DE9F0418AB0154606460F4607A8FDF786
:101A40005DFF85B907A8FEF72FF90120FEF7C4F95D
:101A500000283AD001463046FEF7E0F9002836D09B
:101A60000AB0BDE8F08105F1FF3817F80830002B07
:101A7000E8D106AA0193009307A802923B46314A97
:101A80003149FDF741FF044600283AD1079B012068
:101A90000593FEF7A1F9C0B101463046FEF7BEF945
:101AA0000028DDD1059905A8089B72681944FFF745
:101AB00053F9044610B13046FEF7A0F907A8FEF727
:101AC000F3F820460AB0BDE8F0812048C8E70DF1E0
:101AD00028083D44726848F8147D29464046FFF7BF
:101AE0003BF904460028ECD03046FEF787F9184B46
:101AF0009C42E6D13246294640460597FFF71EFF35
:101B0000AEE710F5845FD9D117F80820002A99D1E3
:101B100006AB0192009207A802933B460D4A0E497C
:101B2000FDF7F2FE044648B9079B3246089905A81E
:101B300005931944FFF702FF0446BFE710F5845FE1
:101B4000BCD17FE7182C0020382C002080C3FFFF79
:101B50009EC4FFFF582C0020742C0020024B0A4624
:101B600000211B68184700BF745E00202DE9F04F6C
:101B700093B00F46044690461C9E02A840220021C6
:101B8000994611F095F8002330680193FCF7FAFBB1
:101B9000A7B38246BA453046554628BF3D46FCF7B6
:101BA000FDFB834660BB4A4641463046FCF700FCDD
:101BB000834628BB042230460DEB0201FCF7F8FBFC
:101BC0008346E8B902A93046FCF7FCFB8346B8B966
:101BD00065B10DF10702601914F8011B12F8013FFD
:101BE000A04283EA010304F8013CF5D19DF80730D7
:101BF0007F1B03F101038DF80730CBD14FF0000BB1
:101C000002A84021FFF7AAFF584613B0BDE8F08FA5
:101C10002DE9F04F002683B091461C4600960546FC
:101C20000196DDF8308018BB8B420F4602D35C1A58
:101C30000A2C04D8444D284603B0BDE8F08F434633
:101C40004FF0010EE61EFF2103F8020B1846324644
:101C500088F801E011F02CF80346A01E3A469D5585
:101C60004946184411F020F8284603B0BDE8F08F2B
:101C7000FCF71CFB06460028DCD028466A4601A972
:101C8000FDF7C8FC05460028D4D13046FCF77AFBA6
:101C9000009B0646034403F108027F2ACAD810F1CC
:101CA0000A01C7D203F10A029142C3D89442C1D3B8
:101CB000A4F10A07FF1A0A2FBCD9C346033F012328
:101CC000FF210BF8025B3A46584688F8013010F0C5
:101CD000EFFFDDF800A00BEB07034FF0300E0AF129
:101CE00008015FFA8AF20BF8075006203144DF1D25
:101CF0009A71043283F801E083F803E09970587117
:101D000038461A715246019910F0CEFF07EB0A03CC
:101D10004FF0040E0522494603EB0E0B07F80A208C
:101D2000DE7032465D70584683F802E05E4410F083
:101D3000BBFF08EB04039E423FF47DAF21464046C3
:101D4000FFF70CFF76E700BF80BFFFFF52B138B549
:101D50000C468D1810F0B8FF04F8010BAC42F9D115
:101D6000002038BD00207047F8B500F1080547682D
:101D700004460E462846F2F721F9874245D16368AA
:101D8000B3F5007F41D800212846F2F75BFB00281D
:101D90003BDD28460021F2F791F8B0B3BEB304F161
:101DA0002C0500212846F2F74DFB00282DDD2846A2
:101DB0000021F2F783F840B304F1380500212846EA
:101DC000F2F740FB002820DD28460021F2F776F8E4
:101DD000D8B1002104F11400F2F734FB002814DD1F
:101DE000002104F14400F2F72DFB00280DDD002155
:101DF00004F15000F2F726FB002806DD04F15C0038
:101E00000021F2F71FFB002808DC0548F8BD314629
:101E100004F11400F2F716FB0028F6DD0020F8BDEF
:101E200080BFFFFF70B504460E4615460021AC2268
:101E300010F03EFFC4F8A460C4F8A85070BD00BF05
:101E4000F8B5044615461E460F4619B10830F1F79D
:101E500039FF30BB2DB1294604F12C00F1F732FFD8
:101E6000F8B92EB1314604F13800F1F72BFFC0B9B3
:101E7000069B2BB1069904F12000F1F723FF80B9EE
:101E8000079B2BB1079904F11400F1F71BFF40B930
:101E90005FB104F10800F2F791F800216060084694
:101EA000F8BDA0F581410846F8BD3946FBE700BF03
:101EB00070B504461D4661B100F108063046F2F7E0
:101EC00083F810B1A0F5814070BD3046F2F776F886
:101ED00060603DB12946049A04F12C00F2F774F8D1
:101EE0000028EFD1059B3BB1069A04F13800059913
:101EF000F2F76AF80028E5D1079B3BB1089A04F194
:101F000020000799F2F760F80028DBD1099B3BB16C
:101F100004F114000A9A0999F2F756F80028D1D171
:101F2000002070BD2DE9F04F044600F1080A87B08B
:101F3000002104F1140300F12C0700F1380800F12E
:101F4000200950460293F2F77DFA021C04904FF0EC
:101F5000000118BF012238460592F2F773FA0021FA
:101F600003904046F2F76EFA002105464846F2F724
:101F700069FA061C4FF000018346029818BF01263B
:101F8000F2F760FA039A0030049B18BF0120002A80
:101F900018BF002D14BF012100211BD006EA00024A
:101FA0000025BBF1000F14BF002600F0010655EA22
:101FB000060000D17AB14FF0010B33BB29B3424682
:101FC00039465046F2F78AFBD8B1A0F5814007B0F8
:101FD000BDE8F08F1AB1254807B0BDE8F08F059A2B
:101FE000002AF8D0B5FA85F506406D09284035403D
:101FF000BBF1000F14BF002200F0010252BB1646D5
:10200000D5E75046F1F7DAFF6060C5B92EBBBBF1EA
:10201000000F0ED004F1500304F15C054A4641461E
:1020200038468DE8280004F1440301F075FF0028CC
:10203000CBD15946204607B0BDE8F04F94E6CDF825
:102040000080504602993B464A4601F0FFFD0028B9
:10205000DDD0BAE7AB460E46AFE7029A4B464146A3
:10206000384601F0F1FE0028D1D0AEE780BFFFFF77
:102070002DE9F04700F1080904468A460021484648
:1020800015461E46DDF82080099FF2F7DBF978BB84
:10209000B8F1000F08BF002E4BD1002D49D1BAF185
:1020A000000F04D049465046F1F70CFEF0B92DB1AF
:1020B000284604F12C01F1F705FEB0BB2EB13046E5
:1020C00004F13801F1F7FEFD88BBB8F1000F05D02F
:1020D000404604F12001F1F7F5FD68BB77B304F148
:1020E00014013846BDE8F047F1F7ECBDBDE8F087D4
:1020F000002104F12C00F2F7A5F90028C8D0002136
:1021000004F13800F2F79EF90028C1D0002104F153
:102110002000F2F797F90028BAD0002104F114004A
:10212000F2F790F90028B3D0B9E7BDE8F087BDE831
:10213000F0870448BDE8F087BDE8F0873846BDE881
:10214000F08700BF80BFFFFF2DE9F04F85B01D462F
:1021500000F108070446109B894638460021019388
:102160009246129BDDF838B00293139B0F9E0093AA
:10217000149BDDF844800393F2F764F9002838D10A
:10218000B8F1000F08BF002E50D1002D4ED1B9F18B
:10219000000F05D0524649463846F1F74BFF28BBA1
:1021A00035B15A46294604F12C00F1F743FFE8B94E
:1021B00036B1019A314604F13800F1F73BFFA8B976
:1021C000B8F1000F06D0029A414604F12000F1F761
:1021D00031FF58B9009B43B1039A04F114000099F0
:1021E00005B0BDE8F04FF1F725BF184605B0BDE8D2
:1021F000F08F002104F12C00F2F724F90028BFD061
:10220000002104F13800F2F71DF90028B8D00021B0
:1022100004F12000F2F716F90028B1D0002104F1F2
:102220001400F2F70FF90028AAD0B0E7014805B072
:10223000BDE8F08F80BFFFFFF8B504460D460830BB
:10224000002116461F46F2F7FDF808B91B48F8BDF5
:10225000002104F12C00F2F7F5F80028F6D0002157
:1022600004F13800F2F7EEF80028EFD0002104F175
:102270002000F2F7E7F80028E8D0002104F114006C
:10228000F2F7E0F80028E1D02DB1284604F144012E
:10229000F1F718FD78B92EB1304604F15001F1F78D
:1022A00011FD40B92FB104F15C013846F1F70AFD88
:1022B00008B90020F8BDA0F58140F8BD80BFFFFF40
:1022C000C0F8A410C0F8A820704700BF406870474D
:1022D00070B500210446FFF747FDD0B904F10806A8
:1022E00005463046F1F742FE7F2812D914342946BC
:1022F0002046F1F7E3FD60B12046F1F737FE0128F3
:1023000007D931462046F2F72BF8002801DA284693
:1023100070BD014D284670BD00BEFFFFF0B585B011
:102320000446FFF7D5FF40BB01212046FFF71CFD07
:1023300018BB04F12C0504F1380604F1200704F160
:10234000140E02902946019032463B46CDF800E03B
:1023500004F1080001F01EFE78B904F1500304F105
:102360005C0E3A46314628468DE8084004F14403A5
:1023700001F010FF08B905B0F0BD014805B0F0BD8F
:1023800000BEFFFF38B50C460546FFF7A1FF90B928
:102390002046FFF7C3FF70B904F1080105F10800FA
:1023A000F1F7DEFF38B904F1140105F11400F1F77B
:1023B000D7FF00B938BD014838BD00BF00BEFFFFE0
:1023C000F0B50E4687B0002117460546FFF7CCFC56
:1023D000D8B9044603A8F1F7EBFB314603A86A68B5
:1023E000F1F7F2FD38B1A0F5854403A8F1F7E8FB59
:1023F000204607B0F0BD05F1080603A83146F1F705
:10240000AFFF002803DB0F4CEFE70F4CF0E705F1BF
:10241000680003A905F114023346009008466D6870
:10242000F2F77EFE0028DED12A46394603A8F1F7EE
:1024300001FE054603A8F1F7C3FB002DD8D0A5F592
:102440008544D5E77CBDFFFF80BFFFFF2DE9F04F3E
:10245000ADB00E461D468346049101210592FFF75B
:1024600083FC002840F09D8004460EA8F1F7A0FBF5
:1024700011A8F1F79DFB14A8F1F79AFB17A8F1F743
:1024800097FB002E49D020AB0DF18C0A1AAF0DF14D
:10249000740818460393F1F78BFB5046F1F788FB5D
:1024A00026AE38460DF1A409F1F782FB4046F1F75C
:1024B0007FFB3046F1F77CFB4846F1F779FB294674
:1024C000DBF804200EA8F1F77FFD0546002800F098
:1024D000BB8011A8F1F774FB14A8F1F771FB17A8E2
:1024E000F1F76EFB0398F1F76BFB5046F1F768FBD1
:1024F0000EA8F1F765FB3846F1F762FB4046F1F7AD
:102500005FFB4846F1F75CFB3046F1F759FB002DC5
:1025100041D120462DB0BDE8F08F1AAF0DF17408FF
:1025200026AE0DF1A4093846F1F742FB4046F1F71B
:102530003FFB3046F1F73CFB4846F1F739FB2946B3
:10254000DBF804200EA8F1F73FFD0546002868D10E
:102550000BF108030EA819460693F1F701FF0028B6
:1025600021DB11A86FF00305F1F72AFB14A8F1F79E
:1025700027FB17A8F1F724FB0EA8F1F721FB38463B
:10258000F1F71EFB4046F1F71BFB4846F1F718FB3D
:102590003046F1F715FBA5F5864420462DB0BDE881
:1025A000F08F4D4CB5E70EA93046F1F78BFB054691
:1025B000002838D10BF1440307930BF15003089323
:1025C000049B93B1DBF8A030002B4AD00BF18C0AAE
:1025D000524651465046F2F781F8054600287FD012
:1025E00020AB03930DF18C0A73E70BF174000BF130
:1025F0002C03079A0EA9009038460993F2F790FD34
:10260000054670B90BF180000BF13803089A0EA94A
:10261000009040460593F2F783FD0546002800F040
:10262000008111A8A0E711A8F1F7CAFA14A8F1F7E0
:10263000C7FA17A8F1F7C4FA049B002B9CD020AB73
:102640000DF18C0A03934DE70BF108030EA8194610
:102650000693F1F785FE0028A5DB11A86FF00305AE
:1026600038E70BF198030B220BF18C010394CDF8A2
:10267000248014460A960D46CDF82C901E460C97E1
:10268000DDF81080DDF81490069F0D93DBF8041040
:1026900042464B4630460139AA46F2F70FFF3A460A
:1026A0003146002840F01C812846F3F795F80121B7
:1026B000002840F015812846F1F7C4FE002800F0FC
:1026C0001C81013CE2D1039CDDF824800A9EDDF8E8
:1026D0002C900C9F014D83E780BFFFFF80BBFFFF65
:1026E000069A51465046F2F7A7FB054600287FF4AC
:1026F00077AF0BF198031A46194618460393F1F782
:10270000EDFF039B054600287FF46AAF069A194641
:102710001846F2F791FB0546002D7FF461AF0EA934
:1027200052460846F1F7DAFF054600287FF458AF15
:102730000EA9069A0846F2F77FFB054600287FF4AB
:102740004FAF0BF12C03012211A819460993F1F7A1
:10275000ADFF054600287FF443AF0BF1380301229B
:1027600014A819460A93F1F7A1FF054600287FF443
:1027700037AF059B1C21049A17A8F2F79FFE20ABE8
:102780000546039300287FF42DAF17AA11A9184618
:10279000F1F7A4FF054600287FF424AF0398079AB9
:1027A0000146F1F71BFF054600287FF41BAF059B90
:1027B0001C21049A17A8F2F781FE0DF18C0A054638
:1027C00000287FF486AE17AA14A95046F1F786FFB9
:1027D000054600287FF47DAE089A51465046F1F731
:1027E000FDFE054600287FF474AE0BF17400099BD2
:1027F000039A0EA900903846F2F792FC054600288D
:102800007FF467AE0A9D0BF1800052460EA92B465D
:10281000009040460595F2F783FC054600287FF4BA
:1028200058AE424639460EA8F1F700FF054600288B
:102830007FF4F9AE0BF15C020EA93846F1F74EFFBA
:10284000054600287FF4EFAE099A39460EA8F2F744
:10285000F3FA054600287FF4E6AE059A0EA938463D
:10286000F1F73CFF054600287FF4DDAE3A464146CD
:102870000EA8F1F7B3FE054600287FF4D4AE049B02
:10288000002B66D00EA90BF198020846F1F726FF3F
:10289000054600287FF4A4AE0EA9069A0846F2F772
:1028A000CBFA054600287FF49BAE0BF16800069B2F
:1028B0000BF114020EA900904846F2F731FC0546D0
:1028C000002836D020AB11A80393F1F779F914A8AA
:1028D000F1F776F917A8F1F773F90DF18C0A01E613
:1028E00020AB039C0546DDF824800A9E0DF18C0A7E
:1028F000DDF82C900C9F0393EBE528460D99069A82
:10290000039CDDF824800A9EDDF82C900C9FF3F7E1
:102910006DF8054600287FF463AE0BF16800069B56
:102920000BF11402514600905046F2F7F9FB0546B0
:10293000F2E631464846F1F713FD00B311A81E4DEB
:10294000F1F73EF914A8F1F73BF917A8F1F738F9B8
:1029500075E60BF16800069B0BF114020EA90090BE
:102960004846F2F7DDFB054600287FF45AAE3146B3
:102970004846F1F7F5FC68B111A80F4DF4E520AB1E
:10298000DBF8042036990EA80393F1F753FB0546B4
:1029900011A89AE7DBF804200EA83699F1F74AFB54
:1029A000054611A8F1F70CF914A8F1F709F917A8D1
:1029B000F1F706F99CE500BF80BCFFFF2DE9F04F61
:1029C000012B83B0DDF830A0DDF834B0DDF83880BD
:1029D0006AD0BBF1000F18BF002969D0B8F1000F11
:1029E00066D044680AF10B07BC4261D3BA4594BF74
:1029F0004FF0000E4FF0010EBEF1000F58D1E71E50
:102A000016460D46019088F800E0CAEB070743BB65
:102A1000022208EB020988F8012097B1642403E040
:102A2000013C3CD000283AD1012249463046A84713
:102A300099F80020002AF3D088BB013F09F1010971
:102A4000ECD1484600235246594600F8013B10F0AD
:102A50002BF942464146019803B0BDE8F04FFFF71D
:102A6000AFBC012208F1020388F8012017B3D8197E
:102A7000FF2203F8012B8342FBD100235246594623
:102A800000F8013B10F010F9434632462946019800
:102A9000CDF8308003B0BDE8F04FFFF7D7BCA0F50C
:102AA000894003B0BDE8F08FD0F8A440002C90D04E
:102AB0000148F6E71846E0E780BFFFFF012B2DE94C
:102AC000F04F8BB066D0002968D0044690F8A8007B
:102AD00017460D460393FBF7E9FB029000285DD0F3
:102AE000D4F804A0FBF74EFC169B06B280460233D6
:102AF000760033449A4551D3169A9A4294BF4FF0C8
:102B000000094FF00109B9F1000F47D1189B524657
:102B10004946184603F1010B10F0CAF8189B5946B4
:102B2000424683F800903846A84720B1A0F5894076
:102B30000BB0BDE8F08F0BEB0803159A14990298BF
:102B40000493FBF749FC0028F2D1169B4FF0010ECD
:102B50000590AAF102001A461799C01A049B404436
:102B6000861B06EB0E0003F806E0184410F09CF8F4
:102B700007A8FBF7A7FB059B029907A81A46FBF7D6
:102B8000C1FB814670B107A8FBF7A2FB48460BB01A
:102B9000BDE8F08FD0F8A440012C94D01A480BB0B7
:102BA000BDE8F08F189A0AF1FF3A08F1010607AB69
:102BB000C8EB0A0A164400935A464346514630462B
:102BC000FEF7D4FF81460028DDD107AB32464146EF
:102BD000584600935346FEF7C9FF064607A8FBF781
:102BE00077FB7EB9039B3BB1189B3A4629462046AA
:102BF0000093FFF72BFC9BE7189A20461146FFF73E
:102C0000DFFB95E7304693E780BFFFFFF0B587B065
:102C1000D0F8A4400CADE0CD74B1012C02D00A482C
:102C200007B0F0BD00240497039602950194009428
:102C3000FFF744FF07B0F0BD0E970D960C9507B057
:102C4000BDE8F040FFF7BABE00BFFFFF012BF0B5B3
:102C5000ADF5037D50D04668A6F11004B4F5F87FB9
:102C600000F2998002AD002B3ED189992A46FFF7E8
:102C7000A7FB044678BB6B78A6F1020E95F800C05E
:102C8000002283F001030DF10901AE44174643EA27
:102C90000C0C11F8010FFF2818BF42F0010271451A
:102CA00082F0010057FA80F7F3D10DF10A01072FE6
:102CB00007F10102CB5D8CBF0024012411444CEAD2
:102CC00003031C4364B2002C5DD14A1B8B9BB21AD8
:102CD0009A425AD9314C28464FF40071FEF73EFF14
:102CE00020460DF5037DF0BD899B0095FFF7AEFBF7
:102CF00004460028EFD1BEE7D0F8A430002B4AD11B
:102D00004668A6F11003B3F5F87F44D802AD899B5D
:102D10000095FFF79BFB04460028DCD16B78A6F1F9
:102D2000020C95F800E0204683F002032746AC44ED
:102D30000DF1090143EA0E0E11F8013F5A428C458C
:102D400042EA0302C2F3C01282F0010240EA02002A
:102D5000C0B2C0F1000242EA0002C2F3C01282F027
:102D600001021744E8D10DF10A01072F07F1010212
:102D7000CB5D8CBF0024012411444EEA03031C43A5
:102D800064B2002CA1D0064CA5E7889B8A981A60F3
:102D90000FF08AFF9FE70348A3E700BF00BCFFFFD7
:102DA00000BFFFFF80BFFFFF012B2DE9F04FADF506
:102DB000197D65D04768A7F11004B4F5F87F63D892
:102DC000044690F8A80016468B461D46FBF76EFA9F
:102DD0000390002858D0FBF7D5FA00F1010881468E
:102DE0004FEA480A57454FD3B5B918AD2046A599C3
:102DF0002A46FFF7E5FA0446CCB108AE28464FF460
:102E00000071FEF7ABFE30464021FEF7A7FE2046DC
:102E10000DF5197DBDE8F08F18AD204632465946B4
:102E20000095A59BFFF712FB0446002CE5D105A8F1
:102E3000FBF748FA2246039905A8FBF763FA044614
:102E4000C8B97E1E05ABA8440DF16100C9EB0606AA
:102E50000093424649463346FEF788FE044650B981
:102E600005AB314640460DF1610200934B46FEF73B
:102E70007DFE044668B105A808AEFBF729FABDE758
:102E8000D0F8A440012C95D030480DF5197DBDE84F
:102E9000F08F08AE05A8FBF71BFA03983346A39AF8
:102EA000A299FBF799FA04460028A7D10DF1610316
:102EB0002A7803EB0901B9F1000F11D009F1FF38AD
:102EC0000DF11F0001F1FF3EB04410F801CF1EF8D4
:102ED000013F40458CEA030342EA0302F5D149442D
:102EE000AAF10203FB1A022B2DD0033B4FF0000E78
:102EF00001F1FF3C0B44F0461CF8010F4EEA000EB6
:102F00006345CEF100004EEA0000C0F3C01080F02F
:102F100001008044F0D111F8083083F0010313431D
:102F200009D108F10108A79B41444A1BBA1A9A42E9
:102F300003D9074C62E7074C60E7A49BA6981A6088
:102F40000FF0B2FE5AE74FF00008E4E780BFFFFF42
:102F500000BCFFFF00BFFFFFF0B587B0D0F8A44072
:102F60000CAD95E8E04084B1012C02D00C4807B0CC
:102F7000F0BD0024CDF814E0049703960295019467
:102F80000094FFF711FF07B0F0BDCDF83CE00E97BD
:102F90000D960C9507B0BDE8F040FFF757BE00BF97
:102FA00000BFFFFF2DE9F04782B08846012B0546A0
:102FB0000BA991469DF8280046C90ED01C466B68A7
:102FC0000096FEF725FE80BB84B92846324631467E
:102FD00002B0BDE8F047FFF7F3B9D5F8A430002BF5
:102FE00048D16B680096FEF713FEF0B96C680120BB
:102FF00021460FF021FE074600283DD02146012042
:103000000FF01AFE8246002839D000974A46414602
:1030100033462846FFF71AFA044648B138460FF0FF
:1030200033FE50460FF030FE204602B0BDE8F08778
:10303000524639462846FFF7C3F904460028EDD129
:103040006A6892B15046751E0AEB020C234610F8CE
:1030500001EB15F8011F60458EEA010143EA010307
:10306000DBB2F4D10BB1094CD8E7304639460FF04A
:103070001BFED3E70648D8E76FF00F00D5E73846C8
:103080000FF002FE6FF00F00CFE700BF00BDFFFFA3
:1030900080BFFFFF2DE9F04F012B9BB09DF890E022
:1030A0002CD079B317460D46044699464668BEF1C2
:1030B000000F1BD194F8A800FBF7F8F8834608B37B
:1030C000FBF760F98046430002339E421AD3324632
:1030D000002127980FF0ECFD0AA942463846A84780
:1030E000A0B1A0F589401BB0BDE8F08F7046FBF79A
:1030F000DDF838B1FBF746F92590DBE7D0F8A440BE
:10310000012CCED04D481BB0BDE8F08F04F1080370
:10311000039018460493F0F729FF05900FFA88F002
:10312000279B4FF0010E4246A6EB40000AA900F192
:10313000FF3A18449A4400F802EC50460FF0B4FDF0
:1031400007A8FBF7BFF8039B594607A81A46FBF7E9
:10315000D9F8834630B107A8FBF7BAF858461BB038
:10316000BDE8F08F07A8FBF719F983460028F2D1D4
:103170000AEB0803082207A819460393FBF718F97E
:1031800083460028E7D1259A07A82699FBF710F96E
:1031900083460028DFD142460AA907A8FBF708F9B1
:1031A00083460028D7D1039907A8FBF70BF983467C
:1031B0000028D0D1059B07A8711E039A013B0090FF
:1031C000C8EB0101279813F0070F43460CBF4FF0DF
:1031D000010E4FF0000ECEEB01017044FEF7C6FC6D
:1031E00083460028B7D10498F0F7C0FEFF21C0EB5A
:1031F000C606279BBC220AA801361B7841FA06F6B0
:1032000040211E40279B1E700AF81820FEF7A6FCDE
:1032100007A8FBF75DF8B9F1000F09D0279B3A46E4
:10322000294620460093FFF711F91BB0BDE8F08F47
:10323000279A20461146FFF7C3F854E780BFFFFFE7
:10324000F0B5D0F8A44006AE9DF8145096E8C04002
:1032500064B1012C08D1CDF820E0079706960595BA
:10326000BDE8F040FFF716BF0548F0BDCDF820E0FF
:10327000079706960595BDE8F040FFF793BE00BF9F
:1032800000BFFFFF2DE9F04F012B83B045689DF88B
:10329000304058D08A4680462946012093469946B8
:1032A0000FF0CAFC0646002848D0294601200FF03E
:1032B000C3FC074600283AD000902B4620460E9AC1
:1032C0000D99FEF7A5FC0446F8B9B9F1000F40D1FD
:1032D000404632460F99FFF773F80446ACB9A5B1E2
:1032E00020463246791E06EB050E12F8014B11F806
:1032F000013F724583EA040340EA0300C0B2F4D1FF
:10330000002818480CBF0024044629463046FEF722
:1033100025FC30460FF0B8FC29463846FEF71EFC67
:1033200038460FF0B1FC204603B0BDE8F08F3046C0
:103330002946FEF713FC30460FF0A6FC6FF00F0095
:1033400003B0BDE8F08FD0F8A460002EA2D00648EC
:10335000F6E700965A46514640460F9BFFF776F82F
:103360000446BBE780BCFFFF80BFFFFF2DE9F047AD
:10337000012BADF5187D07469DF880829DF88C9253
:1033800051D04468A4F11005B5F5F87F5FD8002B43
:1033900053D118ADA5992A46FFF712F800283ED15F
:1033A000661EAB5DBC2B40F08480B8F1000F07D0E7
:1033B0004046FAF77BFF002849D0FAF7E3FFA190D7
:1033C0004846FAF773FF8146002840D0FAF7DAFF43
:1033D0000023804607F1080003930493F0F7C6FD2D
:1033E000E300471E2A78C3F108033B4452FA03F373
:1033F0002DD1790728D02646AA4608F102039E421D
:1034000025D305A8FAF75EFF494605A80022FAF77A
:1034100079FF044600B305A8FAF75AFF20460DF5D8
:10342000187DBDE8F087D0F8A430012B0FD1446897
:10343000A4F11003B3F5F87F09D818ADA59B384661
:103440000095FFF703F8A9E70DF1610AD5E73648C3
:103450000DF5187DBDE8F0876FEA080105AB504611
:103460003144009343460AEB01094A46FEF77EFBCE
:1034700004460028CFD1C7EBC606FF272B7809F1F9
:10348000FF3147FA06F68A4506EA03062E709AF8D7
:10349000002047D212B145E09A4632B90AF1010341
:1034A0009AF801208B42F7D10B46012A03D01F4C1A
:1034B000B1E71E48B3E75D1CA49B5A1CC5EB090687
:1034C00001D0B342F3D105A8FAF768FF04460028FB
:1034D000A1D103A9082205A8FAF76AFF044600282B
:1034E00099D1A19A05A8A299FAF762FF044600288B
:1034F00091D13246294605A8FAF75AFF044600281A
:1035000089D105A808A9FAF75DFF0446002882D1F1
:10351000424608A948460FF0B3FB054B002818BFE8
:103520001C4678E75346C0E780BFFFFF00BFFFFFA0
:1035300080BCFFFFF0B5D0F8A84087B09DF83050B0
:103540000D9F7CB1E4B24FF0FF3E0F9E03940E9CA2
:1035500005960294CDF810E08DE8A000FFF706FF75
:1035600007B0F0BD2C46EEE72DE9F047D0F8A450A7
:1035700086B09DF838E0DDF83CC0DDF84080DDF82D
:10358000449015B3012D03D0174806B0BDE8F0876D
:103590009A46D0F8A83004460E46174613BB754627
:1035A00020464FF0FF3453463A463146CDF814904A
:1035B0000395CDF80880CDF804C0CDF800E0049460
:1035C000FFF7D4FE06B0BDE8F087CDF84490CDF803
:1035D0004080CDF83CC0CDF838E006B0BDE8F047FB
:1035E000FFF750BEDDB2DBE700BFFFFF10B50446BA
:1035F0008C30F0F7E5FA04F19800F0F7E1FA04F105
:103600006800F0F7DDFA04F12000F0F7D9FA04F1D0
:103610003800F0F7D5FA04F12C00F0F7D1FA04F1F4
:103620001400F0F7CDFA04F10800F0F7C9FA04F13C
:103630008000F0F7C5FA04F17400F0F7C1FA04F164
:103640005C00F0F7BDFA04F15000F0F7B9FA04F1AC
:103650004400BDE81040F0F7B3BA00BF2DE9F04FC9
:10366000002918BF7F2B91B01A9D40F2B680022D21
:1036700040F3B380DC0700F1B080174607AA03903F
:1036800000F1140B10460E461C46F0F791FA0AAAF8
:103690001046F0F78DFA0DAA1046F0F789FA294680
:1036A0005846F0F7EFFB024600287BD14FEA54085A
:1036B000C72C04F101030399A8F1630298BF4FF0EE
:1036C00000094FEA530301F12C0401F1380588BFCA
:1036D0009146049300973346002241462046F2F774
:1036E00045FB002872D102460097334641462846E2
:1036F000F2F73CFB002869D12A46214607A8F0F7DB
:1037000095FF002862D107A8F0F730FC8145E1D28F
:10371000079B002B5CDB012221462046F0F7C6FF09
:10372000002853D1012229462846F0F7BFFF002880
:103730004CD12A46214607A8F0F7D0FF002845D1F2
:1037400007AA59460AA8F2F747F800283ED10121F6
:103750000AA8F0F777FE82460028BBD12A46214608
:103760000AA8F2F739F8002830D101460AAB07AAB7
:103770000DA8F1F733F948BB039B0DAA5946203336
:1037800018460593F2F732F900BB0598F0F7EEFB07
:10379000049B98429ED9012221462046F0F76EFFF5
:1037A000024600B307A80492F0F70AFA0AA8F0F755
:1037B00007FA0DA8F0F704FA049A0398A2F5834AD1
:1037C000FFF714FF504611B0BDE8F08F0246E9E75D
:1037D00029462046F0F7BCFA9DE7DFF87CA050466A
:1037E00011B0BDE8F08F012229462846F0F746FFC8
:1037F00002460028D6D1039B2A46214603F108063B
:103800003046F0F76BFF02460028CBD13046F0F788
:10381000D5FB039F059A29463B46786007F1500681
:1038200020465C33009601933B46443300F074FB22
:1038300002460028B6D10398FEF770FD049007A851
:10384000F0F7BEF90AA8F0F7BBF90DA8F0F7B8F940
:10385000049A002AB6D0B0E780BFFFFF70B50D46CE
:103860000A68044608316B68083084E80C00F0F7F9
:1038700029FA064620B12046FFF7B8FE304670BD53
:1038800005F1140104F11400F0F71CFA06460028B3
:10389000F1D105F1200104F12000F0F713FA0646FA
:1038A0000028E8D105F12C0104F12C00F0F70AFA08
:1038B00006460028DFD105F1380104F13800F0F7A1
:1038C00001FA06460028D6D105F1440104F144006E
:1038D000F0F7F8F906460028CDD105F1500104F1C2
:1038E0005000F0F7EFF906460028C4D105F15C015D
:1038F00004F15C00F0F7E6F906460028BBD105F1BB
:10390000740104F17400F0F7DDF906460028B2D125
:1039100005F1800104F18000F0F7D4F90646002893
:10392000A9D105F1680104F16800F0F7CBF906466A
:103930000028A0D105F18C0104F18C00F0F7C2F948
:103940000646002897D105F1980104F19800F0F798
:10395000B9F9064600288ED1D5F8A420D5F8A830AC
:10396000C4F8A420C4F8A83088E700BF2DE9F047C8
:10397000E4B0054605A8F0F71BF9AC22002139A8F0
:103980000FF096F905A8A34A1021F0F72BFF044683
:1039900048B9019003460090024605A939A8FEF7F0
:1039A0004FFA044648B105A8F0F70AF939A8FFF71D
:1039B0001DFE204664B0BDE8F087974A102105A897
:1039C000F0F710FF04460028EDD105A944A8F0F750
:1039D00079F900283BD1914A102105A8F0F702FFA0
:1039E00004460028DFD105A947A8F0F76BF90028A5
:1039F00031D18B4A102105A8F0F7F4FE04460028C7
:103A0000D1D105A941A8F0F75DF910B1B0F5814415
:103A1000C9D1844A102105A8F0F7E4FE0446002825
:103A2000C1D105A93EA8F0F74DF910B1B0F5814418
:103A3000B9D139A8FEF776FA04460028B3D1002D93
:103A40004ED139A8FEF744FC48B10124ABE7B0F5EC
:103A50008144A8D1BFE7B0F58144A4D1C9E739A812
:103A6000FEF75CFC0028F0D10DF134096E4F0DF12A
:103A700064084FF0180A4E46CDF80490CDF808803F
:103A80000FCF0FC697E80300CDF800A02B462A46BB
:103A900086E80300654939A8FFF7B8F80028D4D1B3
:103AA00013AE04AFCDF80CA00123CDF8048022465C
:103AB000029639A800975D49FFF74EFA0028C4D155
:103AC0003A68304649460FF0DBF80028BDD108AE11
:103AD00051464846324601F04BFE68B1012069E785
:103AE00053480FF0B5F839A8FEF7F2FB00B3514880
:103AF00001240FF0B5F856E70427CDF80C800296A4
:103B00002A4601950123009739A84849FFF798FBF9
:103B100000289AD1CDF80C802346029622460194C3
:103B20002146009739A8FFF71FFD00288DD13AE7FD
:103B300039A8FEF7F3FB0028D9D10DF134083A4E2D
:103B40003D4819AF0FF084F84546CDF804804FF09A
:103B500018090FCE0FC596E8030002972346CDF84B
:103B60000090224685E80300304939A8FFF74EF857
:103B70000028BCD113AD04AE30480FF069F8CDF881
:103B80000C900197012302952246009639A82749F7
:103B9000FFF7E2F90028AAD13268284641460FF023
:103BA0006FF80028A3D1264808AD0FF059F8254832
:103BB0000FF04EF8494640462A4601F0D9FD20B1A3
:103BC0001C480FF04DF80120F4E6042603970295F7
:103BD000012301942246009639A81449FFF730FBCF
:103BE000002884D118480FF033F803970295234634
:103BF000019422460096214639A8FFF7B5FC00281B
:103C00007FF475AF0E480FF02BF80A200FF040F844
:103C1000C9E600BF902C0020942D0020182E002013
:103C20009C2E0020A02F0020300400204D1D01609C
:103C3000A82F002080140020E02F0020C02F00209B
:103C40003014002000300020183000202DE9F0470B
:103C50007C4C96B0864689469446984604F1300AD4
:103C60001E9F08AE2068103454F80C1C354654F8DA
:103C7000082C103654F8043C54450FC5F2D1206886
:103C8000A3883060B380B8F1000F3CD0002F3AD049
:103C9000D8F80830BBBBB968A9BB70466446764605
:103CA000F0F7D0FB00282EDD01212046F0F7CAFBFB
:103CB000002828DD31462046F0F752FB002822DAA2
:103CC00001214846F0F7BEFB00281CDD314648467E
:103CD000F0F746FB002816DA05A8EFF769FF02A8FF
:103CE000EFF766FF21464A4602A8F0F7F7FC0446C4
:103CF00070B105A8EFF764FF02A8EFF761FF204657
:103D000016B0BDE8F0876FF0030016B0BDE8F0878D
:103D100002A901220846F0F7C9FC04460028E8D1B0
:103D200002A8F0F705F91FFA80FABAF1000F02D1E4
:103D30006FF00304DDE7514602A8F0F7F3F90446FB
:103D40000028D6D1B3681B6803F00709A9F101095F
:103D5000B9FA89F94FEA591916AB05A84B4413F87B
:103D6000381CF0F78FF8324605A94046F1F734FDCC
:103D700004460028BDD101214046F0F763FB38B16D
:103D800009F101091FFA89F9B9F1360FE4D1CFE73A
:103D900005A90097334602AA0846F1F7C1F904467F
:103DA0000028A6D101251BE005A901220846F0F74D
:103DB0007DFC05AA0446114600289AD11046F0F76A
:103DC0008DFC3246044605A9002892D108460135EB
:103DD000F1F732F8044600288BD1ADB2AA452AD3B8
:103DE000012105A8F0F72EFB012205A918B305A8AB
:103DF000F0F744FC3246044605A900287FF479AF69
:103E00004046F1F7E9FC0121044600287FF471AF38
:103E10004046F0F717FB0128C6D131464046F0F77F
:103E20009FFA0130C0D12146434632463846F0F76A
:103E3000D5FD04465DE7012105A8F0F703FB002846
:103E40009ED075E74C040020002B61D02DE9F04195
:103E50000D4686B00446002118461F461646F0F768
:103E6000F1FA804638BB01212046F0F7EBFA002832
:103E700021DD01212846F0F7E5FA00281BDD414647
:103E80003046F0F7DFFAB0B16846EFF791FE03A8CD
:103E9000EFF78EFE214668460122F0F707FC044644
:103EA00070B16846EFF78CFE03A8EFF789FE204655
:103EB00006B0BDE8F0816FF0030006B0BDE8F08108
:103EC0002946012203A8F0F7F1FB04460028E8D1B7
:103ED00003AA69463846F1F77FFC04460028E0D182
:103EE00003AA69466846F0F7F9FB04460028D8D1D2
:103EF00001463B466A466846F0F770FD04460028D6
:103F0000CFD1314638466A46F1F770FD0446C8E71E
:103F10006FF00300704700BF2DE9F04184B01D46EB
:103F200006460F4601A89046EFF742FEADB10122CA
:103F3000314601A8F0F7BAFB044630B101A8EFF70B
:103F40003FFE204604B0BDE8F081284601AA414664
:103F5000F0F772FF04460028F0D10A9B7BB10122E2
:103F6000394601A8F0F7A2FB04460028E6D14146F5
:103F700001AA0A98F0F760FF04460028DED10B9BE7
:103F800033B1324639460B98F1F730FD0446D5E798
:103F90001C46D3E72DE9F04F87B00E468046174602
:103FA000DDF844A0684699461AF1000518BF0125BE
:103FB000EFF7FEFD16F1000B03A818BF4FF0010B41
:103FC000EFF7F6FD15B1BBF1000F28D13C1C18BF6F
:103FD00001240DB1002C34D118F1000A0BEA0404BD
:103FE00018BF4FF0010ABAF1000F3BD0002C39D0B6
:103FF0003A4631466846F0F771FB0546002859D02D
:104000006846EFF7DDFD03A8EFF7DAFD15F5844FFD
:1040100013D0A5F58445284607B0BDE8F08F129A65
:1040200051463046F1F760FE0028CFD0584D684623
:10403000EFF7C6FD03A8EFF7C3FD284607B0BDE8BC
:10404000F08F5146129A3846F1F74EFE0028EDD116
:1040500018F1000A0BEA040418BF4FF0010ABAF184
:10406000000FC3D1109B002B18BFB9F1000F14BF74
:1040700001250025BAF1000F18D0BDB10121484635
:10408000F0F7E0F90028D1DD01211098F0F7DAF916
:104090000028CBDD41464846F0F762F90028C5DA32
:1040A00041461098F0F75CF90028BFDA04B175B901
:1040B0000025BCE701214046F0F7C4F90028B5DD32
:1040C00041466846F0F74CF90028AFD1CAE7012114
:1040D0003046F0F7B7F90028A8DD01213846F0F79F
:1040E000B1F90028A2DD109A49466846F0F7F6FAC1
:1040F0000546002884D1012269466846F0F7D6FAC1
:10410000054600287FF47CAF3146012203A8F0F772
:10411000CDFA054600287FF473AF03AA69466846C6
:10412000F0F78AFE054600287FF46AAF014668462C
:10413000F0F788F900287FF479AF4946109A68466D
:10414000F0F7CCFA054600287FF45AAF0122694601
:104150006846F0F7ABFA054600287FF451AF3946C0
:10416000012203A8F0F7A2FA054600287FF448AF21
:1041700003AA69466846F0F75FFE054600287FF40B
:104180003FAF01466846F0F75DF9002890D04DE753
:1041900000BEFFFF2DE9F04186B01E4605460F46E2
:1041A00068469046EFF704FD03A8EFF701FD9EB3C4
:1041B000CDB1012229466846F0F778FA0446A0B14D
:1041C00014F5844F09D16846EFF7FAFC03A8EFF71E
:1041D000F7FC204606B0BDE8F08114F5814F02D00F
:1041E000A4F58444EFE7304CEDE73146424603A89E
:1041F000F0F71CFA04460028E2D103A96A460846F3
:10420000F0F71AFE04460028DAD1014603A8F0F7B9
:1042100019F908B1254CD6E70C9BFBB1002FE2D071
:10422000012239466846F0F741FA04460028C7D112
:1042300042460C9903A8F0F7F9F904460028BFD1CB
:1042400003A96A460846F0F7F7FD04460028B7D1EF
:10425000014603A8F0F7F6F80028DBD10D9B0BB35D
:10426000002DC0D0002FBED03A460D996846F0F719
:1042700035FA04460028A3D1012269466846F0F7C2
:1042800015FA044600289BD12A4669466846F0F78D
:10429000D3FD0446002893D101466846F0F7D2F8D2
:1042A0000028B7D100248EE780BFFFFF00BEFFFFCC
:1042B0005C2200210EF0FCBC10B15C21FDF74EBC6D
:1042C000704700BF08B55C220EF0EEFC08BD00BFD1
:1042D000F0B403460022074F074E1046074D084C26
:1042E00008499F60DE601D615C6199611A605A60D7
:1042F000F0BC70470123456789ABCDEFFEDCBA986F
:1043000076543210F0E1D2C32DE9F04F4B789BB0D8
:104310000D781B0491F803E04C7943EA05658E782B
:1043200091F80480240445EA0E0591F807C04B7A01
:1043300044EA086445EA06224E7B8F7944EA0C0C75
:1043400091F808A0360491F80CE01B0491F80FB026
:104350004CEA072491F80B9043EA0A6346EA0E659B
:1043600091F80A800B9443EA090945EA0B064C7C54
:104370004D7D49EA082391F810A0240491F8148097
:104380002D048F7B44EA0A64069345EA0865CB7CDA
:1043900091F817A091F812E01C43049245EA0A0A2A
:1043A00046EA07228F7D4B7E44EA0E244AEA072E16
:1043B0000E7E0D921B047246019043EA066391F84B
:1043C0001B800F9202F1B54291F81AC043EA08032C
:1043D0004D7F02F51E320E9443EA0C230C7F2D0410
:1043E00002F29912CF7F45EA04648E7F14921A4636
:1043F00044EA070591F821E002F1B54791F820B0B1
:1044000091F8253045EA062607F51E374FEA0E4E8D
:1044100091F823901B0407F2991791F824A01092A9
:10442000324615974EEA0B6791F8295043EA0A6322
:1044300091F822C047EA090E91F827402D0491F81F
:1044400028604EEA0C2E119202F1B54291F82680B6
:10445000234391F82DC045EA066502F51E3291F816
:10446000316091F82C9043EA082891F8304002F22C
:1044700099124FEA0C4C91F82BB0360491F82A703F
:1044800091F82FA04CEA096C199246EA046672462C
:10449000CDF81C8091F82EE045EA0B0891F83330F6
:1044A0004CEA0A0C91F832B048EA07281E4391F80A
:1044B00035704CEA0E2E91F8345046EA0B2691F8EE
:1044C000369091F838A03F0491F83940002091F8D7
:1044D0003BC047EA056791F83C3091F83FB0CDF812
:1044E0002080CDF824E091F8378091F83AE00A96E0
:1044F00047EA080591F83D6091F83E1045EA092821
:10450000129336041391019902948F68029C3B46E2
:104510000F46C96824043D69169144EA0A6405956A
:104520007D6944EA0C04CDF808804FEAB3080C9585
:104530004FEAB105B96944EA0E2E179105990C9F0F
:1045400001F1B5498A464F40069909F51E39CDF863
:104550000CE00C9C8AEA050E09F299191893A24600
:104560000EEA030E8944169907EA010C1799DC4FED
:104570008CEA0404CF19049907EBF367129B12929B
:1045800046EA03662744059B5446DFF854A346EAEF
:104590000B0C8EEA030E0E46A2440C46069985EAE1
:1045A00008033C44D64486EA01070B9E13994FEA60
:1045B000B40A2340DFF828B34CEA012C0EEB0601C5
:1045C000DFF81CE36B4001EBF46188EA0A04AE44B7
:1045D000149DCDF810C099444FEAB10C05EB0A06C2
:1045E0000C400D9D09EBF163159984EA0804AE4473
:1045F0008AEA0C05C344A64488461D400E994FEA3A
:10460000B30457400EEBF36E8B44199B85EA0A09FD
:1046100002998CEA04059A46D9444FEABE0305EA9A
:104620000E0509EBFE694F4002F1B54E84EA030125
:104630000B9AE04401EA090185EA0C0594460D9ABB
:10464000A2444C408CEA020C079A354404EB080162
:1046500002F1B5444FEAB90605EBF9690EF51E3EC5
:1046600004F51E3483EA06054FEAB9080EF2991ED6
:1046700004F2991401EBF96105EA09058CEA020CD0
:1046800004EB060986EA0804089A5D400C400EEB2C
:10469000030B55444FEAB10384EA060E02F1B54616
:1046A00005EBF16588EA030A06F51E3609994FEA1B
:1046B000F777DE4406F299160AEA050B884C4FEAB2
:1046C000B50A0EEBF56E0B970C198BEA080706EB93
:1046D000080183EA0A064F444FEABE0906EA0E06BD
:1046E00004EB030B07EBFE678AEA090473400A9D9B
:1046F0003C404FEAB70E5E18029984EA0A0805F1B9
:10470000B54501F1B54106EBF76789EA0E03039E53
:1047100008EB0B0405F51E3501F51E31DFF8C0B1BD
:104720003B4005F2991501F29911B344069E4FEAF8
:10473000B708554483EA090301EB090AB1460E9E06
:1047400004EBF7648EEA0801F34489EA06095E196E
:10475000039B4FEAB40706EBF46621408CEA030C96
:10476000049C5F4B81EA0E0188EA07054FEAFC7C56
:10477000E3180B9C5144354004F1B54E4FEAB604A2
:1047800001EBF66103EB080A87EA040385EA0805F2
:104790000EF51E3E049E0B405D444FEAB10B0EF237
:1047A000991E7B4005EBF16584EA0B08774453447E
:1047B0004FEAB50108EA050889EA020903EBF56347
:1047C0000D9D6246DFF818A1AE460F9D89EA0609E5
:1047D00092448BEA01068EEA050C88EA0408099DDA
:1047E0001E404FEAF97EB8448CEA050C4FEAB30745
:1047F0000AEB04050B9C08EBF3680D9281EA0703B2
:1048000072468CEA040C86EA0B0E109C0E9E4FEA50
:10481000FC7CAE4403EA080574400A9B304E4FEA24
:10482000B8095C400F9B0E92961962469C46119BFC
:104830000EEBF86E0F9206EB0B088CEA030A85EA82
:1048400001030D9D87EA090C9346254A6C400CEA4A
:104850000E0C029D5A444FEAF474109E11448AEAE9
:10486000050A06948CEA070C0E9D4344129C8C4466
:104870008AEA050A069986EA04081A4D039C03EBA6
:10488000FE664D194FEABE0E0F9988EA040889EAC0
:104890000E034FEAFA7A88EA010811994FEAB60B3B
:1048A00052460CEBF66C8A46734007990D4E4FEA60
:1048B000F878049C8AEA010110929619129A6140D4
:1048C000CDF844803D449046089A069C8EEA0B073A
:1048D00088EA02081D44614006EB090304E000BFBA
:1048E0009979825AA1EBD96E0B9E4FEABC094FEA27
:1048F000F171119C87EA0C07DFF8E0A40A460799DA
:1049000088EA0608109E05EBFC65A2441F448C460D
:104910008BEA0903099988EA060807EBF5670D9EFB
:10492000D6448CEA010C6B404FEAB505DFF8ACA425
:104930004FEAF8788CEA060C734489EA0506CDF84C
:104940001C80924403EBF76311924FEAB708089A70
:104950007E40079FDA448CEA040C964607F1DD4B53
:104960000A9A4FEAFC7C12940BF5B30B0E9C8EEA6C
:10497000020E099A61468EEA040E0BF5D74B029C93
:10498000944685EA0807119A8CEA040C0BF1210B76
:104990000F9C8EEA020ECB4487EA03098CEA040CD2
:1049A000079C4FEAB3075644D9444FEAFE7E8CEA8F
:1049B000040CDFF828B40A9C724606EBF3668B44BD
:1049C00088EA0703A646039C5D4483EA060B069B20
:1049D0008EEA040E09EBF6694FEAFC7C029C4FEA72
:1049E000B6068EEA030302F1DD4ECDF820C04B403F
:1049F0000BEB050C0EF5B30E87EA060B049D0CEBD2
:104A0000F96C4FEAB90A0EF5D74E8BEA09096540F1
:104A10004FEAF373089CDFF8C4B30EF1210E029342
:104A2000A344109B039CF04414915D4086EA0A0164
:104A3000A6460B9C554015925F44029A8EEA0403E9
:104A400081EA0C0E1299C8444FEABC094B407744E6
:104A500002F1DD4E4FEAF572089D08EBFC680EF599
:104A6000B30E8AEA090B6B40049D0EF5D74E07EB97
:104A7000F8674FEAF373AC460D9D8BEA080B13936E
:104A80004FEAB808D54B8CEA050C119D0EF1210EAA
:104A9000D31812928CEA050C029A9A44139B89EA65
:104AA0000805764403F1DD438CEA020C4FEAB70EA9
:104AB0007D405E4403F5B303A3464FEAFC7C0E9CA5
:104AC00006EBF766AA4488EA0E0703F5D743CDF84C
:104AD0000CC08BEA040B079C4FEAB60577400AEB43
:104AE000F66A2133039E8BEA040B0D9C4B4406F1BE
:104AF000DD49129AA4460F9C09F5B3093B448CEAA0
:104B0000040C149C09F5D749139F8CEA040C8EEA17
:104B1000050609F1210903EBFA638CEA070C8BEA1D
:104B2000020B86EA0A07C8444FEABA0A0E9C4FEA0B
:104B3000FC7C069A85EA0A064FEAFB7BB844CDF86E
:104B400024C0CDF810B04FEAB30C08EBF36884EA48
:104B5000020B7340159A099E039C8BEA020B049F7B
:104B600006F1DD468BEA040B0F9C07F1DD4706F5E5
:104B7000B306A146109C07F5B30706F5D746089A79
:104B800089EA040921364FEAFB7B07F5D747069CE3
:104B9000CDF834B089EA020921373544049E4C40EF
:104BA000BE448AEA0C0789EA0609029E73440D9AFC
:104BB0007440099E4FEAB80B87EA080703EBF863D5
:104BC00074404FEAF979109EDFF810828CEA0B0EE0
:104BD0003D444F469044B146119E8EEA030EC244B6
:104BE00005EBF36589EA0609129E4FEAB303F24426
:104BF00089EA06098E46794E4FEAF47407990AEB62
:104C0000F56A0E97BE198EEA01088BEA030713991D
:104C100089EA02090F944FEAB50488EA01087D4049
:104C20001499B444119F4FEAF9790F9A83EA040E5C
:104C30004F406A4ECDF818908EEA0A0E39460E9F04
:104C400096194FEABA0988EA0708039F6544B344F6
:104C50007940069EDFF884C105EBFA6584EA09070E
:104C6000F344B44451400BEBF56B6F4063444FEA9F
:104C7000B5054FEAF171079E159A3B440B9189EAFD
:104C800005014FEAF87EDFF854A14FEABB0786EA38
:104C9000020803EBFB630B9A81EA0B0B0499CDF836
:104CA00028E0F24488EA01089646149954444B4A95
:104CB00085EA0706A3440A9C72448E4608995E4022
:104CC0004A440BEBF36B8EEA010C069932444FEA2F
:104CD000B30388EA01080999DFF8049102EBFB624B
:104CE0008CEA010C4FEAF87E4BEA03014FEABB085D
:104CF0008CEA040C7646159C39404FEAFC7E1096EF
:104D0000DFF8DCA00BEA030BCDF844E0A646029CDA
:104D1000B24442EA080641EA0B0B8EEA040E119CEB
:104D20000B995544A1440D9C06EA030A02EA0806C1
:104D30008EEA040E089C4AEA06064F44A446129CDA
:104D40008EEA010E0E998CEA040C37444FEAFE7E7F
:104D5000139C109E8CEA010C029905EBF265CDF8CC
:104D60001CE08CEA060C81EA040E079E1C495D4497
:104D70004FEAB20271184FEAFC7C0F9E4FEAB50968
:104D800007EBF567CDF808C005EA020B8EEA060EC0
:104D900045EA02066546DFF848C00B4406EA080605
:104DA0001299AC44039D03EBF76347EA090A4D40AF
:104DB00046EA0B01119E07EA090B1944079B8EEA8C
:104DC000060E069E0AEA020AE0447540049E4FEA77
:104DD000FE7EDFF80CC05D4004E000BFA1EBD96EA1
:104DE000DCBC1B8F84EA06030A9C4FEAB7074AEA39
:104DF0000B0AF4446340039C41EA0706D044624432
:104E0000A446099C08EBF168CDF848E006EA0906DB
:104E10004FEAB10E8CEA040C3940029C02EBF862B6
:104E200048EA0E0B634031430B9C0BEA070B11441D
:104E30004FEAF37208EA0E0A4FEAF57503928CEA1C
:104E4000040C049A4BEA0A0A0D9C4FEAB808139521
:104E500005F10F4582EA040B039A05F5DD15129B57
:104E600002F10F4241EA080605F5E6558CEA030C0B
:104E700002F5DD12109B1C354FEAFC7C02F5E65270
:104E800006EA0E064D44CDF810C01C324FEAB109B7
:104E90005544DFF8C4A31744099A05EBF165E244D1
:104EA00001EA080194460E9A8BEA030BD64445EAC0
:104EB00009038CEA020C46EA0102139907EBF56735
:104EC00005EA090603EA08038BEA010A11993A4444
:104ED000039F4FEAFA7A8CEA010C33434FEAB50696
:104EE000CDF824A05146DFF870A38CEA070B734479
:104EF00042EA06078A4421460F9C4FEAFB7E03EBF9
:104F0000F26307EA090781EA0405D3494FEAB20CC4
:104F100032407144CDF834E03A43D044089143EA3A
:104F20000C0A079903EA0C0B089F0AEA060A4D408F
:104F30000E994F4408EBF3688E4606994AEA0B0B2C
:104F400002EB080A8EEA0101BE46049F0BEB0E0934
:104F50007D40029F09EBFA694FEAF5727940099D9D
:104F600008920A9A81EA05074FEAB301BA4D129BEB
:104F700084EA0208089A88EA03084FEAF773551989
:104F80004FEABA024AEA0107069C354403F10F468C
:104F900049EA020B0AEA010A06F5DD160E930BEA4E
:104FA000010B09EA020306F5E65607EA0C0705EBD2
:104FB000F9654BEA03031C36A64647EA0A070B9C31
:104FC000B4440D9E2F448EEA040E88EA0606139C14
:104FD0009C44A14B4FEAF6758EEA040E089E4FEAF8
:104FE000B9090F95EB180A9D8EEA060E0B449A49F3
:104FF000A846109D4FEAFE7E88EA050647EA0905A5
:105000000CEBF76C71444FEAB70B154007EA090740
:10501000CDF828E006914CEA0B0803993D43069F22
:1050200008EA090A4E400B9C3A440E9F0CEA0B0812
:10503000A6467E40119C03EBFC63049F4FEAF67684
:105040008EEA04014AEA080805EB030A3346109D7C
:105050000F9E79400B9303F10F4381EA060E424401
:105060000799A84603F5DD1302EBFA624FEABC0686
:10507000099D4FEABA0788EA010803F5E6534FEAAB
:10508000FE7E88EA050C42EA07014AEA06051C335F
:10509000DFF8C4810AEA060ACDF818E0994405EA67
:1050A0000B0502EA0703F0443140A646029C09EBD7
:1050B000F26945EA0A0519438EEA040E0D9BD844AD
:1050C0000A9C8EEA030E05EB09030B9D01EB080A0F
:1050D0008CEA040C4FEAB2088EEA050B129A079983
:1050E0004FEAFC7C4FEAFB7B43EA080981EA0205B0
:1050F000089A59464FEAB30E0AEBF36A64465540E4
:10510000DFF854C101F10F4210944AEA0E0BA44497
:1051100002F5DD12029C1191B44406990BEA0806CF
:1051200002F5E652A346139C4D401C3209EA0709DA
:105130008BEA04010AEA0E0B3A4403EA08034FEA39
:10514000F57546EA0B0B0CEBFA6C49EA03032F46A4
:1051500093440E9D03EB0C09129A4FEABA0A109E73
:1051600069409446039D714012978CEA05060F9D95
:1051700049EA0A0307F10F426E402546049C09EAFA
:105180000A0702F5DD120BEBF96B65404FEAF1748B
:1051900003EA0E0102F5E65202944FEAB90C119CA3
:1051A0001C32029B4BEA0C0966400A9C424409EA05
:1051B0000A096540284C02EBFB621C1941EA07030F
:1051C0004FEAF671099E03EB02080BEA0C07079100
:1051D0007444129949EA070E204B4FEABB074D4031
:1051E0000399A6444FEAB8044E400B994FEAF57272
:1051F0008CEA07054E40029903920EEBF86E4E4082
:105200000499079A89464FEAF6760D991A4404964E
:1052100089EA0109069E02EB0A0185EA080289EA89
:105220000609099E0A440799B246089E89EA0109BF
:1052300010998AEA060A039D87EA04084FEABE0627
:105240008AEA010A02EBFE61049A1D4488EA0E080C
:105250009646039A654403E0DCBC1B8FD6C162CA44
:105260004FEAF97C8AEA020A0D9ACDF824C0A844D4
:105270009E4484EA060594460E9A0EEB070B4FEA0D
:10528000B10785EA010E8CEA0202099D08EBF16C78
:105290001199DE4405EB030B049D4A404FEAFA786E
:1052A000A3444FEABC016A40089DCDF8348086EAE9
:1052B0000708A94613920F9D0EEBFC6E0D9A88EA23
:1052C0000C0889EA050587EA010C02EB0309139A29
:1052D0008CEA0E0CC3444FEAF274129AB1444FEABE
:1052E000BE08089455400A9CCC440E9A0BEBFE6B0A
:1052F000089E81EA080E5440099AB1460D9E554019
:10530000029A99448EEA0B0E54404FEAF57A0B9AB2
:105310004F440F9D74400AEB030985EA02064FEAE9
:10532000F4750CEBFB620EEB070C0E954FEABB0B12
:10533000079D49444FEAB20788EA0B046E40089D76
:105340000CEBF26C54406E400A9D8BEA0702AE46AD
:105350004FEAF676069D82EA0C020A968EEA050E60
:10536000039E0E9D8EEA060E0B9E1D44B146109EB6
:10537000A844049D89EA06068EEA0A0E04EB010998
:105380000A996E400E9D4FEAFE7E19446E40069DBE
:1053900009EBFC69CDF82CE04244AE46119D8B44EC
:1053A0004FEAF6718EEA050E02EBF9654FEABC048E
:1053B0000F914FEAB50609990B9A87EA04088EEA1D
:1053C000010E06960A9E88EA09084FEAB909D11823
:1053D0008EEA060E109E84EA0902D844B446129E54
:1053E00008EBF5686A408CEA060C0D9D39444FEADB
:1053F000FE7E0F9F8CEA050C119D1144CDF840E014
:105400001F44AE46029D069E4FEAB80B8EEA050E7B
:105410003D190B9C89EA0606109A01EBF8618CEAAB
:10542000040C089C86EA080790468EEA040E069C47
:1054300098442F4484EA0B020F9C129DC1448EEACB
:10544000040E4A40079C4FEAFC7C4A4407EBF16794
:105450006540029E11924FEAB101109A85EA0A0551
:105460000CEB030AB1465540069A039E8BEA0104F1
:105470009244119A89EA06064FEAB70802EBF762EE
:105480007C404FEAFE7E81EA08070692A2440E9A0B
:105490000EEB0309069C56404FEAF572079D6740E4
:1054A0000292D9442A46049D4FEAB40B86EA0C06C0
:1054B00055400A9AB94455400AEBF462029C4FEAFF
:1054C000F67A85EA0E0E099EA44688EA0B04039D2F
:1054D00009EBF2699C44544075404FEAB2026144C2
:1054E0000AEB03078BEA02064FEAFE7E21444FEAED
:1054F000B904B8440EEB030C039182EA04070B993C
:10550000E3444D40039901EBF96186EA0909029EE3
:10551000C8444FEAB10C7540049E4F4008EBF1615E
:10552000029584EA0C080D9DBB44109F6E400F9DB0
:105530000BEBF16B6E40099DA946089D86EA0A06B1
:105540004FEABB0A89EA0509029D03EBF67603EBF5
:10555000F57589EA07092644154488EA010289EAB3
:105560000E094FEAB1011544189A8CEA010781EA45
:105570000A08134405EBFB6587EA0B0B019F03EB5D
:10558000F979059B88EA05085E4403EBB5040C9B9A
:10559000E14406EBF5651A46179B09EB080C3C61E4
:1055A0001944169B52442B440CEBF5657A61FB6061
:1055B000BD60B9611BB0BDE8F08F00BF2DE9F843B5
:1055C0000368064614460D4603F03F0713449A420B
:1055D000C7F14008036002D9436801334360DFB17B
:1055E000A04519D806F11C092946424609EB0700D7
:1055F0000DF05AFB49463046FEF786FE80B9C8EBEF
:105600000404454407463F2C08D929463046403C0F
:105610004035FEF779FE18B93F2CF6D814B920466C
:10562000BDE8F88306F11C002246294638440DF0F7
:105630003BFB0020BDE8F88302B1BFE7104670478E
:10564000F8B50446006880220D4600F03F0004F1E2
:105650001C062318013038281A7755D8C0F13802B3
:10566000002130440DF024FB236831466668204653
:105670005A0FDB0042EAC6021F0E84F85B30160E9A
:1056800084F8572084F85870170C84F85460120A74
:105690001E0C84F855701B0A84F8562084F8596053
:1056A00084F85A30FEF730FE00282CD1E37A2B70B4
:1056B00063896B70A3681B0AAB70A368EB70E37B14
:1056C0002B71E3896B71E3681B0AAB71E368EB71C3
:1056D000E37C2B72638A6B7223691B0AAB722369AA
:1056E000EB72E37D2B73E38A6B7363691B0AAB7305
:1056F0006369EB73E37E2B74638B6B74A3691B0A82
:10570000AB74A369EB74F8BDC0F1400200213044D2
:105710000DF0CEFA31462046FEF7F6FD0028F2D114
:105720000146382230460DF0C3FA9DE770B40023DD
:10573000064E074D074C0849084A8660C56004615B
:10574000416182610360436070BC7047012345671B
:1057500089ABCDEFFEDCBA9876543210F0E1D2C3BB
:1057600002B970472AE700BFFFF76ABFFEF7CCBD5A
:1057700070B598B006460C46154600215C2201A87B
:105780000DF096FA124B1348039303F1B9431249F3
:1057900003F55B23114A049003F6EF63059106922B
:1057A00007935CB9294601A8FFF74AFF044601A800
:1057B0005C21FCF7D3F9204618B070BD2246314673
:1057C00001A8FFF7FBFE04460028F0D1EAE700BF7E
:1057D0000123456789ABCDEFFEDCBA9876543210D1
:1057E000FFF7C6BF2DE9F04F0024ADF2744D394DDF
:1057F00007465C2205A82146DFF8F4B005F13C0815
:10580000DFF8F0A0DFF8F0900DF052FA002F3CD155
:10581000314A0023022CCDF81CB00A922F4ACDF851
:1058200020A0CDF824900B92059306933CD02C4BEE
:1058300053F82420E2B905A86946FFF701FF0646A0
:10584000E8B96846142229460DF01AFA50BB0FBB7E
:105850000134143508F13908032CD7D1F7B905A85C
:105860005C21FCF77BF930460DF2744DBDE8F08FFA
:10587000414605A8FFF7A2FE06460028DBD0002F10
:10588000EDD018480DF0ECF9E9E7611C16480DF071
:10589000DFF9BDE715480DF0E3F9D9E70A200DF06F
:1058A000F7F9DCE70126EAE74FF47A7361211CA8D7
:1058B0001A461E460DF0FCF902E0731E1E46BAD0D1
:1058C0004FF47A721CA905A8FFF778FE0028F4D0DF
:1058D0000646D4E7F0D8026076543210F0E1D2C325
:1058E000D8D9026080140020383000203014002005
:1058F0000123456789ABCDEFFEDCBA986C2200210D
:105900000DF0D6B910B16C21FCF728B9704700BF73
:1059100008B56C220DF0C8F908BD00BF0023F0B433
:105920000360436099B1124A124B8260C360124F08
:10593000124E134D134C144A144B07614661856196
:10594000C4610262436281660020F0BC7047104B64
:10595000104AC360A3F1BF438260A3F5DC230E4F5E
:105960000E4E0F4DA3F5B6730E4C0F4AE5E700BF80
:10597000D89E05C107D57C3617DD703039590EF732
:10598000310BC0FF11155868A78FF964A44FFABEF8
:1059900085AE67BB67E6096A72F36E3C3AF54FA5C0
:1059A0007F520E518C68059BABD9831F2DE9F04FB8
:1059B000D7B0031D24300DAA0D9353F8044F834232
:1059C00042F8044FF9D1013115AD25AE0878043104
:1059D00011F8053C000411F8022C11F8034C40EAC0
:1059E0000363134343EA042345F8043FAE42EDD179
:1059F0000022CB4B16A8DFF85CA30092159A8646CE
:105A000006931446139A0A931746C64A149B0992A2
:105A1000C54A1D460F9B0892C44A1946CDF80CA0F2
:105A2000A2460792C24ADDF848800592C14ADDF8D5
:105A300038900492C04ADDF840B00292119BBF4AF0
:105A40000B90019287EA05004FEAF826009A0DF1C3
:105A5000580C86EAB81600EA08005CF822400832C2
:105A600086EA78666840009288EA070C3044019A1A
:105A70004FEA79360EF1200E20445EF81C4C86EA7F
:105A8000B906504449EA010A86EAB9562C44104442
:105A90000AEA0B0209EA010A034442EA0A0A0CEA8A
:105AA000030C4FEAF325B24483EA08068CEA070C9C
:105AB00085EAB31550440CEB040285EA73655EF881
:105AC000184C40EA090A4FEA703C2A442744039CD8
:105AD0000AEA010A00EA090522448CEAB00C5EF8E1
:105AE000144C4AEA050593448CEAB05C08EB040ABE
:105AF000AC4406EA0B044FEAFB265EF8105C9444C3
:105B000084EA080486EABB165D1940EA0C022744C1
:105B100086EA7B6600EA0C084FEA7C3402EA090256
:105B20003744019584EABC06029C83EA0B053C4499
:105B300086EABC5642EA08075EF8082C214437443E
:105B40005EF80C6C5E4427448C18029605EA010648
:105B50004FEAF125039473404CEA070685EAB11534
:105B600003EB0A044FEA773285EA716A06EA00031A
:105B7000049E82EAB70554440CEA070A8BEA010244
:105B800085EAB755344443EA0A085EF8046CA14438
:105B9000A844019D02EA090A4FEAF923A04409EB4F
:105BA00006048AEA0B0B83EAB913049447EA080A4D
:105BB000AB4483EA7963059C4FEA78365B440AEA92
:105BC0000C0AA34607EA080586EAB80681EA090234
:105BD0009B444AEA050586EAB85300EB0B0A2B44BE
:105BE00002EA0A024FEAFA205B4489EA0A045140B9
:105BF00080EABA10029A48EA030680EA7A60114401
:105C00004FEA733508EA03023E40014485EAB305D2
:105C10000798164385EAB35B01445E440CEB01052B
:105C200006EB010B03992C404FEAF52043EA0B0CDD
:105C30008AEA050684EA090980EAB5100CEA080C2C
:105C40004FEA7B3409EB010280EA756003EA0B013D
:105C500084EABB0402444CEA010C089984EABB5470
:105C60000A4404EB0C01049C174411443E404FEAE3
:105C7000F7224FEA71394BEA010086EA0A0682EA06
:105C8000B7120BEA010C1840264482EA776289EACF
:105C9000B10440EA0C001644099A84EAB15416444F
:105CA000009A2044102AB04400EB060940F0B98263
:105CB0002A461495224D00260B980C95A5F1D25535
:105CC000DFF894E0A5F50D25CDF808A0CDF854A097
:105CD000BA46A5F6FE65CDF840B0CDF848800B95E4
:105CE000184DCDF838900A95A5F1E455CDF800800F
:105CF000D846A5F53525CDF80490CDF814E09B469F
:105D0000A5F63B0504961193914609958E460E4DD6
:105D1000139708950D4D0F9107950D4D039531E0A3
:105D2000E4D90260D55E1CABA4823F92F111F15917
:105D30005BC25639A5DBB5E9CFFBC0B5982F8A42C7
:105D4000DA88F976AA84744ACCA10C24C69DC10FC6
:105D50008647BEEF91443771C1699BE4069A136C84
:105D600005931346526C194603921A469B6C07938F
:105D7000D36C126D08934B6D09920A938B6D0B9344
:105D8000CB6D0C9306990DF1580C009B20302031FF
:105D900050F81C4C42684FEAF32606914FEAB4478C
:105DA000816987EAF4174FEAF145049987EAD40735
:105DB0005CF8213081691344826985EA71458AEA79
:105DC000090150F818CC85EA9225009A2B4411401D
:105DD00086EAB2163B44049F86EA726681EA0902AB
:105DE00003620837C3693244C6694FEAF3458368E2
:105DF000049785EA76412344066AC46932444FEA2F
:105E0000BC4681EA9421029C86EAFC16019F22444A
:105E1000059C86EADC060B441444026A009933446C
:105E200002944FEAF244029A81EA0A05436202EBC5
:105E30000B01026AC36884EA72440D40426A4FEA69
:105E4000F1269C4485EA0A054A4486EAB116019B7C
:105E500047EA0E0986EA716615444FEA733307EA8A
:105E60000E02354450F8146C83EAB703076A4FEA10
:105E7000B64609EA080984EA9724039F49EA020220
:105E80000591BB46A444AB4450F8145C5F4686EAD7
:105E9000F516AB46019D83EAB5593B4686EADB061B
:105EA00043444A4466441D46009B86621C462E4677
:105EB0004FEAF5254C40029903960A442640816A30
:105EC0005E40019B01EB0A04039942EA03094FEA91
:105ED00072383444466A8C4685EAB1114FEAF64B73
:105EE000466A81EA7C6109EA0E098BEA764B50F832
:105EF000146C02EA030588EAB208334606690C44CA
:105F000088EAB25850F8101C49EA050503EB060967
:105F1000466A079B45448BEA962623444FEAB14ADA
:105F200006EB090BEC1903EB0E069C46059F8AEA6B
:105F3000F11A039B4FEAF62E8AEAD10A87EA03098F
:105F40002346019F1443029309EA06094FEA733876
:105F50000BEB0A0304EA070B059C029D8EEAB61EB2
:105F600089EA0409009C02EA050AC3621C19836AD3
:105F70008EEA766EA1444BEA0A044FEAF34ACE4415
:105F800088EAB5088AEA734A089B88EAB5589E44AD
:105F900050F80C3C44444FEAB34943690EEB070503
:105FA00064441944836A029F8AEA932850F80C3C9F
:105FB00089EAF31CB94608EB010A274649EA040BB3
:105FC0008CEAD30C4FEA743903990AEB0C0300975F
:105FD00089EAB409029C036381EA0608036B04EAB8
:105FE0000701059F08EA05082C464FEAF52C1F44D7
:105FF000039B0BEA020B009D88EA0308C36A8CEA44
:10600000B41A4BEA01014FEAF34CC36A89EAB55965
:1060100005948CEA734C50F8083C8AEA746A494447
:1060200050F80C4C47444FEAB349836957447144D4
:1060300003EB040B009C099B4FEA713E059D44EA6B
:1060400001081F4423468EEAB10E019103EA010ABA
:10605000C36A3A448EEAB15E8CEA932C50F8083C4D
:106060001446029A89EAF319DC4408EA020886EA2F
:10607000050289EAD30948EA0A088A460CEB0903B3
:1060800002EA0409039AF04443634FEAF42C1A44E9
:1060900008EB070B8CEAB41C50F8047C134689EA21
:1060A0000602016B8CEA746C1A44036B4FEA7B386E
:1060B0004FEAF34E3B4662444AEA0B078EEA714EC2
:1060C0000393C1694FEAB34C50F8083C0AEA0B0A43
:1060D00088EABB0819440A9B88EABB581A44009B0B
:1060E0001F40036B8EEA932E029B47EA0A07029435
:1060F0009946039B8E4429468CEAF31C91446540E3
:10610000B8448CEAD30C039C05EA09054FEAF92749
:10611000F44490444D40416B664487EAB912019BB8
:106120004BEA080E2E444FEAF14582EA79620BEA07
:10613000080A85EA7145016A16440EEA030E0C440A
:1061400001684FEA78374EEA0A0E4FEAB1420B99DE
:10615000234687EAB8070E44416B87EAB857C0F870
:1061600038C085EA91250099BE4431442B44029DF4
:10617000B6448A46016885EA090748EA0E0682EABB
:10618000F1124FEAFA2407EA0A0782EAD10206EA84
:106190000B066F4084EABA151344059A08EA0E010B
:1061A00085EA7A65D4184FEA7E320E430C993C4456
:1061B00082EABE02049F82EABE522C44302FC3639F
:1061C0000C441644019A2244009206EB0402019208
:1061D0007FF4C4AD5A464D46C346029B0D9C0EA9A2
:1061E00015930023119222461495CDF840B0CDF8B6
:1061F0004CA0CDF83CE09DE80003CDF8488048462F
:10620000CDF8389001E051F8040F52F8045F0133E3
:106210002844082B44F8040FF5D1002057B0BDE8FE
:10622000F08F0A9C226A0192626A0392A26A029229
:10623000E26A0492226B0592626B0792A26B08924B
:10624000E26B099204F120020A92FFF7FBBB00BF48
:106250002DE9F8430368064614460D4603F03F0750
:1062600013449A42C7F14008036002D943680133DE
:106270004360DFB1A04519D806F1280929464246F6
:1062800009EB07000CF010FD49463046FFF78EFB86
:1062900080B9C8EB0404454407463F2C08D9294679
:1062A0003046403C4035FFF781FB18B93F2CF6D80B
:1062B00014B92046BDE8F88306F128002246294695
:1062C00038440CF0F1FC0020BDE8F88302B1BFE7D0
:1062D00010467047F8B50446006880220D4600F06D
:1062E0003F0004F1280623180130382883F82820BD
:1062F00075D8C0F13802002130440CF0D9FC236875
:106300003146666820465A0FDB0042EAC6021F0E7D
:1063100084F86730160E84F8632084F86470170CD4
:1063200084F86060120A1E0C84F861701B0A84F8FD
:10633000622084F8656084F86630FFF737FB034617
:10634000002858D1E27A2A7062896A70A268120A1B
:10635000AA70A268EA70E27B2A71E2896A71E26837
:10636000120AAA71E268EA71E27C2A72628A6A728F
:106370002269120AAA722269EA72E27D2A73E28A0B
:106380006A736269120AAA736269EA73E27E2A7406
:10639000628B6A74A269120AAA74A269EA74E27F23
:1063A0002A75E28B6A75E269120AAA75E269EA75D2
:1063B00094F823202A76628C6A76226A120AAA76D8
:1063C000226AEA76A06EB0B994F827302B77E38C76
:1063D0006B77636A1B0AAB77636AEB77F8BDC0F132
:1063E0004002002130440CF063FC31462046FFF7A8
:1063F000DDFA10B1F8BD1846F8BD01463822304626
:106400000CF056FC7BE700BF0023F0B40360436050
:1064100091B1114A114B8260C360114F114E124D60
:10642000124C134A134B076146618561C4610262D5
:1064300043628166F0BC70470F4B104AC360A3F102
:10644000BF438260A3F5DC230D4F0E4E0E4DA3F526
:10645000B6730E4C0E4AE6E7D89E05C107D57C36CA
:1064600017DD703039590EF7310BC0FF1115586820
:10647000A78FF964A44FFABE85AE67BB67E6096AC9
:1064800072F36E3C3AF54FA57F520E518C68059B16
:10649000ABD9831F02B97047DAE600BFFFF71ABF16
:1064A000FFF784BAF0B59DB01C4607460D46164668
:1064B00001A86C2200210CF0FBFB14BB214B224AEB
:1064C0000493224B2249079303F12D63039203F5B2
:1064D0001E33204A0591069203F29A231E491F4A51
:1064E000089109920A931B9415BB314601A8FFF746
:1064F000F1FE044601A86C21FBF730FB20461DB0DD
:10650000F0BD1749174A184B059101F13721039245
:10651000049301F56701154A154BFA31069207936A
:10652000144A154B089109920A931B94002DDCD054
:106530002A46394601A8FFF78BFE04460028D9D128
:10654000D3E700BF85AE67BB67E6096A7F520E518D
:1065500072F36E3C3AF54FA58C68059BABD9831F4F
:1065600017DD7030D89E05C107D57C3639590EF736
:10657000310BC0FFA78FF964A44FFABEFFF792BF9B
:106580002DE9F04F0121A5B081464FF480600CF059
:1065900053FB002800F0B880002407466C2209A8AD
:1065A0002146DFF8D881DFF8D8A10CF081FB8AFB07
:1065B0000435022CA5EBE475CCBF0026012605EBC3
:1065C0004505651BB9F1000F40F081800023022CC6
:1065D00009930A9344DD5749022D574A574B0C91B2
:1065E000A1F1BF410B92A1F5DC21554A0D93554B0A
:1065F000A1F5B6710E920F93534A544B129110921B
:106600001193239649D0524B03EB8502D2F8C02157
:10661000002A64D109A801A9FFF75CFE834600287F
:106620004ED1C6F1080201A8414692000CF028FBA9
:10663000002879D1B9F1000F62D1013408F12008A6
:10664000062CB4D1B9F1000F65D109A86C21FBF774
:1066500085FA38460CF018FB584625B0BDE8F08F97
:106660003C49022D3C4B0C9101F179413B4A01F52B
:1066700074010B933A4B01F501610E920F930D914A
:1066800001F13721374A01F56701374B119201F1CA
:10669000FA01129323961091B5D14FF47A756121C6
:1066A00038462A460CF004FB01E0013DB2D04FF41D
:1066B0007A72394609A8FFF7CBFD0028F5D083464A
:1066C000B9F1000FC1D029480CF0CAFABDE7C6F1F4
:1066D00008016A1C264849010CF0BAFA76E7C5EBB6
:1066E000C50103F5E67309A805EBC1011944FFF7DD
:1066F000AFFD834600288DD0B9F1000FA5D0E2E7A9
:106700001C480CF0ADFA98E7B9F1000F07D1012051
:1067100025B0BDE8F08F0A200CF0BAFA95E71648CC
:106720000CF09EFA012098E74FF0010BB9F1000F31
:106730008BD0C8E785AE67BB67E6096A72F36E3C2B
:106740003AF54FA57F520E518C68059BABD9831F3C
:10675000E4D9026007D57C36D89E05C139590EF7B9
:10676000310BC0FFA78FF964A44FFABE801400203C
:1067700068300020301400204C300020E4DA026041
:106780005655555500000000D82200210CF090BA53
:1067900010B1D821FBF7E2B9704700BF08B5D82285
:1067A0000CF082FA08BD00BF00220023F0B4C0E95B
:1067B0000023C0E9022300292CD0C0F8D0102CA55A
:1067C000D5E900452CA3D3E900232DA7D7E900671D
:1067D000C0E90445C0E906232BA5D5E900452CA353
:1067E000D3E90023C0E90867C0E90A452AA7D7E929
:1067F00000672BA5D5E90045C0E90C232AA3D3E9FE
:106800000023C0E90E67C0E91045C0E91223F0BCBF
:106810000020704726A5D5E9004527A3D3E900232A
:1068200027A7D7E90067C0E90445C0E9062326A5E4
:10683000D5E9004526A3D3E90023C0E90867C0E9EC
:106840000A4525A7D7E9006725A5D5E90045C0E990
:106850000C2325A3D3E90023C0E90E67C0E9104546
:10686000C0E91223C0F8D0100020F0BC704700BF70
:10687000D89E05C15D9DBBCB07D57C362A299A627F
:1068800017DD70305A01599139590EF7D8EC2F1590
:10689000310BC0FF6726336711155868874AB48EDD
:1068A000A78FF9640D2E0CDBA44FFABE1D48B54727
:1068B00008C9BCF367E6096A3BA7CA8485AE67BB13
:1068C0002BF894FE72F36E3CF1361D5F3AF54FA53E
:1068D000D182E6AD7F520E511F6C3E2B8C68059B1A
:1068E0006BBD41FBABD9831F79217E1319CDE05BD2
:1068F0002DE9F04FADF2E44D4FF0000A0DF5167B97
:1069000093907491DE46CDF8D8B174994FF0000899
:10691000002301EBCA0711F83A20CDF838800AF1BC
:10692000010A78784FEA0269FC78BAF1100F4FEA51
:106930000041B878FA7943EA09030F914FEA002140
:10694000139442EA080211913C79CDF84080CDF8C9
:106950004880DDE90E0141EA030140EA02000B46EE
:106960004FEA142102464FEA04640B910A94DDE9D0
:106970001001DDE9124540EA020041EA0301024646
:10698000787945EA010544EA02044FEA00412246CB
:106990004FEA10440C910D94BC79DDE90A67DDE9FA
:1069A0000C0146EA020647EA05074FEA146C40EA82
:1069B000060041EA07014FEA042B41EA0C0340EAD2
:1069C0000B02EEE90223A0D10DF5187E0DF5287912
:1069D0000DF53678DDF8D8B10DF5327CCDF848E00C
:1069E000CDF82880CDF830905CF8081F0AF1010A34
:1069F0005EF8084FDCF804208B09CD0C0093D3001F
:106A000045EA42351E46C8000295D50C46EA517645
:106A1000DEF8043040EA5270059645EA4131009EA6
:106A200065084FEAD418049046EA826603919209F9
:106A3000009648EA4368019245EAC3724FEAD319C7
:106A40000692220A42EA0362DDE90467DDE90201F7
:106A500008925A081B0A7040794042EAC47243EA1D
:106A60000463079209930C9BDDE9005645404E40B4
:106A7000FBE9020137462E46F3E90245CDE90E0156
:106A80000C93DDE90801DDE9062342404B40DDE9D6
:106A90000E0182EA080283EA0903001969413546BA
:106AA0002D1847EB0106A81846EB03010A9BBAF123
:106AB000500FE3E902010A9396D1939AD2E9043484
:106AC0009946A24694ABC3E9009A1346D2E906124E
:106AD0008B46944696AAD3E90801C2E900BC86AA6F
:106AE000C2E90001194688A8D3E90A23D1E90C4577
:106AF000C0E900238AAB6246C3E90045D1E90E56DE
:106B00008CAB5446C3E90056D1E910678EABC3E99C
:106B10000067D1E9127890AB5946C3E900784B463B
:106B2000CDE9003486ABCDE90412D3E9000188AB8E
:106B30000022D3E900AB8AAB1092D3E900458CABBD
:106B4000CDE90A45D3E900568EABCDE90801CDE980
:106B500006562CA2D2E90012D3E9006784A890ABB4
:106B6000C0E90012CDE90C6728A2D2E90012D3E9EE
:106B7000007882A8224BCDE90E78C0E9001214A259
:106B8000D2E9001280A8C0E9001213A2D2E90012D3
:106B90007EA8C0E9001212A2D2E900127CA8C0E9C6
:106BA000001211A2D2E900127AA80FF24409D9E921
:106BB0000089C0E9001210A2D2E9001278A8CDE93C
:106BC00002ABC0E900121A46129BCDE9128949E0D6
:106BD00019D005B6F111F15938B548F35BC25639F1
:106BE000BCDB8981A5DBB5E92F3B4DECCFFBC0B504
:106BF00022AE28D7982F8A42CD65EF239144377172
:106C000060DC026018816DDAD55E1CAB9B4F19AF5A
:106C1000A4823F92D2E9100178AC4032CDE9120152
:106C2000D2E90201C4E90001D2E904017AACC4E965
:106C30000001D2E906017CACC4E90001D2E90801F7
:106C40007EACC4E90001D2E90A0180ACC4E90001CC
:106C5000D2E90C0182ACC4E90001D2E90E0184AC96
:106C6000C4E90001DDE90AABDDE90C8951460DF507
:106C7000EC7E46464F46880B4033890C40EA8B40F9
:106C8000DDE90645149074407D40109E5F460BEA96
:106C9000050B083641EA87315D46BB4610965646DD
:106CA0000AEA040A16915946B80B5446B2464646BB
:106CB0004F4640EA8A4066408C0CC9056F405546F5
:106CC000159041EA5A2144EA8A301991E905179052
:106CD00041EA5B21DDE91689DDE914451891594641
:106CE00084EA080485EA0905DDE906BCDDE90089D6
:106CF0008AEA0B0081EA0C01DDE918ABCEE900015C
:106D00008AEA040A8BEA050B1AEB060453E9100120
:106D10004BEB07050019444669414D46240FAF0768
:106D200044EA091EDDE90E56DDE904AB2D18CDF865
:106D300068E048EA0A044E4128464D4631462E0F87
:106D400049EA0B05DDE912AB1AEB000A4BEB010B2C
:106D500047EA98014746C8461D91DC46B907D34625
:106D6000BA4646EA071712911B97DDE90801CDE9FB
:106D70000EBC2040294074ACC4E90001DDE90201E9
:106D8000DDE9046710EB0B00C34641EB0C01044640
:106D90000BEA070940460D4676A90AEA06084FEABB
:106DA000943E4006CDE90245D1E90045DDE90267A0
:106DB00034403D402646129C2F4644EA9B011C91DC
:106DC00074A9D1E90045DDE906BC44EA080445EAB6
:106DD00009058CEA070C8BEA060BDDE90289CDE98F
:106DE000124541464F464EEA89454E46890CDA46E1
:106DF000BF0B209541EA89314D46B60C229147EAF6
:106E000088412191E90546EA883541EA58212395D0
:106E100025910299DDE91C78DDE91A56C9057D4006
:106E2000009F86EA0806A84640EAD7150398B146AF
:106E30001F957E0641EA5021019F2491DDE92045FE
:106E4000DDE922014D404440294646EAD7151E950A
:106E5000DDE9245665404E4028463146DDE91E45B1
:106E600053E90E6784EA080485EA0905A046A946A5
:106E7000DDE90C45A4197D4126462F46DDE9124582
:106E800014EB080445EB090516EB0A06A04647EB90
:106E90000C07A946DDE902BCDDE90A4584EA0B04DA
:106EA00085EA0C05DDE90EAB1AEB080A4BEB090B82
:106EB00080194FEA1A7EDC467941D3464EEA0C1E11
:106EC000DDE900784BEA07094CEA080A0DF5F0788D
:106ED0004E46D8E90089CDF898E018EB000849EB58
:106EE00001096146CDE90E89D846E14689074FEA96
:106EF000887E41EA98014EEA990E2991CDF8A0E0EA
:106F0000DDE904BCDDE900010BEA060B0CEA0A0C22
:106F1000DDE90E67CDE912BCDDE908AB4FEA197C6B
:106F200016EB0A064CEA081C47EB0B07B24646462E
:106F3000CDF89CC0BB464F4606400F404946304600
:106F400049060C913946DDE91267CDE908AB0643E5
:106F50000F430AEA040A0BEA050B30463946544649
:106F60005D46CDE91201DDE90A01DDE908AB6040CB
:106F7000694074AC5746C4E90001DDE9020176AC12
:106F8000BE0B80EA0A0081EA0B01BD0CC4E90001D6
:106F90000C9C414645EA8B3544EAD8142E952B9437
:106FA0004C0646EA8B4144EAD9142C912A945C465B
:106FB000DDE92801DDE92656CDE90C894E40454042
:106FC000D84637462E46A50BA40C45EA8A45DDE98E
:106FD0002A012D95794070400F4644EA8A310646D1
:106FE0005C462F91E405DDE912018019794157468D
:106FF000DDE90E9AFE0519EB00094AEB010A44EAA5
:107000005721DDE92C453191D346CA46DDE92E01F1
:107010004D4049464440080F46EA582130915946B0
:10702000DDE93089890788EA040840EA0B145846EC
:1070300089EA0509329441EA9A01040F50463591D4
:1070400044EA0A148507504633945C4645EA9B059A
:1070500064063495554644EADA14CDE90E89DDE933
:107060000C78379448EA0B08074341463846DDE977
:10707000006706400F40304639466E06DDE9067867
:1070800053E90C4546EADB1E3F1974ACCDF8D8E055
:107090000DF5F47E48EB0508DDE93456CDE90678B8
:1070A000DDE932786F4088EA06083E464746D4E973
:1070B0000089DDE90645CDE906AB14EB080445EB94
:1070C0000905DDE9368988EA060889EA070946469E
:1070D0004F46DDE90E8918EB040849EB05094446E3
:1070E000D0464D46D946DDE90CAB0BEA090B0AEA5E
:1070F000080AD946CC46DEE9008918EB040849EBBA
:10710000050944464AEA00084D464CEA0109404652
:107110004946DDE9048918EB040849EB05093618EE
:107120004FEA983E4F4176A94FEA984CD1E90001C9
:1071300000EA080001EA0901824630198B4647EB54
:10714000050105460E464EEA89414FEA993E3891BF
:10715000DDE902018AEA000A8BEA010B5046594632
:10716000CDE90E01CDE904890599DDE906AB4CEACC
:10717000813150464AEA05083A91594628404BEA7F
:1071800006093140CDE906560F460646DDE90C01F9
:10719000DDE9044500EA080001EA0901A046A94624
:1071A00040EA06044EEA884ECDE912AB4FEA954B11
:1071B000CDF8E4E04FEAC55A41EA070576A9C1E9EE
:1071C000004545464BEA8831DDE908783B914AEABB
:1071D00055216F4088EA09083D91E905BB464F46B5
:1071E000C44641EA5721DDE93A9ADDE938453C9148
:1071F00084EA090485EA0A05DDE9069A57464E46FF
:107200004846B907000FDDE93C9A40EA071E89EAC3
:1072100004098AEA050A74AC3D46CDF8F8E0C4E9F1
:10722000009A34463E0F41EA940146EA041E419119
:107230007906A007CDF8FCE041EAD41140EA950EAA
:10724000439140A9CDF800E14FEA446E42AC4EEACA
:10725000D515D1E90078DDE93E9A53E90A0189EABA
:1072600007098AEA080A42954E465746DDE90A9A16
:1072700019EB00094AEB010A48465146D4E9009A45
:1072800076AC89EA06098AEA070A4E46DDE90E89E4
:10729000D4E9004518EB000849EB0109A41945EBB6
:1072A0000A05264674AC2F46D4E9004514EB0804C1
:1072B00020467CAC45EB0905D4E9009A19EB00099E
:1072C0004AEB050A4846DDE9004514EB090445EBA5
:1072D0000A05A0463418A9460BEA080B47EB0A0535
:1072E00041460CEA090C880B890C40EA894E41EAB8
:1072F0008931CDF810E14FEA994E4691CDE900452C
:10730000DDE906675C466546DDE900BCDDE91201A2
:107310004BEA060B4CEA070C5E466746DDE908BC03
:10732000CDE90A678BEA040B8CEA050C4F4676AE72
:10733000DDE90645CDE90EBCDDE900ABCC46BF0B6F
:107340000AEA040A0BEA050B54465D46DDE90AAB7E
:1073500000EA0A0001EA0B01DDE904AB8AEA080A47
:107360008BEA090BC6E900AB41EA050A4E4674A94F
:1073700040EA0409F60544A848ACC1E9009A47EA86
:107380008841E14645914EEA8831479146EA5821C5
:10739000D0E90056499146A84146D0E900ABC9055D
:1073A00085EA0A0586EA0B0641EA5C2137464891E0
:1073B000DDE900ABCDE90A89594650468907000F3F
:1073C00041EA9A0140EA0B1E50464D915946CDF8CC
:1073D00028E180074906D4E900895C4641EADA11D0
:1073E00088EA050889EA0709240F4F914AA9464609
:1073F00044EA0A1E4F465D464EACCDF82CE140EA09
:107400009B0ED1E900894CA9CDF830E14FEA4A6ED4
:10741000D1E900AB53E9080188EA0A0889EA0B09B7
:107420004EEAD51EC246CB46CDF838E1DDE90289E9
:1074300018EB000849EB010940464946D4E90089A8
:1074400089EA0B0988EA0A084D464446DDE90E9AA6
:1074500019EB00094AEB010A19EB06007EAE4AEB74
:107460000701D6E90089DDE90C6718EB000849EB54
:10747000010916EB0806404647EB09074946B146A5
:1074800074AEBA46D6E900784FEA9A3E3F193C46B8
:107490004F4648EB0508BE0B271848EB0108494644
:1074A00046EA8A458C0C76A95095D1E900BCDDE905
:1074B00000560BEA090B0CEA0A0C3D4346EA0806A3
:1074C00058466146CDE902782F46B046DDE90456BC
:1074D00045404E4044EA8A31AB46B4465291DDE91C
:1074E0000256DDE9000128403140DDE90656CDE9CC
:1074F0000C013D40514606EA08068C0C28463146F0
:1075000076AE5546DDE90A78ED0587EA090788EA8F
:107510000A08C6E90078DDE90C67C846D14606438B
:107520000F4374A94EEA884E50A8CDF844E1C1E952
:10753000006744EA88314F464646539145EA582150
:10754000D0E9004552A85591F105D0E9009A41EAE9
:10755000572184EA090485EA0A055491DDE9028984
:10756000CDE90E6740464946000F890740EA091EEB
:1075700054A8CDF858E1D0E90067484666406F400E
:10758000000FCDE90C674746C84641EA970140EA3B
:10759000071E59914946BE07CDF85CE1490646EA07
:1075A000990E58AE41EAD711CDF860E14FEA476E27
:1075B0005B9156A94EEAD81ED6E9009AD1E900019E
:1075C000DDE9084580EA090081EA0A01CDF868E1B1
:1075D00006460F4653E90601DDE90C8924184D41A2
:1075E00020465AAC29461BEB000BD4E9004558460F
:1075F0004CEB010C74407D40264674ACD4E900ABE2
:1076000080AC1AEB060A4BEB050B564618EB00084C
:107610005F4649EB0C09D4E900ABDDE912451AEBF2
:10762000080A4BEB090B504614EB0A045946A246D4
:1076300045EB0B053418AB4647EB01055146274691
:107640005E468C0B76A9A846554644EA8B4ED1E996
:107650000001CDE90878284055463140CDF870E169
:10766000AD0C7495DDE90256CDE90CAB3D4346EA1D
:1076700008062F46B04676ADC5E90078DDE90A89EF
:107680005F4688EA000889EA0109BC0BCDE9128946
:10769000D146DA46DDE908BCDDE9026758466146B5
:1076A0004FEA9A4E06400F4030463946CDE9080170
:1076B000749840EA8A315E91D5E90001DDE900560F
:1076C00005400E40DDE90E012F4676AD80EA090047
:1076D00081EA0A01C5E90001384631465546DDE92F
:1076E0000867ED0506430F433046394674AEC6E9D8
:1076F000000144EA894160465D914EEA8931800784
:107700005F9145EA592161914946CE055CA9D1E9CD
:1077100000455EA946EA5A2E60AECDF880E140EA07
:107720009B0E6046CDF894E14FEA4B6E40064EEA60
:10773000DC1ED1E900785946CDF898E17C406746D7
:10774000090F85EA080541EA0C116291390FD6E963
:10775000006741EA0B1166406F40639166ACCDE96A
:1077600008675F46BE0746EA9C01649140EADB1168
:10777000679162A9D1E9006764A9D1E9009A53E948
:10778000040186EA090687EA0A07DDE9049A19EB8B
:1077900000094AEB010A48465146D4E9009ADDE95E
:1077A000124589EA06098AEA070A24184E4657460E
:1077B000204674AC4D41D4E9009A82AC19EB06091D
:1077C0004E464AEB070ADDE90889574618EB0008E0
:1077D00049EB05094946D4E9009ADDE9064519EB6C
:1077E00008094AEB010A484614EB09045146A14630
:1077F00045EB0A053418AA4647EB010549465646AB
:107800004FEA9A4E880B76A9CDE90445D1E9007874
:107810004D46494608EA0A0840EA8A402F40890C4A
:1078200045463C4641EA8A31CDE908BCCDE9069A95
:10783000DDE9047868904BEA070B4CEA080C6A9182
:1078400058466146DDE90E78DDE902BC674088EA0A
:107850000508B40B0BEA000B0CEA010C76A9CDE984
:107860001278DDE90856DDE904783D4006EA0806AD
:1078700037462E4655464BEA060B4CEA070CED05FB
:10788000C1E900BCDDE904BC59460F0F61468E0713
:1078900044EA894169914EEA89314FEAC95E6B91A8
:1078A00045EA59214EEA5A2E6D9168A9CDF8B0E10A
:1078B000D1E900456AA9D1E90001DDE90A8944401E
:1078C0004D40204647EA0C1429466E946446270F23
:1078D00046EA9B0447EA0B1E71945C46CDF8BCE176
:1078E0004FEA4B6EA507644645EA9C056406709511
:1078F0006CAD44EADB14D5E90056739445404E4024
:1079000074A9C1E900566EA9D1E9004570A9D1E971
:10791000000144404D404EEADC1126462F4672914C
:1079200072A953E9024518EB040849EB05094446DE
:107930004D46D1E90089DDE9120188EA060889EAA5
:1079400007090019694104460D4676A9D1E900BC32
:1079500074A91BEB080BD1E900014CEB090C0019D1
:1079600084AC6941D4E90045109E24184D4120465D
:107970002946DDE9004524184D41CDE90A451BEBB8
:1079800000044CEB0105502ECDE900457FF442A9DF
:1079900094ABDDE90012D3E90034DDE902AB5B18FA
:1079A0005441CDE9003496ABDDE90401D3E900236D
:1079B000DDE9084512184B41CDE9022386ABD3E936
:1079C000001288AB09196A41CDE90412D3E900011C
:1079D0008AAB10EB0A0041EB0B018246D3E9008928
:1079E0008B468CABDDE90A01D3E9006718EB000890
:1079F0008EAB49EB0109DDE90601D3E900453618F4
:107A000090AB4F41DDE90C0124184D41D3E9000151
:107A1000CDE90645DDE90E450019DDE9003469418F
:107A2000939DC5E90434DDE90223CDE90801C5E9E8
:107A30000623DDE904340020C5E90834DDE9062326
:107A4000C5E90AABC5E90C89C5E90E67C5E910238C
:107A5000DDE90834C5E912340DF2E44DBDE8F08FDC
:107A60002DE9F84314460D4600210646D0E90023CF
:107A700002F07F0712194B41C7F180088B4208BF03
:107A8000A242C0E9002306D2D0E90223013243F129
:107A90000003C0E90223DFB1A04519D806F150095F
:107AA0002946424609EB07000BF0FEF849463046EE
:107AB000FEF71EFF80B9C8EB0404454407467F2C3F
:107AC00008D929463046803C8035FEF711FF18B9A9
:107AD0007F2CF6D814B92046BDE8F88306F1500093
:107AE0002246294638440BF0DFF80020BDE8F88331
:107AF00002B1B5E7104670472DE9F8430446006827
:107B000080220D4600F07F0004F15006231801305A
:107B1000702883F8502000F21A81C0F17002002111
:107B200030440BF0C5F8E1680023A0684FEAC109B2
:107B300067684FEAC008314649EA507926687A0FEB
:107B4000204643EA0903FF0042EA08024FEA136EA7
:107B500084F8C33047EA567784F8C7204FEA134CBD
:107B600084F8C0E04FEA132E84F8CB70130E84F82B
:107B7000C1C0F60084F8C2E084F8C4304FEA124E67
:107B80003B0E84F8CF60120A84F8C5E04FEA174C28
:107B900084F8C83084F8C620330C320E84F8C9C08B
:107BA0004FEA172E84F8CD30360A84F8CC2084F8BA
:107BB000CAE084F8CE60FEF79BFE0346002840F042
:107BC000D380E27D2A70E28A6A706269120AAA7022
:107BD0006269EA70E27C2A71628A6A712269120A19
:107BE000AA712269EA71E27F2A72E28B6A72E26903
:107BF000120AAA72E269EA72E27E2A73628B6A73DF
:107C0000A269120AAA73A269EA7394F827202A7457
:107C1000E28C6A74626A120AAA74626AEA7494F85C
:107C200023202A75628C6A75226A120AAA75226A52
:107C3000EA7594F82F202A76E28D6A76E26A120AB3
:107C4000AA76E26AEA7694F82B202A77628D6A7720
:107C5000A26A120AAA77A26AEA7794F8372085F80E
:107C60002020E28E85F82120626B120A85F82220FE
:107C7000626B85F8232094F8332085F82420628EE7
:107C800085F82520226B120A85F82620226B85F8BC
:107C9000272094F83F2085F82820E28F85F82920B6
:107CA000E26B120A85F82A20E26B85F82B2094F803
:107CB0003B2085F82C20628F85F82D20A26B120ABC
:107CC00085F82E20A26B85F82F20D4F8D00000284C
:107CD0004AD194F8473085F83030B4F8463085F80A
:107CE0003130636C1B0A85F83230636C85F83330B1
:107CF00094F8433085F83430B4F8423085F83530A4
:107D0000236C1B0A85F83630236C85F8373094F8DD
:107D10004F3085F83830B4F84E3085F83930E36CA0
:107D20001B0A85F83A30E36C85F83B3094F84B3009
:107D300085F83C30B4F84A3085F83D30A36C1B0A16
:107D400085F83E30A36C85F83F30BDE8F883C0F17C
:107D50008002002130440AF0ABFF31462046FEF796
:107D6000C7FD20B1BDE8F8831846BDE8F883014699
:107D7000702230460AF09CFFD5E600BFFEF714BD26
:107D800002B970476CE600BFFFF7B6BEFEF7B0BDA4
:107D9000F0B5B7B01C4607460D4616460021D8225E
:107DA00068460AF085FF21466846FEF7FDFC04465A
:107DB00028B95DB931466846FFF79EFE044668461D
:107DC000D821F9F7CBFE204637B0F0BD2A46394618
:107DD0006846FFF745FE04460028F0D1EAE700BFF9
:107DE000FFF7D6BF2DE9F04F0121C7B081464FF410
:107DF00080600AF021FF00286BD00025DFF8448165
:107E0000DFF844A10746D82210A829460AF050FFFF
:107E10008AFB0534022DA4EBE574CCBF00260126B5
:107E200004EB44042C1BB9F1000F33D1314610A8E8
:107E3000FEF7BAFC8346002840D1022C50D03B4BC1
:107E400003EB8403D3F8002462BB10A86946FFF754
:107E500053FE834690BBC6F10402684641461201B8
:107E60000AF00EFF00285BD1B9F1000F2DD10135CA
:107E700008F14008062DCBD1B9F1000F47D110A869
:107E8000D821F9F76BFE38460AF0FEFE584647B097
:107E9000BDE8F08FC6F10401621C2548C9010AF053
:107EA000D7FEC3E7C4EBC403224910A804EB0314B4
:107EB0002144FFF7D5FD83460028C6D0B9F1000F55
:107EC000DDD01D480AF0CCFED9E71C480AF0C8FEF8
:107ED000CDE7B9F1000F1ED1012047B0BDE8F08F0A
:107EE0004FF47A746121384622460AF0E1FE01E03F
:107EF000013CAAD04FF47A72394610A8FFF7B0FDC2
:107F000083460028F4D0B9F1000FB8D0D9E70A2091
:107F10000AF0BEFEB3E70A480AF0A2FE0120B6E767
:107F20004FF0010BB9F1000FA9D0CAE760DC026085
:107F3000683000206CE002608014002030140020C3
:107F40004C300020E0DE026056555555DFF874C015
:107F5000DCF8003073BB4CF6A840F0B5164C4CF67C
:107F6000A945164E4CF2090704F5027EB84216D018
:107F70004CF20A03124903E083420CD0136A114603
:107F800001F12002002BF7D16DB174450BD22846C8
:107F900056F8045FEAE791F828302A2BF4D02060E5
:107FA0000434002DF1D10022012303482260CCF8D3
:107FB0000030F0BD004870479C21012024F202608F
:107FC000C0E10260AC23012078B138B50546074C0A
:107FD000074803E054F8200F30B1606829460AF0E2
:107FE00047FE0028F6D1204638BD7047C0E1026048
:107FF0007C3000204CF2090398420DD04CF20A0369
:10800000064A02E0834205D0136A2032002BF9D1E0
:10801000184670471046704700487047C0E102603C
:10802000837A0A2B0AD8012000FA03F313F08E0F8B
:1080300003D113F4C06F03D00220704700207047B3
:1080400013F0100F0CBF002004207047807A20B17D
:10805000032804D9042800D170470020704701206C
:10806000704700BF837A0A2B08D8012202FA03F373
:1080700013F4E36F14BF10460020704700207047D0
:10808000807A053803288CBF00200120704700BF8C
:108090004CF2090398420FD04CF20A03074903E05F
:1080A000984207D0136A114601F12002002BF7D144
:1080B00003487047486A704702487047C0E1026051
:1080C000A43000207C30002008B5FFF77DFF00B110
:1080D000006808BDC36B10B5044693F88000F2F742
:1080E00043FE50B1E36B204693F8801006F006F88B
:1080F000003018BF0120404210BD014810BD00BF34
:108100000094FFFF2DE9F047446984B0C56B002C53
:1081100005F254450CBF4FF000084FF002081D4413
:1081200008EB0109B9F5205F56D8044600681746E8
:108130002B4690F8CC200E4690F8C910C2F34002AE
:1081400090F8C80006F04AF823682E22A91CD3F83C
:1081500018A0D869D04750BBA16B3022E36BC86D23
:10816000C3F81024002839D0BC300121F7F7A2FE53
:1081700080B32368C6F52050E26B2946C8EB0005A2
:10818000A06BD2F810E4DA69C06D03927246D3F89E
:1081900018E0BC30D4F8C030CDF808E000974B446C
:1081A0000195F7F76BFF10B9B8F1000F02D104B0D9
:1081B000BDE8F0873B68D4F8C0201B0A9355D4F87B
:1081C000C0103B680E4473703B6802333B6004B0E0
:1081D000BDE8F0870248EAE70248E8E70248E6E738
:1081E0000093FFFF0096FFFF0089FFFF4368102BFD
:1081F0002DE9F04F9DB000F0A684C36B0446002B20
:1082000000F0A18405F05EF9002840F0A680236804
:1082100093F8CC309D0705D5E36B93F8EC31012B37
:1082200000F00C8165680C2D00F09C80112D00F28F
:108230008A84DFE815F00A010D0134035C03610351
:108240008A03DF0352030F04120057030604880455
:108250000B047F0483048804A200E26C0023204600
:1082600015680B9304F0E2FE002876D1AB7A5A1F12
:10827000032A40F265830B2B00F06283D4F8D430DC
:10828000002B00F05D83E26B2168002A01F0FB8186
:10829000D2F8C031002B01F0F6811968002900F0F6
:1082A0004F835B68002B01F032840DF13008D2F867
:1082B00004342046414698476369032B01F06782E6
:1082C000E36B002B01F08782D3F8C031002B01F063
:1082D000828258680421F7F7EDFD002841F0C08143
:1082E0000646C446062124238146E06B2768002801
:1082F00001F0EB81D0F8C001002801F0E681406870
:10830000FA690DF12C0ED4F8C05003926246BF6991
:108310000D44314602978DE82040F7F765FEE0B93D
:10832000D4F8C03016250B9A0F214B442046120A70
:108330001A71D4F8C0300B9A4B445A710B9BD4F885
:10834000C0200633C4F8C4504B44C4F8C830117080
:1083500063680133636005F009F9054628461DB0DE
:10836000BDE8F08FE36BD3F8883623B9204607F0D9
:1083700023FC0546F2E711236360204607F016F957
:108380000028EAD1A36F162B40F05887236F1A7884
:10839000042A40F0B5872068D4F8A01090F8CC00EB
:1083A000800740F14984112940F2AA87587C03F1E3
:1083B0000C051E7C0C2293F80CB040EA062693F8BC
:1083C0000EA0587B93F80F900490B31D134499426C
:1083D00040F09687E26B4FF000080C23C2F88886C5
:1083E0006360002E00F02B83A36B996E586EF9F733
:1083F000B5FBA36B586E0AF047FCA76B3146012012
:10840000C7F86480C7F868800AF016FC0590002859
:1084100001F07583A91D32460AF046FC049B4546CF
:10842000BE661A04059BC7F8088042EA0B627B66A9
:1084300042EA090242EA0A22FA668FE7204605F07C
:10844000CFFF00283FF4EEAE87E70123636085E7A6
:1084500021688B69002B01F06B82A3682BB991F81E
:10846000CA30236191F8CB30636191F8C8000028CD
:1084700000F0698391F8CC20D4F8C09091F8C9102D
:10848000C2F3400209F1040305F0A8FE2368E66B7D
:1084900093F8CC2006F21441900740F19B83D6F864
:1084A000DC21002A00F096830E684D688868CA684F
:1084B000C9F80660C9F80A50C9F80E00C9F81220B8
:1084C00088690E694D69CA69C9F81660C9F81A50F9
:1084D000C9F81E00C9F82220A16B8868A0F110031A
:1084E000102BA36800F28B83002B00F04D86002335
:1084F00009F1270589F82630236893F8CC209207E4
:1085000016D5E36BD3F8DC21002A00F0148793F82A
:10851000E0316E1C2B703046E36B93F8E021D3F80A
:10852000DC110AF0C1FBE26B236892F8E05135449C
:108530006269AE1C53F822703868002801F0A080F0
:108540004FF00008FFF756FD236893F8C910C0B13B
:108550000269914215DB93F8CBE03146826996457A
:108560000FDC93F8CC309B0702D5037F5A0708D461
:108570003B6808F101081B1201F8023B3B6873706D
:108580000E4657F8040F0028DCD1A3683BB93246E9
:10859000FF2108F1010802F8023B717016462368BA
:1085A00093F8CE30DB0708D533465621002208F178
:1085B000010803F8021B72701E4601224FEAD8110F
:1085C0004FF0000B08FA02F3B04629706B70331DB0
:1085D00008F8022B86F801B01D46D4F8C070D4F814
:1085E000D800069307F52057002801F045800AF0CF
:1085F00067FBBD4282462B4605D800F10905FB1AF0
:10860000AB4280F0F7855D460222A3684244012B0D
:1086100040F02385BA4294BF00230123002B40F091
:108620001C85D4F8EC10B81A0531884219D30127FB
:10863000FF219370501D117004F1F0015770D4F8B0
:10864000EC303B44D370D4F8EC301371D4F8EC2008
:108650000AF02AFBD4F8EC30D4F8C070053307F5E3
:108660002057D4F800E01D449EF8C930032B00F0D9
:10867000FA840022DEF878B015449BF80000002848
:1086800000F003844FF0000A04E01BF8010F0028FB
:1086900000F0FC830AF1020AF2F766FB0028F4D12D
:1086A00000232B44D4F8C0709A1C07F5205742448D
:1086B000BA4240F22E842568002095F8CD2002F0C1
:1086C000020103EB000E01F0FF03002900F0F1822C
:1086D0000EF1020095F8C9304044002B00F06C8583
:1086E000B84294BF00230123002B40F06585391A5E
:1086F000032940F2DE821622037083700421C370C6
:1087000042702568D4F8C07095F8CD2007F5205741
:1087100002F004020EEB010302F0FF0AEAB19A1C18
:1087200095F8C9104244002900F04285BA4294BF2E
:1087300000210121002940F03B85B81A032841F2AD
:1087400047801720117091704FF0040AD17050705B
:10875000D4F8C070256807F520575344D5F8A4A075
:1087600003F1020B049308EB0B030593BAF1000F1E
:1087700000F07F87DAF80010002900F0C5874FF07D
:10878000000B08460AF09CFA5AF8041FC0B20130E8
:1087900083440029F5D10599B94200F261840BF1B7
:1087A00006027B1A9342C0F02285102300228D1D01
:1087B0000A704B702368D3F8A470386890B10AF03F
:1087C0007FFA2B465FFA80FA03F8010B18465246EF
:1087D00039680AF069FA0AF1010A57F8040F55449A
:1087E0000028ECD1059FEB1BDAB2981F191F951FCB
:1087F000000A043A090A38717D71FA70B970D4F828
:10880000C070256807F52057049A1A4495F8CD30B2
:10881000901CDB090492404400F02284B84294BFCB
:1088200000230123002B40F01B84A26B3F1A926EA1
:10883000151DAF42C0F07C8503702321130AC2705E
:1088400041708370A36B596E002A00F0EF860029F7
:1088500000F0EC8604300AF027FA049B5D1905D07D
:10886000069BF5702B4498462B0AB370C9EB0800A1
:10887000D4F8C03001221621C4F8C800C4F8C410CE
:108880001A7094E80C000133636092F8CC309807BA
:1088900000F17584204604F069FE05465EE5204639
:1088A000266F06F083FE054600287FF457ADA36FC0
:1088B000162B00F00582A368012B40F0BF842268CC
:1088C000E368D2F8B4200133002AE360C0F2E68105
:1088D000934240F3E381BC4D40E5204605F05EFA4B
:1088E00005463BE5204605F0E5FA054636E5204617
:1088F00006F088FF054631E5E36C00201E680A900B
:10890000B37A012B00F0D081093B012B40F2A68104
:10891000204606F04BFE00287FF41FADA36F162BF8
:1089200040F08C84226F13780C2B00F0EE83B37A26
:1089300003F0FD03052B40F081840123C4F8A83027
:10894000636800250133636008E5E36C1B689B7A6C
:10895000013BDBB2092B00F20B81012540F20F3203
:1089600005FA03F31A40002A00F00281204606F0BF
:108970001DFE00287FF4F1ACA36F162B40F05E843F
:108980006368216F013363600B780D2B0CBF0123EB
:108990000023C4F8D43040F006842368D4F8A00043
:1089A00093F8CC3003F0020303F0FF05002B00F036
:1089B000A0840C2817D90A7B0C2313440333984254
:1089C00011D96369032B00F0C080002D00F0A08452
:1089D00011440C254B7B897B41EA032153182B441E
:1089E000033398422BD0204632220221774D05F0E6
:1089F000C7F8B3E4204606F0D9FD054600287FF409
:108A0000ADACA36F162B7FF466AF2268D4F8A0102C
:108A100092F8CC3013F0020F0CBF04230C239942C0
:108A200040F0D183236F1B780E2B40F0CC8363681A
:108A30000133636092F8CC309E0700F13C81002541
:108A40008CE4204605F00CFC054687E4204607F040
:108A50000BF982E4E36C1E68B37A022B00F0CA8241
:108A6000DA1E012A40F28980093B012B8CBF0025C8
:108A70000125002D40F081803046FFF701FB0028E2
:108A800000F0A5822368D3F89420002A01F03F80EB
:108A9000D3F89C20002A01F03A80D3F8A0309A1D28
:108AA0000C93B2F5205F00F2AA86D4F8C020190A10
:108AB0001171D4F8C02053712368D4F8C000D3F8E2
:108AC000A020D3F89C1006300AF0EEF82068B37AA4
:108AD000D0F8A020052B02F1060700F0BD85072B7A
:108AE00000F0E586062B00F02886082B40F0AE83C8
:108AF000C569C7F52053D4F8C0200CA90195856934
:108B00003A44E06B00958030F1F7C4F800287FF418
:108B100024ACB17A204605F0F7F900287FF41DACAB
:108B200016200C9BD4F8C0201021C4F8C4003B448C
:108B300020460AE40F23002563600FE42046002549
:108B400004F01CFA0AE4224D08E4002D00F04E86E1
:108B50008F184FF00C0E7E7BBB7B43EA0626D31C9E
:108B60007344334498427FF63EAF931C9A192CE726
:108B7000062300256360FFF7F1BB25684FF47A7385
:108B8000D4F8C0200CA9EE69E06B04320196AD69FF
:108B900080300095F1F77EF800287FF4DEAB256881
:108BA0004FF40073E06BEE6900F2544200F582610D
:108BB00001968030AD690095F1F7AEF800287FF49A
:108BC000CCAB0427ACE700BF0089FFFF8085FFFF27
:108BD000008FFFFF9D690422D869A84700287FF411
:108BE000BCAB236806F583611C229D69D869A84740
:108BF00000287FF4B2ABE16B01F2144154E4002B86
:108C00007FF475AC4B6E002B00F0408700208B6E1C
:108C1000002B40F00E8589F8260009F12705002871
:108C20003FF46AAC0023A26B1A440133127B8342E7
:108C300005F8012BF7D35FE4092940F26183587AE4
:108C40001D1D1E7A93F804B040EA0626587993F861
:108C500006A0049093F80790FFF7B7BBA36BD86DFD
:108C6000002800F00587BC300221F7F723F900281F
:108C700000F0B985A36B0122E06BDB6D8030D3F887
:108C8000C010F0F7E1FF002800F0A582054620465D
:108C90002822022104F074FFFFF760BB0123D34DAB
:108CA000C4F8A830FFF75ABB052305466360FFF7F9
:108CB00055BB19462CE5204605F06CFBFFF74EBB73
:108CC000236893F8CC2002F0020101F0FF00002994
:108CD00000F075823378032B00F09C85E36BD3F8AA
:108CE000DC0109F0D1FFE36B83F8E051C3F8DC51FC
:108CF0002368D4F8A01093F8CC2002F0020202F00E
:108D0000FF00002A0CBF2A2232228A4200F2CA83C4
:108D10003278022A40F0C683002893F8CC2004F170
:108D2000140104F110000CBF4FF004084FF00C08C0
:108D3000C2F34002B044434605F05AFA2368226960
:108D400093F8CA108A42C0F2E284616993F8CB00BA
:108D50008142C0F2DC8493F8C800824200F3D784D9
:108D600093F8C930994200F3D2844346E76B53F835
:108D7000026F5D689868D968C7F83464C7F83854DA
:108D8000C7F83C04C7F840141E695D699869D96941
:108D9000C7F84464C7F84854C7F84C04C7F85014DF
:108DA00098F82260202E00F27D832368D4F8A0205A
:108DB00093F8CC30990740F1B48206F133039A421C
:108DC00000F2AD840C2306F126010B449A4240F0D8
:108DD0006983002708EB060393F8235093F82420B7
:108DE00093F8253042EA0525002B40F02F862846CF
:108DF000D4F84C90FFF7FEF8E36CC9F80000204669
:108E00001968002900F0488605F066F8D4F83C900F
:108E1000D9F87836002B00F02A82002E00F0278245
:108E2000A368002B40F02382A36B04931B689D4230
:108E300000F0818508F1230A63684FF0000E049A60
:108E40005146013302F10C0032466360049BC9F8BD
:108E500078E69E6083E8204009F026FF2368626977
:108E600053F82230043B04E0A26B1268904200F0F9
:108E7000708253F8040F0028F6D120462F220221D9
:108E80005B4D04F07DFEFFF769BA824605F1020BE7
:108E900008EB0B03BB4204933FF602AC049A0AF1C1
:108EA000060ABF1A5745FFF4FBAB2368D3F878B026
:108EB0009BF8000000283FF4F3AB9246002700E047
:108EC0000F46F1F751FF4388B91C0AF1020A1B0A49
:108ED0008AF8043043888AF805301BF8010F00280F
:108EE000EED100293FF4DCABCAB207F1040E4FEA21
:108EF000112C049907F108034FEA1E2708700A2075
:108F00004A7102328F70CA7081F804C04870FFF74E
:108F1000C8BBB91A05294FF000010DD90B2702254E
:108F2000012011709170517106215770D570107128
:108F3000D4F8C07007F5205725680B44B5F8CC204D
:108F4000991C02F4E0724144002A00F0D585B94230
:108F500094BF00220122002A40F0CE85781A04280E
:108F600010D901200A708A7005224870C8702068E4
:108F7000B0F8CC00C0F382100871D4F8C070256836
:108F800007F52057134495F8CD20991C12F0400F97
:108F9000414400F0BF85B94294BF00200120002861
:108FA00040F0B885C1EB070EBEF1030F7FF687AB2B
:108FB000042208708870C87010464A702568D4F87A
:108FC000C07095F8CD2007F52057FFF778BBB37A2E
:108FD000012B40F03B8103460CAA04212046FFF7F9
:108FE00091F800283FF4EDADFFF7B7B90095FFFF0A
:108FF0008086FFFFE36BD4F8C0205B68190A0C93EE
:109000001171D4F8C0205371E66B06F10800EAF73D
:10901000D5FF2568D4F8C0200146EF69301D0C9BB0
:1090200006320197AD690095F0F716FB00287FF432
:1090300094A925684FF40972E06BEE6900F582632C
:1090400000F2544101960430AD690095F0F76AFBD7
:1090500000287FF482A9062762E50023FFF701BB01
:109060000025FFF7FABBDEF874A0DAF8000000284C
:1090700000F05B845246002352F8041F0433002999
:10908000FAD105F1020B08EB0B02BA420492114629
:1090900000F256810633BA1A9A42C0F00C830028B7
:1090A00000F0DC840F464FF0000B04F0F7FF4FF0A8
:1090B0000303B8710BF1040BFB710437DAF80000FD
:1090C00004F0ECFF4FF0010338717B715AF8040F84
:1090D0000028EAD1049F5FFA8BF30BF10201002014
:1090E0007B710233090A3870FB704FEA1B23B97099
:1090F0000D213B710BF106027970D4F8C070D4F8E1
:1091000000E007F52057FFF7B5BA2368D4F8A05060
:1091100093F8CC10B37A154411F0020FA3F1080EA6
:1091200003F0FD000CBF04210C21BEFA8EFE082BBB
:1091300018BF062B0A444FEA5E1E0A9200F089808F
:10914000052800F0868003F0FB02022A00F0DB8392
:10915000033B012B02D9BEF1000F77D0E06B2A460A
:109160000AA98030F0F75CFD002800F0AB832046B0
:109170002F220221CF4D04F003FDFFF7EFB8204668
:1091800005F050F8FFF786BBE36BD3F87836002B79
:109190003FF438AD4B6E002B7FF439AD89F82600D3
:1091A00009F127053EE5C4F8A8500546FFF7D6B8F3
:1091B0004FF0000AFFF7D1BA0021FFF7A9BAD4F89F
:1091C000A0102A22A1E5204632220221BA4D04F045
:1091D000D7FCFFF7C3B82046FEF77CFF0546002802
:1091E00040F0E283636801336360FFF7B7B80023A0
:1091F000FFF70ABB411DC2B2C31C86F804B0090ABE
:10920000571DD01C1B0AB1714FEA1A213273524606
:10921000F771707206F10D0086F805B086F80AB095
:109220003372F172D4F8D81009F03EFDD4F8C07052
:109230000AF10B0207F52057FFF7E7B920460A228B
:1092400002219E4D04F09CFCFFF788B89C4DFFF76F
:1092500085B8A91E8A428AD85178971C92F800C016
:1092600041EA0C22A91A8F4206D90A977FE7A36B1D
:1092700008F1230A0493DFE53A4405280A927FF4B3
:1092800062AF023B022B3FF65BAB2268636992F848
:10929000CC20D4F870A012F0020FDDF828800CBFAB
:1092A0004FF004094FF00C09032B00F0A883022BA8
:1092B000CCDC3046FEF7B4FE0428064600F09D8361
:1092C00000270A9BAA1E93420BD893F800B09A1C61
:1092D0005B780A9243EA0B2BCBEB0505AA4200F020
:1092E0006683204632220221724D04F049FCFFF7CA
:1092F00035B804287FF677AB0A790423FFF75DBB06
:109300002046322202216F4D04F03AFCFFF726B8C6
:10931000114404254E798B7943EA06231344FFF761
:109320005EBB06F12B039A4200F2D98104234AE581
:109330001D46FFF792BA2A7001352368FFF7F8B887
:10934000DEF878B09BF8000000287FF49BA9FFF7B7
:10935000A7B9FEF74FFE63691946069300283FF44C
:109360008CAD03699942FFF688AD836999423FF756
:1093700084AD236893F8CC309B0703D5037F5D074A
:109380003FF57BADA26B06F1280311460492002243
:1093900008EB03064A60002F00F09C82B578F17854
:1093A00018F8030041EA0521737801F1040943EA42
:1093B00000230D464F4575D3059204F1F002079244
:1093C00004F1FC020892102B00F0C6807EDD172B02
:1093D00000F0B38040F3A080232B00F0F5804FF61F
:1093E0000172934248D1A368002B00F05A81D4F84F
:1093F000ECC04FEA4C035A1CAA4240F085803279F7
:10940000934240F081804FF000038DF83030BCF182
:10941000000F00F03083079B06F1050E184603EBA2
:109420000C081EF8013B10F8012B9DF8301053403A
:10943000804543EA01038DF83030F2D19DF8303099
:10944000002B61D10CF1050E08988DF82C30844466
:10945000B6441EF8013B10F8012B9DF82C10534028
:10946000604543EA01038DF82C30F2D19DF82C3091
:10947000002B49D1012305937F1B4E447B1F043FE2
:10948000022B46D9002F00F02682F378B578327887
:1094900043EA0525737805F10409294643EA0223C6
:1094A000B94590D9204632220221074D04F068FBCD
:1094B000FEF754BF0085FFFF8084FFFF0089FFFF98
:1094C0000094FFFF0092FFFF8086FFFF042B00F057
:1094D0009F800B2B00F08480012BCDD12368B3F843
:1094E000CC3003F4E07232B1012904D1C3F382130A
:1094F00032799A42C0D0204628220221C14D04F080
:109500003FFBFEF72BBF5C4620462822022104F0D9
:1095100037FBBC4DFEF722BF162BADD1236893F865
:10952000CD309A07E7D5069B002BE4D00029E2D185
:10953000049B1A46012393679EE7236893F8CD3076
:109540005B07D8D5069B002BD5D00029D3D1E36B80
:109550000122C3F88C268FE72368D3F8A480B8F1E2
:10956000000FD1D0032940F39C813179AB1E727971
:1095700042EA01229A4240F0948196F806A0EB1E3E
:109580009A4540F08E81D8F800B0BBF1000FBBD0F7
:10959000F31D09955D46A3461C4603E058F8045F99
:1095A000002DB0D0284609F08BFB8245F6D15246FB
:1095B0002946204609F064FB0028EFD15C46AB4603
:1095C000099DC4F8DCB057E7236893F8CD30DB0978
:1095D00091D000298FD1E36B0122C3F888264BE795
:1095E000002900F05E8133795A1CAA4240F059816B
:1095F000711D002B88D07279012A6CD91944B31DD2
:1096000003E013F8012B012A65D99942F9D17BE7D0
:10961000236893F8CD3058067FF56DAF00297FF4AD
:109620006AAF049B1A460123536725E70425FFF719
:1096300014B923680C3120229D69D869A8470028F5
:109640007EF48BAE2023A26B09F1270593601846A8
:1096500089F82630FFF7E6BA0C951946FFF75ABA93
:109660000621142304260DF1400C4FF00009FEF7EB
:109670003CBE5346FFF7C8B805460222FEF7C5BFF9
:109680008046FEF782BF896E00293FF459A90B6816
:10969000002B3FF455A9002A40F0E3810B46FEF76A
:1096A00000BE01297FF430AF3379002B7FF42CAF5B
:1096B000C4F8E810DEE6DEF878B09BF80000002879
:1096C0007EF4E0AF8246FFF7E9BBB86E00283EF4B7
:1096D00017AEFEF714BEE36BC3F85C21CCE608EBD3
:1096E000060393F8271093F8267041EA0727791E9E
:1096F00002297FF6D7AE042106F128003844014440
:109700008A423FF469ABCDE68B46FFF744B820466A
:10971000462202213C4D04F033FAFEF71FBE08EB4F
:10972000060393F8271093F8267041EA0727791E5D
:1097300002297FF6B7AE0C21DEE7E36B5B68991C6C
:109740000C933944B1F5205F59D8D4F8C0101B0AE6
:10975000CB5502F10807D4F8C0100C9B0A44D37112
:10976000E56B05F10800EAF729FC23680146281D8E
:10977000DD69D4F8C02001959D693A440C9B0095A1
:10978000EFF76AFF00283FF4C4A9FEF7E6BDE36CDB
:109790001B685E7AD4F8C030072E00F0F9800422EE
:1097A00006261A71E36BD4F8C050002B00F0E98054
:1097B000D3F8C031002B00F0E480586804F03CFC82
:1097C0004FF00209C446687108210023FEF78DBDE1
:1097D0008A46FEF7C2BF23689B6E002B7EF479ADEC
:1097E0001846FEF777BD094DFFF751BA8F184FF0B5
:1097F000040E7E79BB7943EA0626FFF7B0B9044D23
:10980000FEF7ACBD8086FFFF8091FFFF0093FFFF56
:109810000096FFFF256F0CA9C2F340020BA805F1CB
:109820000C0304F0E5FC0B9902297FF770AF0C9B49
:10983000012B7FF76CAF226892F8C80081423FF796
:1098400066AF92F8C92093423FF761AF226F05F1EE
:109850000F08E36FAE7B1344C8EB0303B342FFF67C
:1098600021AEE36BD3F8DC0109F00EFAE76B314669
:10987000012009F0E1F9C7F8DC01002800F00381BC
:109880004146324609F010FA012387F8E06120468C
:109890006360002503F0B0FB204604F07BFDFEF77B
:1098A0005DBD20463222022104F06AF931E602232E
:1098B0000CAA39462046FEF725FC00283FF429A9CA
:1098C000FEF74BBD2046FEF705FC00287FF44FACA9
:1098D000B37AD6E40597D4F8E830002B5BD123683F
:1098E00093F8CC3003F03003202B3FF404AEA26891
:1098F000012A7FF4A4A8002B3FF4FDAD059B012BAA
:109900007FF49DA8F7E5E06B2A460AA90430EFF73B
:10991000A1FD00287FF42BACE26B23685268D3F8DA
:10992000C430B3EBC20FD3D921E40346FFF7A9BB80
:109930007A4DFEF713BD049B5B68002B7FF47AAA77
:10994000049B08F1230A9B689E427FF475AA049B3E
:109950003246514603F10C0009F092F900287FF4D9
:109960006BAA0C232046636003F060FB05460028C9
:109970003FF474AA20465022022104F001F9FEF7B8
:10998000EDBC23689B6E002B7FF417AF184615E7DC
:1099900005221A7106E7A268012A7FF450A8059AE9
:1099A000002AACD0FFF74BB85D4DFFF770B90AEB5A
:1099B0000902C2EB08030DF13008002F00F091807E
:1099C000414620468DE8880013460BAA06F038FA77
:1099D00000287EF4C2ACA36BD86D002879D0314644
:1099E000BC30F6F767FA00285DD120462822022114
:1099F0004C4D04F0C5F8FEF7B1BC074661E408F130
:109A000002039D42FFF4B3AB98F8000004F03AFB68
:109A1000074600283FF4ABAB0A9B587804F02AFBBA
:109A2000834600283FF4A3AB3946204604F07AFB76
:109A300000287FF49CAB0A9B304602330A93FEF762
:109A4000EFFA58457FF493AB06463AE420462F22BE
:109A50000221354D04F094F8FEF780BC8346FFF7F1
:109A600039BBD2F8C031002B08BF0B46FEF719BC3A
:109A70002E4DFFF70CB99DF83030002B7FF444AD2C
:109A80008DF82C30F2E42A4DFEF768BC89F82630B8
:109A900009F12705FEF730BD50220221254D04F0C3
:109AA0006FF8FEF75BBCA36B42460A9D3946D86D42
:109AB0000B9BBC308DE82008F6F704FA0546002819
:109AC0003EF43EAF20463322022104F059F8FEF75F
:109AD00045BC204628220221144D04F051F8FEF71F
:109AE0003DBC2425414620460B9506F047F9002849
:109AF0003FF471AFFEF731BC0022FFF743BA2046B6
:109B0000502202210A4D04F03BF8FEF727BC0A4D13
:109B1000FEF724BC0020FEF7D2BD00BF008CFFFF83
:109B20000086FFFF0093FFFF808FFFFF0089FFFF8C
:109B30000081FFFF008FFFFF008AFFFF03682DE910
:109B4000F041DC6B82B0002C4DD00B68D41A012C94
:109B500058DD1D789E1C5C784FF6FE730E6044EA5B
:109B60000524651E9D424DD8931B9C424AD803682C
:109B70000F460546D3F83C80B8F1000F15D0186C9D
:109B8000324623462946C04740B128467322022167
:109B900003F0F6FF1C4802B0BDE8F0813E68344493
:109BA00000203C6002B0BDE8F081D3F8A0209442D0
:109BB000EBD1D3F89C1030468DF8078001EB040CF4
:109BC00011F8013B10F8012B9DF807E0614583EA8D
:109BD00002034EEA03038DF80730F1D19DF80730F8
:109BE000002BD2D1DBE7D3F894404CB1D3F89C40A2
:109BF00034B1D3F8A0401CB1D3F89830002BA4D1D5
:109C00000248C8E70248C6E78093FFFF008AFFFFCB
:109C10000084FFFF70B50D68AB1C934213D82E78FB
:109C20006C780B6044EA06241D19AA420BD3006825
:109C30000D46224619460430EFF7FAFC28B92B6886
:109C40001C442C6070BD024870BD024870BD00BF4E
:109C50000084FFFF8083FFFF2DE9F04704469EB09C
:109C6000FF209146E76B0D46984622688DF8490023
:109C70008DF84800002F00F09280D7F8C00100282E
:109C800000F08D8046680346002800F09480186834
:109C9000BC30F6F707F9636907304FEAD00A6BB1B9
:109CA000AB1C994579D3C0F3C7202A78824274D17E
:109CB00069785FFA8AF291426FD11D4605EB0A037B
:109CC00099456AD101213046F6F7F4F8002877D09B
:109CD0002368304629463025DE695246039605AE94
:109CE0009B690096029312AB0195F6F7B1F906460F
:109CF000226804ABE06B92F8CC20D0F88016C2F357
:109D00004002D0F87C0604F069FA20689DF84850BB
:109D100030229DF8103006A99DF849C09DF811E049
:109D200085EA03098369C0698CEA0E05DDF814A091
:109D3000984778BBB8F5097F44D8C8F509732F2B2D
:109D400040D949EA05058AF0300308F25341E26B35
:109D50002B43302539443343C2F810540DF1170614
:109D60000DF147055F421F43FF176FEA070E4FFAD9
:109D70008EFE16F8012F013015F8013F3A400EEA29
:109D80000303134301F8013FE36BD3F8103483421C
:109D9000EFD800201EB0BDE8F087104EA8E7916E06
:109DA00029B98FB1D7F8C0318BB10E466FE74E6835
:109DB00087B90B466BE7936E002B3FF469AF66E7FC
:109DC000074E95E70748E5E73E46384660E71E46FA
:109DD00018465DE7D7F8C00155E700BF0084FFFFD4
:109DE000008AFFFF0094FFFF41648264C3647047F0
:109DF000036893F8CC30DB0716D570B515460446DA
:109E0000D0F8E0000E4608F03FFF2946012008F098
:109E100013FFC4F8E00048B131462A4608F044FF79
:109E2000C4F8E450002070BD01487047014870BD7F
:109E3000008FFFFF0081FFFF4368102B00F0E084DC
:109E4000C36B2DE9F04F0446AFB0002B00F06584E2
:109E500003F038FB002840F07C81226892F8CC3077
:109E6000980740F17981E16B91F8EC31012B00F01A
:109E700056846368122B00F25084DFE813F0DF0190
:109E8000D9010C04E301E70134033B025202E3026F
:109E90006702DF025602BD035A025E0262024E04EE
:109EA0004E04DD019369002B01F03084D4F8C050DA
:109EB00092F8CC2061692B1DC2F34002206904F0A6
:109EC0008DF9AF1D2368042239469E69D869B047D1
:109ED000002840F03E8123681C2205F10A019E699A
:109EE000D869B047002840F03481D5F80660D5F82D
:109EF0000A00D5F80E10D5F81220D4F83CE0CEF8C0
:109F00003464CEF83804CEF83C14CEF84024D5F8AA
:109F10002220D5F81660D5F81A00D5F81E10CEF814
:109F20004464CEF84804CEF84C14CEF85024E36BC9
:109F3000D3F87826002A41F0E480A268A66B8AB99B
:109F4000B2687AB12068026A62B13146806A90478D
:109F5000E36B002801F0D280D3F87826002A41F084
:109F6000D080A66B6268D3F8883601326260002B1D
:109F700001F07982002106F10C002022B16008F086
:109F800097FEA36B05F127069B68304685F82630BF
:109F9000A16B8A680C3108F087FEA26B1368926887
:109FA0001B1206EB0209B354A36B09F1030709F175
:109FB00005081B6889F80130A36B5B6889F80230DB
:109FC000D4F8E820012A01F0868202200023A16B48
:109FD00091F87020002A01F04382391801220026EE
:109FE0004FF0050A3E548E704A70CA70A26B92F808
:109FF00070200A71A16B4A6F53444AB19A1C002029
:10A000000426B918B85432468870C8704E70A16BD7
:10A01000666903EB020A8A6FB6FA86F67609002AA9
:10A0200001F0DD81002E41F0DA810868FDF7E2FFE2
:10A0300038B1007AEDF784FC18B14378022B01F0B7
:10A04000DF8366690023B6FA86F67609E16B53442E
:10A05000D1F88C26002A01F00082002E41F0FD810B
:10A060009A1C1720B918BE548E70CE700426487002
:10A07000E16BD1F888261E445AB1B31C00204FF082
:10A08000230E0422F918F8548870C87081F801E092
:10A09000E16BD1F88436164413F0010310D0B31CE1
:10A0A00000214FF00B0C4FF0020EFA18F95401206A
:10A0B00006239170517182F801C082F803E010719B
:10A0C0001E44D4F8DC20B31C07EB030A002A01F07D
:10A0D000F88200211022F9548AF80120D4F8DC001B
:10A0E00008F0EEFD02460AF1070002F1070B02F14B
:10A0F000030E511C5FFA8BF34FEA1E2EA3F1040CE2
:10A10000090A8AF802E0A3F1060E073B8AF803C0A9
:10A110008AF805E08AF806308AF80410D4F8DC10D2
:10A1200008F0C2FD16EB0B0606D0330A08EB060753
:10A1300089F8046089F803307D1B1621D4F8C030FB
:10A140000222C4F8C8502046C4F8C4101A7003F0A4
:10A150000DFA2FB0BDE8F08F6368122B00F2DD829C
:10A1600001A151F823F000BF3DA2016031A20160BE
:10A17000A59E016045A201604DA20160E5A40160B9
:10A18000F5A2016023A3016045A401604DA3016015
:10A190003DA401602BA30160F7A5016033A301601A
:10A1A0003BA3016043A301601BA701601BA70160E3
:10A1B00039A201600521204604F02CFB0028C8D1FB
:10A1C000636E1A78162A40F0EA82226801330EA9DB
:10A1D0000DA892F8CC20C2F3400204F009F80D9BC0
:10A1E000022B40F3DC82236893F8CC30990740F1CE
:10A1F0001C83A368002B40F01A85236E1A78002A6E
:10A2000040F0CD825D78002D40F0C98253F8021FE6
:10A210002046D4F8B020C2F802109B88D38004F006
:10A22000D9FB002800F0FE82C4F88850C4F88050A2
:10A23000A368002BC4D1BDE7A8488AE7012300200A
:10A24000636086E7204603F0A9FD82E7E16C002207
:10A250000D680D92AE7A721ED2B2092A08D801207A
:10A2600040F2513100FA02F21140002940F09D8283
:10A270000423062EC4F8C83000F00185082E00F033
:10A28000FE84022E00F0DE84062E00F0DB84002720
:10A29000082E00F23E850123B34013F48C7F00F0BA
:10A2A000388522680023906F0F930178E9B1D4F8C4
:10A2B0003CE0DEF8B4713E68002E01F098823378FD
:10A2C000994201F066803A4603E01B788B4201F028
:10A2D000608052F8043F002BF7D110F8011F0029CD
:10A2E000EAD11368002B41F053807D480023C4F865
:10A2F000C8302EE7D4F8C0300E2204201621C4F84E
:10A30000C800C4F8C4101A7094E80C0001336360EC
:10A3100092F8CC309B0700F17782204603F026F9B3
:10A3200017E7204605F06EFA13E7204605F09CFC7F
:10A330000FE7204603F094FF0BE70F230020636034
:10A3400007E7204602F01AFE002002E7E36C1B68D4
:10A350009B7A5A1F032A40F224820B2B00F02182A1
:10A36000A36BDB6D002B00F01C82204604F02EFC5A
:10A3700010F5CB4FF9D000287FF4EBAE204604F067
:10A3800007FA10F5CD4FF0D010F5CB4FEDD00028E7
:10A390007FF4DFAE6368A26F0133162A636041F079
:10A3A000B080236F1A780F2A41F0AB802268616970
:10A3B00092F8CC2002F00202002A15BF0E250625D5
:10A3C0000C270427032901F0F580A36B0421D86D25
:10A3D000BC30F5F76FFD002841F08A8106464FF04A
:10A3E00024090DF13C08BD1CD4F8A0309D4201F2B7
:10A3F0008880226FD119D75D4A7842EA0727EA1987
:10A40000934241F07E80E36B0FA92046D3F80434D9
:10A410009847A26B216F4B46D06D42460D443146A2
:10A42000BC308DE8A000F5F74DFD054600287FF40F
:10A4300090AE204603F02CF828468AE6204605F028
:10A44000BBFB86E6E36C20461D6805F0AFF80028EC
:10A450007FF47FAE2268236F92F8CC20D4F8A060FE
:10A4600012F0020FA26F1E440CBF04210C21162A09
:10A4700019440F9140F04A841B78102B40F0468419
:10A48000AB7A022B00F05C87A3F10902012A40F2AB
:10A49000B183DA1E012A40F2AD83052B01F07580ED
:10A4A000072B01F0B280062B01F0E980082B01F0A8
:10A4B0000B81012B41F06680324600232046FFF7D6
:10A4C000CBFB00287FF445AE204602F0AFFD00280C
:10A4D0007FF43FAE6368013363603AE68095FFFF27
:10A4E000808CFFFFE16BD1F8C4310621E26C032BB5
:10A4F000D4F8C0701268616000F08A81927A511FAE
:10A500000B2A18BF032940F27D81B3FA83F35B095C
:10A51000002B40F0778102224FF0010A4021FE1DFE
:10A5200087F805A0B9713A716269032A00F066875D
:10A530004FF008084FF007092068B11C90F8CE30A2
:10A5400003F0020303F0FF02002B00F0B385E36B7E
:10A55000D3F8CC51002D01F0DF80AB69002B01F066
:10A560008A8107F5205B6E6C8B45C1F03B81C1EBA6
:10A570000B03B342C1F0368106F1020E4FF0000A20
:10A580009E450ED901F099B9AB69D3B18B456E6C7C
:10A5900017D3C1EB0B039E4213D806F1020E73458D
:10A5A0000FD30B46300A3246F24403F8020B18462A
:10A5B0004E70A96C08F078FBD5F830518119002D48
:10A5C000E2D1CAF307225FFA8AFAD4F8C030C91B75
:10A5D00016200D26C4F8C810C4F8C40020461E700A
:10A5E000D4F8C03003F80920D4F8C03003F808A02C
:10A5F00002F0BCFFADE5E16BD1F88836002B00F02E
:10A60000FB80D4F8C030162104220FAFC4F8C41068
:10A610000EAE1A702568D4F8C020A86DA16B02F5A3
:10A6200020530A328DE8C0002D6DA847002840F065
:10A63000DB820E9AC2F30726D1B20A320F9B0025A5
:10A64000D4F8C07020464FEA136E87F804E04FEA52
:10A65000134ED4F8C07087F805E04FEA132ED4F8F3
:10A66000C07087F806E0D4F8C070FB71D4F8C03031
:10A670001E72D4F8C0305972E36BC4F8C820C3F816
:10A68000885602F073FF64E5226892F8CC3099078F
:10A690007FF508ACE16B91F8E031002B3FF402ACA0
:10A6A000D4F8C0302069043361690F9392F8CC204C
:10A6B000C2F3400203F092FD0F9D2068AB1C0F9384
:10A6C000466C002E00F05E87D4F8AC7042F64D1256
:10A6D00005F103092EA93A44D4F8E47041F87C9DB1
:10A6E000D4F8E030C06C0097B04700287FF431AD5B
:10A6F0000F9B162703261221C9EB03032046AB70DC
:10A700000F9BD4F8C020C4F8C4709B1AC4F8C8309A
:10A710001670616002F02AFF1BE5404819E52046EB
:10A7200003F05EFE00287FF414AD6368122BF4D8AA
:10A7300001A252F823F000BF3DA2016031A20160E6
:10A7400089A6016045A201604DA20160E5A40160F7
:10A75000F5A2016023A3016045A401604DA301603F
:10A760003DA401602BA30160F7A5016033A3016044
:10A770003BA3016043A301601BA701601BA701600D
:10A7800039A20160099B53F8044F0993002C40F053
:10A79000D7863C4620467822022103F0F1F9204872
:10A7A000D7E40A2300206360D3E4A6F10902012A5A
:10A7B0001ED8E36B002B00F09284D3F8C031002B3D
:10A7C00000F08D8458680221F5F774FB78B1E36BD3
:10A7D00003F18000002B00F08A84D3F8C031002BF5
:10A7E00000F085845B6800225968EFF72DFA6368F2
:10A7F000013300206360ACE4204603F05BFBA8E477
:10A80000064870470020A4E4204603F00BFD84E5D1
:10A81000236893F8CC30C3F381036FE6008FFFFF0A
:10A820000087FFFF204604F043F9A26EA16810786C
:10A83000537843EA0023002940F0F981B3F5205F03
:10A84000ADDC22681F46204692F8CC3013F0020F90
:10A850000CBF05210D21394403F0DCFF00287FF4F3
:10A8600078AC236893F8CC3003F0020303F0FF02C6
:10A87000002B00F0858507F10D03C4F88830266FA2
:10A880003A46E36B20463146D3F8003498472568B2
:10A8900095F8CC3003F00203002B0CBF04220C22ED
:10A8A00003F0FF039742FFF47AAF3278012A7FF476
:10A8B00076AF7278002A7FF472AFB278002B40F046
:10A8C000F081F37843EA022304339F427FF467AFB9
:10A8D000331D05930423FF1A252F7FF660AF95F8EB
:10A8E000CC2004F11401059B04F11000C2F34002D6
:10A8F00003F07EFC22692368E16B6069C1F87C2665
:10A90000C1F8800693F8CA50AA42C0F2188793F89B
:10A91000CB50A842C0F2138793F8C850AA4240F324
:10A92000CC83256193F8C9306361DDF814C06346B8
:10A9300053F802EF5E689D68D868C1F814E4C1F866
:10A940001864C1F81C54C1F820049D69D3F810E0C4
:10A950005E69D869C1F824E4C1F82864C1F82C54B0
:10A96000C1F830049CF82250202D00F2638105F1DB
:10A9700024084745C0F05E81A06B2022002185603D
:10A980000C3008F095F9A06B059E82680C3006F13A
:10A99000230108F089F9206890F8CC309B0740F13A
:10A9A00092832335725D1544EB1C9F42C0F0C08733
:10A9B000D0F848C0BCF1000F03D0A368002B00F012
:10A9C000A680002A7FF4EBAE6B1C08930598089DC7
:10A9D00003460646425D2B445B7843EA0223012B83
:10A9E00019460A9340F32681EB18DA1C9742C0F00F
:10A9F000218111F0010140F01D819A1C835C581ED9
:10AA00000F2800F2178113445A1C9742C0F012819C
:10AA1000A06B416040F27F83DD1CAF42C0F00A8131
:10AA200033443046B65C9B7843EA0626731E022BFD
:10AA300040F20081AB199F4240F0FC800544002E9B
:10AA400000F06983032E40F2F580EB7895F80290D0
:10AA50002A7843EA09296B7809F10407CB4643EACF
:10AA60000223BE42C0F0E68000220692079231E047
:10AA7000042B00F0048200F39180002B00F0708220
:10AA8000012B42D1B9F1010F40F021832B79042B26
:10AA900000F21D83A26B3D4482F87030CBEB0606BA
:10AAA000731F043E022B40F2C580002E00F0368357
:10AAB000032E40F2BF80EB7895F802B02A7843EA83
:10AAC0000B2B6B780BF10407D94643EA0223B742FC
:10AAD00000F2B0800D2B00F00F82C9DD172B00F0C3
:10AAE000D18226DC102B00F0D981162B0DD1B9F1C3
:10AAF000000F40F09F80206890F8CD309A0704D571
:10AB0000636913B1A36B01229A673D44C6E7059BB5
:10AB1000D4F8E46003EB0801D4F8E0300096C06C90
:10AB2000E047E36B002800F04A86012283F8E02129
:10AB30004AE7232B00F061814FF601729342E4D182
:10AB4000A368002B00F04E84D4F8EC305A1C5A4510
:10AB500040F0D5852A79934240F0D185002204F156
:10AB6000FC008DF8332083B105F1050E00EB030CDA
:10AB70001EF8013B10F8012B9DF83310534084451B
:10AB800043EA01038DF83330F2D19DF83330002BC6
:10AB900040F0B58501233D4406937FE70A2B00F082
:10ABA00021820B2BB1D1E06BD0F8843643F0010346
:10ABB000C0F88436B9F1000F3CD02B795A1C5A45A5
:10ABC00038D1691D002BA0D06A79012A40F258843F
:10ABD0001944AB1D04E013F8012B012A40F2508404
:10ABE0008B42F8D13D4459E700230A2219460E93BF
:10ABF0001E4623E5E06B721A8030EFF775F80028E7
:10AC000040F0738525684FF40073E06BEE6900F245
:10AC1000544200F5826101968030AD690095EFF7EE
:10AC20007BF800283FF450ACBC48FFF792BAD4F848
:10AC3000A07024E620463222022102F0A1FFB8488B
:10AC4000FFF787BA21680022D1F884300F92002BD9
:10AC500000F01B84D1F89030002B00F01684E06BDC
:10AC600001F188027C310430EEF7BEFC002800F0D0
:10AC70000F8410F5CA4F7FF439ABFFF76ABAD4F8E6
:10AC8000C03005210022C4F8C8101A71D4F8C830A9
:10AC9000D4F8C010581CC4F8C800CA54AE7AFFF7E4
:10ACA000F0BAF37843EA02230C339F427FF477AD86
:10ACB000A368206F012B00F0278401794379E26BB0
:10ACC00043EA0123591CC2F8D431C2F8D811837960
:10ACD000002B40F01E85C379002B40F01A85037AC3
:10ACE000002B40F0168500F109010322013007F026
:10ACF000C7FF002840F00D8595F8CC309A077FF506
:10AD0000E7AD06F10C0305930C23E4E58548FFF756
:10AD100020BAD4F8C030B21E022A47D8D4F8C820CE
:10AD20000021284613440E91C7EB0309FDF778F97B
:10AD300063698046032B00F0FB84A87A042800F0A6
:10AD40006E850FAE24254B463A46314620460E9579
:10AD500005F014F800288CD105466369032B00F038
:10AD6000B685E16B2768002900F09585D1F8C031E0
:10AD7000002B00F090855A68002A00F08085D4F8F6
:10AD8000C80032462946D4F8C060851C586873193B
:10AD9000FD6903950DADBE698DE868000E9BF5F762
:10ADA00023F900287FF465AFD4F8C0300D9ABAB10A
:10ADB000D4F8C810120A481CC4F8C8005A54D4F871
:10ADC000C830D4F8C020581C0D99C4F8C800D1541C
:10ADD0000D9AD4F8C810D4F8C0300A44C4F8C8207A
:10ADE00016210C222046C4F8C4101A70636801337F
:10ADF000636002F0BBFBFFF7ACB90FA801F0A2FD46
:10AE00002068D0F85480B8F1000F3FF47EAE036D97
:10AE1000002B3FF47AAEE36B0122C3F88826B9F128
:10AE2000000F3FF472AEA368002B7FF46EAE806D0E
:10AE30005B462A1D0FA9C047002840F0DB84D4F8E8
:10AE4000388012A83D44D8F8083008F10C011A46A1
:10AE5000119307F029FF404601F078FD7C220FA9ED
:10AE6000A06B07F021FF7C210FA8F6F777FEE36BBC
:10AE700000220121C3F88826C3F878160EE6B9F13E
:10AE8000000F7FF4D7AE206890F8CD3059067FF5DB
:10AE90003CAEA36B01223D445A67FFE52068D0F821
:10AEA000A4300993002B00F03F84B9F1030F1DDD9E
:10AEB0002979ABF102036A7942EA01229A4215D15B
:10AEC000AB1D2F44BB42184600F02E83EA1DAB7920
:10AED000B91A8B420AD8002B7DD013449F4200F050
:10AEE00023835A1C1B78B91A8B42F4D9204632228C
:10AEF000022102F045FE52E4B9F1010F2F44F5DDC5
:10AF00002A796B7943EA02239A1C5A45EED1D80775
:10AF1000ECD40635AF420BD8C8E000BF0083FFFF7A
:10AF20000087FFFF0084FFFF0235AF4240F2BE8082
:10AF3000687803F09FF880460028F5D0287803F061
:10AF4000A1F881460028EFD00146204603F0EAF838
:10AF50000028E9D14A464146E06B01F077FDE3E77E
:10AF60002068D0F82C80B8F1000F3FF4CEADB9F1D5
:10AF7000010FBBDD6B7995F804E043EA0E2E0EF16C
:10AF800002035B45B2D1BEF1020F05F106021EDDE0
:10AF9000E9792B7A43EA012303F1030CE645A5D3B3
:10AFA000A97961B943E35178937843EA012303F126
:10AFB000030CF4459AD81178002900F038836FF01B
:10AFC00002016244C91A8E44BEF1020FEBD8BEF1F1
:10AFD000000F3FF49AAD20462F22022102F0D0FD4F
:10AFE000FFF7DDBBB9F1010F7FF724AE6B7995F860
:10AFF000049043EA092909F102035B457FF41AAE84
:10B0000019F0010F7FF416AED4F83C80D8F8B431B3
:10B01000002B7FF40FAE4FEA590A04210AF1010A0E
:10B02000BAF10C0F28BF4FF00C0A504607F004FE8F
:10B03000002800F07584BAF1010FC8F8B4017FF65A
:10B0400064ADB9F1000F3FF460AD099405F1080853
:10B05000044602E0BAF1010F11D918F8020C18F8F1
:10B06000012C42EA0020EFF793FE18B120600AF1AC
:10B07000FF3A0434B9F1020908F10208EAD1099C47
:10B080003D440BE5B9F1000F7FF4D4AD206890F892
:10B09000CD305B077FF539AD6369002B3FF435ADEB
:10B0A000E36B01223D44C3F88C26F7E401233D46BF
:10B0B0000793F3E49246FFF788BA93F8C9309842B1
:10B0C000C8BF636131E405F1230308937EE42046A1
:10B0D0002F22022102F054FDAB48FFF73AB8236853
:10B0E0009B6E002B7FF46EAB1846FFF76CBB23689A
:10B0F0009B6E002B7FF476AB5B68FFDE0122C3F80A
:10B1000078260C232046636001F090FF00283EF46F
:10B1100038AFFFF71EB8002306930793089D002160
:10B12000059B02350A982B449E1C1D46334603E0BE
:10B130000231023388420ED913F8022C562AF7D175
:10B1400013F8017C002FF3D12068636990F8C910CF
:10B150008B42C0F2DE83079B002B00F0708300233C
:10B160000A9916F8022C22B916F8012CFF2A00F0D1
:10B17000EE82023302369942F3D8D4F8E820012A4D
:10B1800000F0BF83206890F8CC3003F03003202B10
:10B1900000F06983A168012900F05D83636950F8BC
:10B1A00023603068002800F080830A9B0021A046BD
:10B1B0005F1E6B1C47F0010705932F44059D03E0BC
:10B1C000BD427BD00235306815F8012CC0F307234F
:10B1D0009A42F5D12A78C3B29A42F1D1FCF70AFF1C
:10B1E0008146002800F0CE81D8F8143002699A42D6
:10B1F00000F38280826993427EDCD8F8003093F8B5
:10B20000CC309C0702D5037F580775D44846FCF71D
:10B2100029FF40B1D8F83C30D3F8B431002B6BD0C3
:10B220001B68002B68D04846FCF72AFF20B1D8F8ED
:10B230000030DA6B002A52D0D8F81430032B00F01B
:10B2400031824846FCF7ECFED8F83C308346D3F810
:10B25000C841002C00F0A982002800F00E824FF0B7
:10B26000000A20685946BC30F4F724FE002845D176
:10B27000A46853460CB19A46F3E7BAF1000F3BD0ED
:10B280004446D046E36BC3F8C08163683568A06B61
:10B2900001332268E16C0560C1F80090636092F8A8
:10B2A000CC3003F0020303F0FF00002B3EF451AF5B
:10B2B000204603F06FF80020FEF74BBF56F8040F4E
:10B2C00000287FF47BAF4446002900F0EE82404620
:10B2D0002822022102F054FC2C48FEF73ABFD3F892
:10B2E00094204AB1D3F89C2032B1D3F8A0201AB1EF
:10B2F000D3F89830002B9FD1012161E70FAB0122D9
:10B300004946206802F022FF0028B1D1BBF1040FAA
:10B3100000F09F81D8F81430022B00F39681236847
:10B3200093F82831042B00F09081BAF1000F14BF7C
:10B3300053462346A468002C9DD144469A46A0E774
:10B3400032460FA904F13C00FEF764FC00287EF4AD
:10B3500000AF0F9B9E427FF4D9AC25684FF4097271
:10B36000E06BEE6900F5826300F25441019604300F
:10B37000AD690095EEF7D6F900283FF4A5A853E48F
:10B38000C4F88020FFF77BBA0087FFFF8096FFFF9D
:10B3900019780EF18000F1F723FE00287FF469ACE4
:10B3A00020680FA9D4F8C820C669D4F8C070C2F5C7
:10B3B0002053019686693A44E06B00968030EEF7A0
:10B3C000EDFB00287FF455ACD4F8C8700F9AD4F880
:10B3D000C0303A44AE7A1F44C4F8C8209BE400232E
:10B3E000FEF734BEB9F1010F40F089812B79002BB3
:10B3F00040F08581C4F8E890FFF7CCBB2168D1F814
:10B400007480D8F80000E0B11D46914602E058F87B
:10B41000040FB8B102F042FE83460028F7D001467F
:10B42000204602F045FE0028F1D173192A1D83F849
:10B4300002B0154683F803A006F802B083F8059021
:10B44000E5E705462A0AAB1C3D7205F10909FA71C8
:10B450001E4405F10A08FFF76FB80026FEF709BE83
:10B460009246FEF7C8BD2368202206F10C01B260A7
:10B47000D8699E69B04700283EF483ADFEF769BEE7
:10B48000C0F85C213D44FFF709BBCF48FEF72EBF53
:10B49000E76B07F10800E8F791FD2668D4F8C0E0F3
:10B4A0000146F369381DD4F8C82001930FABB66983
:10B4B00072440096EDF7FCFF00287FF4DAABD4F875
:10B4C000C8700F9AD4F8C0303A44AE7A1F44C4F81A
:10B4D000C820FEF7DDBEFF2389F8062089F8053075
:10B4E000A168002940F03C8109F10A0389F807109E
:10B4F00089F8082089F80910C8EB0303981CFEF7A7
:10B5000066BDB248FEF725BEE16B90F804E04379D2
:10B51000D1F8D82143EA0E2393427FF440A90133A6
:10B52000C1F8D831FFF7D3BB099BD3F80090B9F12C
:10B53000000F3FF42FA90B963E4627464C46814606
:10B54000204607F0BDFBB14582463FF41BA94D469E
:10B5500003E04544AE423FF415A995F8008001355B
:10B56000C245F6D152462146284607F089FB0028FD
:10B57000EFD1A1463C4637460B9EC4F8DC903D46D1
:10B58000FFF78CBA9248FEF7E4BD32460FA9204679
:10B59000FEF7D4FA00287EF4DCAD0F9B9E427FF4C8
:10B5A000B5ABA97A204602F0AFFC00283EF48CAF80
:10B5B000FEF7CFBDD4F8A020AA42A2D3D85D02F0F6
:10B5C00061FD064600289CD0236F2046D95D02F01D
:10B5D0006FFD002895D1236F042E3B4414BF0DF15D
:10B5E0003C080DF14C08587802F044FD0146002853
:10B5F00087D0A36BD86DBC30F4F75CFC002880D0FA
:10B600002F464FF00009FEF7EEBE32460FA9204646
:10B61000FEF794FA00287EF49CAD324602230F997F
:10B620002046FEF719FB00287EF493ADB9E70332FC
:10B63000006B2146C04700283FF467AA20467022CD
:10B64000022102F09DFAFFF7AAB84346A0461C4625
:10B6500018E6D8F83C202368D2F8B421D3F8C010FB
:10B66000136809782BB903E652F8043F002B3FF426
:10B67000FFAD1B788B42F7D14CE6444605E63246D7
:10B6800020460FA9FEF75AFA00287EF462AD0FA9F2
:10B69000324604F13C00FEF7BDFA00283FF47DAFCE
:10B6A000FEF757BD4846FCF7D1FC014600283FF4A1
:10B6B000C8ADD8F83C0001F0BFF900287FF4C1AD57
:10B6C0001AE69346FEF72EBD32460FA92046FEF736
:10B6D00035FA00287EF43DAD0F99E06B721A803088
:10B6E000EEF702FB00283FF45CAF3A48FEF731BDAD
:10B6F00004264FF014090DF14C08FEF774BE2046E5
:10B700002822022102F03CFAFFF749B83248FEF73E
:10B7100020BD3248FEF71DBDC56E002D7EF41DAF65
:10B72000AA462A46FEF751BF2F443D46FFF7B6B959
:10B73000B8F1000F40F0A6802548FEF7D7BD20469F
:10B740004622022102F01CFA2548FEF702BDA3683A
:10B75000012B00F0888001232068C4F8E8301DE543
:10B76000002209F10A0304F1FC0189F807201846B8
:10B77000D4F8EC205200013289F80820D4F8EC20EB
:10B78000520089F80920D4F8EC2007F08DFAD4F89B
:10B79000EC20034604F1F0011344184607F084FA44
:10B7A000D4F8EC2003461344A6E600283FF465AF26
:10B7B000D8F800309C6E002C7FF451AD9CE583F8E6
:10B7C000E001FFF701B900BF008FFFFF8082FFFF9C
:10B7D0000094FFFF8083FFFF008CFFFF808FFFFF3F
:10B7E0008091FFFF4FF0000A5246FEF7EEBE3A4648
:10B7F000FEF773BD0FA83D4401F0A8F8FFF74EB95E
:10B800000AF102031621FA18FE5404239670D6702A
:10B8100051706669B6FA86F67609FEF717BC0546DA
:10B820000FAE0195CDF800903B4631460EAA20465A
:10B8300004F006FB00283FF490AAFFF71ABA04218F
:10B84000204602F06FFC0028E06B0CBF04210021B1
:10B8500001F00AF983E4002A7FF4A0AC1BB1069B37
:10B86000002B3FF49BAC20462822022102F088F9ED
:10B870003348FEF76EBC9A461A46FEF7A6BE31481C
:10B88000FEF734BD4146E06B01F0D6F805460028CE
:10B890003FF452AFC4E7BA6E002AF0D05368002BD1
:10B8A000EDD069B91346FFF76ABA20462822022173
:10B8B00002F066F92448FEF74CBC5246FEF785BEFE
:10B8C000D1F8C031002B08BF1346FFF758BAD4F89F
:10B8D000C8702846D4F8C0907B1CC4F8C83002F069
:10B8E000DDFB09F80700D4F8C8704046D4F8C080E2
:10B8F0007B1CC4F8C83002F0B1FB08F80700FFF762
:10B9000030BAA368012B02D1069B002BABD0206874
:10B9100044E42046022102F033F90948FEF719BC3D
:10B9200020465022022102F02BF90848FEF711BCF4
:10B9300020464622022102F023F90148FEF709BC05
:10B940000087FFFF008AFFFF808CFFFF0081FFFF61
:10B9500070B50446C06B0D46164600F50270F3F74D
:10B96000BBFAE06B3246294600F51870F9F764FE21
:10B97000E06B3246294600F52F70FAF7A7FCE06B22
:10B980003246294600F54A70BDE87040FCF7B0B871
:10B9900070B50446C06B0D46164600F50270F3F70D
:10B9A0009BFAE06B3246294600F51870BDE87040FE
:10B9B000F9F742BE30B5AFB005460C4601A8F2F724
:10B9C00037FE17A8F8F774FCE96B01A801F50271BE
:10B9D000F2F738FEE96B17A801F51871F8F772FC59
:10B9E000214601A8F3F77CFA04F1100117A8F9F732
:10B9F00027FE01A8F2F720FE17A8F8F75DFC2FB08C
:10BA000030BD00BF2DE9F043866BBBB004468846CD
:10BA10009146002E3BD00DA81E4DF2F709FE23A83B
:10BA2000F8F746FCE16B0DA8242701F50271F2F747
:10BA300009FEE16B23A801F51871F8F743FC164BDA
:10BA400004A90DA8B9F1000F08BF1D46F3F748FA85
:10BA500008A923A8F9F7F4FDE46B0C232A4630214A
:10BA6000CDF80480029306F12C0004AB0097D4F8C3
:10BA70000C44A0470DA8F2F7DFFD23A8F8F71CFC43
:10BA8000394604A8F6F76AF83BB0BDE8F083466B88
:10BA9000C1E700BFC4430020B4430020C06B00F5E1
:10BAA0002F70FAF713BC00BF30B59DB005460C46A9
:10BAB00001A8F9F723FFE96B01A801F52F71F9F748
:10BAC00027FF214601A8FAF705FC01A8F9F71AFF9C
:10BAD0001DB030BD2DE9F043866BA9B00446884601
:10BAE00091465EB30DA8164DF9F708FFE16B0DA85E
:10BAF000202701F52F71F9F70BFF124B05A90DA8AF
:10BB0000B9F1000F08BF1D46FAF7E4FBE16B0C2307
:10BB10002A46CDF80480029306F12C0005AB00976D
:10BB2000D1F80C443021A0470DA8F9F7EBFE3946B7
:10BB300005A8F6F713F829B0BDE8F083466BD1E706
:10BB4000C4430020B4430020C06B00F54A70FBF7EB
:10BB5000CFBF00BF30B5B7B005460C466846FAF710
:10BB600013FEE96B684601F54A71FAF717FE2146A4
:10BB70006846FBF7C1FF6846FAF70AFE37B030BDEA
:10BB80002DE9F043876BC7B00446884691465FB302
:10BB900010A8164EFAF7F8FDE16B10A8302501F554
:10BBA0004A71FAF7FBFD124B04A910A8B9F1000F76
:10BBB00008BF1E46FBF7A0FFE16B0C233246CDF811
:10BBC0000480029307F12C0004AB0095D1F80C44DB
:10BBD0002946A04710A8FAF7DBFD294604A8F5F787
:10BBE000BDFF47B0BDE8F083476BD1E7C4430020F9
:10BBF000B443002000487047808FFFFF0048704723
:10BC0000808FFFFF70B504460E4601200C211546BB
:10BC100007F012F880B10023216806604560836058
:10BC200009B906E019468B68002BFBD188601846DD
:10BC300070BD2060084670BD004870BD0081FFFFE8
:10BC400060B138B504462068E56807F01DF8204665
:10BC500007F01AF82C46002DF5D138BD704700BF0B
:10BC6000C26B0346416CD2F8FC01814226D0F0B48D
:10BC7000D3F8B05002F5007682B05864C2F8FC11D7
:10BC80006C46376828686A46696876682F606E6017
:10BC9000DD6B03C403CAC5F80002C5F804125A6C70
:10BCA0006AB1596901290ADDD1681269D3F8BC006B
:10BCB0008A1A0244C3F8C02002B0F0BC7047D3F81F
:10BCC000BC20C3F8C020F7E72DE9F04FB7B0044619
:10BCD0009346994603A80191429E439DF2F7F2FADA
:10BCE0002046F2F7E3FA002800F089808246F2F756
:10BCF00049FB0446484606F0E3FF419B04EB00087D
:10BD000007464344802B73D816AB4946024603EBE3
:10BD10000409484606F0C8FF16AB419A03EB080039
:10BD2000409906F0C1FF5146012203A8F2F7EAFA52
:10BD3000804610B137B0BDE8F08F419B5A4601995B
:10BD400003A81F44F2F756FB494603A83A46F2F708
:10BD5000C7FB16A903A8F2F7D7FB002D4CD0274448
:10BD60000DF118096FEA040A03A8F2F703FC3A463A
:10BD700016A903A8F2F7B4FB494603A8F2F7C4FBDF
:10BD800003A8F2F7F7FB224616A903A8F2F7A8FBCF
:10BD900016A903A8F2F7B8FB04EB080E754525D2E7
:10BDA000B5FBF4F104FB115171B108F1FF300AEB5E
:10BDB0000E030DF1170201443344701812F8011FED
:10BDC00003F8011F8342F9D17545F046CCD803A88A
:10BDD000F2F77EFA16A88021F5F7C0FE484640210A
:10BDE000F5F7BCFE002037B0BDE8F08F2146DBE759
:10BDF000044837B0BDE8F08F0DF11809E7E70248B5
:10BE000098E700BF008FFFFF0094FFFF70B584B07C
:10BE1000089E099D0A9C009313460A460146019616
:10BE2000062002950394FFF74FFF04B070BD00BFDA
:10BE300070B584B0089E099D0A9C009313460A467B
:10BE400001460196072002950394FFF73DFF04B0D9
:10BE500070BD00BF2DE9F04FADB090469A468B46BD
:10BE6000019004A8379D389CF2F72CFA404606F062
:10BE700027FF369B00EB030909F11406802E00F220
:10BE8000D88007460246414611A806F00DFF0CABCC
:10BE900007F114005146369A184406F005FF0320B6
:10BEA000F2F704FA0146002800F0CC80012204A831
:10BEB000F2F728FA074618B138462DB0BDE8F08FE2
:10BEC0000BF1010A019904A84FEA5A031A4602939A
:10BED000F2F790FA11A94A4604A8F2F701FB0DA95E
:10BEE00004A8F2F711FBACB3BA4604F00F0309F152
:10BEF000100807AF039304A8F2F73CFB42460DA9D4
:10BF000004A8F2F7EDFA394604A8F2F7FDFA04A8FE
:10BF1000F2F730FB10220DA90DEB0200F2F7E0FA68
:10BF20000DA904A8F2F7F0FA0AF1100E7445C0F05A
:10BF3000848010200AF1FF320DF11B0100232A44F6
:10BF4000013311F801CF984202F801CFF8D87445B7
:10BF5000F246D0D804A8F2F7BBF90420F2F7A6F90C
:10BF6000014600286ED0012204A8F2F7CBF907465B
:10BF70000028A1D1029A04A8019BC2EB0B010B443B
:10BF80001946F2F737FA11A94A4604A8F2F7A8FAB7
:10BF90000CA904A8F2F7B8FA002C5AD02E4BB946D7
:10BFA00007AFA3FB04384FEA181808EB8808A4EB86
:10BFB000880804A8F2F7DEFA32460CA904A8F2F7C2
:10BFC0008FFA394604A8F2F79FFA04A8F2F7D2FADA
:10BFD00014220CA904A8F2F783FA0CA904A8F2F71A
:10BFE00093FA09F1140C64452ED34FF0140E09F1A5
:10BFF000FF320DF11B0000212A4412F8019F01318C
:10C0000010F8013F8E4589EA03031370F5D86445A3
:10C01000E146CED804A8F2F75BF90CA88021F5F729
:10C020009DFD38461421F5F799FD00202DB0BDE89F
:10C03000F08F0A482DB0BDE8F08F039B1846002B07
:10C0400085D077E7064838E7B8F1000FDFD0C6465D
:10C05000CDE707AFDEE700BFCDCCCCCC008FFFFF34
:10C060000094FFFF022906D049420238C9B2C043FA
:10C070005170107070470238FF21C043517010702A
:10C08000704700BF4FF48472002106F011BE00BF5C
:10C0900090F8CC3061F3000380F8CC30704700BFDB
:10C0A00090F8CC3061F3410380F8CC30704700BF8A
:10C0B00090F8CC3061F3830380F8CC30704700BF38
:10C0C00041638263704700BF8161C261704700BFF6
:10C0D00001614261704700BF10B4019C81624462FB
:10C0E000C26103625DF8044B704700BFC0F8A8103E
:10C0F000704700BF83650165426542B1084610B4D0
:10C1000014460022234611465DF8044B1847704739
:10C110000165426583657047C1650266704700BF6F
:10C1200090F8CD3061F3C30380F8CD30704700BF85
:10C13000C0F8C010704700BFC0F8AC10C0F8B02005
:10C14000704700BF816202624362704701604160D4
:10C150008160C160704700BF032A03D1032B98BFE1
:10C1600040F82310704700BF41667047C166026700
:10C17000704700BF683045E5002B18BF00292DE946
:10C18000F047089E4BD0202A49D8340C47D1B6F549
:10C19000205F94BF4FF000084FF00108B8F1000F86
:10C1A0003DD10446D0F894001F468A46154658B142
:10C1B000D4F89810F5F7D2FCD4F8940006F064FD9A
:10C1C000C4F89480C4F89880D4F89C0030B106F08C
:10C1D0005BFD0023C4F89C30C4F8A0302946012040
:10C1E00006F02AFD8146C4F8940050B33146012080
:10C1F00006F022FD8046C4F89C0098B12A465146BC
:10C20000C4F898504846C4F8A06006F04DFD324688
:10C210003946404606F048FD0020BDE8F0870A4850
:10C22000BDE8F0870546484606F02EFD284606F094
:10C230002BFD00230548C4F89430C4F89C30BDE8B9
:10C24000F087D4F89C50EEE7008FFFFF0081FFFFDE
:10C25000A1B32DE9F041C46B54B3202A94BF4FF031
:10C2600000084FF00108B8F1000F21D10646D4F8BC
:10C27000B8010F46154658B1D4F8BC11F5F76EFC5D
:10C28000F36BD3F8B80106F0FFFCF46BC4F8BC8183
:10C290002946012006F0D0FCC4F8B80158B1C4F812
:10C2A000BC512A46394606F0FFFC0020BDE8F0816B
:10C2B0000348BDE8F0810348BDE8F08100487047BD
:10C2C000008FFFFF0081FFFFC1630264704700BF62
:10C2D000F8B500F17C06044617460A4630461021A0
:10C2E000E8F780FA48B1054688343046E7F768FC3D
:10C2F0002046E7F765FC2846F8BD88343A46102109
:10C300002046E8F76FFA05460028EED12846F8BD2A
:10C31000F8B500F17C0604461F463046E7F754FEA8
:10C3200048B1054688343046E7F74AFC2046E7F72F
:10C3300047FC2846F8BD88343946069A2046E7F778
:10C3400043FE05460028EED12846F8BDF8B500F1B9
:10C350007C0604460F4604313046E7F7B3FC48B18B
:10C36000054688343046E7F72BFC2046E7F728FCE3
:10C370002846F8BD883407F110012046E7F7A2FCF3
:10C3800005460028EED12846F8BD00BFC0F8C4100D
:10C39000704700BF8167704741677047F8B5054631
:10C3A00019B308460E4606F08BFCFF2804462ED82B
:10C3B000D5F8D87057B1384606F082FC01463846A9
:10C3C000F5F7CCFBD5F8D80006F05EFC611C012027
:10C3D00006F032FC0746C5F8D800D0B131462246F7
:10C3E00006F062FC00203855F8BDD0F8D84054B1B2
:10C3F000204606F065FC01462046F5F7AFFBD5F870
:10C40000D80006F041FC0020C5F8D800F8BD02486D
:10C41000F8BD0248F8BD00BF008FFFFF0081FFFF9D
:10C42000C06B00F5E470FFF7EDBB00BFC36BC3F852
:10C43000CC11C3F8D0217047C36BC3F8C411704747
:10C44000C1620263704700BF2DE9F0418046086871
:10C450000F4678B10D4600244FF6FF7606F030FC0B
:10C46000431E0444FE2B0AD8B44208D855F8040FE2
:10C470000028F3D1C8F8A4700020BDE8F08101487D
:10C48000BDE8F081008FFFFFD0F8DC00704700BFEF
:10C4900080F8C81080F8C920704700BF80F8CA1023
:10C4A00080F8CB20704700BF90F8CE3061F30003D6
:10C4B00080F8CE30704700BF90F8CD3061F3410373
:10C4C00080F8CD30704700BF90F8CD3061F3820323
:10C4D00080F8CD30704700BF90F8CE3061F3410353
:10C4E00080F8CE30704700BF0429034610D84A1E9A
:10C4F000032A07D9B3F8CC20002061F38812A3F8EF
:10C50000CC207047034850F82220B2F5205FF1D9C3
:10C5100001487047DC050020008FFFFF90F8CD3008
:10C5200061F3861380F8CD30704700BF90F8CD30AE
:10C5300061F3041380F8CD30704700BF90F8CD3020
:10C5400061F3C71380F8CD30704700BF90F8CD304D
:10C5500061F3451380F8CD30704700BF90F8CC30C0
:10C5600061F3051380F8CC30704700BFC0F8B410F9
:10C57000704700BF0A684B68C0F8B820C0F8BC30EC
:10C58000704700BF0346D0F8A800012816D01A68EB
:10C5900092F8CC20920705D5D3F88010D3F88820E4
:10C5A00091420AD8D3F8A02012B1D96F8A4204D39D
:10C5B000586F003018BF012070470120704700BF3E
:10C5C000436F0BB1C06F704718467047436B0BB198
:10C5D000186E7047836B002BFAD14FF0FF30704715
:10C5E00020B1436B13B11868FBF752BD00207047B0
:10C5F000036893F8CC309B0708D54269022A0ED015
:10C60000084B0948032A08BF184670474369032BA3
:10C6100003D8064A52F8230070470548704705487A
:10C62000704700BFE0430020EC4300209405002049
:10C63000A4300020D4430020436CCBB11A6DAAB1C2
:10C64000517802290ED011D3063902290ED89A68E2
:10C65000036893F8CC3013F0020F0CBF05230D23B1
:10C66000D018704752695B691A44F1E70548704772
:10C67000036893F8CC3013F0020F0CBF05200D2097
:10C68000704700BF0094FFFF0368B3F8CC30C3F3DA
:10C690008213013B032B10D80D4A52F82320036B61
:10C6A0004BB193F87030013B032B09D9B2F5205FF1
:10C6B00028BF4FF42052104670474FF42052EEE747
:10C6C000034951F823309A4228BF1A461046704752
:10C6D000DC05002010B1406B00B1C06D704700BF99
:10C6E000A0B1026892B110B592F8CC300446DA07D6
:10C6F00004D52046BDE81040FDF79EBBFBF776FD54
:10C70000236893F8CC30DB07F3D410BD00487047A2
:10C71000008FFFFF78B1036810B504461BB908E02D
:10C72000FFF7DEFF30B963682046102BF8D10020F8
:10C7300010BD024810BD0148704700BF008FFFFFC9
:10C74000D022002106F0B4BAF0B51F4690F8CC30E4
:10C75000C5B0044661F300030D46164662F341037B
:10C7600080F8CC3000294BD1D9B2022390F8CD20EB
:10C770004FF47A7E63F3830190F8CE30A0F8B8507E
:10C7800042F09E0243F00203494884F8CC104EF672
:10C79000602184F8CD20102284F8CE304FF0FF3392
:10C7A00060644448C4F8ACE0A064C4F8B010C4F8B5
:10C7B000B420C4F8BA30A4F8BE30022F5CD00122F5
:10C7C0000323964284F8CA3084F8C83084F8C9300C
:10C7D00084F8CB2068D0FBF7B9FB374A374B626649
:10C7E0006367E060A06060602060EEF79FFA4FF43E
:10C7F00080620023A067C4F8C420184645B0F0BD8D
:10C8000090F8CD204FF47A7190F8CE304EF6602E2D
:10C81000C0F8AC1042F01E0243F00203244884F832
:10C82000CD20102184F8CE3000224FF0FF33606419
:10C83000012D2048C4F8B0E0A064C4F8B410A4F8F6
:10C84000B820C4F8BA30A4F8BE30B6D14FF4807224
:10C850001B4904A806F028FA4FF0020E04A900951F
:10C8600003AB4FF4807220468DF80CE0FFF750FDCB
:10C870000028A2D00346C0E7002312480321124A31
:10C88000124E134DA067184684F8CA1084F8CB10D6
:10C8900084F8C81084F8C910E260A2606260226067
:10C8A0006666656745B0F0BD022384F8CB3092E739
:10C8B000F5BB0160FDBB016008F60260885E0020E8
:10C8C00084040020AC5E0020A05E002018F6026008
:10C8D000B05E002038B505467C30E7F771F905F108
:10C8E0008800E7F76DF9D5F8940060B1D5F8981095
:10C8F000F5F734F9D5F8940006F0C6F90023C5F829
:10C900009430C5F89830D5F89C0060B1D5F8A010E7
:10C91000F5F724F9D5F89C0006F0B6F90023C5F820
:10C920009C30C5F8A030A86E28B1846806F0ACF938
:10C930002046002CF9D12846D021BDE83840F5F733
:10C940000DB900BF7C22002106F0B2B988B110B544
:10C950000446C06D20B105F005F8E06D06F094F9CD
:10C96000606E06F091F920467C21BDE81040F5F795
:10C97000F5B8704770B50C460646FFF7E7FF7C2216
:10C980002146304606F090F9E36D83B14FF49A7179
:10C99000012006F051F9F065F8B104F0DDFFE36D18
:10C9A000F06D5A68996805F049F8054670B9606EEF
:10C9B00058B1A56E0120294606F03EF9706660B1B7
:10C9C0002A46616E06F070F9002070BDF06D06F029
:10C9D0005BF900232846F36570BD014870BD00BFB8
:10C9E0000081FFFF98B191B1836B83B1026892F827
:10C9F000CC20D2070BD410B504461846FFF7BAFF77
:10CA000020B9E36B0122C3F8782610BD10BD0148A0
:10CA1000704700BF008FFFFF0B4648B141B1416B2B
:10CA200031B1026892F8CC20D20701D41846A1E7B0
:10CA300000487047008FFFFF012905D0042901D16C
:10CA4000407870470020704700787047012906D071
:10CA5000042903D1437803B94270704770470378C3
:10CA6000002BFAD10270704701704170704700BF0F
:10CA7000B0B110B504465030EAF78CFF04F19000D5
:10CA8000EAF788FF04F13800F1F722FC04F14400D2
:10CA9000F1F71EFC2046D021BDE81040F5F75EB846
:10CAA000704700BF38B5C56B002D41D005F5027049
:10CAB000F1F7C2FD05F51870F7F7FEFB05F52F70CD
:10CAC000F8F720FF05F54A70F9F762FE281DECF72C
:10CAD00027FF05F18000EDF73DF8D5F8B40106F029
:10CAE000D3F8D5F8B80138B1D5F8BC11F5F736F858
:10CAF000D5F8B80106F0C8F8D5F8C80128B184689F
:10CB000006F0C2F82046002CF9D1D5F8DC0106F079
:10CB1000BBF8D5F8E40106F0B7F8D5F8F001FFF757
:10CB20008FF828464FF4D261BDE83840F5F716B8C3
:10CB300038BD00BF2DE9F0410446C06C08B1FFF7D5
:10CB400097FFA06B08B1FFF701FFE56B1DB1204611
:10CB5000FFF7A8FFE56BE36C002B00F08980A36B67
:10CB6000002B76D0002D7AD0E36C002B00F086806D
:10CB7000A06B002800F082807C22002106F098F84B
:10CB8000E56CD0220021284606F092F805F150000D
:10CB9000EAF7FCFE05F19000EAF7F8FE05F138002F
:10CBA000F1F790FB05F14400F1F78CFBE56B4FF4D6
:10CBB000D262002105F5027805F51876284605F5BC
:10CBC0002F7706F075F84046F1F732FD3046F7F75B
:10CBD0006FFB4046F1F73CFD3046F7F779FB05F572
:10CBE0004A763846F8F78AFE00213846F8F796FE6E
:10CBF0003046F9F7C9FD01213046F9F7D5FD00238C
:10CC0000264A281D2B70C5F800246B70ECF71EFC1B
:10CC100005F18000ECF798FF03222368C5F8C421D2
:10CC200093F8CC20920711D5E26B616CC2F8FC112D
:10CC300093F8CC3013F0010318BF022382F8EC31D3
:10CC4000636D1BB10022206D114698470020BDE89E
:10CC5000F0817C21012005F0EFFFA06382E74FF413
:10CC6000D261012005F0E8FFE06338B105467BE7BB
:10CC7000D021012005F0E0FFE06470E7284606F0CF
:10CC800003F8E06C06F000F8A06B05F0FDFF002350
:10CC90000348E363E364A363BDE8F08151B9016035
:10CCA0000081FFFFF8B504460F46012042F64D1102
:10CCB000276005F0C1FFE06500284FD0054642F629
:10CCC0004D11012005F0B8FF0646C4F8AC0000285D
:10CCD00040D097F8CC309B071ED400F1080E00F12D
:10CCE0000B0700F10D0205F10D0305F1080005F138
:10CCF0000B01C4F8B060606620462566C4F8B4E055
:10CD0000C4F8B870C4F8BC20C4F8C020A166E366BB
:10CD10002367BDE8F8400DE700F1030E00F10B07B3
:10CD200000F10D0205F10D03E81C05F10B01C4F83B
:10CD3000B460206620466566C4F8B0E0C4F8B870F8
:10CD4000C4F8BC20C4F8C020A166E3662367BDE830
:10CD5000F840EFE6284605F097FFE6650048F8BD85
:10CD60000081FFFFF8B50022436D04460D46426086
:10CD700013B11146006D9847E26D00230D32A36098
:10CD8000E360C4F8EC30C4F8F030C4F8F430C4F810
:10CD9000F830C4F8FC30C4F80031C4F80431C4F8E9
:10CDA000E8306367A367E36722670DB9C4F8805072
:10CDB000D4F8AC0000230026002700F10D0194F9FF
:10CDC000D020C4F88830A4F88430C4F8C010C4F867
:10CDD000A030C4F8A430C4F8A830C4F8C430C4F8F3
:10CDE000C830C4F8CC30C4E92467C4E926670AB166
:10CDF00084F8D030002342F64D1223641946636450
:10CE000005F056FFCDB1A06C30B1FFF731FEA06C3C
:10CE100005F03AFF0023A364606B30B1FFF796FD85
:10CE2000606B05F031FF002363630023C4F8DC303E
:10CE300055B12046BDE8F8407CE642F64D12294641
:10CE4000E06D05F035FFDEE7D4F8E00005F01CFFEB
:10CE5000C4F8E050C4F8E4502046BDE8F84069E664
:10CE600000217FE710B50446FFF764FE80B9236810
:10CE700093F8CC309A0702D5A268032A09D0002281
:10CE8000012320466260A360BDE81040FFF742BC6A
:10CE900010BD13F0010F4FF00102E36B14BFC3F894
:10CEA000D421C3F8D821EAE7002850D038B5044689
:10CEB000D0F8AC0038B142F64D11F4F74FFED4F87B
:10CEC000AC0005F0E1FEE06D30B142F64D11F4F733
:10CED00045FEE06D05F0D8FEA06C20B1FFF7C8FD5F
:10CEE000A06C05F0D1FEE36B8BB12046FFF7DAFDB5
:10CEF000E06CFFF7BDFDA06BFFF728FDE06B05F0D0
:10CF0000C3FEE06C05F0C0FEA06B05F0BDFE606BDB
:10CF100020B1FFF71BFD606B05F0B6FED4F8D850CA
:10CF200055B1284605F0CCFE01462846F4F716FE1A
:10CF3000D4F8D80005F0A8FED4F8E00005F0A4FE6F
:10CF400020464FF48471BDE83840F4F707BE7047BF
:10CF500010B50446FFF7A6FDE06B05F095FE002333
:10CF6000A06CE36320B1FFF783FDA06C05F08CFE9D
:10CF7000E26C0023A264E36410BD00BF38B583688F
:10CF80000446C26B012BD2F878562CD0606B38B1B6
:10CF9000826FA36B9A67FFF7D9FC606B05F074FE94
:10CFA00023680020A16B5A6A6163A06312B188688C
:10CFB00000B1EDB193F8CC309B070DD5E36BD3F8FE
:10CFC000F0314BB1636D1BB10022206D11469847C3
:10CFD00063680133636038BD2046FFF7B9FF6368BB
:10CFE0000133636038BD022200238260C360CDE755
:10CFF000986A90472368DDE710B50446C06B00F5DA
:10D000000270F1F725FBE06B00F51870F7F760F997
:10D01000E06B002100F52F70F8F780FCE06B012138
:10D0200000F54A70BDE81040F9F7BEBB2DE9F04F9E
:10D03000836BD9B0C66C054604933368C46B187A09
:10D04000EAF77EFC002800F0F08133688046587AC9
:10D05000F1F72CF98246002800F0E7816B69022B7A
:10D060002FDC934B934AC4F80C34934BC4F804243C
:10D07000C4F80834D4F8783653BBEB6BD3F88C265D
:10D08000012A00F0F080049B302204F2544904F29B
:10D09000144B2C33D4F810140292184606934023F4
:10D0A000864A0190484600935B46D4F80C74B84712
:10D0B00058B918AB05934FF409714846F4F74EFD83
:10D0C0000FE0032B00F07A817D4859B0BDE8F08F66
:10D0D000049B04F2144B04F254492C33069318AB0E
:10D0E00005935F460DF1200C3868103757F80C1C7B
:10D0F000E64657F8082C0CF1100C57F8043C4F4545
:10D10000AEE80F00F0D110AF0DF1200E0FCFCBF82D
:10D110000000CBF80410CBF80820CBF80C300FCF70
:10D12000CBF810004027CBF81410CBF81820CBF820
:10D130001C30BEE80F00C4F83404C4F83814C4F836
:10D140003C24C4F84034BEE80F00C4F8440408A8E6
:10D15000C4F848143946C4F84C24C4F85034F4F7E1
:10D16000FDFC4FF48072059B3021029201935B46D7
:10D1700000970698D4F80C44524AA0470028A4D13E
:10D1800039465846F4F7EAFC98F80120D8F80440EC
:10D1900002F0FD03E408082B746000F09780062A73
:10D1A00000F094800122514606F13800F1F7AAF808
:10D1B00000288AD10122514606F14400F1F7A2F875
:10D1C000002882D15046F1F7DDF8049B81465B6F61
:10D1D0007061012B00F03581024698F80130D8F8D3
:10D1E0000C10072BF16000F02281049B9B6F012B38
:10D1F000D8F8143000F03881B2FBF3F203FB0232AE
:10D20000B2606B69012B40F22D81023B012B3FF68E
:10D210005BAF03B2B268059C0A445B0005992044E9
:10D220003769746801EB030BB2602A6892F8CC206E
:10D23000D20700F11C8104EB030A059B07909A4476
:10D2400007B9F768059B3A460AEB040106F1180096
:10D25000049305F029FD39193A4606F12800514496
:10D2600005F022FD68E018AAD3F8043428461146D8
:10D27000059298476B69032B00F0AE802422049B33
:10D2800004F25449D4F810142C3300920E4A184674
:10D2900006933023019048460293059BD4F80C7402
:10D2A000B84700287FF411AF04F2144B03E700BF26
:10D2B00055BE0160B5B9016005BA01601444002093
:10D2C0000094FFFF24440020FC43002000230C278F
:10D2D0000A2A7361F76000F096800422082317463B
:10D2E000326131682A68097F11F0020F0CBF1021EA
:10D2F00008210B44B36092F8CC9019F0010900F0BA
:10D300008E80059A002392469946049204EB030B03
:10D31000059B9B44002F67D0059B3A460BEB04010D
:10D3200006F12800079305F0BFFC39193A4606F1CB
:10D330001800594405F0B8FC6B69002B7FF7C4AEA8
:10D34000B9F1000F52D12B68DC6D3CB1186E4B4621
:10D35000019775680699059A0095A04706F1500453
:10D3600041462046EAF726FB00287FF4AEAE903611
:10D3700041463046EAF71EFB00287FF4A6AE594628
:10D380000123D8F804202046EAF740FB00287FF468
:10D390009CAE03465146D8F804203046EAF736FBE7
:10D3A00000287FF492AE98F80130022B4CD00598FB
:10D3B0004FF48071F4F7D2FB002086E633685B7A85
:10D3C000072B22D02B4B2C4AC4F80C342B4BC4F81F
:10D3D0000424C4F808344DE6EB6C1B685B7A072B19
:10D3E00014BF202230224AE7F76895E704994A469D
:10D3F00006F13800F0F7FEFF4A46079906F14400AF
:10D40000F0F7F8FF9FE737616BE71D4B1D4AC4F843
:10D410000C341D4BC4F80424C4F808342AE6059AD9
:10D4200002EB040A079293460CE718484DE603B254
:10D43000B26005995B0074680844376901EB030B1F
:10D44000F3E60A227261C8E620460421EAF702FBED
:10D4500000287FF43AAE30460421EAF7FBFA0028B0
:10D46000A5D032E603B2E4E71344B360C9E6049002
:10D47000DA464BE70DBE0160A9BA0160D5BA01607A
:10D4800031BE016055BB016081BB0160008FFFFFB1
:10D490004368102B10B5044607D0C36B8BB1D3F88B
:10D4A0000034D0F8A020016F9847236893F8CC305F
:10D4B0009B0706D5E36B23B1D3F8D8210132C3F81B
:10D4C000D82110BD70B5C569002D47D00446D0F8ED
:10D4D000CC0050B936E0D4F8CC108142A1EB00006A
:10D4E00032D3C4F8CC00A8B1E56923680246D4F869
:10D4F000C81093F8CC30091AD4F8B46013F0020FB6
:10D50000A06A0CBF05230D2319443144A847002805
:10D51000E1DC70BD082107E0D4F8B050AB5C01330A
:10D52000DBB2AB5493B9D1B223684A1E93F8CC3026
:10D5300003F00203994203F0FF05EDD805B1022084
:10D54000814209D0002070BD054870BD236893F862
:10D55000CC309B07F6D5F2E7024870BD024870BD9B
:10D560000094FFFF8094FFFF008FFFFF03682DE909
:10D57000F04F93F8CC309DB00446D0F8C8609A07BD
:10D5800043D5C76B002F00F0FA8197F8EC31D0F843
:10D59000C450012B2ED0162D2CD1D4F8C0301D78BC
:10D5A0001DB1E26B002A00F09E80321F100C110AA0
:10D5B0005870D4F8C0309970D4F8C030DA7023684D
:10D5C00093F8CC309B0700F19F81002D00F0A582DD
:10D5D000E36B3246D4F8C0102046D3F800349847A5
:10D5E000236893F8CC309F0740F19782E76BD4F81B
:10D5F000C45047B197F8EC31012B04D025F0020359
:10D60000142B00F0D281EBB204E0D0F8C430162B1A
:10D61000C3D0DBB2D4F8B42013702368206993F828
:10D62000CC3061699D07D4F8B42000F1AE81507010
:10D630009170D4F8B830320A1A70D4F8B8305E70ED
:10D64000656C002D00F0AC80216B00294BD02A6D59
:10D65000D4F8C830002A00F0A281B3F5205F92F818
:10D6600001801E4600F29F81B8F1070F00F0AB80E9
:10D67000B8F1020F00F08D8108F0FD03082B40F097
:10D680007981002310AF0A932A68BE46D4F8B030DF
:10D69000127F1868596812F0020FEB68226808BF01
:10D6A0004FF01008099318BF4FF0080894F8C430E1
:10D6B000D5F81090AEE803008DF8483092F8CC20F1
:10D6C00020699307616900F1BD81DDF824E08DF8E0
:10D6D00049008DF84A10320ABEF10C0F8DF84C60EB
:10D6E0008DF84B2003D0C9481DB0BDE8F08FD5F8A8
:10D6F00010A0BAF1040F00F0B681BAF10C0FF2D10C
:10D700002A46D4F8B0100DAB0DF1370E52F8180FB1
:10D7100001F1FF3C0B930DF13F0B5168926807C379
:10D72000099B1EF8011F1CF8012FF34582EA010234
:10D730008EF80020F5D10993099B0DF1300CD4F837
:10D74000C0E005F15000C9EB0303CDF818800EEBE3
:10D75000060B02969A193B460D270B99C4F8C82070
:10D760005246CDF80CE0CDF804E0CDF814B0CDF879
:10D7700010C00097EAF7F6FB0028B5D10C9BB34226
:10D78000B1D1D4F8C8300A9A4344C4F8C830002A4A
:10D79000A9D1D4F8B820190A1170D4F8B820537060
:10D7A00023682046D4F8C82093F8CC3013F0020F39
:10D7B0000CBF05230D231344C4F8CC30FFF782FEC1
:10D7C0001DB0BDE8F08F6369002B8CDD05F13800DA
:10D7D0000822D4F8B01010AFF0F782FE606C03227C
:10D7E000D4F8B4103830F0F77BFE606C0222D4F825
:10D7F000B8103830F0F774FE606CD4F8C820D4F854
:10D80000C0103830F0F76CFE606C39463830F0F7F5
:10D810007BFE606C3830F0F7ADFED4F8C820636C46
:10D820003946D4F8C00010445A6905F03DFA656CD9
:10D83000D4F8C86008F0FD026B69082A3344C4F8C4
:10D84000C8301E4600F06681B8F1060F00F0628114
:10D85000B8F1020F7FF447AF01260022581C0D9249
:10D86000ED68B0FBF5F105FB1100281A854200F0C8
:10D87000C780C5B201E0D4F8C830D4F8C0100B445A
:10D880009D5401329042F6D2D4F8C85063690135F4
:10D89000012B0544C4F8C85040F3D0802268636C63
:10D8A0009569D06903F11801DA68A84700287FF468
:10D8B0001BAF616CD4F8BC00CA68183105F0F4F9EC
:10D8C000606CD4F8C850C268D4F8C0302A44C4F898
:10D8D000C8200DA9C2680193029100F118010095BA
:10D8E0005030EAF713FB00287FF4FEAE0D9B9D42FB
:10D8F0007FF4F9AE6369012B40F3AD80002E00F098
:10D90000CA80D4F8C83044E7D4F8C830C3F52053EF
:10D91000072B48D9D4F8C0000836011D0C3005F09B
:10D920009BF9D4F8C8300833C4F8C830002D71D042
:10D93000E36B0022D4F8C010D3F8D4311B0A0B716A
:10D94000E16BD4F8C030D1F8D4115971E06BD4F840
:10D95000C010D0F8D4310133C0F8D431CA800A7273
:10D96000D4F8C0301A4632F8011F9278A3F8091093
:10D97000DA722DE6B8F1060F3FF483AEB3E6D0F8C5
:10D98000C450162D3FF409AE3DE60132FEF76AFBA6
:10D990004FE68A6F002A3FF416AF00265DE7B3F525
:10D9A000205F7FF6A0AE1A489EE61021012005F008
:10D9B00043F98046002800F0AB80D4F8C8900120DD
:10D9C000494605F039F9C8F80000002800F09D80AC
:10D9D0004A46D4F8C01005F067F90022EBB2C8F847
:10D9E0000490C8F80C2088F80830D7F8F01109B96D
:10D9F0004EE01146CA68002AFBD1C1F80C8009E646
:10DA0000D4F8C0101046CA543EE700BF0094FFFF90
:10DA1000008FFFFFD4F8C0301D71D4F8C0305D71A5
:10DA2000D4F8C030DD801D72D4F8C0301A4632F808
:10DA3000011F9278A3F80910DA72D1E5D4F8C0304A
:10DA4000606C46E70DF14902FEF70CFBD5F80CE0DF
:10DA5000D4F8C8603FE6606CC26800F17801183005
:10DA600005F022F94AE7D4F8B0200EAEA8690DAB54
:10DA70000D90106851680B9303C6D4F8BC10106861
:10DA8000526808604A60D4F8C860D5F80CA053E624
:10DA9000C7F8F081BEE5D4F8B01010ABD4F8B4608C
:10DAA0000D220868D4F8C8504968676C03C32B0A74
:10DAB000B6F800E0B67810A907F13800ADF848E0F4
:10DAC0008DF84B308DF84A608DF84C50F0F708FD1A
:10DAD000606CD4F8C820D4F8BC103830F0F700FDE2
:10DAE000D4F8C830D4F8BC10606C19443830F0F762
:10DAF0000BFD606C3830F0F73DFD626CD4F8C83037
:10DB000052691344C4F8C83043E6404605F0BCF8F7
:10DB10000348E9E501230A93B6E594F8C43079E5B2
:10DB20000081FFFF02680146D2F8B430002B10B428
:10DB30000EDB04201624D1F8C0300022C1F8C80042
:10DB40000846C1F8C4401A705DF8044BFFF70EBDDB
:10DB5000D2F8B030D2F8AC20B3FBF2F201324FF081
:10DB6000010303D001335208DBB2FBD1CA68013292
:10DB70009A42CA60DDDD00205DF8044B704700BFAB
:10DB8000A0B170B4046874B1D0F8C0401526022565
:10DB9000C0F8C460C0F8C8502170D0F8C0305A70C6
:10DBA00070BCFFF7E3BC024870BC70470048704788
:10DBB000008FFFFF28220221FFF7E2BF20B3026897
:10DBC00012B392F8CC20D20714D54268102A1BD188
:10DBD0000321D0F8CC208160A2B9D0F8C01030B4B5
:10DBE00004251624C0F8C850C0F8C4400A7030BCE0
:10DBF000FFF7BCBC8268012A08D04368102B03D110
:10DC0000FFF730B9FFF75EBC01487047FEF782BDF1
:10DC1000008FFFFF90E80A00102B91F8CC2001D074
:10DC2000002070478368032BFAD091F8CD309B0613
:10DC3000F6D5B8312DE9F04102F002060446006E37
:10DC4000C6F108078D1930443A46294605F018F800
:10DC50008046D4F8B00029463A46304405F010F822
:10DC6000B8F1000F04DC002802DC0020BDE8F081E0
:10DC70002046BDE8F041FFF7A1BF00BF70B51446D4
:10DC80000E460546FEF700FDA04205D22B6893F82C
:10DC9000CC309B071BD40446D5F8CC3083B917236E
:10DCA000C5F8C84031462246C5F8C430D5F8C00092
:10DCB00004F0FAFF2846FFF759FC38B9204670BD3A
:10DCC0002846FFF7FFFB0028F8D070BD70BD014863
:10DCD000FBE700BF008FFFFF002846D0036870B548
:10DCE0000446E3B116460D46FFF794FFC0B96368DA
:10DCF000102B04D02046FEF70DFD002834D12368F8
:10DD000093F8CD30DB0604D5012E02D96369012BCF
:10DD100007DD324629462046BDE87040AEE714488C
:10DD200070BD636C13F1500FF3D01B6D002BF0D05E
:10DD30005B78022BEDD194F9D0304BB90122294602
:10DD40002046FFF79BFF0028EADD012384F8D0304E
:10DD5000721E691C2046FFF791FF0028E0DD0023BA
:10DD6000013084F8D03070BD70BD0148704700BFED
:10DD7000008FFFFF70B1026862B1D0F8CC2022B9E9
:10DD80004368102B03D010467047FFF79BBB01215F
:10DD9000FFF7F6BE00487047008FFFFFF8B5C36C71
:10DDA0001B689A7A0B2A3BD90268064692F8CC3057
:10DDB000DB0740D5C36B002B6ED0D3F8C051002DCC
:10DDC0006AD02B68002B69D02D68002D40D06C687C
:10DDD00042F2F6739C4220D80723D6F8C020210CCB
:10DDE000200ADF1CD1542246D6F8C01019444870CE
:10DDF000D6F8C0100B449C70D6F8C000A96838440F
:10DE000004F052FF42F2FD723B19D5F83051D21A9C
:10DE1000002D3AD06C689442DFD9244A1046F8BDF0
:10DE20004FF41663D340DA07BED5436800220133AE
:10DE300043601046F8BDD0F8D430002BF5D0C36B4A
:10DE40001BB1D3F8C051002DBED1956E002DBBD1B2
:10DE500007232F462846D6F8C02016240B21107120
:10DE60003046D6F8C0205771D6F8C0209571D6F844
:10DE7000C020C6F8C830C6F8C440117073680133BA
:10DE80007360BDE8F840FFF771BBDD1FC5F30740C5
:10DE9000C5F30727EDB2DEE7956E0DB9044AC8E772
:10DEA00029680029FAD0002BCBD18DE7008BFFFF2A
:10DEB000808AFFFF10B401221424D0F8C010C0F8EB
:10DEC000C440C0F8C8200A7042685DF8044B0132B3
:10DED0004260FFF74BBB00BF4369022B08DD4B7A62
:10DEE000072BC36B0CBF054A054AC3F800247047D3
:10DEF000C36B044AC3F80024704700BF49BB0160EC
:10DF00009DBA016091B901602DE9F047C56B84B0FD
:10DF100007688046D5F8B89105F2544305F5CF66F9
:10DF2000D7F89420D7F89840B9F1000F7BD0D5F8F6
:10DF3000BC4105293AD007294ED0062958D00829D6
:10DF400073D1FB6905F2564A03A905F180000193DC
:10DF50005246BF69CAEB06030097EBF7DDFE10BB24
:10DF6000039B190A0AEB030285F8553485F854140B
:10DF7000B31A012B53DD1346210A03F8021B9E42FC
:10DF800054704CD3F61AB44249D822461846494632
:10DF900004F08AFED8F83C200444002002F25443E6
:10DFA000E41AC2F8104404B0BDE8F087F31A012B5C
:10DFB00035DD05F25647230A85F85544BE4285F8FB
:10DFC00054342CD3F31B9C4229D8224600213846D6
:10DFD00004F06EFE3A19CBE7F31A012B1FDD002186
:10DFE000302305F2864285F8541485F85534BFE78E
:10DFF000FA6905F2564A03AB281D01925146BF69E2
:10E00000CAEB06020097EBF78DFB0028CBD1039AF1
:10E01000130A85F85524524485F85434A8E7044877
:10E0200004B0BDE8F087914683E70248BBE700BF34
:10E03000008FFFFF0094FFFF10B501210446F1F7A8
:10E0400039FF08B1012010BD20460421F1F732FF4D
:10E05000002814BF0320002010BD00BF022807D0F5
:10E06000042805D0A0F10100B0FA80F04009704703
:10E0700003207047012803D003280CBF0420002090
:10E08000704700BF0138C0B2052802D8024B185CA7
:10E0900070470020704700BFBC05002003380528EA
:10E0A00002D8024B185C704700207047C40500205E
:10E0B0004369032B05D104290BD0052903D002297C
:10E0C0000DD00A487047C36B0020094AC3F80424E6
:10E0D0007047C36B0020074AC3F804247047C36B22
:10E0E0000020054AC3F80424704700BF009AFFFFD0
:10E0F00055BB0160A9BA0160B5B9016003689A6FA8
:10E1000052B1137843B1994202D108E08B4206D054
:10E1100012F8013F002BF9D14FF0FF30704700207B
:10E12000704700BF03685A6F52B1136843B19942F8
:10E1300002D108E08B4206D052F8043F002BF9D1FF
:10E140004FF0FF3070470020704700BF012A70B5C4
:10E150001D46064611D0802103F090F9C0B12B680E
:10E160004FF0FF341B4943F400632B603046082214
:10E1700003F08EF9F8B9204670BD897A0A290AD9C8
:10E180000021304603F07AF9E0B904461249EDE780
:10E1900004461049EAE78A4012F0820F07D112F4D0
:10E1A000C06F06D112F01C0118BF8021E9E72021C1
:10E1B000E7E70821E5E72B684FF0FF3443F480538D
:10E1C0002B60D8E72B684FF0FF34034943F400631A
:10E1D0002B60CBE784240020741F0020012A04D088
:10E1E0001870597030B430BC70471A46FDF73ABF0A
:10E1F000012A04D01A7802605B780B60704710B473
:10E2000040F201121C78121B02605A78C2F580732A
:10E21000012B03D00B605DF8044B704740F20113F3
:10E220009B1AF7E7026838B5D2F8AC200446C36BF6
:10E23000456DC3F8E8211DB19108006DA847E36B57
:10E24000A26F162A03D0022283F8EC2138BD226F78
:10E250001278142AF7D1032283F8EC2138BD00BFCD
:10E260004369012B70B5044640F38D80C26CD0F831
:10E27000BC001169D3685B1AC118C4F8C0102268C9
:10E280000431E36B204692F8CC20D3F8083402F036
:10E29000010298476369D4F8C05004F1F000002BE4
:10E2A00005F1040115BF0C22242210262826C4F8EB
:10E2B000EC2004F0F9FC16221423C4F8C860C4F85A
:10E2C000C4202B70E26BD2F878362BB3216891F81A
:10E2D000CC30DD0705D40F23636091F8CC30D8072C
:10E2E00020D50A23636091F8CC3003F0020303F0D9
:10E2F000FF01EBB9D4F8B03019605960E16CA26B42
:10E3000023686164226393F8CC309B0733D42046A2
:10E31000BDE87040FFF72AB994E80A000133636052
:10E3200091F8CC3003F0020303F0FF01002BE1D0A1
:10E33000D4F8B0100023606CC2F8FC01086849688A
:10E34000C2F80002C2F80412D4F8B020C2F80230B9
:10E35000D380D4F8B02053780133DBB25370002B54
:10E36000CCD1D4F8B02013780133DBB21370002B7A
:10E37000C4D1074870BD2046FFF754FF2046BDE8D2
:10E380007040FFF7F3B8D0F8BC10C0F8C01076E7C3
:10E390008094FFFF38B5C36B0446D3F8F001FDF756
:10E3A0004FFCE36B0022D3F8D811C3F8F021C3F877
:10E3B000F421656DC3F8F8111DB11146206DA84711
:10E3C000E36BA26F162A03D0002283F8EC2138BD3C
:10E3D000226F1278142AF7D1032283F8EC2138BD7A
:10E3E00038B5C36B054693F8EC21012A1FD0D3F84A
:10E3F000F021C3F8F421FDF733FCEB6B012283F825
:10E40000EC21EB6B13E06268D5F8C00004F04CFC23
:10E410006368E2682846C5F8C830EB6B217AC5F816
:10E42000C410C3F8F421FFF7A1F880B9EB6BD3F85F
:10E43000F4416CB1237A2168162BE4D10B78142BAC
:10E44000E1D12846FDF70CFC2168DCE7184638BD11
:10E450006A68102A0DD0022283F8EC216B6D002B24
:10E46000F4D0EA6B286DD2F8E8219108984720464D
:10E4700038BD0322204683F8EC2138BD01682DE920
:10E48000F04791F8CC30C76F9C0703D50B2F3AD9D2
:10E490000C2402E0032F36D90424056FAA786B7888
:10E4A0001202EE7842EA034333431E19C0F8A0601B
:10E4B00091F8CC3099071FD52A7904466B79D0F8AA
:10E4C0003C8043EA0223B8F1000F00F0F480426878
:10E4D000102A1ED0D8F8D82193421DD0D8F8F821A0
:10E4E000013A934212D12B78032B0FD02046FFF72D
:10E4F00077FF58B1BDE8F0879F4BB74234BF18464D
:10E500000020BDE8F0879D48BDE8F0879C48BDE845
:10E51000F0872A78012AE1D1B74280F01B81A6F169
:10E520000C07D8F8E491B9F1000F00F0E88004225C
:10E530002946484604F0A4FB0028E4D1EA7909F111
:10E540000C00AB7A95F806A012026E7A1B0242EA22
:10E550000A4295F808A043EA0643EE7A42EA0A0A1C
:10E5600000EB07091E430AEB0603BB42CBD806F1BA
:10E570000C08E36F9845C6D8324605F10C015044AB
:10E5800004F092FB0AF00702C2F10803002A76D0D9
:10E590009E424FEADA0064D866B19E1B19F800204B
:10E5A000012505FA06F101360A439E42D2B2F8D19E
:10E5B00009F80020F8080ED099F80030FF2BA5D1FB
:10E5C00009F1010309EB000103E013F8012BFF2A15
:10E5D0009CD18B42F9D117F007070FD019F8001022
:10E5E000CB0993D0C7F10707062301E0D2078DD5E9
:10E5F000BB4241FA03F203F1FF33F7D1E36F9845D1
:10E600007AD3D4F88020D4F888108A4216D9266F9D
:10E61000521AD4F8A00042F64D15636E3044E66DF0
:10E620001944C71A9B1BED1AD319C4F88870AB4262
:10E63000C4F8803000F2978004F00EFBE36BD4F84E
:10E64000A020D3F8E411206F04F02EFBE36BD3F885
:10E65000E40104F019FBE36B0020C3F8E401BDE81A
:10E66000F0879A44F61A19F800200125013B05FAB3
:10E6700003F10A43D2B2002BF8D109F8002016F0BA
:10E68000070311D006EB0A05C3F10802F61A0120B0
:10E69000ED0819F8053000FA02F101320B43082A9F
:10E6A000DBB2F8D109F80530F208FF2109EBDA00F6
:10E6B00004F0FEFA7EE7B7421ED303223149A81DBB
:10E6C00004F0DEFAC0B90322691C05F1090004F068
:10E6D000D7FA58B9B8F1000F3FF40CAFD8F8E4916D
:10E6E000B9F1000F42D0A6F10C0720E7A6F10C0704
:10E6F000B8F1000F7FF415AF1F48BDE8F087B6F5FD
:10E70000205FF9D817F007034FF0010006EBD7019F
:10E7100018BF0346194404F08FFA0346C8F8E40111
:10E7200030B328681860AA889A80D8F8E431A3F832
:10E73000069083F80890E36BD3F8E4311A4632F878
:10E74000011F9278A3F80910DA72E36B256FD3F8F2
:10E75000E491F3E603220B49A81D04F091FA002886
:10E760007FF4DDAEAFE70848BDE8F087BDE8F0878D
:10E770000648BDE8F08700BF808FFFFF008EFFFFD7
:10E78000809AFFFF840500200096FFFF0081FFFFB5
:10E79000836F162B10B5044622D0152B0ED023689C
:10E7A00093F8CC3003F0020303F0FF002BB1E06BD1
:10E7B00018B16368102B19D0002010BDE36F022B35
:10E7C00019D1226F1378022B17D0012B01D00D48DD
:10E7D00010BD53789BB1642B0A4808BF002010BDC0
:10E7E000FFF74CFE0028E8D1A36FD6E72046FEF7DE
:10E7F000AFFB002010BD044810BD044810BD044804
:10E8000010BD00BF8099FFFF008EFFFF8088FFFFD3
:10E810008087FFFF036A2DE9F041002B00F0BC80E8
:10E82000456E42F64D13C26DAA1A9B1A8B42C0F078
:10E83000B78003680F46044693F8CC309A072FD46C
:10E84000D0F88060B14230461FD880E0D4F88060B4
:10E85000D4F82480B8F1000F00F08B8023682A469A
:10E86000616ED3F8A8303144A06AC047002800F098
:10E8700089807CDB8542C0F09680D4F8806030448B
:10E880008742C4F88000064661D9A36D3D1A002B6B
:10E89000DED0206D98470228D8D14948BDE8F081E4
:10E8A000436D002B7CD0836D002B79D0D0F888107D
:10E8B000D0F8802049B1914275D8521AC0F8802012
:10E8C000002A62D10023C4F8883097423FD9002A39
:10E8D00069D1A36D13B3206D984702281ED1636DD3
:10E8E0001BB10022206D114698476368102B31D070
:10E8F000E36B2168D3F8E821D1F8B0108A42CCD27A
:10E90000500081425AD3824258D8C3F8E8012046C9
:10E91000FFF766FD58BB2B48BDE8F0816368102BFC
:10E9200044D0E36BD3F8E831616E42F64D12E06DEE
:10E93000656A081A121A002D3CD0A06AA84708B3CD
:10E9400010F5D04FCBD0002811DBC4F88000002098
:10E95000BDE8F081236893F8CC30DB079DD5A36830
:10E96000032B9AD12046FFF7DDF80028D3D0BDE86D
:10E97000F081616E2A46236A3144A06A98470028D4
:10E980007FF477AF1048BDE8F0812944284604F0B1
:10E9900063F9D4F8802095E7436A002B7FF440AFF9
:10E9A0000A48BDE8F0810A48BDE8F0812368D3F841
:10E9B000A830B9E7236AA06A9847C0E70846A4E7E9
:10E9C0000098FFFF0097FFFF808DFFFF008FFFFF84
:10E9D0000094FFFF036893F8CD3003F00803002B89
:10E9E0005FD0016E00222DE9F00F8C7884B00025F5
:10E9F00016462302CC7991F804A01643CF784FEA4B
:10EA00000A684FEA1A2991F805A01F43CDE902458B
:10EA1000DDE9024534433D4344EA080445EA09057B
:10EA2000A0464FEA1A44A94601944FEA0A4491F8D5
:10EA300006A000944FEA1A674FEA0A26DDE900456E
:10EA4000D0E924AB45EA090544EA080445EA070988
:10EA500044EA0608CB4508BFC2451DD3BAEB0806F9
:10EA60006BEB0907002F08BF402E1ED2D0F89C4048
:10EA7000C6F12001D0F89830A6F1200204FA01F185
:10EA800023FA06F024FA02F20843104340F3000090
:10EA900004B0BDE8F00F7047104604B0BDE8F00FB9
:10EAA000704703F0FF02104670474FF0FF30EFE76A
:10EAB000036893F8CD301B0761D5016E00232DE963
:10EAC000F00F8A7884B0CF7800241502CA7991F8C3
:10EAD00004A026462F434FEA1A2926434FEA0A6824
:10EAE00091F805A0CDE90223DDE902233B4332433F
:10EAF00043EA090342EA080299464FEA1A4390465C
:10EB000001934FEA0A4391F806A000934FEA1A676F
:10EB10004FEA0A26DDE90023D0E924AB43EA0903E2
:10EB200042EA080243EA070942EA0608CB4508BF61
:10EB3000C24525D2B8EB0A0A69EB0B0BBBF1000FFB
:10EB400008BFBAF1400F3BD2D0F89830AAF12006A6
:10EB5000D0F89C20CAF1200103FA06F603FA0AF461
:10EB600002FA0AF523FA01F144F0010435430D439A
:10EB7000C0E92645C0E9248904B0BDE8F00F70471C
:10EB8000BAEB080A6BEB090BBBF1000F08BFBAF137
:10EB9000400FF1D20121AAF12005CAF1200401FAA7
:10EBA00005F301FA0AF221FA04F42343D0E92645D9
:10EBB00022432B43C0E9262304B0BDE8F00FDEE773
:10EBC00001220023C0E92623D4E700BFD0F8A0101B
:10EBD0002DE9F04F04469DB0C9B1456F002D40D1DD
:10EBE000C26F91423FD3C567C0F8A050236820464A
:10EBF00093F8CC3013F0020F0CBF05210D21FFF765
:10EC000009FE58B1054628461DB0BDE8F08F436F98
:10EC10002BB3002528461DB0BDE8F08F636EA26EB1
:10EC20001E782068A6671578527842EA0525E567C0
:10EC300090F8CCE01EF0020F40F0CF8159789F7819
:10EC4000A6F11402032A1AD91EF0020F00F0A981BE
:10EC50000023724DC4F88830C4F88030DAE7C36707
:10EC6000C4E76F4DD6E7521A006FE267014403F024
:10EC7000F3FFE36FC4F8A050002BCAD1B6E72369B5
:10EC80008B4240F0D58190F8C930BB42C0F2D081B0
:10EC9000E76D42F64D12216FC91B521A954200F2E0
:10ECA000C7810EF0020202F0FF03002A40F0BC8090
:10ECB000226C002A00F0428292689542C0F04382A2
:10ECC0006169002904DD02F52452954200F23B827D
:10ECD000002B20460CBF05210D212944FFF79AFD8A
:10ECE00000288FD1226892F8CC3003F0020303F0A1
:10ECF000FF01002B00F06E81E36F0D33C4F8883004
:10ED0000256C002D00F05D81E06A002800F025826E
:10ED1000D5F89030002B00F01B82E76FAE68597871
:10ED2000B742C0F0798101F0FD03082B00F0638148
:10ED3000A1F10603B3FA83F35B09002B40F05B817A
:10ED4000022940F00A8261690B93012940F30E8287
:10ED5000EB68194619448F42C0F05E8169694E1C08
:10ED600033449F42C0F05881836FD4F87080012BE8
:10ED700000F07C8338464FF00009EA68B0FBF2F6F9
:10ED800002FB1606002E40F017826369012B11DD8D
:10ED9000801ABF1AE0676AB130463146E36E0D440F
:10EDA00001311B5CC9B285F82830256C0846EA6839
:10EDB0009142F3D30BA9434605F19000029105F16E
:10EDC00028018DE88001E9F7A1F8002840F0B3811F
:10EDD0000B9B9F4200F006822268114D92F8CC30C6
:10EDE0009E0740F11B8125F0800313F5E44F7FF46B
:10EDF00011AF63680B2B00F011810D2B00F00E8119
:10EE0000D2F8C020002A3FF423AFA36901339A420D
:10EE1000A3613FF61DAF034DFCE600BF809AFFFFE4
:10EE20000094FFFF808EFFFF216EB4F884C091F83C
:10EE300000804A7842EA0822624500F099811EF07B
:10EE4000010F00F014816368102B08BF162E40F0EC
:10EE50000E81002A40F00B81D4F880300D2B40F257
:10EE600006817A7B012A40F00281D0F84480856CCB
:10EE7000B8F1000F00F0F882002D00F0F5823C2B75
:10EE800040F26D813A78162A40F06981FA78002ABA
:10EE900040F065813A79002A40F06181FA7C002ACD
:10EEA00040F05D813A7D002A40F059817A7D002A48
:10EEB00040F0558197F83B10A3F13D02914200F2DA
:10EEC0004E817A183C3B92F83C209A4200F24781EE
:10EED000D0F84CA03D31D4F8E0B0D4F8E4903944F7
:10EEE00050465B46CDF80090D4F8AC60A8470028A7
:10EEF00000F0A68039685B467A685046FD684FF09E
:10EF0000030AD7F808B04FF0FE0CF5604FF0FF0E83
:10EF1000316006F11C057260C6F808B039697A697B
:10EF200031611CA9726106F520523F7E86F80DA062
:10EF3000377686F819C086F81AE0CDF8009041F8C7
:10EF4000305DC047002840F03481109A9F4D921BDD
:10EF5000D1B2A2F11903A2F10D07A1F11C0EA1F18A
:10EF600019000D393F0AC0B286F81BE03173C3F3B4
:10EF70000741C3F3072330763074B175B173F3756D
:10EF8000F373F772E369D4F8AC10A06A984723686A
:10EF900093F8CC3003F00203DBB2002B3FF43AAE1F
:10EFA00056E60A2202212046894DFEF7E9FD236834
:10EFB00093F8CC3003F00203DBB2002B3FF42AAE0F
:10EFC00046E692F8CC309B077FF523AE2046FFF74C
:10EFD0006FFD1EE6C4F8801092E69A7840F20111A7
:10EFE0005B78C2F58077C91A012F7FF429AE40F211
:10EFF0000117BF1A24E62968EB68087F296910F019
:10F00000020FA3EB01030CBF4FF010084FF00808EC
:10F0100003EB08018F4230D26E4DDFE615F5E34F6A
:10F020007FF4F8AD204614220221FEF7A9FDF1E598
:10F030000EF00203664DDBB2002B3FF4EBAD07E6AA
:10F0400001212046FDF78EFE002800F06382236830
:10F0500093F8CC309F077FF5D5AD10F5CF4F05461F
:10F060003FF4D8AD15F5CE4F7FF4F2ADE56F05F165
:10F070000D03594DC4F88830CCE5FE1A216E0DF110
:10F080004009A76FC8EB06064B46E6670868496863
:10F0900003C38DF8487092F8CC30276F9B07206926
:10F0A000616900F18C8033468DF849008DF84A1073
:10F0B0001A0A8DF84C308DF84B20EB680C2B7FF43E
:10F0C0008BAE2B69042B00F028820C2B7FF484AECE
:10F0D00055F8280F0DF1300C236E6968E246AA68D6
:10F0E00003F1FF3E0DF13B050DF13303AAE80700E4
:10F0F00013F8011F1EF8012F9D4282EA01021A70C7
:10F10000F6D1206C0BAA07EB060E0D2504924B4698
:10F11000CDF8188061460397903002960C22019733
:10F12000CDF814E00095E8F75DFF002800F0EA81D3
:10F1300010F5C64F40D0054622684FE66A1EB2F56C
:10F14000205FFFF4C5AD224D002B3FF463AD7FE59A
:10F15000AB68E76F9F42FFF45FAF204D3EE6204D66
:10F1600090F8CC3098077FF555AD7BE7E968F1E57D
:10F1700020460993FFF72EFC00287FF478AF142E69
:10F18000099B0ED0172E7FF493AD6268102A3FF4CE
:10F190008FADA16801297FF46AAF022A3FF488ADE0
:10F1A00065E762680C2A3FF483AD0A2A3FF480AD1C
:10F1B0005DE70A4D2068D3E72268064D0EE60DF1A3
:10F1C0004902FCF74FFFE36F72E700BF8095FFFF36
:10F1D000008EFFFF808EFFFF809AFFFF0094FFFFED
:10F1E0000087FFFF6269012A40F3A181D4F87CE027
:10F1F00089F00109206F216C00EB0E03D1F814A0F7
:10F2000013F8017C013707EB0A039E4580F08081EB
:10F21000B9F1000F00F07C8100231F46002A7FF720
:10F22000DBADBE4534BF4FF0000803F00108C7EB6B
:10F230000E020AF52053002507F1FF3C01219A42F6
:10F240008CBF4FF0000808F001082B4608FB0202B3
:10F25000501E10F8012FBB422CBF002101F001010C
:10F260000133CCEB0202B3F5807FB2FA82F24FEAAF
:10F27000521201FB0255ECD1AF4214BF002508F039
:10F2800001056B025B1B1F40C7EB0E03E367B9F17F
:10F29000000F00F0A280CAEB0303A26E190AE36715
:10F2A0001170A36EE26F5A706369002B40F3708196
:10F2B000206CE36F026807EB0308527AB8F5807F91
:10F2C000A2F1030288BFA8F58076042A00F26081CB
:10F2D000DFE812F0C300C3005E01C30005001D3368
:10F2E00008F11D02DB09C3EBD2134FEA052A0822FD
:10F2F000216E4430C5EB0A0A0AEA030AEFF7F0F878
:10F30000206C0322616E4430EFF7EAF8206C022291
:10F31000A16E4430EFF7E4F8206CE26F4430216FC7
:10F32000EFF7DEF8226FE36F1344002F00F018812F
:10F330001F44002213F8011BBB4282EA0102F9D1EB
:10F340000DF14009206C8DF830200AF1010A494680
:10F3500044309DF83030EFF7D7F80027206C0137A4
:10F36000216F4430EFF75AF95745F7D1206C4430FC
:10F37000EFF700F9236C206F5A69811908EB02033B
:10F380009B1B07D0CE18002311F8017B7B40B142B4
:10F39000DBB2F9D100218DF82C30E36F9DF82C60A1
:10F3A0008DF82B1082B11A44C618024416F8011BBE
:10F3B00019F8010B9DF82B70964281EA000141EA91
:10F3C00007018DF82B10F1D19DF82B20D2B2002D22
:10F3D00000F0C380002A40F0C080002B40F0B080D5
:10F3E0006269032A00F0CA80D4F8A4200132032AFB
:10F3F000C4F8A4203FF7E0AE206890F8CC20920734
:10F4000019D4082208E0216E4B5D0133DBB24B5565
:10F41000002B40F09980EAB22068551E90F8CC107D
:10F4200001F002018A4201F0FF03ECD89A4200F099
:10F43000AC80E36F2068B3F5205F02467FF6C1AD74
:10F4400090F8CC30990705D563680D2B02D00B2BB3
:10F450007FF4D6AC4F4DFFF7DDBB153308F1150235
:10F460009B09C3EB921340E74B4D79E67F1A216E5F
:10F47000626E0CABE7673E0A0868496803C393787D
:10F480000CA9B2F800E005F144000D228DF83A30E5
:10F49000ADF838E08DF83C708DF83B60EFF720F860
:10F4A000206CE26FE16E4430EFF71AF8206C10A97F
:10F4B0004430EFF729F8206C4430EFF75BF8256C07
:10F4C0000021E26E6B698DF82A10E06F93B103445E
:10F4D00010AE111802EB030E11F8013B16F8012BC8
:10F4E0009DF82AC0714583EA02034CEA03038DF8B4
:10F4F0002A30F1D19DF82A30002B7FF45DAE4FF019
:10F5000001093AE40B9B9E427FF466ACE36F64E72B
:10F51000012383E6214DFFF77DBBA86A0DABE26EA8
:10F520000DF1300C0C901068516803C3E9E5206CB4
:10F53000C26800F1B801283003F0B6FB626955E6F5
:10F540000022C4F8A42057E7206890F8CC309B072D
:10F5500001D4E36F6FE7022368E7114D22683DE4B1
:10F560000DF14009206C8DF830700AF1010A49460E
:10F5700044309DF83030EEF7C7FFEEE6A26F172A51
:10F580003FF432AF2268034D28E40246054D25E4DE
:10F59000054DE3E7008EFFFF008FFFFF8098FFFF20
:10F5A000808EFFFF8094FFFF0094FFFF38B5D0F8F6
:10F5B000A850044675B10025C0F8A850284638BDAB
:10F5C0002046F3B9FFF7E4F810F5CD4F02D010F55F
:10F5D000CB4F0ED12046FFF7F9FA10F5CB4F03467B
:10F5E000EED12046FFF7F2FA10F5CB4F0346F1D0EB
:10F5F000E6E748B9A36F162BE0D12046FDF748FF98
:10F60000DCE71D46284638BD0546284638BD00BF04
:10F61000002800F0E880036870B50446002B00F075
:10F62000E48093F8CC3015460E469B0709D5FDF7CC
:10F6300049FF68B9E36B23B193F8EC31012B00F07B
:10F64000BE802046FEF7E6FA10F5D64F01D000B195
:10F6500070BD6368102B07D02046FDF75BF810F5EE
:10F66000D64F01D00028F3D1616F002940F090807F
:10F67000A36D1BB1206D984701305ED02046FFF787
:10F6800095FF002840F09580E36F23BBA36F172BF5
:10F690001CD0162B22D0A268032A43D0152B00F0D1
:10F6A0009D80172B25D16368226F102B62674ED087
:10F6B000236893F8CC30DB07D6D5A368032BD3D1CE
:10F6C0002046FEF72FFA0028CED0C1E72046FFF7EC
:10F6D0006DFF00287ED1A36F162BDCD12268216F2D
:10F6E00092F8CC300978D80705D501290BD09907B5
:10F6F000BAD4404870BD0029F9D19807D4F8A010B9
:10F7000042D40429F5D192F8CD20920627D463691A
:10F71000002B6CDD642201212046FEF731FA00281F
:10F72000A2D070BD2268D2F8B4100029B6DBE2681E
:10F7300001329142E260B1DADBE7636D002B9DD0CC
:10F740002268206DD2F8A8209108984796E7636D4B
:10F75000002BADD00022206D11469847A8E7D4F8C1
:10F76000E82012B913F0300FD1D003F00303022BBD
:10F7700036D02046FDF776FB10F5D64F3FF474AF38
:10F7800000287FF465AF6FE70C297FF46DAFBAE70F
:10F79000E26F3046954228BF15462A4603F084FAA8
:10F7A000E36F5B1BE3678BB1636F2B446367284692
:10F7B00070BD10F5E54F7FF44BAF002070BD2046C3
:10F7C000FEF70EFE00283FF43CAF70BD6367C4F83F
:10F7D000A830ECE710F5E54FEFD070BD064870BDDE
:10F7E0000323A360C5E705487047044870BD04487B
:10F7F00070BD00BF0089FFFF0097FFFF008FFFFF74
:10F800000094FFFFC26C03462DE9F047166884B0F0
:10F81000B17A0B291BD91A68072992F8CC2002F07B
:10F82000010000D1C0B9D96BC2F38102D1F8C47113
:10F83000032F08BF1746B7B9A8B15A688024996B3F
:10F84000002001320C665A6004B0BDE8F0874FF426
:10F850001662CA40D007DED55A68002001325A60CD
:10F8600004B0BDE8F08718461C46FFF79FFE05462A
:10F8700008BB94E80C000133636092F8CC30DA07DF
:10F880001DD56269DAB103F0020AD4F8A090BAF18A
:10F89000000F0CBF07220F220AF0FF0191450ED185
:10F8A000A36F162B00F0228120460A220221FEF7C8
:10F8B00067F9B748D4E7284604B0BDE8F087A26FDF
:10F8C000162AF1D1D4F8708098F800200B2A7DD147
:10F8D00003F0020AD4F8A090BAF1000F5ED0B9F19B
:10F8E000110F73D998F80D1098F80E3098F80C2075
:10F8F00043EA0123002A69D14FF00C084344033343
:10F90000994563D1D4F83890D9F85C0038B102F049
:10F9100029F8A36BD86D03F0B7F9D4F838904FF4F9
:10F920009A71012003F088F9C9F85C00002800F002
:10F93000168108F10308DFF86C9202F00DF8D4F894
:10F94000A00008F1030E804547D270453ED3236FD7
:10F9500003EB080203EB0E0113F80830B3BB557834
:10F96000937843EA05237F2B1A460EEB03082DD923
:10F9700040452BD3A36BD86D02F060F8484505468F
:10F98000DDD01ADD10F5165F1CD12B222046022196
:10F99000FEF7F6F8284604B0BDE8F087B9F1090F84
:10F9A00014D998F8051098F8063098F8042043EA1E
:10F9B00001235AB94FF00408A0E710F5225F03D1E4
:10F9C0005022E3E70028BAD02A22DFE7204632227D
:10F9D0000221FEF7D5F86F4842E7D4F8009099F875
:10F9E000CC30DB0702D4A368012B69D0002F3FF491
:10F9F00062AFE36BD3F8CC81B8F1000F00F0C180A7
:10FA0000D3F8D021A36B4146D9F83850D86D03F113
:10FA1000600ED9F864300395D9F834C0D4F8D850C2
:10FA2000CDF808C08DE8204001F07EFDA36B0546AF
:10FA30000221D3F85C9009F1BC00F0F73BFAD4F84E
:10FA400000E078B1D9F8C030DEF878201978002AC3
:10FA500067D0137823B964E012F8013F002B60D01F
:10FA60009942F9D19EF8CC203146A06B02F00102F8
:10FA700000F16003C06D82F00102FEF767FB002811
:10FA800063D0002D61D1012F49D0B8F1000F7DD195
:10FA9000022F7BD1404DA36B1B6EDF0566D45E0742
:10FAA00092D413F4DC3F7FF470AFD80700F180806C
:10FAB00099077BD413F0080F0CBF2E22302265E784
:10FAC000636BDB6D5BB1A16B5A68C96D486882429C
:10FAD00005D18968986803F0D3F8002886D02046BD
:10FAE00031220221FEF74CF82A48B9E6D4F870809A
:10FAF00098F800300B2B7FF469AF00294FF0030218
:10FB000026490CBF04200C20404403F0B9F800281B
:10FB10007FF4E2AEA36B4022012F1A6644D100208D
:10FB20009EE6A36B31461B4E1A6ED86D002D08BFA2
:10FB3000354642F4803243F8602F9EF8CC2002F024
:10FB4000010282F00102FEF701FB012F10D0B8F193
:10FB5000000F01D1022F9DD0002DE0D09BE7204661
:10FB600050220221FEF70CF80D4879E631220DE70C
:10FB700015F51C5FD3D015F5F44FD0D0002DCED0A5
:10FB800089E7D9F86C80D9F870203BE7014D82E70E
:10FB90000089FFFF0086FFFF8089FFFF84050020AA
:10FBA0000081FFFFD2D9FFFF024859E62C22EDE683
:10FBB0002D22EBE6808BFFFF10B50446FFF7F6FC25
:10FBC000002832D1A36F142B40D1E36F012B36D123
:10FBD000236F1B78012B32D1A26BE16C2368E262A8
:10FBE000216493F8CC3003F0020303F0FF02EBB181
:10FBF000B4F884300020002101339BB2C4E9240111
:10FC0000A4F88430C4E9260173B16369012B13DDC4
:10FC1000E16CE06ECA680B69D31A0344236763681A
:10FC200000200133636010BD0C4810BD236E1A60C4
:10FC30005A606369012BEBDCE36E2367EFE7204634
:10FC400032220221FDF79CFF054810BD20460A2202
:10FC50000221FDF795FF034810BD00BF8094FFFF10
:10FC60000082FFFF0089FFFF0268C36BF0B592F8C6
:10FC7000CC2085B00546D3F80834D24301A902F060
:10FC8000010298472846FFF791FC00284CD1AB6F42
:10FC9000162B67D12E6F3378142B5CD12F68D5F8D3
:10FCA000A02097F8CC30980740D4102A53D10421D3
:10FCB00001F10C030022314401A81E448DF80320F9
:10FCC00011F8013B10F8012B9DF80340B14283EA83
:10FCD000020343EA04038DF80330F1D19DF80330A9
:10FCE000002B38D10C2201AB05F1FC04C5F8EC2047
:10FCF00007CBC5F8FC006160A260EB6BD3F87836E7
:10FD0000C3B197F8CC30D90705D40A236B6097F8B4
:10FD1000CC30DA0713D50F236B6097F8CC3003F0A3
:10FD2000020303F0FF0083B905B0F0BD182A12D119
:10FD30000C21BDE76B6801336B6097F8CC3003F0A2
:10FD4000020303F0FF00002BEED02846FEF722FB53
:10FD5000002005B0F0BD284632220221FDF710FF39
:10FD60000448E1E728460A220221FDF709FF02487C
:10FD7000DAE700BF8081FFFF0089FFFF2DE9F04136
:10FD8000AEB005468846164601A81F46EEF750FC61
:10FD900017A8F4F78DFA01A8EEF75AFC044670B1E3
:10FDA00001A8EEF749FC17A8F4F786FA2846502276
:10FDB0000221FDF7E5FE20462EB0BDE8F081E96B9B
:10FDC000402201A801F21441EFF786F8044600280A
:10FDD000E6D13A46314601A8EFF77EF804460028FE
:10FDE000DED1414601A8EFF77BF804460028D7D1C1
:10FDF00017A8F4F76DFA04460028D1D1E96B402228
:10FE000017A801F21441F5F717FC04460028C7D1E2
:10FE10003A46314617A8F5F70FFC04460028BFD133
:10FE200008F1100117A8F5F70BFC044601A8EEF73E
:10FE300003FC17A8F4F740FA002CBCD0B6E700BFCB
:10FE40002DE9F04184B01546064688469DF82C0001
:10FE50001F46EEF72BFA0446EEF794FA286001A845
:10FE6000EEF730FA214601A80022EEF74BFA0446DD
:10FE700058B101A8EEF72CFA304650220221FDF7C6
:10FE80007FFE204604B0BDE8F08101A8EEF786FAB7
:10FE900004460028EDD1F16B402201A801F2144183
:10FEA000EEF786FA04460028E3D139460A9A01A8FB
:10FEB000EEF77EFA04460028DBD1414601A8EEF7B2
:10FEC00081FA044601A8EEF703FA002CD9D0D3E753
:10FED0002DE9F04FC3B00024924680460DF1080989
:10FEE0008B464FF4807221464846019402F0E0FEB2
:10FEF000BAF1000F70D055465F463F26AB68002B25
:10FF000055D0AA450ED0354B3946354A4046002CCF
:10FF100018BF1A4602F0C4FE002857DBB84255D27B
:10FF20003F1A804401A92846EFF72CFA002846D151
:10FF3000019B39462B4A404602F0B2FE002845DBC1
:10FF400087428CBF00240124002C3FD12B693F1A2B
:10FF50008044002B3ED049460BE07F2B10D01E2A58
:10FF60000ED90B7001342B690131A3420ED9FE2C3E
:10FF70000CD86B691B5D03F17F021F2BD2B2ECD84A
:10FF80000E7001342B690131A342F0D84FF0000EFE
:10FF90004B46154A3946404609F804E002F080FE17
:10FFA000002813DB874211D93F1A80442C7FAD69AA
:10FFB000002DA3D1C7EB0B0043B0BDE8F08F0B4A77
:10FFC0003946404602F06CFE0028B9DA084843B0D2
:10FFD000BDE8F08F1C46D9E75046F8E754440020AE
:10FFE000584400205C440020684400206044002005
:10FFF00080D6FFFF2DE9F04F576885B09046064642
:02000004600298
:10000000202F03913BD94FF001091C27039D0024A9
:10001000DFF894B0DFF894A0D8F8083024B9B9F12B
:10002000000F01D01A78A2B107F1FF3E1B5D3046E8
:100030001A4AA64594BFDE46D6462946CDF800E0CA
:1000400002F02EFE0028064421DBA842A5EB0005A5
:100050001DD20134BC42DFD3D8F80430BB4209D0F2
:1000600030460F4A294602F01BFE00280FDB85426E
:100070000DD92D1A039B581B05B0BDE8F08F57B161
:10008000012F94BF4FF000094FF00109BEE705486A
:1000900005B0BDE8F08F3846EEE700BF64440020AD
:1000A0006C44002080D6FFFF581F0020181200204B
:1000B000002070470020704770B5ADF5207D53AD2E
:1000C00068B9284601F048FC314A324B284612688C
:1000D000196802F025F8C0B10DF5207D70BD2E48DD
:1000E00002F0B6FD284601F037FC2A4B284A284684
:1000F0001968126802F014F8044638B3274802F071
:10010000AFFD20460DF5207D70BD06AE304601F0F6
:1001100023FC234A234B30461268196802F000F88A
:100120000028D9D105AA02900190034600923146D9
:100130000246284601F000FC0028CDD1304601F0EF
:1001400011FC284601F00EFC0020C5E706AE304643
:1001500001F002FC134B124A30461968126801F094
:10016000DFFF04460028C9D10F4802F071FD05A940
:10017000029423460194224600912846314601F01C
:10018000DBFB04460028B9D1084802F069FDD5E739
:10019000B80C0020705E0020744400208014002001
:1001A000B40C00206C5E002090440020C414002099
:1001B0002DE9F041044682B0884615463B4F312375
:1001C0006A4641462046E2F785FC002868D1266849
:1001D000009B1E44302301AA31462046E2F77AFCF8
:1001E00008BB2368F21A002A56DD18782A4606232F
:1001F000314642F8040B2046E2F76CFC98B92368BC
:10020000D5F804E0AB60D4F800C00CEB0E03F21A92
:100210002360002A40DD1CF80E201E2A13D9244832
:1002200002B0BDE8F081A0F50E500028F8D1236897
:100230009E4223D001202021287702F0FDFCA861F6
:1002400030B30546C6E727FA02F2D207E7D50133F5
:1002500005F110023146204623601CF80E30EB6099
:10026000E2F7E8FB0028DED122682B696A61226888
:1002700013442360A86123689E42DBD1B04512D0AD
:100280002021012002F0D8FCA86108B1054696E7BC
:10029000084802B0BDE8F081074802B0BDE8F0812F
:1002A000A0F50E50BCE70020BAE700BF0810585078
:1002B0001EDCFFFF80D7FFFF20DCFFFF08B5E2F761
:1002C000C1FD08B1A0F50C5008BD00BF08B5E2F7AC
:1002D0004BFD08B1A0F50C5008BD00BF2DE9F0435F
:1002E000042414258FB00C7014701D600468302C29
:1002F00061D18768446801973C44A74240D01D46BD
:1003000016468846A023214602AA01A8E2F7E2FB8E
:10031000002839D010F1620F04D0A0F50C500FB0B6
:10032000BDE8F083019B9C422AD0A12302AA21466A
:1003300001A8E2F7CFFB00283FD010F1620FECD10B
:10034000019B9C421CD0A22302AA214601A8E2F7ED
:10035000C1FB002844D010F1620FDED1019B9C420A
:100360000ED002AAA323214601A8E2F7B3FB00287E
:1003700000F0888010F1620FCFD1019B9C4218D110
:1003800000200FB0BDE8F083019F01A8029B05AAE1
:100390001F443946E2F756FD10B1B0F50C50BED1FE
:1003A000414605A8EFF7D0F80028B6D1019B9F423F
:1003B000B9D03F48B3E73F48B1E7029908AB019F86
:1003C00005AA01A80F443946E2F7CEFC20B9069AE7
:1003D000092A13D03848A2E7B0F50C509FD1F6E7B0
:1003E00001992A46029B01A8CD182946E2F7B0FBE5
:1003F000002892D1019B9D42B1D0DAE707992F489E
:1004000002F03EFC0028E5D1089B302BD3D10A9B9B
:10041000099A039303EB0208434547D293F800E09F
:100420000DF13809062303A80CAA414649F80CED42
:10043000E2F750FB48B1A0F50C5000287FF46FAFF5
:10044000019B9F423FF47DAFB3E7039A31460C9B7B
:1004500048460D9213440393EFF776F80028EAD14B
:10046000039B9845ECD003A8052304AA4146E2F774
:1004700031FB0028DFD1049B002BDCD1039B984586
:10048000DED096E7019D01A8029B0BAA1D442946D8
:10049000E2F75EFB00287FF440AF019B9D4288D1CC
:1004A0000B9A012A3FF46AAF054838E7054836E75A
:1004B0009ADCFFFF9EDCFFFF52DFFFFFB444002009
:1004C00000DDFFFFA0DCFFFF036870B5CE1A82B02D
:1004D000002E14DD154601AA04461E78E2F7A0FBA3
:1004E00048B92368019AAB6023682E6013446A60A0
:1004F000236002B070BDA0F5125002B070BD01487B
:10050000F7E700BF20DBFFFF2DE9F041069E3468CE
:10051000CCB917460D461A461C463946EEF7DCFFA5
:1005200068B92378062B11D02B68052B00D033BB7C
:100530006B681648002B08BF0020BDE8F081A0F5CD
:100540001850BDE8F0811248BDE8F0810821012073
:1005500002F072FB8046A8B13946284608F1040330
:100560004246FFF7BBFE044618B9C6F80080BDE856
:10057000F081404602F088FB2046BDE8F081034848
:10058000BDE8F0810348BDE8F08100BF00DDFFFF5A
:1005900000D8FFFF80D7FFFF03682DE9F043CD1A95
:1005A00083B0002D40F31F811D78172D00F0D280FD
:1005B000182D40F0D18004260133144601AA0546C7
:1005C0000360E2F737FA20B1A0F5105003B0BDE8A0
:1005D000F083019F06F108039F42C0F0B0802968B4
:1005E000206088190B780131303B092B00F2A7807D
:1005F0002368814203EB83034FEA430323602960AE
:1006000011F8012CA2F1300213442360EAD1022E2A
:1006100000F099800023811C024663601378013248
:10062000303B092B00F28B806368914203EB83031C
:100630004FEA430363602A6012F801ECAEF1300E1A
:1006400073446360EAD1002200F1040EA2600A78CC
:100650000131303A092A72D8A2688E4502EB820233
:100660004FEA4202A260296011F801CCACF1300CD3
:100670006244A260EBD1002100F1060CE1609EF81B
:1006800000100EF1010E3039092958D8E168E6450D
:1006900001EB81014FEA4101E160C5F800E01EF87D
:1006A000018CA8F130084144E160E8D14FF0000E20
:1006B00000F10808C4F810E09CF800E00CF1010C0F
:1006C000AEF1300EBEF1090F39D8D4F810E0C445B0
:1006D0000EEB8E0E4FEA4E0EC4F810E0C5F800C0C7
:1006E0001CF8019CA9F13009CE44C4F810E0E3D114
:1006F000BF1BA7F10806012E21D9002600F10A0C24
:10070000666108F1010698F800003038092816D80B
:100710006069B44500EB80004FEA400060612E60E4
:1007200016F8019CA9F130094844606116D0B04622
:1007300098F8000008F1010630380928E8D9334854
:1007400003B0BDE8F083312BD8BF643303F26C7380
:1007500023605FE702262FE72D4837E7A7F10A0657
:10076000012E35D0002EEAD1246842F20F75AC423A
:10077000E5D81729E3D8BEF13B0FE0D83B28DED8F7
:100780000C2BDCD8012141F2AA5001FA03F31840E6
:1007900058BB13F4256F2AD15907D0D5A30728D009
:1007A000E3171C494FF4C87081FB0451C3EBE113FC
:1007B00000FB1344002C14BF1C231D23002ABEDDA4
:1007C0009A42D4BF0020012000283FF4FFAEB6E7D4
:1007D00098F801605A2EB2D108F10208A7F10B0671
:1007E000C5F80080BEE70C48F0E61F23E6E71E23AD
:1007F000E4E70849E317642081FB0451C3EB61116E
:1008000000FB11410029CCD01D23D7E700DCFFFFFE
:100810009EDBFFFF1F85EB51A0DBFFFF036870B578
:10082000CE1A002E1ADD1D7805F07F05022D13D19A
:100830005E1C1546044606601B7842F8043BE2F74E
:10084000F9F830B922686B68AA6022681344236003
:1008500070BDA0F50A5070BD014870BD014870BD63
:100860001EDDFFFF20DDFFFF70B5056882B08D4201
:100870001CD02D78144643F0A003064642F8045BD2
:10088000E2F728F908B102B070BD30683023616822
:1008900001AAA060304634680C442146E2F71AF9F8
:1008A00038B93268019B13449C4206D1002002B043
:1008B00070BDA0F5145002B070BD0148E3E700BF61
:1008C0009ADAFFFF2DE9F04385B0002607460C4673
:1008D00004AD104698469DF8309045F8046D2946C1
:1008E000EEF70AFE90B1244A2146384602F0D8F9C4
:1008F0000546002D38DBAC4236D9B8F1060FA4EB23
:1009000005060BD0A01B05B0BDE8F083039B214674
:100910001A4A384602F0C4F90546EAE74846EDF7B8
:10092000C5FC0D9B81461878EDF7C0FC8046B9F1F7
:10093000000F1DD04846EDF72DFD8146B8F1000FA0
:1009400014D04046EDF726FD0D9B31465A684B46C4
:100950000090781901920A4A02F0A2F9002803DBFC
:10096000864201D9361ACDE70648CCE70248EBE7C4
:10097000DFF80490E2E700BFC04400206844002094
:10098000C444002080D6FFFF10B51346064A0C462B
:1009900002F086F9002805DB84428CBF002001208C
:1009A00000B910BD0148FCE7DC44002080D6FFFF01
:1009B0002DE9F043044695B090F828010D46EDF777
:1009C00075FC226904AB61690646EDF705FDF8B9CF
:1009D000304694F82971D4F82C9194F82881EDF7D9
:1009E000D1FCD4F8206105F1BC02D4F8244104AD57
:1009F0000190494643463846009503960294EFF726
:100A00008FFA003018BF0120404215B0BDE8F083D6
:100A10004FF0FF30F9E700BFF0B5044683B00D4654
:100A200021B9061C18BF0126002E35D095B38CB312
:100A30002A6823689A422DD162686B68934229D153
:100A4000A968A06802F01CF9064618BBE768EB68C5
:100A50009F423CD00C2F01D0132F1BD10C2B01D067
:100A6000132B17D123692A69934213D162696F69E5
:100A7000BBB1013F02EB030E12F8013B17F8010F67
:100A800023F020014340A1F1410108D0202B01D1E6
:100A9000192904D94FF0FF36304603B0F0BD964512
:100AA000EAD1227F2B7F9A42F4D1A469AD690CB9B7
:100AB000002DF1D0002CEDD0002DEBD022682B685A
:100AC0009A42E7D162686B689A42B9D0E2E722693C
:100AD00029698A42BED169696069019302F0D0F840
:100AE000019B0028B6D1DCE770B5054610461446D8
:100AF0000E46EFF719FB012812D0062810D0023855
:100B0000C0B2022816D86368012229681B78013B0D
:100B100002FA03F30B420CBF4FF0FF30002070BD10
:100B20002046EFF7BFF9336898424FF0FF3028BFF7
:100B3000002070BD4FF0FF3070BD00BF70B506687B
:100B40008E420CD03678154643F0A003044642F896
:100B5000046BE1F7BFFF20B110F1620F07D1002055
:100B600070BD22686B68AA6022681344236070BD60
:100B7000F8B5466896423AD0044608460F4602F059
:100B80009FF8022E14D9A5682B782A2B10D16B78E8
:100B90002E2B0DD160B13B782E2B09D03A46002385
:100BA00003E012F8014F2E2C05D001339842F8D102
:100BB0004FF0FF30F8BD002BFAD0C01A013EB04212
:100BC000F6D12C463B44002514F8012F013513F8CB
:100BD000016B22F020017240A1F1410103D0202AD3
:100BE000E6D11929E4D8A842EED80020F8BD8268E1
:100BF000AEB102F1FF3C0D468B1915F8012B1CF824
:100C000001EF22F0200492EA0E02A4F1410403D085
:100C1000202AB1D1192CAFD89D42EED1E5E730465C
:100C2000F8BD00BFD0F804210B4B18461340084014
:100C30000B4098420ED148F201000A43074B10B412
:100C4000044610400C40844214BF184600205DF852
:100C5000044B704701487047FE7FFFFF00D8FFFF3D
:100C60002DE9F8430C46002947D01546089A8146DD
:100C700000F14C069B1A002703F1010818E0A36954
:100C8000022B1EDCD4F80031002B01DD43450CD3D0
:100C900021464846FFF78CFE38B904F1A400FFF75F
:100CA00007FA20B3002F08BF2746D4F830412CB3F1
:100CB00004F16C013046FFF7AFFE0028F5D1002D9E
:100CC000DDD1D4F8FC30002BEFD0D4F8F8305B073E
:100CD00017D4D4F80031002B01DD4345E5D3002DB6
:100CE000D6D104F1A400FFF7E3F90028DAD104F12A
:100CF0008C00FFF7DFF90028D4D127463846BDE83D
:100D0000F88304212046FFF78DFF0028E1D0CCE7CF
:100D10002DE9F04F89468DB0002B00F052819C697F
:100D200016461D46134600940746B24A01F0B8FF26
:100D30000028C0F24D81814540F24A81C0EB090490
:100D400007443346AC4A2146384601F0A9FF002843
:100D5000C0F23E81844240F23B81241A074405F1EF
:100D60001C0221463846FFF745F90028C0F23081C1
:100D7000844240F22D81241A074433469F4A21467B
:100D8000384601F08DFF0028C0F22281844240F2F3
:100D90001F81241A074405F14C0221463846FFF70B
:100DA00097F80028C0F21481844240F21181241A7D
:100DB00007443346924A2146384601F071FF002825
:100DC000C0F20681844240F20381241A074405F1EF
:100DD0006C0221463846FFF77BF80028C0F2F88005
:100DE000844240F2F580D5F8A02007EB0008241AD1
:100DF000334605924046D5F89C702146814A0497B7
:100E0000D5F898700397D5F894700297D5F890703C
:100E10000197D5F88C70009701F042FF0028C0F2CE
:100E2000D780844240F2D480D5F8B820241A804478
:100E3000334605922146D5F8B4704046724A04976D
:100E4000D5F8B0700397D5F8AC700297D5F8A870B4
:100E50000197D5F8A470009701F022FF0028C0F296
:100E6000B780844240F2B480241A80443346674AF3
:100E70002146404601F014FF0028C0F2A9808442B8
:100E800040F2A680D5F82C21241A95F82931804407
:100E90000192214695F82871404605F128020097F5
:100EA000FFF710FDB0F1000AC0F29280544540F205
:100EB0008F8005F1BC0B5846EFF72CF91221024642
:100EC00007A8FFF761FD002840F083805846CAEB71
:100ED0000404EEF7E7FFD04407AB019021464046FB
:100EE000009333464A4A01F0DBFE002870DB84425F
:100EF0006ED9D5F8F830271A08EB0004DA0528D5A2
:100F0000D5F8FC203346DFF834C13946DFF830E14C
:100F10002046002A18BFE6463E4ACDF800E001F020
:100F2000BFFE002854DB874252D9D5F800313F1A62
:100F30000444002B0BDD013B374A3946204601F0C3
:100F4000AFFE002844DB874242D93F1A0444D5F85B
:100F5000F830980676D4D90300F1AD805A0700F135
:100F6000D9801B0538D533462C4A3946204601F036
:100F700097FE00282CDBB8422AD23F1A044405F51C
:100F80008475274EDFF8A48011E0069B0093394654
:100F90003346244A2046244E01F082FE002817DB07
:100FA00087420444A7EB000712D9ED68A5B106A952
:100FB0002846EEF70DFB1D4B0028E6D0CDF8188033
:100FC000E4E71B4A01F06CFE002801DB814500D8F4
:100FD00018480DB0BDE8F08F2046174A394601F099
:100FE0005FFE0028F4DB8742F2D9381AC0EB090013
:100FF000EFE700BF18450020344500204C45002095
:10100000644500207C450020B4450020EC450020CC
:10101000044600201846002038460020A44700203F
:10102000581F0020BC47002058440020C044002026
:10103000F844002080D6FFFF40240020E844002030
:10104000F04400203346C84A3946204601F028FEC5
:101050000028BDDBB84234BF00230123002BB7D1E9
:101060003F1A044405F1E802DFF804E35168C818A8
:10107000874240F287803F1A4BB19EF80010022B46
:10108000217002D19EF8011061701C44516841B179
:1010900000239168C95C013304F8011B51688B423D
:1010A000F7D3D2680223DFF8D8E2002ADED122701B
:1010B000D5F8F8304FE73346AC4A3946204601F0C0
:1010C000EFFD002884DBB84282D295F818813F1AE0
:1010D0000444A74B18F0800F40F0728118F0400FC5
:1010E00040F0818018F0200F6ED118F0100F5CD105
:1010F00018F0080F4AD118F0040F40F0838018F060
:10110000020F40F09C8018F0010F40F08A80D5F863
:10111000F83023E73346974A3946204601F0C0FDB0
:101120000028FFF655AFB842BFF452AFD5F804819E
:101130003F1A04448E4B18F0800F40F09E8018F048
:10114000400F40F08B8018F0200F40F0B48018F072
:10115000100F40F0A18018F0080F40F0CA8018F07E
:10116000040F40F0B78018F0020F40F0EE8018F046
:10117000010F40F0DB8018F4004F40F0C980D5F833
:10118000F830EEE600237C48237022E77B4A39469C
:10119000204601F085FD0028FFF61AAF87427FF652
:1011A00017AF3F1A0444764BA5E7764A39462046E6
:1011B00001F076FD0028FFF60BAF87427FF608AFFF
:1011C0003F1A04446E4B93E76F4A3946204601F0BC
:1011D00067FD0028FFF6FCAE87427FF6F9AE3F1AA6
:1011E0000444674B81E7694A3946204601F058FDBF
:1011F0000028FFF6EDAE87427FF6EAAE3F1A0444C0
:101200005F4B6FE7624A3946204601F049FD0028EE
:10121000FFF6DEAE87427FF6DBAE3F1A0444584B42
:101220006DE75C4A3946204601F03AFD0028FFF69A
:10123000CFAE87427FF6CCAE3F1A044467E7564AEA
:101240003946204601F02CFD0028FFF6C1AE87424A
:101250007FF6BEAE3F1A0444494B54E74F4A394625
:10126000204601F01DFD0028FFF6B2AE87427FF652
:10127000AFAE3F1A0444424B65E73946484A204620
:1012800001F00EFD0028FFF6A3AE87427FF6A0AE68
:101290003F1A04443A4B52E7424A3946204601F08D
:1012A000FFFC0028FFF694AE87427FF691AE3F1A0E
:1012B0000444334B4FE73C4A3946204601F0F0FCEA
:1012C0000028FFF685AE87427FF682AE3F1A0444BF
:1012D0002B4B3CE7354A3946204601F0E1FC00281B
:1012E000FFF676AE87427FF673AE3F1A0444244B76
:1012F00039E72F4A3946204601F0D2FC0028FFF694
:1013000067AE87427FF664AE3F1A04441C4B26E763
:10131000284A3946204601F0C3FC0028FFF658AEA3
:1013200087427FF655AE3F1A044428E7224A3946E1
:10133000204601F0B5FC0028FFF64AAE87427FF652
:1013400047AE3F1A04440E4B15E71C4A3946204667
:1013500001F0A6FC0028FFF63BAE87427FF638AED0
:101360003F1A0444064B02E74C4600206446002026
:10137000581F0020F046002080D6FFFFB84600200E
:1013800058440020A44600209C4600208C460020A3
:10139000C4460020DC460020D04600201C47002028
:1013A00008470020444700203047002068470020BD
:1013B00058470020944700208447002078470020A9
:1013C0003946074A204601F06BFC0028FFF600AEC4
:1013D00087427FF6FDAD3F1A0444024B7EE600BF14
:1013E0007C460020584400202DE9F04390461D46DD
:1013F00083B0894607460E461B4C01221B4B05E075
:10140000083454F8043CCBB154F8082C2A42F7D0E5
:10141000009338464346164A314601F041FC002805
:1014200007441DDBB042A6EB000619D254F8083C75
:1014300008345D4054F8043C002BE5D125B9C6EBD7
:10144000090003B0BDE8F08343463846094A3146F7
:1014500001F026FC002803DB864201D9361AEEE7AC
:10146000054803B0BDE8F08368F50260C44700207A
:10147000EC470020F447002080D6FFFFD0F8F8307A
:1014800013F0040301D0FFF7CDBB1846704700BF2F
:10149000F8B50446D0F8F80010F4006012D01646F3
:1014A0000F4604F5847403E0042D0CD0E468A4B165
:1014B0006568B542F8D132463946A06801F0E0FBD4
:1014C0000028F1D1F8BD2A46A168054801F0D8FBF3
:1014D0000028F7D0E468002CEAD10248F8BD00BF2C
:1014E0008805002000D8FFFF38B511F1840419D019
:1014F000D1F89420054622B914E0E46B94B1226936
:1015000082B12B6A9342F8D16169686A01F0B8FB35
:101510000028F2D104F11800FEF7CAFD0028ECD033
:10152000012038BD002038BD2DE9F04FB5B00024B2
:10153000984681463F9B20A80E9121460F9250224B
:101540001C603E9C01F0B4FBB8F1000F00F0EA8192
:10155000B4B1204601F0B4FBD9F8F83005469A063C
:1015600040F1AE8109F1E80603E0F668002E00F0D4
:10157000C1812A4621463046FFF7FAFA0028F4D105
:1015800009F1BC042046EEF7CFFD01230138D8F85D
:1015900004208340134200F08E8108F10C0208F110
:1015A000080311460892184622460793FFF79CFA53
:1015B000002840F07B81002420AF4FF0010A0B94FB
:1015C0000D9420AB09F1A40043F83490631C0693FA
:1015D000FEF76EFD18B17B6843F001037B6009F1F3
:1015E0008C00FEF767FD18B17B6843F400737B60E5
:1015F0000D9B002B40F0118199F82831D8F800207C
:10160000013B0AFA03F3134203D17B6843F480439E
:101610007B6099F82931D8F80420013B0AFA03F3DA
:10162000134203D17B6843F400437B60069B012B8C
:1016300000F0D5800B9B01220E994846009323466B
:10164000FFF70EFB0546002800F00C8109F16C0144
:1016500009F14C00FFF7E0F9002840F0BB800123BE
:101660000B9A01320B92002B40F0B480069B082BA2
:1016700000F2568129464846FFF79AF97B68002810
:1016800040F00B810A9305F1BC03089907981A46AC
:101690009B46FFF729FA20B10A9B43F480330A9353
:1016A0007B600F9B002B00F039811C4600260C97B5
:1016B000CDF810B0CDF8249003E0D4F8F040002C21
:1016C0007BD0A369002BF8D0E26A6B6C9A42F4D10C
:1016D000A96C206B01F0D4FA0028EED1D5F8F830CF
:1016E0005B0706D502212846FFF79CFA002840F048
:1016F000D98094F8E800D8F80020431E0AFA03F3D2
:10170000134201D146F4003694F8E930D8F80420A9
:10171000013B0AFA03F3134201D146F48026ECF7A9
:10172000C5FD10AB226983466169ECF755FE0028C0
:1017300040F0B880049A08990798FFF7D5F908B1E6
:1017400046F48036D4F8EC10584694F8E89094F8B3
:10175000E9B00591ECF716FED4F8E0704B46059918
:101760000397D4F8E470049A029710AF019058469A
:101770000097EEF7D5FB002840F0948004F16C0050
:10178000FEF796FC08B146F0200604F15400FEF77F
:1017900091FC08B146F4806621460998FFF7A4FE43
:1017A00000288AD00C9F46F002060A9BA946069C98
:1017B00008371E4347F8046C03E70C9FF5E70B9BC3
:1017C00001220E99484600932346FFF749FA054641
:1017D000002847D07B680A9301230D9353E709F152
:1017E0006C0109F14C00FFF717F90028E7D10E9BB7
:1017F000002BE4D0D9F804601D4603E0D5F8305141
:10180000002DDCD06B68B342F8D13246A968D9F814
:10181000080001F035FA0028F0D120AA069D3F9F6C
:1018200002EBC504DDF800816E1E54F8041C10ABF9
:10183000419832461091B8F1000F05D054F8081CB9
:10184000C047002859D110993B68083C35461943D8
:101850003960002EE8D10029334808BF002035B098
:10186000BDE8F08F0B9A2346D9F830114846009214
:101870000022FFF7F5F9054600284AD0069B012B08
:101880003FF4F8AE09F16C0109F14C00FFF7C4F820
:1018900000287FF4EBAE0346E2E643F008030A9328
:1018A0007B60F0E60C9F46F010067EE7219B43F438
:1018B000803321937FE6219B43F4004321936CE620
:1018C00009F16C0601E0B669A6B17268032AFAD183
:1018D000B168164801F0D4F92A4621460028F2D111
:1018E00006F10C00FFF744F900283FF449AEB66951
:1018F000002EEAD10423219342E610F51C5F0C4B25
:1019000008BF18464FF0FF333F9A136035B0BDE86B
:10191000F08F7B6843F008037B607EE70F9E44E70F
:101920000348EFE70348EDE700D9FFFF381F002029
:1019300000D0FFFF00D8FFFF70B584B0089E099D5E
:101940000A9C029503948DE84800024BFFF7ECFDDA
:1019500004B070BD08F602604FF49A72002101F0E5
:10196000A7B900BF002868D0F8B50746064606F1BB
:10197000BC00EEF743FAD6F82C0101F085F9746E3D
:1019800054B12046A5692021F0F7E8F8204601F07F
:101990007BF92C46002DF4D1D6F8844054B1204672
:1019A000A5692021F0F7DAF8204601F06DF92C4600
:1019B000002DF4D1D6F8144154B12046E568102129
:1019C000F0F7CCF8204601F05FF92C46002DF4D159
:1019D000D6F8F44054B12046E5681021F0F7BEF87F
:1019E000204601F051F92C46002DF4D1B06828B101
:1019F0007168F0F7B3F8B06801F046F9D6F83061D5
:101A0000002EB4D14FF49A713846D7F83041F0F730
:101A1000A5F820464FF49A7174B1D4F83051F0F71C
:101A20009DF8A74220462C46F3D001F02DF9204620
:101A30004FF49A71002CF0D1F8BD70472DE9F04FAA
:101A40009DB0002800F08D81B1FA81F56D09002D5F
:101A500040F08781824690460F46044605E0D4F860
:101A600030612546002E75D03446A369002BF6D18F
:101A700010A90DAA0D930846049113A9109313936E
:101A80000E460392059153609360436083607360D8
:101A9000B3601CAE07EB080B302308A846F8548D42
:101AA000594632460897E1F715F8002840F08F8133
:101AB000089BDDF81C80C3EB0B0BC345C0F03F81D6
:101AC00043440120C7EB0309C4F80490494601F0E0
:101AD000B3F883460890A060002800F07D81394665
:101AE0004A4601F0E1F8C8EB090130233246594477
:101AF00008A801EB08076161089139460297E0F7F1
:101B0000E9FF804600284FD1079FA023089819AA13
:101B1000616900EB070B08A8C1EB0B075946276169
:101B2000E0F7D8FF0346002849D010F1620F00F01B
:101B30000B8120461F46FFF715FF15B10023C5F89E
:101B40003031A24502D0204601F09EF838461DB043
:101B5000BDE8F08F4FF49A71012001F06DF8C4F8E0
:101B60003001002800F03A8131464FF49A7201F0BA
:101B70009FF80DAB0D961946039310AB1096139674
:101B80001846049313AB4E608E601D460593D4F83F
:101B900030316E60AE60254646608660002B40F0B6
:101BA0006082A14F1C46C8E7A8F506572046FFF7FC
:101BB000D9FE002FC1D138461DB0BDE8F08F08997D
:101BC00004F11802199B08A801EB03084146E0F74D
:101BD000BFFF002840F0BB80089B984540F0F5808F
:101BE00004F11C02594608A8FEF718FE0346002817
:101BF0009FD104F12807039B594608A83A46FEF7EF
:101C000065FB0346002894D1A369022B00F20281F0
:101C1000013304F5967203993846A36104F229133F
:101C2000009204F59472FEF76FFC8046002840F0A5
:101C300093800898302332465946E06308A8E0F7BD
:101C400049FF0746002840F0B780089904F14C028C
:101C5000079B08A81944FEF7ABFA0746002840F096
:101C6000A78008983023E76B19AA5946C71B08A814
:101C7000A763E0F72FFF002800F0B280B0F51057FF
:101C800040F09680089BA36432463023594608A84A
:101C9000E0F720FF0746002840F08E80079B4BB1FD
:101CA000089904F16C0208A81944FEF781FA074666
:101CB00000287DD1A06C04F1BC02089B59461B1A78
:101CC00008A86364EFF73AFE0746002870D1A369BD
:101CD000023B012B47D9089B9B4530D1049B08A8A8
:101CE000059A0299FEF7F2FA0746002860D1E26AE7
:101CF000149B9A4240F093801599206B00F0C0FF2E
:101D00000746002840F08B800E9A119B9A4240F0C3
:101D100086802AB112990F9800F0B2FF00287ED178
:101D200008A804F58E720299FEF7CEFB0346002840
:101D30007FF4FFAE089B029A9A423FF407AF204619
:101D40003A4FFFF70FFEF8E6C4F8188048E7B0F501
:101D500008533FF445AFECE620464746FFF702FE46
:101D6000EBE6314FF2E6012304F1C402594608A81C
:101D7000FEF7E4FE0746D8B9A369023B012BAAD8B7
:101D8000022304F1D002594608A8FEF7D7FE074601
:101D900070B9A369032B9ED104F1DC02594608A84F
:101DA000FEF762FD00284DD010F1620F93D0074678
:101DB0002046FFF7D7FDC0E6A7F506572046FFF7F8
:101DC000D1FD002F3FF4F7AEB7E6194BB1E6204640
:101DD000184FFFF7C7FDB0E6174FAEE6164FB5E652
:101DE000089904F18C02199B08A801EB03094946E4
:101DF000FEF7D2FB0028DAD104F1A402494608A874
:101E0000FEF7CAFB0028D2D1089B994540F02B81F0
:101E10004B4638E72046094FFFF7A4FD8DE62046E4
:101E2000074FFFF79FFD88E600D8FFFF1ADEFFFF90
:101E30009ADDFFFF80DEFFFF80D7FFFF80DAFFFF24
:101E400080D9FFFF8046089B9B454DD930235946DA
:101E500008A809AACDF85880CDF85C80CDF860803C
:101E6000CDF82880CDF82C80E0F734FE002840F033
:101E7000F280089E0623099817AA37785946064427
:101E800008A81697E0F726FE002840F0E480089A9C
:101E9000179B18921344C3EB0B020893002A27DD0B
:101EA0000AAA314608A8E0F729FE10F1620F02D015
:101EB000002840F0D08009AA0423314608A8E0F7A2
:101EC00009FE002840F0C780089A099B13449E42EF
:101ED0000CD10BA916A8EDF733FA68B10A9B089646
:101EE00043B933469B45B1D83FF4F8AE844F5FE722
:101EF000844F5DE7844F5BE7D4F8F8200B9B12EA30
:101F0000030740F0F5801A43B3F5807FC4F8F8204A
:101F100000F0AB8076DC042B51D0202B46D130234F
:101F2000314608A804F1E8070DEB0302E0F7D2FD03
:101F3000002834D1089B0C9A1A449642D6D19E426E
:101F400036D9F21A002AD3DD13F8019B19AA3146BB
:101F500008A80893E0F76EFD08BB09F0C003802BCA
:101F6000C8D1B9F1820F04D0089A199B1344089381
:101F7000E5E7BB6853B1FB68002B40F0B980102146
:101F8000012000F059FEF860B8B107468223089A94
:101F90003B60199BBA607B6013440893CFE7A0F5C0
:101FA0001457002F7FF404AF089B4DE7574FFFE60F
:101FB000C7F80C803FF448AF98E7554FF8E6314634
:101FC00019AA08A819978DF868701B97E0F7F6FD15
:101FD000002840F08F80199F002F3AD01B9A0646A8
:101FE000C4F804010346501E10F8012FD900013334
:101FF0008A40032B46EA0206C4F80461D4D89F4203
:10200000F2D8D1E7B3F5006F16D0B3F5803FCDD14C
:10201000314619AA08A819978DF868701B97E0F740
:10202000CDFD002866D1199B012B12D11B9A089B6C
:10203000127884F8182107E73146062304F58472E4
:1020400008A8E0F713FE002854D1D4F81031002B73
:10205000AAD1304FACE6A0F51457002F3FF43BAEA9
:10206000A6E61C4615E52C4FA2E6C4F8FC7030230A
:10207000C4F8007119AA314608A8E0F72BFD04F155
:10208000FC0704F58079002889D1089B9E423FF423
:10209000DBAE3A46314608A8E0F730FD88B110F1D2
:1020A000620F7FF47CAF3A46314608A8E0F750FD56
:1020B00000287FF474AFD4F8FC3013B10123C4F8C6
:1020C000FC30089B9E423FF4BFAE4A46314608A80A
:1020D000E0F73EFD00287FF462AF089B9E427FF44C
:1020E00005AFD4F8002133460132C4F80021ABE635
:1020F0000A4F5DE6B0F514573FF456AF58E600BFFF
:102100009ADAFFFFA0DAFFFF9EDAFFFF80DFFFFF12
:1021100096DAFFFF9CDAFFFF9ADBFFFF00DBFFFF91
:10212000002872D02DE9F04F0C468BB000296AD000
:1021300015460746002A3CD08B1813F8016C002E78
:1021400037D13349204600F0B7FD90B3012D56D961
:102150000DF1180AB146B046059607A8EDF7CEFB7B
:10216000CDF808A0CDF804802346CDF8008007A85C
:10217000284A2749EDF7C8FB834610B31BF5A45F37
:1021800007A83ED01BF5845F0BD0EDF78DFD069AB6
:10219000B9F1000F08BFD9460136AD1A1444012D1C
:1021A000DBD8059B4BBB1C48B9F1000F18BF484654
:1021B00004E02A4621463846FFF740FC0BB0BDE854
:1021C000F08F069B3846089A0799ED1A1C44FFF7D2
:1021D00035FC834607A8EDF767FDBBF1000F09D07A
:1021E0001BF5225F06F101060BD0B9F1000F08BF05
:1021F000D946D4E701230593D1E73046DEE7064808
:10220000DCE75846DAE70548D8E70448704700BFDE
:10221000204800203C48002080D8FFFF00D8FFFF66
:102220002DE9F041294F002542690124B96B4FF097
:10223000020E16684FF4303821F47C010369DFF890
:102240009CC041F48021B9633168576839433160DB
:102250004FF001161E49C3F810E01D61C3F848C0D5
:102260005C629962C3F82C809F6C1A491F651D62DD
:102270009E651C61037E184E02EB03152C7A2B46DB
:1022800001EB0414A46826602C7AED6801EB0414B9
:10229000646825601C690CB15B692360407E0E4C4C
:1022A00002EB001393F828001A4601EB0010806837
:1022B000046093F82840D86A01EB04114B68186059
:1022C000136B0BB1526B1A60BDE8F08100C00F4078
:1022D000B80B05055C08002061F801003B372819A0
:1022E0004369027E03EB0212F0B4147A8C4209D0E7
:1022F0001A7AFF2A06D08A4228D01A7EFF2A01D0F5
:102300008A4201D0F0BC704701252E4693E80600B2
:102310000968114217D00F4A03EB061305270E4E2A
:1023200002EB041461680F60197A02EB01118968ED
:102330000E601C7AD96802EB0412526811601A69A7
:102340000AB15B6913600576F0BC704700252E4624
:10235000DCE700BF5C08002061F8010043690B4A1C
:1023600003EB011010B4017A094C02EB01118968EA
:102370000C60047AC16802EB0412526811600269B1
:102380000AB1436913605DF8044B70475C08002094
:1023900061F801004369427E03EB0212F0B492F847
:1023A00028408C420BD093F82820FF2A07D08A427D
:1023B0002BD093F83820FF2A01D08A4201D0F0BCFC
:1023C000704701252E4693E806000968114219D08E
:1023D0000F4A03EB061305270E4E02EB0414616847
:1023E0000F6093F8281002EB011189680E6093F8D2
:1023F0002840D96A02EB0412526811601A6B0AB1C4
:102400005B6B13604576F0BC704700252E46DAE71B
:102410005C08002061F8010043690C4A03EB0110DD
:1024200010B490F828100A4C02EB011189680C6076
:1024300090F82840C16A02EB041252681160026BE6
:102440000AB1436B13605DF8044B70475C080020D1
:1024500061F80100114B1249D86E0A4640F4403031
:1024600030B4D86640F23765D86EA02440F440708E
:10247000D8664D648C64936C1B06FCD4094B40F207
:102480003760A0211A4658649964936C13F0800356
:10249000FBD1054A137030BC704700BF00C00F402D
:1024A00000400C4000800C40F3230120704700BF27
:1024B000704700BF704700BFF0B5244A0020244B8E
:1024C0004FF0100C234C1126DFF8C8E012272060D3
:1024D0000125C2F800C0C3F800E01660DFF8B8E0DC
:1024E0001D4EC3F800E01D4917601E6041F0150144
:1024F0001B4F1C4E17601E601B4F1C4E17601E604A
:102500001B4F11601B4E1C491F6016601B4F19604A
:102510001B4E1C4917601E601B4F11601B4E1C494F
:102520001F60166019602560BFF34F8FBFF36F8F78
:10253000C3F8B001BFF34F8FBFF36F8F52F8883CE1
:1025400043F4403342F8883CF0BD00BF9CED00E00E
:10255000A0ED00E094ED00E009001000E02501206E
:10256000130020002100020714000020250008139A
:10257000090000101600202027000B131700004050
:1025800033001013180000602F000B0719000070B3
:102590002F000B133F00001025000803F0B58D4BF2
:1025A00018228D4E01208D4948F20C7E8C4D4FF043
:1025B000FF378C4C83B0C3F85C12C3F8605200251F
:1025C000C3F86412C3F868424FF40054C3F86C6255
:1025D0008549C3F87062C3F87462C3F87862834EA9
:1025E000DA661A675A679A67DA67C3F88020C3F811
:1025F0008420C3F8882040F20562C1F82C03C1F89A
:102600003003C1F83403C1F83803C1F83C03C1F802
:1026100050032946B36976481840764B0343764801
:10262000B361D6F8843043F00C03C6F88430022638
:10263000036833430360036803EA0E0E6F4B4EEAF0
:102640000303DFF8F0E103606D4B4760DEF80870CC
:102650003B406C4F43F000538360C36823F0780322
:10266000C360036A1F40684B3B43664F0362036AC3
:102670001F40654B3B43654F43628762C762DEF88C
:10268000B830634F23F03F0343F00103C0F8B83084
:10269000DEF8BC30DFF884E123F03F0343F00103B0
:1026A000C0F8BC30056104660767C0F88020446646
:1026B0004767C0F884200468564B24F00204564A49
:1026C0000460C0F818E0C66143F8041B9342FBD1D4
:1026D000494B1A68194642F001021A600B68464AD3
:1026E00013F00103FAD14D4E022540F2F56440F299
:1026F000664040F299414A4F966142F20146D561E7
:1027000040F23545C2F8004242F20124C2F81002FC
:102710000120C2F820121146C2F8307207F15A4760
:10272000C2F8346207F51377C2F840523D4E3E4D71
:10273000C2F85072C2F85462C2F86052C2F86442E1
:10274000C2F8A030C2F8A430C2F8B0004B692A4ADF
:10275000DD07FBD5012300244FF48030114653617F
:10276000C2F8A040C2F8A400C2F8B0304B69224AB7
:10277000DC07FBD5012300244FF4003011465361E0
:10278000C2F8A040C2F8A400C2F8B0304B691A4A9F
:10279000D807FBD501230024244811465361C2F811
:1027A000A040C2F8A400C2F8B0304B69124ADB075F
:1027B000FBD5D2F8003145F60D5121209BB2506176
:1027C0008B4239D01A4B00221A605A609A60DA6044
:1027D00003B0F0BD00801F40F9700100F9B00100A6
:1027E000F9100100F900010000841F4000C00F40F3
:1027F000FFFCFF1F000300A000402A401200FFFF63
:10280000FF37F70000FFF07C40000080FF000F83DF
:102810006300020000422A4000432A40F05AF05A66
:102820009F041830063201263806180A04000300F7
:102830009025012000802A4000244FF480200123AD
:102840001146C2F8A040C2F8A400C2F8B0304B69EB
:102850003B4ADF07FBD501234FF40004002011465B
:102860005361C2F8A040C2F8A400C2F8B0304B696E
:10287000334ADE07FBD501234FF400044FF48030C8
:1028800011465361C2F8A040C2F8A400C2F8B030AB
:102890004B692B4ADD07FBD501234FF400044FF4AD
:1028A000003011465361C2F8A040C2F8A400C2F83B
:1028B000B0304B69224ADC07FBD501234FF40004FA
:1028C000204811465361C2F8A040C2F8A400C2F8E3
:1028D000B0304B691A4AD807FBD5D2F8003145F61B
:1028E0000D5121209BB250618B4210D0164B082213
:1028F0004FF400041A7015490020154A0123009076
:10290000521A1448224400F093F903B0F0BD4FF47A
:1029100000044FF4802101231046C2F8A040C2F801
:10292000A410C2F8B03043690549DB07FBD501208C
:10293000054B10224FF0807448611A70DBE700BF2E
:1029400000402A4004000300F6230120000000702C
:102950000000007090250120F0B4174A40274FF482
:1029600080314FF480564FF400554FF4404443F209
:102970004200136913F0020F06D094615161906117
:10298000136913F0020FF8D113F4005F01D1556100
:10299000EFE713F4805F01D15661EAE7002BE8DA34
:1029A00013F4803F01D09161E3E75B0601D45761E6
:1029B000DFE7F0BC704700BF00800D40394A0320BC
:1029C0003949F3EE095A13689FED386A23F0010381
:1029D000DFED376AF0B4136000241061D1F8E03005
:1029E000344FD8B2C3F30B211B0D334E07EE100A40
:1029F00005EE101A07EE903A304BB8EEC55A304D3E
:102A0000B8EEC77A3060F8EEE77A29602D4937EEE4
:102A1000466A2D4E77EEC57A2C4877EE666A2C4DC5
:102A200037EE657A26EE276AC7ED007A66EEA76A6A
:102A3000176867EE277A83ED007AC6EE075A86EEAE
:102A4000876AC7EE876A35EE857AFCEEC77A36EE7E
:102A5000057A17EE903ABCEEC77A47EA035376EE52
:102A6000857A136017EE103AD2F81071FCEEE77A0F
:102A700001EA0341394317EE903AC2F81011C3F34B
:102A80000B03D2F810110B43C2F81031136843F056
:102A9000020313603470C0F840510E4B0122F0BCA9
:102AA0001A60704780810D4000441F400000AA4218
:102AB0000000B442F0200120E8200120EC20012099
:102AC000E42001200000FF0F40E400E0006000204F
:102AD000D50E010008E100E0304B40F6617270B5A0
:102AE000C3F8202140F2044500F09EF82C492D48FF
:102AF000D1F880202C4C42F003022C4BC1F88020EE
:102B0000C0F86051226813401BB9D0F8A8319A0769
:102B10001AD0244B4FF00041234A51631A46D3F890
:102B2000401141F00201C3F84011D2F840319B0737
:102B3000FBD44FF400301E491B4B4FF0004208609D
:102B400019209A6300F080F81A4D0022164B4FF0BE
:102B50008041144C0A26996328461A601146C4F82D
:102B6000A8614FF4207200F0A3F84FF4810640F200
:102B700043114FF48000104B104A2E602864C4F8B3
:102B80005851C4F84811C3F804220D4A4FF40031DB
:102B900001231160C4F8403170BD00BF00800D40BA
:102BA00000C00F4000002E4000900D40001C1E0091
:102BB0008CE200E00000002000600020A110010075
:102BC0000CE100E008B50E4B1B6E9B0700D4FBBE6A
:102BD00072B60C4B00200C4AC3F8400103F160436D
:102BE0000A49A3F55F2311649D46BFF34F8F084A3E
:102BF00003F5E0430749126818461960936898473F
:102C000000441F4000002E4000C00A400300200086
:102C10001C002000000012EBF8B500BFF8BC08BC97
:102C20009E467047000000005FF800F04118010068
:102C30005FF800F0353501005FF800F0A54E0100A7
:102C40005FF800F0750401005FF800F0390701003B
:102C50005FF800F0D15701005FF800F06556010001
:102C60005FF800F0755801005FF800F08D4B01002F
:102C70005FF800F0A95E01005FF800F02D4F010041
:102C80005FF800F0015601005FF800F055500100B8
:102C90005FF800F0F95701005FF800F0FD31010026
:102CA0005FF800F0D95C01005FF800F0B5020100A8
:102CB0005FF800F02D5701005FF800F03D6601005D
:102CC0005FF800F0416201005FF800F085580100F4
:102CD0005FF800F07D30010045000000F55A00006B
:082CE0006D730000192E0100C4
:102CE80001000000020000000400000008000000CD
:102CF80010000000200000004000000080000000DC
:102D08001B00000036000000637C777BF26B6FC508
:102D18003001672BFED7AB76CA82C97DFA5947F0D6
:102D2800ADD4A2AF9CA472C0B7FD9326363FF7CCB2
:102D380034A5E5F171D8311504C723C31896059A4F
:102D4800071280E2EB27B27509832C1A1B6E5AA072
:102D5800523BD6B329E32F8453D100ED20FCB15B5D
:102D68006ACBBE394A4C58CFD0EFAAFB434D3385C6
:102D780045F9027F503C9FA851A3408F929D38F59A
:102D8800BCB6DA2110FFF3D2CD0C13EC5F974417D1
:102D9800C4A77E3D645D197360814FDC222A908848
:102DA80046EEB814DE5E0BDBE0323A0A4906245CD4
:102DB800C2D3AC629195E479E7C8376D8DD54EA939
:102DC8006C56F4EA657AAE08BA78252E1CA6B4C605
:102DD800E8DD741F4BBD8B8A703EB5664803F60E5E
:102DE800613557B986C11D9EE1F8981169D98E944D
:102DF8009B1E87E9CE5528DF8CA1890DBFE6426866
:102E080041992D0FB054BB1651F4A7507E4165531C
:102E18001A17A4C33A275E963BAB6BCB1F9D45F1AF
:102E2800ACFA58AB4BE303932030FA55AD766DF608
:102E380088CC7691F5024C254FE5D7FCC52ACBD72F
:102E480026354480B562A38FDEB15A4925BA1B677F
:102E580045EA0E985DFEC0E1C32F7502814CF01261
:102E68008D4697A36BD3F9C6038F5FE715929C95A0
:102E7800BF6D7AEB955259DAD4BE832D587421D39D
:102E880049E069298EC9C84475C2896AF48E79787F
:102E980099583E6B27B971DDBEE14FB6F088AD1782
:102EA800C920AC667DCE3AB463DF4A18E51A318290
:102EB8009751336062537F45B16477E0BB6BAE8452
:102EC800FE81A01CF9082B94704868588F45FD199D
:102ED80094DE6C87527BF8B7AB73D323724B02E254
:102EE800E31F8F576655AB2AB2EB28072FB5C203ED
:102EF80086C57B9AD33708A5302887F223BFA5B2A9
:102F080002036ABAED16825C8ACF1C2BA779B492A9
:102F1800F307F2F04E69E2A165DAF4CD0605BED5F5
:102F2800D134621FC4A6FE8A342E539DA2F355A045
:102F3800058AE132A4F6EB750B83EC394060EFAA01
:102F48005E719F06BD6E10513E218AF996DD063DE1
:102F5800DD3E05AE4DE6BD4691548DB571C45D05A7
:102F68000406D46F605015FF1998FB24D6BDE99765
:102F7800894043CC67D99E77B0E842BD07898B88E2
:102F8800E7195B3879C8EEDBA17C0A477C420FE978
:102F9800F8841EC90000000009808683322BED48A2
:102FA8001E1170AC6C5A724EFD0EFFFB0F85385621
:102FB8003DAED51E362D39270A0FD964685CA62187
:102FC8009B5B54D124362E3A0C0A67B19357E70F0E
:102FD800B4EE96D21B9B919E80C0C54F61DC20A2A7
:102FE8005A774B691C121A16E293BA0AC0A02AE54E
:102FF8003C22E043121B171D0E090D0BF28BC7ADC7
:103008002DB6A8B9141EA9C857F11985AF75074C74
:10301800EE99DDBBA37F60FDF701269F5C72F5BCCE
:1030280044663BC55BFB7E348B432976CB23C6DCE9
:10303800B6EDFC68B8E4F163D731DCCA42638510A9
:103048001397224084C61120854A247DD2BB3DF8BF
:10305800AEF93211C729A16D1D9E2F4BDCB230F39A
:103068000D8652EC77C1E3D02BB3166CA970B999D1
:10307800119448FA47E96422A8FC8CC4A0F03F1ACE
:10308800567D2CD8223390EF87494EC7D938D1C105
:103098008CCAA2FE98D40B36A6F581CFA57ADE2875
:1030A800DAB78E263FADBFA42C3A9DE45078920D36
:1030B8006A5FCC9B547E4662F68D13C290D8B8E8FE
:1030C8002E39F75E82C3AFF59F5D80BE69D0937CD1
:1030D8006FD52DA9CF2512B3C8AC993B10187DA781
:1030E800E89C636EDB3BBB7BCD2678096E5918F4F0
:1030F800EC9AB701834F9AA8E6956E65AAFFE67E1B
:1031080021BCCF08EF15E8E6BAE79BD94A6F36CE5F
:10311800EA9F09D429B07CD631A4B2AF2A3F233123
:10312800C6A5943035A266C0744EBC37FC82CAA6C8
:10313800E090D0B033A7D815F104984A41ECDAF7FB
:103148007FCD500E1791F62F764DD68D43EFB04DAB
:10315800CCAA4D54E49604DF9ED1B5E34C6A881B93
:10316800C12C1FB84665517F9D5EEA04018C355D10
:10317800FA877473FB0B412EB3671D5A92DBD25248
:10318800E91056336DD647139AD7618C37A10C7A5C
:1031980059F8148EEB133C89CEA927EEB761C935CF
:1031A800E11CE5ED7A47B13C9CD2DF5955F2733FFB
:1031B8001814CE7973C737BF53F7CDEA5FFDAA5B02
:1031C800DF3D6F147844DB86CAAFF381B968C43E2B
:1031D8003824342CC2A3405F161DC372BCE2250CF0
:1031E800283C498BFF0D954139A80171080CB3DEC5
:1031F800D8B4E49C6456C1907BCB8461D532B67058
:10320800486C5C74D0B85742F4A750514165537E5E
:1032180017A4C31A275E963AAB6BCB3B9D45F11FAB
:10322800FA58ABACE303934B30FA5520766DF6AD04
:10323800CC769188024C25F5E5D7FC4F2ACBD7C52B
:103248003544802662A38FB5B15A49DEBA1B67257B
:10325800EA0E9845FEC0E15D2F7502C34CF012815D
:103268004697A38DD3F9C66B8F5FE703929C95159C
:103278006D7AEBBF5259DA95BE832DD47421D35899
:10328800E0692949C9C8448EC2896A758E7978F47B
:10329800583E6B99B971DD27E14FB6BE88AD17F07E
:1032A80020AC66C9CE3AB47DDF4A18631A3182E58C
:1032B80051336097537F45626477E0B16BAE84BB4E
:1032C80081A01CFE082B94F94868587045FD198F99
:1032D800DE6C87947BF8B75273D323AB4B02E27250
:1032E8001F8F57E355AB2A66EB2807B2B5C2032FE9
:1032F800C57B9A863708A5D32887F230BFA5B223A5
:10330800036ABA0216825CEDCF1C2B8A79B492A7A5
:1033180007F2F0F369E2A14EDAF4CD6505BED506F1
:1033280034621FD1A6FE8AC42E539D34F355A0A241
:103338008AE13205F6EB75A483EC390B60EFAA40FD
:10334800719F065E6E1051BD218AF93EDD063D96DD
:103358003E05AEDDE6BD464D548DB591C45D0571A3
:1033680006D46F045015FF6098FB2419BDE997D661
:103378004043CC89D99E7767E842BDB0898B8807DE
:10338800195B38E7C8EEDB797C0A47A1420FE97C74
:10339800841EC9F800000000808683092BED48329E
:1033A8001170AC1E5A724E6C0EFFFBFD8538560F1D
:1033B800AED51E3D2D3927360FD9640A5CA6216883
:1033C8005B54D19B362E3A240A67B10C57E70F930A
:1033D800EE96D2B49B919E1BC0C54F80DC20A261A3
:1033E800774B695A121A161C93BA0AE2A02AE5C04A
:1033F80022E0433C1B171D12090D0B0E8BC7ADF2C3
:10340800B6A8B92D1EA9C814F119855775074CAF70
:1034180099DDBBEE7F60FDA301269FF772F5BC5CCA
:10342800663BC544FB7E345B4329768B23C6DCCBE5
:10343800EDFC68B6E4F163B831DCCAD763851042A5
:1034480097224013C61120844A247D85BB3DF8D2BB
:10345800F93211AE29A16DC79E2F4B1DB230F3DC96
:103468008652EC0DC1E3D077B3166C2B70B999A9CD
:103478009448FA11E9642247FC8CC4A8F03F1AA0CA
:103488007D2CD8563390EF22494EC78738D1C1D901
:10349800CAA2FE8CD40B3698F581CFA67ADE28A571
:1034A800B78E26DAADBFA43F3A9DE42C78920D5032
:1034B8005FCC9B6A7E4662548D13C2F6D8B8E890FA
:1034C80039F75E2EC3AFF5825D80BE9FD0937C69CD
:1034D800D52DA96F2512B3CFAC993BC8187DA7107D
:1034E8009C636EE83BBB7BDB267809CD5918F46EEC
:1034F8009AB701EC4F9AA883956E65E6FFE67EAA17
:10350800BCCF082115E8E6EFE79BD9BA6F36CE4A5B
:103518009F09D4EAB07CD629A4B2AF313F23312A1F
:10352800A59430C6A266C0354EBC377482CAA6FCC4
:1035380090D0B0E0A7D8153304984AF1ECDAF741F7
:10354800CD500E7F91F62F174DD68D76EFB04D43A7
:10355800AA4D54CC9604DFE4D1B5E39E6A881B4C8F
:103568002C1FB8C165517F465EEA049D8C355D010C
:10357800877473FA0B412EFB671D5AB3DBD2529244
:10358800105633E9D647136DD7618C9AA10C7A3758
:10359800F8148E59133C89EBA927EECE61C935B7CB
:1035A8001CE5EDE147B13C7AD2DF599CF2733F55F7
:1035B80014CE7918C737BF73F7CDEA53FDAA5B5FFE
:1035C8003D6F14DF44DB8678AFF381CA68C43EB927
:1035D80024342C38A3405FC21DC37216E2250CBCEC
:1035E8003C498B280D9541FFA80171390CB3DE08C1
:1035F800B4E49CD856C19064CB84617B32B670D554
:103608006C5C7448B85742D05051F4A7537E41655A
:10361800C31A17A4963A275ECB3BAB6BF11F9D45A7
:10362800ABACFA58934BE303552030FAF6AD766D00
:103638009188CC7625F5024CFC4FE5D7D7C52ACB27
:10364800802635448FB562A349DEB15A6725BA1B77
:103658009845EA0EE15DFEC002C32F7512814CF059
:10366800A38D4697C66BD3F9E7038F5F9515929C98
:10367800EBBF6D7ADA9552592DD4BE83D358742195
:103688002949E069448EC9C86A75C28978F48E7977
:103698006B99583EDD27B971B6BEE14F17F088AD7A
:1036A80066C920ACB47DCE3A1863DF4A82E51A3188
:1036B800609751334562537FE0B1647784BB6BAE4A
:1036C8001CFE81A094F9082B58704868198F45FD95
:1036D8008794DE6CB7527BF823AB73D3E2724B024C
:1036E80057E31F8F2A6655AB07B2EB28032FB5C2E5
:1036F8009A86C57BA5D33708F2302887B223BFA5A1
:10370800BA02036A5CED16822B8ACF1C92A779B4A1
:10371800F0F307F2A14E69E2CD65DAF4D50605BEED
:103728001FD134628AC4A6FE9D342E53A0A2F3553D
:1037380032058AE175A4F6EB390B83ECAA4060EFF9
:10374800065E719F51BD6E10F93E218A3D96DD06D9
:10375800AEDD3E05464DE6BDB591548D0571C45D9F
:103768006F0406D4FF605015241998FB97D6BDE95D
:10377800CC8940437767D99EBDB0E8428807898BDA
:1037880038E7195BDB79C8EE47A17C0AE97C420F70
:10379800C9F8841E000000008309808648322BED9A
:1037A800AC1E11704E6C5A72FBFD0EFF560F853819
:1037B8001E3DAED527362D39640A0FD921685CA67F
:1037C800D19B5B543A24362EB10C0A670F9357E706
:1037D800D2B4EE969E1B9B914F80C0C5A261DC209F
:1037E800695A774B161C121A0AE293BAE5C0A02A46
:1037F800433C22E01D121B170B0E090DADF28BC7BF
:10380800B92DB6A8C8141EA98557F1194CAF75076C
:10381800BBEE99DDFDA37F609FF70126BC5C72F5C6
:10382800C544663B345BFB7E768B4329DCCB23C6E1
:1038380068B6EDFC63B8E4F1CAD731DC10426385A1
:10384800401397222084C6117D854A24F8D2BB3DB7
:1038580011AEF9326DC729A14B1D9E2FF3DCB23092
:10386800EC0D8652D077C1E36C2BB31699A970B9C9
:10387800FA1194482247E964C4A8FC8C1AA0F03FC6
:10388800D8567D2CEF223390C787494EC1D938D1FD
:10389800FE8CCAA23698D40BCFA6F58128A57ADE6D
:1038A80026DAB78EA43FADBFE42C3A9D0D5078922E
:1038B8009B6A5FCC62547E46C2F68D13E890D8B8F6
:1038C8005E2E39F7F582C3AFBE9F5D807C69D093C9
:1038D800A96FD52DB3CF25123BC8AC99A710187D79
:1038E8006EE89C637BDB3BBB09CD2678F46E5918E8
:1038F80001EC9AB7A8834F9A65E6956E7EAAFFE613
:103908000821BCCFE6EF15E8D9BAE79BCE4A6F3657
:10391800D4EA9F09D629B07CAF31A4B2312A3F231B
:1039280030C6A594C035A26637744EBCA6FC82CAC0
:10393800B0E090D01533A7D84AF10498F741ECDAF3
:103948000E7FCD502F1791F68D764DD64D43EFB0A3
:1039580054CCAA4DDFE49604E39ED1B51B4C6A888B
:10396800B8C12C1F7F466551049D5EEA5D018C3508
:1039780073FA87742EFB0B415AB3671D5292DBD240
:1039880033E91056136DD6478C9AD7617A37A10C54
:103998008E59F81489EB133CEECEA92735B761C9C7
:1039A800EDE11CE53C7A47B1599CD2DF3F55F273F3
:1039B800791814CEBF73C737EA53F7CD5B5FFDAAFA
:1039C80014DF3D6F867844DB81CAAFF33EB968C423
:1039D8002C3824345FC2A34072161DC30CBCE225E8
:1039E8008B283C4941FF0D957139A801DE080CB3BD
:1039F8009CD8B4E4906456C1617BCB8470D532B650
:103A080074486C5C42D0B857A75051F465537E4156
:103A1800A4C31A175E963A276BCB3BAB45F11F9DA3
:103A280058ABACFA03934BE3FA5520306DF6AD76FC
:103A3800769188CC4C25F502D7FC4FE5CBD7C52A23
:103A480044802635A38FB5625A49DEB11B6725BA73
:103A58000E9845EAC0E15DFE7502C32FF012814C55
:103A680097A38D46F9C66BD35FE7038F9C95159294
:103A78007AEBBF6D59DA9552832DD4BE21D3587491
:103A8800692949E0C8448EC9896A75C27978F48E73
:103A98003E6B995871DD27B94FB6BEE1AD17F08876
:103AA800AC66C9203AB47DCE4A1863DF3182E51A84
:103AB800336097517F45625377E0B164AE84BB6B46
:103AC800A01CFE812B94F90868587048FD198F4591
:103AD8006C8794DEF8B7527BD323AB7302E2724B48
:103AE8008F57E31FAB2A66552807B2EBC2032FB5E1
:103AF8007B9A86C508A5D33787F23028A5B223BF9D
:103B08006ABA0203825CED161C2B8ACFB492A7799D
:103B1800F2F0F307E2A14E69F4CD65DABED50605E9
:103B2800621FD134FE8AC4A6539D342E55A0A2F339
:103B3800E132058AEB75A4F6EC390B83EFAA4060F5
:103B48009F065E711051BD6E8AF93E21063D96DDD5
:103B580005AEDD3EBD464DE68DB591545D0571C49B
:103B6800D46F040615FF6050FB241998E997D6BD59
:103B780043CC89409E7767D942BDB0E88B880789D6
:103B88005B38E719EEDB79C80A47A17C0FE97C426C
:103B98001EC9F8840000000086830980ED48322B96
:103BA80070AC1E11724E6C5AFFFBFD0E38560F8515
:103BB800D51E3DAE3927362DD9640A0FA621685C7B
:103BC80054D19B5B2E3A243667B10C0AE70F935702
:103BD80096D2B4EE919E1B9BC54F80C020A261DC9B
:103BE8004B695A771A161C12BA0AE2932AE5C0A042
:103BF800E0433C22171D121B0D0B0E09C7ADF28BBB
:103C0800A8B92DB6A9C8141E198557F1074CAF7568
:103C1800DDBBEE9960FDA37F269FF701F5BC5C72C2
:103C28003BC544667E345BFB29768B43C6DCCB23DD
:103C3800FC68B6EDF163B8E4DCCAD731851042639D
:103C480022401397112084C6247D854A3DF8D2BBB3
:103C58003211AEF9A16DC7292F4B1D9E30F3DCB28E
:103C680052EC0D86E3D077C1166C2BB3B999A970C5
:103C780048FA1194642247E98CC4A8FC3F1AA0F0C2
:103C88002CD8567D90EF22334EC78749D1C1D938F9
:103C9800A2FE8CCA0B3698D481CFA6F5DE28A57A69
:103CA8008E26DAB7BFA43FAD9DE42C3A920D50782A
:103CB800CC9B6A5F4662547E13C2F68DB8E890D8F2
:103CC800F75E2E39AFF582C380BE9F5D937C69D0C5
:103CD8002DA96FD512B3CF25993BC8AC7DA7101875
:103CE800636EE89CBB7BDB3B7809CD2618F46E59E4
:103CF800B701EC9A9AA8834F6E65E695E67EAAFF0F
:103D0800CF0821BCE8E6EF159BD9BAE736CE4A6F53
:103D180009D4EA9F7CD629B0B2AF31A423312A3F17
:103D28009430C6A566C035A2BC37744ECAA6FC82BC
:103D3800D0B0E090D81533A7984AF104DAF741ECEF
:103D4800500E7FCDF62F1791D68D764DB04D43EF9F
:103D58004D54CCAA04DFE496B5E39ED1881B4C6A87
:103D68001FB8C12C517F4665EA049D5E355D018C04
:103D78007473FA87412EFB0B1D5AB367D25292DB3C
:103D88005633E91047136DD6618C9AD70C7A37A150
:103D9800148E59F83C89EB1327EECEA9C935B761C3
:103DA800E5EDE11CB13C7A47DF599CD2733F55F2EF
:103DB800CE79181437BF73C7CDEA53F7AA5B5FFDF6
:103DC8006F14DF3DDB867844F381CAAFC43EB9681F
:103DD800342C3824405FC2A3C372161D250CBCE2E4
:103DE800498B283C9541FF0D017139A8B3DE080CB9
:103DF800E49CD8B4C190645684617BCBB670D5324C
:103E08005C74486C5742D0B8C66363A5F87C7C8460
:103E1800EE777799F67B7B8DFFF2F20DD66B6BBD53
:103E2800DE6F6FB191C5C554603030500201010397
:103E3800CE6767A9562B2B7DE7FEFE19B5D7D7624B
:103E48004DABABE6EC76769A8FCACA451F82829D47
:103E580089C9C940FA7D7D87EFFAFA15B25959EB3D
:103E68008E4747C9FBF0F00B41ADADECB3D4D46736
:103E78005FA2A2FD45AFAFEA239C9CBF53A4A4F761
:103E8800E47272969BC0C05B75B7B7C2E1FDFD1CBA
:103E98003D9393AE4C26266A6C36365A7E3F3F4198
:103EA800F5F7F70283CCCC4F6834345C51A5A5F400
:103EB800D1E5E534F9F1F108E2717193ABD8D87323
:103EC800623131532A15153F0804040C95C7C752AF
:103ED800462323659DC3C35E30181828379696A1DC
:103EE8000A05050F2F9A9AB50E07070924121236EC
:103EF8001B80809BDFE2E23DCDEBEB264E27276956
:103F08007FB2B2CDEA75759F1209091B1D83839E86
:103F1800582C2C74341A1A2E361B1B2DDC6E6EB2DC
:103F2800B45A5AEE5BA0A0FBA45252F6763B3B4D26
:103F3800B7D6D6617DB3B3CE5229297BDDE3E33E04
:103F48005E2F2F7113848497A65353F5B9D1D16886
:103F580000000000C1EDED2C40202060E3FCFC1FB8
:103F680079B1B1C8B65B5BEDD46A6ABE8DCBCB467E
:103F780067BEBED97239394B944A4ADE984C4CD444
:103F8800B05858E885CFCF4ABBD0D06BC5EFEF2AE1
:103F98004FAAAAE5EDFBFB16864343C59A4D4DD7BC
:103FA80066333355118585948A4545CFE9F9F9106B
:103FB80004020206FE7F7F81A05050F0783C3C440A
:103FC800259F9FBA4BA8A8E3A25151F35DA3A3FE76
:103FD800804040C0058F8F8A3F9292AD219D9DBC45
:103FE80070383848F1F5F50463BCBCDF77B6B6C164
:103FF800AFDADA754221216320101030E5FFFF1A8D
:10400800FDF3F30EBFD2D26D81CDCD4C180C0C143C
:1040180026131335C3ECEC2FBE5F5FE1359797A2EB
:10402800884444CC2E17173993C4C45755A7A7F210
:10403800FC7E7E827A3D3D47C86464ACBA5D5DE72C
:104048003219192BE6737395C06060A019818198A5
:104058009E4F4FD1A3DCDC7F44222266542A2A7E5D
:104068003B9090AB0B8888838C4646CAC7EEEE29F6
:104078006BB8B8D32814143CA7DEDE79BC5E5EE2C8
:10408800160B0B1DADDBDB76DBE0E03B6432325612
:10409800743A3A4E140A0A1E924949DB0C06060A7B
:1040A8004824246CB85C5CE49FC2C25DBDD3D36E67
:1040B80043ACACEFC46262A6399191A8319595A43E
:1040C800D3E4E437F279798BD5E7E7328BC8C84374
:1040D8006E373759DA6D6DB7018D8D8CB1D5D564D2
:1040E8009C4E4ED249A9A9E0D86C6CB4AC5656FA8D
:1040F800F3F4F407CFEAEA25CA6565AFF47A7A8E55
:1041080047AEAEE9100808186FBABAD5F0787888C3
:104118004A25256F5C2E2E72381C1C2457A6A6F142
:1041280073B4B4C797C6C651CBE8E823A1DDDD7CDC
:10413800E874749C3E1F1F21964B4BDD61BDBDDCAE
:104148000D8B8B860F8A8A85E07070907C3E3E428C
:1041580071B5B5C4CC6666AA904848D8060303056D
:10416800F7F6F6011C0E0E12C26161A36A35355FBF
:10417800AE5757F969B9B9D01786869199C1C15810
:104188003A1D1D27279E9EB9D9E1E138EBF8F813AF
:104198002B9898B322111133D26969BBA9D9D97068
:1041A800078E8E89339494A72D9B9BB63C1E1E22A6
:1041B80015878792C9E9E92087CECE49AA5555FFC8
:1041C80050282878A5DFDF7A038C8C8F59A1A1F8B5
:1041D800098989801A0D0D1765BFBFDAD7E6E63160
:1041E800844242C6D06868B8824141C3299999B0CF
:1041F8005A2D2D771E0F0F117BB0B0CBA85454FC4D
:104208006DBBBBD62C16163A6363A5C67C7C84F8B6
:10421800777799EE7B7B8DF6F2F20DFF6B6BBDD64F
:104228006F6FB1DEC5C55491303050600101030293
:104238006767A9CE2B2B7D56FEFE19E7D7D762B547
:10424800ABABE64D76769AECCACA458F82829D1F43
:10425800C9C940897D7D87FAFAFA15EF5959EBB239
:104268004747C98EF0F00BFBADADEC41D4D467B332
:10427800A2A2FD5FAFAFEA459C9CBF23A4A4F7535D
:10428800727296E4C0C05B9BB7B7C275FDFD1CE1B6
:104298009393AE3D26266A4C36365A6C3F3F417E94
:1042A800F7F702F5CCCC4F8334345C68A5A5F451FC
:1042B800E5E534D1F1F108F9717193E2D8D873AB1F
:1042C8003131536215153F2A04040C08C7C75295AB
:1042D80023236546C3C35E9D181828309696A137D8
:1042E80005050F0A9A9AB52F0707090E12123624E8
:1042F80080809B1BE2E23DDFEBEB26CD2727694E52
:10430800B2B2CD7F75759FEA09091B1283839E1D82
:104318002C2C74581A1A2E341B1B2D366E6EB2DCD8
:104328005A5AEEB4A0A0FB5B5252F6A43B3B4D7622
:10433800D6D661B7B3B3CE7D29297B52E3E33EDD00
:104348002F2F715E848497135353F5A6D1D168B982
:1043580000000000EDED2CC120206040FCFC1FE3B4
:10436800B1B1C8795B5BEDB66A6ABED4CBCB468D7A
:10437800BEBED96739394B724A4ADE944C4CD49840
:104388005858E8B0CFCF4A85D0D06BBBEFEF2AC5DD
:10439800AAAAE54FFBFB16ED4343C5864D4DD79AB8
:1043A80033335566858594114545CF8AF9F910E967
:1043B800020206047F7F81FE5050F0A03C3C447806
:1043C8009F9FBA25A8A8E34B5151F3A2A3A3FE5D72
:1043D8004040C0808F8F8A059292AD3F9D9DBC2141
:1043E80038384870F5F504F1BCBCDF63B6B6C17760
:1043F800DADA75AF2121634210103020FFFF1AE589
:10440800F3F30EFDD2D26DBFCDCD4C810C0C141838
:1044180013133526ECEC2FC35F5FE1BE9797A235E7
:104428004444CC881717392EC4C45793A7A7F2550C
:104438007E7E82FC3D3D477A6464ACC85D5DE7BA28
:1044480019192B32737395E66060A0C081819819A1
:104458004F4FD19EDCDC7FA3222266442A2A7E5459
:104468009090AB3B8888830B4646CA8CEEEE29C7F2
:10447800B8B8D36B14143C28DEDE79A75E5EE2BCC4
:104488000B0B1D16DBDB76ADE0E03BDB323256640E
:104498003A3A4E740A0A1E144949DB9206060A0C77
:1044A80024246C485C5CE4B8C2C25D9FD3D36EBD63
:1044B800ACACEF436262A6C49191A8399595A4313A
:1044C800E4E437D379798BF2E7E732D5C8C8438B70
:1044D8003737596E6D6DB7DA8D8D8C01D5D564B1CE
:1044E8004E4ED29CA9A9E0496C6CB4D85656FAAC89
:1044F800F4F407F3EAEA25CF6565AFCA7A7A8EF451
:10450800AEAEE94708081810BABAD56F787888F0BF
:1045180025256F4A2E2E725C1C1C2438A6A6F1573E
:10452800B4B4C773C6C65197E8E823CBDDDD7CA1D8
:1045380074749CE81F1F213E4B4BDD96BDBDDC61AA
:104548008B8B860D8A8A850F707090E03E3E427C88
:10455800B5B5C4716666AACC4848D8900303050669
:10456800F6F601F70E0E121C6161A3C235355F6ABB
:104578005757F9AEB9B9D06986869117C1C158990C
:104588001D1D273A9E9EB927E1E138D9F8F813EBAB
:104598009898B32B111133226969BBD2D9D970A964
:1045A8008E8E89079494A7339B9BB62D1E1E223CA2
:1045B80087879215E9E920C9CECE49875555FFAAC4
:1045C80028287850DFDF7AA58C8C8F03A1A1F859B1
:1045D800898980090D0D171ABFBFDA65E6E631D75C
:1045E8004242C6846868B8D04141C3829999B029CB
:1045F8002D2D775A0F0F111EB0B0CB7B5454FCA849
:10460800BBBBD66D16163A2CA5C6636384F87C7CB2
:1046180099EE77778DF67B7B0DFFF2F2BDD66B6B4B
:10462800B1DE6F6F5491C5C550603030030201018F
:10463800A9CE67677D562B2B19E7FEFE62B5D7D743
:10464800E64DABAB9AEC7676458FCACA9D1F82823F
:104658004089C9C987FA7D7D15EFFAFAEBB2595935
:10466800C98E47470BFBF0F0EC41ADAD67B3D4D42E
:10467800FD5FA2A2EA45AFAFBF239C9CF753A4A459
:1046880096E472725B9BC0C0C275B7B71CE1FDFDB2
:10469800AE3D93936A4C26265A6C3636417E3F3F90
:1046A80002F5F7F74F83CCCC5C683434F451A5A5F8
:1046B80034D1E5E508F9F1F193E2717173ABD8D81B
:1046C800536231313F2A15150C0804045295C7C7A7
:1046D800654623235E9DC3C328301818A1379696D4
:1046E8000F0A0505B52F9A9A090E070736241212E4
:1046F8009B1B80803DDFE2E226CDEBEB694E27274E
:10470800CD7FB2B29FEA75751B1209099E1D83837E
:1047180074582C2C2E341A1A2D361B1BB2DC6E6ED4
:10472800EEB45A5AFB5BA0A0F6A452524D763B3B1E
:1047380061B7D6D6CE7DB3B37B5229293EDDE3E3FC
:10474800715E2F2F97138484F5A6535368B9D1D17E
:10475800000000002CC1EDED604020201FE3FCFCB0
:10476800C879B1B1EDB65B5BBED46A6A468DCBCB76
:10477800D967BEBE4B723939DE944A4AD4984C4C3C
:10478800E8B058584A85CFCF6BBBD0D02AC5EFEFD9
:10479800E54FAAAA16EDFBFBC5864343D79A4D4DB4
:1047A8005566333394118585CF8A454510E9F9F963
:1047B8000604020281FE7F7FF0A0505044783C3C02
:1047C800BA259F9FE34BA8A8F3A25151FE5DA3A36E
:1047D800C08040408A058F8FAD3F9292BC219D9D3D
:1047E8004870383804F1F5F5DF63BCBCC177B6B65C
:1047F80075AFDADA63422121302010101AE5FFFF85
:104808000EFDF3F36DBFD2D24C81CDCD14180C0C34
:10481800352613132FC3ECECE1BE5F5FA2359797E3
:10482800CC884444392E17175793C4C4F255A7A708
:1048380082FC7E7E477A3D3DACC86464E7BA5D5D24
:104848002B32191995E67373A0C06060981981819D
:10485800D19E4F4F7FA3DCDC664422227E542A2A55
:10486800AB3B9090830B8888CA8C464629C7EEEEEE
:10487800D36BB8B83C28141479A7DEDEE2BC5E5EC0
:104888001D160B0B76ADDBDB3BDBE0E0566432320A
:104898004E743A3A1E140A0ADB9249490A0C060673
:1048A8006C482424E4B85C5C5D9FC2C26EBDD3D35F
:1048B800EF43ACACA6C46262A8399191A431959536
:1048C80037D3E4E48BF2797932D5E7E7438BC8C86C
:1048D800596E3737B7DA6D6D8C018D8D64B1D5D5CA
:1048E800D29C4E4EE049A9A9B4D86C6CFAAC565685
:1048F80007F3F4F425CFEAEAAFCA65658EF47A7A4D
:10490800E947AEAE18100808D56FBABA88F07878BB
:104918006F4A2525725C2E2E24381C1CF157A6A63A
:10492800C773B4B45197C6C623CBE8E87CA1DDDDD4
:104938009CE87474213E1F1FDD964B4BDC61BDBDA6
:10494800860D8B8B850F8A8A90E07070427C3E3E84
:10495800C471B5B5AACC6666D89048480506030365
:1049680001F7F6F6121C0E0EA3C261615F6A3535B7
:10497800F9AE5757D069B9B9911786865899C1C108
:10498800273A1D1DB9279E9E38D9E1E113EBF8F8A7
:10499800B32B989833221111BBD2696970A9D9D960
:1049A80089078E8EA7339494B62D9B9B223C1E1E9E
:1049B8009215878720C9E9E94987CECEFFAA5555C0
:1049C800785028287AA5DFDF8F038C8CF859A1A1AD
:1049D80080098989171A0D0DDA65BFBF31D7E6E658
:1049E800C6844242B8D06868C3824141B0299999C7
:1049F800775A2D2D111E0F0FCB7BB0B0FCA8545445
:104A0800D66DBBBB3A2C161663A5C6637C84F87CAE
:104A18007799EE777B8DF67BF20DFFF26BBDD66B47
:104A28006FB1DE6FC55491C530506030010302018B
:104A380067A9CE672B7D562BFE19E7FED762B5D73F
:104A4800ABE64DAB769AEC76CA458FCA829D1F823B
:104A5800C94089C97D87FA7DFA15EFFA59EBB25931
:104A680047C98E47F00BFBF0ADEC41ADD467B3D42A
:104A7800A2FD5FA2AFEA45AF9CBF239CA4F753A455
:104A88007296E472C05B9BC0B7C275B7FD1CE1FDAE
:104A980093AE3D93266A4C26365A6C363F417E3F8C
:104AA800F702F5F7CC4F83CC345C6834A5F451A5F4
:104AB800E534D1E5F108F9F17193E271D873ABD817
:104AC80031536231153F2A15040C0804C75295C7A3
:104AD80023654623C35E9DC31828301896A13796D0
:104AE800050F0A059AB52F9A07090E0712362412E0
:104AF800809B1B80E23DDFE2EB26CDEB27694E274A
:104B0800B2CD7FB2759FEA75091B1209839E1D837A
:104B18002C74582C1A2E341A1B2D361B6EB2DC6ED0
:104B28005AEEB45AA0FB5BA052F6A4523B4D763B1A
:104B3800D661B7D6B3CE7DB3297B5229E33EDDE3F8
:104B48002F715E2F8497138453F5A653D168B9D17A
:104B580000000000ED2CC1ED20604020FC1FE3FCAC
:104B6800B1C879B15BEDB65B6ABED46ACB468DCB72
:104B7800BED967BE394B72394ADE944A4CD4984C38
:104B880058E8B058CF4A85CFD06BBBD0EF2AC5EFD5
:104B9800AAE54FAAFB16EDFB43C586434DD79A4DB0
:104BA800335566338594118545CF8A45F910E9F95F
:104BB800020604027F81FE7F50F0A0503C44783CFE
:104BC8009FBA259FA8E34BA851F3A251A3FE5DA36A
:104BD80040C080408F8A058F92AD3F929DBC219D39
:104BE80038487038F504F1F5BCDF63BCB6C177B658
:104BF800DA75AFDA2163422110302010FF1AE5FF81
:104C0800F30EFDF3D26DBFD2CD4C81CD0C14180C30
:104C180013352613EC2FC3EC5FE1BE5F97A23597DF
:104C280044CC884417392E17C45793C4A7F255A704
:104C38007E82FC7E3D477A3D64ACC8645DE7BA5D20
:104C4800192B32197395E67360A0C0608198198199
:104C58004FD19E4FDC7FA3DC226644222A7E542A51
:104C680090AB3B9088830B8846CA8C46EE29C7EEEA
:104C7800B8D36BB8143C2814DE79A7DE5EE2BC5EBC
:104C88000B1D160BDB76ADDBE03BDBE03256643206
:104C98003A4E743A0A1E140A49DB9249060A0C066F
:104CA800246C48245CE4B85CC25D9FC2D36EBDD35B
:104CB800ACEF43AC62A6C46291A8399195A4319532
:104CC800E437D3E4798BF279E732D5E7C8438BC868
:104CD80037596E376DB7DA6D8D8C018DD564B1D5C6
:104CE8004ED29C4EA9E049A96CB4D86C56FAAC5681
:104CF800F407F3F4EA25CFEA65AFCA657A8EF47A49
:104D0800AEE947AE08181008BAD56FBA7888F078B7
:104D1800256F4A252E725C2E1C24381CA6F157A636
:104D2800B4C773B4C65197C6E823CBE8DD7CA1DDD0
:104D3800749CE8741F213E1F4BDD964BBDDC61BDA2
:104D48008B860D8B8A850F8A7090E0703E427C3E80
:104D5800B5C471B566AACC6648D890480305060361
:104D6800F601F7F60E121C0E61A3C261355F6A35B3
:104D780057F9AE57B9D069B986911786C15899C104
:104D88001D273A1D9EB9279EE138D9E1F813EBF8A3
:104D980098B32B981133221169BBD269D970A9D95C
:104DA8008E89078E94A733949BB62D9B1E223C1E9A
:104DB80087921587E920C9E9CE4987CE55FFAA55BC
:104DC80028785028DF7AA5DF8C8F038CA1F859A1A9
:104DD800898009890D171A0DBFDA65BFE631D7E654
:104DE80042C6844268B8D06841C3824199B02999C3
:104DF8002D775A2D0F111E0FB0CB7BB054FCA85441
:104E0800BBD66DBB163A2C1652096AD53036A53872
:104E1800BF40A39E81F3D7FB7CE339829B2FFF879A
:104E2800348E4344C4DEE9CB547B9432A6C2233D7E
:104E3800EE4C950B42FAC34E082EA16628D924B22F
:104E4800765BA2496D8BD12572F8F6648668981650
:104E5800D4A45CCC5D65B6926C704850FDEDB9DAAF
:104E68005E154657A78D9D8490D8AB008CBCD30A9D
:104E7800F7E45805B8B34506D02C1E8FCA3F0F0279
:104E8800C1AFBD0301138A6B3A9111414F67DCEA48
:104E980097F2CFCEF0B4E67396AC7422E7AD3585C1
:104EA800E2F937E81C75DF6E47F11A711D29C589CB
:104EB8006FB7620EAA18BE1BFC563E4BC6D27920AD
:104EC8009ADBC0FE78CD5AF41FDDA8338807C731B6
:104ED800B11210592780EC5F60517FA919B54A0DAE
:104EE8002DE57A9F93C99CEFA0E03B4DAE2AF5B023
:104EF800C8EBBB3C83539961172B047EBA77D6263F
:104F0800E169146355210C7D6BC1BEE22E409F966A
:104F1800E93D7E117393172AAE2D8A571E03AC9C68
:104F28009EB76FAC45AF8E5130C81C46A35CE411E8
:104F3800E5FBC1191A0A52EFF69F2445DF4F9B176C
:104F4800AD2B417BE66C371044416AC2D1F53C5821
:104F58003303917E6BE9EBE048E31E9E256718F268
:104F68009229319C19F15BA4058CCFFDBBCB382D60
:104F78001F6F56585D8A4ADEC34C052CC0DA8D7304
:104F8800451AFE5F03BE297FF3F6752AE8D7831119
:104F980038F041560631B1148B79EECC93A0EE5D12
:104FA800FF30B4EA21636DA4FACA37E0B0C853737E
:104FB800DF706E73F7C9AF865DF678DD17BA4E7588
:104FC800B61768C6ADEF7C7B4804E1818FE629758A
:104FD80019A3E88C573104138A05FC5E095AF48436
:104FE8008A08D328D3688E3D7BD966D53AD8C1BB09
:104FF80085D2ADFAE87BB104FE3C53653E2F45B53A
:105008006FCD88B2CC898FF0000102030405060732
:1050180008090A0B0C0D0E0F2B7E151628AED2A60A
:10502800ABF7158809CF4F3C0000000000000000D6
:1050380000000000000000008E73B0F7DA0E645222
:10504800C810F32B809079E562F8EAD2522C6B7B7A
:105058000000000000000000603DEB1015CA71BEA2
:105068002B73AEF0857D77811F352C073B6108D700
:105078002D9810A30914DFF43B3FD92EB72DAD208E
:10508800333449F8E83CFB4AC8A64537A0B3A93FE2
:10509800CDE3CDAD9F1CE58B26751F67A3CBB14033
:1050A800B1808CF187A4F4DFC04B05357C5D1C0E04
:1050B800EAC4C66F9FF7F2E6CDC80D6FDDF18CAB81
:1050C80034C25909C99A417467CE7F7F8117362146
:1050D800961A2B70171D3D7A2E1E8A1DD59B88B1F6
:1050E800C8E60FED1EFAC4C9C05F9F9CA9834FA0F4
:1050F80042AE8FBA584B09FFDC7E84BFDA79164B73
:105108007ECD8486985D386039FFED143B28B1C8A0
:1051180032113C6331E5407BDF10132415E54B92D7
:10512800A13ED0A8267AE2F975A385741AB9CEF8FB
:105138002031623D55B1E4710000003000000000EC
:105148000000000000000001006CB6DBC0543B59B1
:10515800DA48D90B0000000100E0017B27777F3F88
:105168004A1786F000000001AE6852F8121067CCAA
:105178004BF7A5765577F39E7E24067817FAE0D785
:1051880043D6CE1F325391637691BE035E5020A85A
:10519800AC6E618529F9A0DC100000002000000039
:1051A80024000000E4095D4FB7A7B3792D6175A30A
:1051B800261311B8000000000000000000000000E5
:1051C80000000000000000000000000000000000D7
:1051D800000000005104A106168A72D9790D41EE2B
:1051E8008EDAD388EB2E1EFC46DA57C8FCE630DF91
:1051F8009141BE28000000000000000000000000EF
:1052080000000000C1CF48A89F2FFDD9CF4652E922
:10521800EFDB72D74540A42BDE6D7836D59A5CEA71
:10522800AEF3105325B2072F000000000000000065
:105238000000000053696E676C6520626C6F636BD9
:10524800206D7367000000000000000000000000EF
:105258000000000000000000000000000000000046
:1052680000000000000102030405060708090A0BF4
:105278000C0D0E0F101112131415161718191A1BEE
:105288001C1D1E1F000000000000000000000000A0
:1052980000000000000102030405060708090A0BC4
:1052A8000C0D0E0F101112131415161718191A1BBE
:1052B8001C1D1E1F202122230000000000000000EA
:1052C800000000004142434445464748494A4B4C88
:1052D8004D4E4F505152535455565758595A616272
:1052E800636465666768696A6B6C6D6E6F7071720E
:1052F800737475767778797A303132333435363756
:1053080038392B2F7F7F7F7F7F7F7F7F7F7F7F7FD6
:105318007F7F7F7F7F7F7F7F7F7F7F7F7F7F7F7F95
:105328007F7F7F7F7F7F7F7F7F7F7F7F7F7F7F3EC6
:105338007F7F7F3F3435363738393A3B3C3D7F7F76
:105348007F407F7F7F000102030405060708090AE2
:105358000B0C0D0E0F101112131415161718197FB8
:105368007F7F7F7F7F1A1B1C1D1E1F202122232465
:1053780025262728292A2B2C2D2E2F303132337F12
:105388007F7F7F7F24486E5687625ABDBF17D9A298
:10539800C4171A0194ED8F1E11B3D7090CB6E91082
:1053A8006F22EE13CAB3070576C9FA316C0834FFC9
:1053B8008DC26C380043E95497AF504BD141BA9530
:1053C800315A0B974A456875566F64695772322F80
:1053D80046396D6978426361415A54746A78345227
:1053E8007339634A444C6270454738693768504B93
:1053F8007377634664736E364D5777494E502B4E1C
:10540800776D773441455070564A657655457652E2
:10541800516271564D566F4C6C773D3D000000004F
:105428000300000005000000070000000B0000005A
:105438000D0000001100000013000000170000001C
:105448001D0000001F0000002500000029000000CA
:105458002B0000002F000000350000003B0000007A
:105468003D00000043000000470000004900000024
:105478004F000000530000005900000061000000C8
:1054880065000000670000006B0000006D00000070
:10549800710000007F000000830000008900000008
:1054A8008B00000095000000970000009D000000A0
:1054B800A3000000A7000000AD000000B30000003A
:1054C800B5000000BF000000C1000000C5000000DA
:1054D800C7000000D3000000DF000000E300000068
:1054E800E5000000E9000000EF000000F100000006
:1054F800FB00000001010000070100000D01000091
:105508000F01000015010000190100001B01000037
:1055180025010000330100003701000039010000B7
:105528003D0100004B010000510100005B0100003B
:105538005D01000061010000670100006F010000CB
:10554800750100007B0100007F010000850100005B
:105558008D0100009101000099010000A3010000E5
:10556800A5010000AF010000B1010000B701000073
:10557800BB010000C1010000C9010000CD0100000D
:10558800CF010000D3010000DF010000E7010000A7
:10559800EB010000F3010000F7010000FD0100002D
:1055A800090200000B0200001D0200002302000097
:1055B8002D02000033020000390200003B02000007
:1055C800410200004B020000510200005702000097
:1055D800590200005F020000650200006902000035
:1055E8006B020000770200008102000083020000C5
:1055F800870200008D02000093020000950200005F
:10560800A1020000A5020000AB020000B3020000E6
:10561800BD020000C5020000CF020000D702000052
:10562800DD020000E3020000E7020000EF020000D4
:10563800F5020000F9020000010300000503000064
:10564800130300001D030000290300002B030000C2
:1056580035030000370300003B0300003D03000052
:105668004703000055030000590300005B030000D6
:105678005F0300006D030000710300007303000066
:10568800770300008B0300008F03000097030000DE
:10569800A1030000A9030000AD030000B30300004C
:1056A800B9030000C7030000CB030000D1030000CA
:1056B800D7030000DF030000E503000099FFFFFFA8
:1056C800B50200006102000015000000E4060000B9
:1056D800640300001C0000000BB1CD2D06D3502040
:1056E8000100000038411676D99360F272C2AB9A75
:1056F800750657A091F7B5C9A28CD290F607A727CF
:105708008EB249DE435CD7C73EF58F671F186EAF70
:105718002FE2850D53F09C65EAA3AE9EEC802D6BBD
:10572800A82B36A6C5864D33FD6658963A099510BE
:1057380078D842CCEF26E5611A3F3B82B6DBD49895
:10574800E88B02EB0A2C1DB06F8D880E19874E0B63
:10575800A90C79117F22E759E1DA3DC81204745483
:10576800307EB428556850BED0C431CB2AAD0FCA9C
:1057780070FF326908620024D1FBBAED4581736D70
:10578800849FEE4AC32EC101E6254899B9B37BF937
:10579800CEBFDF7129CD6C13649B639DC04BB7A549
:1057A800895FB117F4BCD346CF375E4794FAFC5BE8
:1057B80097FE5AAC3C4C0335F323B85D6A92D52169
:1057C8004451C67D3983DCAA7C7756051BA4153461
:1057D8001E1CF8522014E9BDDDE4A1E08AF1D67A56
:1057E800BBE3404F70822CECB327C0E5E485573506
:1057F800EA0CAE4123EF6B934519A521ED0E4F4EF0
:105808001D6592BD86B8AF8F7CEB1FCE3E30DC5F46
:105818005EC50B1AA6E139CAD5475D3DD9015AD6EE
:1058280051566C4D8B0D9A66FBCCB02D74122B2003
:10583800F0B18499DF4CCBC2347E76056DB7A931BF
:10584800D11704D714583A61DE1B111C320F9C166D
:105858005318F222FE44CFB2C3B57A912408E8A8BF
:1058680060FC6950AAD0A07DA1896297545B1E95FF
:10587800E0FF64D210C40048A3F775DB8A03E6DAB8
:10588800093FDD94875C8302CD4A90337367F6F352
:105898009D7FBFE2529BD826C837C63B81966F4B87
:1058A80013BE632EE979A78C9F6EBC8E29F5F9B6D5
:1058B8002FFDB4597898066AE74671BAD425AB42E9
:1058C80088A28DFA7207B955F8EEAC0A36492A68EB
:1058D8003C38F1A44028D37BBBC943C115E3ADF4E0
:1058E80077C7809E702CB3C0E457EAAE236B45A5FA
:1058F800ED4F1D9286AF7C1F3EDC5E0BA639D55D51
:10590800D95A516C8B9AFBB0742BF084DFCB347668
:105918006DA9D104143ADE11329C53F2FECFC37A3A
:1059280024E86069AAA0A162541EE0641000A3756F
:105938008AE609DD8783CD9073F69DBF52D8C8C625
:10594800816F1363E9A79FBC29F92FB47806E77123
:10595800D4AB888D72B9F8AC362A3CF140D3BB433E
:1059680015AD778082EC27E585350C41EF93192139
:105978000E4E65BDB88FEBCE305FC51AE1CA473D04
:1059880001D6564D0D66CC2D1220B1994CC27E051C
:10599800B73117D758611B1C0F16182244B2B5919E
:1059A80008A8FC50D07D89975B95FFD2C448F7DBE7
:1059B80003DA3F945C024A3367F37FE29B26373B66
:1059C800964BBE2E798C6E8EF5B6FD59986A46BAFE
:1059D8002542A2FA0755EE0A496838A4287BC9C1AE
:1059E800E3F4C79EE00558D9674E81CBC90BAE6A70
:1059F800D5185D8246DFD6278A324B42DB1C9E9C37
:105A08003ACA257B0D715F1FF8D73E9D7C60B9BEF1
:105A1800BC8B16344DC37295AB8EBA7AB302B4AD53
:105A2800A2ACD89A171A35CCF799615AE82456408F
:105A3800E1630933BF98978568FCEC0ADA6F536213
:105A4800A32E08AF28B074C2BD362238641E392C84
:105A5800A630E544FD889F65876BF4234810D15133
:105A6800C0F9D2A055A141FA4313C42FA8B63C2BC4
:105A7800C1FFC8A52089009047EFEAB71506CDB544
:105A8800127EBB290FB807049B942166E6CEEDE78A
:105A98003BFE7FC5A437B14C916E8D76032DDE9603
:105AA800267DC65CD3F24F193FDC791D52EBF36DAE
:105AB8005EFB69B2F0310CD4CF8CE275A94A5784E9
:105AC80011451BF5E40E73AAF1DD59146C9254D0FC
:105AD8007870E3498050A7F6779386832AC75BE9F5
:105AE800EE8F013DA09E667F3BCC908BB67AE8583E
:105AF8004CAA73B2C6EF372FE94F82BE54FF53A5A5
:105B0800F1D36F1C10E527FADE682D1DB05688C248
:105B1800B3E6C1FD0101010100000000010101011E
:105B28000000000001000101010100010101010064
:105B3800010100010001020308090A0B2627242598
:105B4800171415161BFFFF1AFFFFFFFFFFFFFFFFCC
:105B5800FFFFFFFFFFFFFFFFFFFFFFFF0405060733
:105B68000C0D0E0F10111213FF1819FF1F1C1D1E0C
:105B7800FFFFFFFFFFFFFFFFFFFFFFFFFFFFFFFF2D
:105B8800FFFFFFFF000102033D3E3F3CFFFFFFFF19
:105B98001B18191A23202122FFFFFFFF08090A0BEF
:105BA80010111213FFFFFFFF27242526FFFFFFFF19
:105BB8000C0D0E0F3A3B38391F1C1D1EFFFFFFFF4F
:105BC800040506074142434014151617FFFFFFFF5F
:105BD8002B28292A15161714FFFFFFFF121310117F
:105BE8000B08090A0F0C0D0E191A1B181D1E1F1C75
:105BF80012131011FFFFFFFFFFFFFFFF012345678F
:105C080089ABCDEFFEDCBA98765432100000000064
:105C1800000000000000000000000000000000007C
:105C2800000000000000000000000000000000006C
:105C3800000000000000000000000000012345678C
:105C480089ABCDEFFEDCBA987654321000112233BE
:105C580044556677000000000000000000000000C6
:105C6800000000000000000000000000000000002C
:105C7800000000000000000000000000012345674C
:105C880089ABCDEFFEDCBA9876543210001122337E
:105C9800445566778899AABBCCDDEEFF000000006A
:105CA80000000000000000000000000000000000EC
:105CB80000000000000000000000000067673138A5
:105CC800549669730857065648EABE43383C6C2A0E
:105CD800ABEF7FDE25CD470BF774A331B4993401C0
:105CE800B3E996F84EE5CEE7D79B09B9D1763FC020
:105CF80019D77CC930BFF2A56F7C93649ACC237DF9
:105D0800FF16D76C20EF7C919E3A75090503FB10AE
:105D1800AB241E7CF45D8CDEEE47433501234567DA
:105D280089ABCDEFFEDCBA98765432100000000043
:105D38000200000000000000000000000001020353
:105D48000405060708090A0B0C0D0E0F2B7E151605
:105D580028AED2A6ABF7158809CF4F3C000000004B
:105D68000000000000000000000000008E73B0F783
:105D7800DA0E6452C810F32B809079E562F8EAD203
:105D8800522C6B7B0000000000000000603DEB100F
:105D980015CA71BE2B73AEF0857D77811F352C0730
:105DA8003B6108D72D9810A30914DFF41607CF49D3
:105DB8004B36BBF00DAEB0B503C831ABA2F2CF671E
:105DC8001629EF7840C5A5DFB50748870F06165096
:105DD80008CF8B8B5A63586362543E542A4830ABC1
:105DE8005AC4A1A2405955FD2195CF935D5A869B6F
:105DF800D14CE54264F892A6DD2EC3D537D359C3FA
:105E0800349836D884E310ADDF68C449E6CFA35F81
:105E1800C02B134A4D2C0B6737AC3EDA36CBEB73ED
:105E2800BD504B4070B1B7DE2B21EB50E31A6055E3
:105E3800297D96CA3330CDF1B1860A836BC1BEE2A3
:105E48002E409F96E93D7E117393172AAE2D8A57EF
:105E58001E03AC9C9EB76FAC45AF8E5130C81C4634
:105E6800A35CE411E5FBC1191A0A52EF00000030E7
:105E7800000000000000000000000001006CB6DB1C
:105E8800C0543B59DA48D90B0000000100E0017BFF
:105E980027777F3F4A1786F000000001AE6852F866
:105EA800121067CC4BF7A5765577F39E7E240678BB
:105EB80017FAE0D743D6CE1F325391637691BE03CB
:105EC8005E5020A8AC6E618529F9A0DCD09DC29AED
:105ED8008214619A20877C76DB1F0B3F000000004C
:105EE80000000000000000000000000000000000AA
:105EF800000000000000000000000000DBF3C78D78
:105F0800C08396D4DA7C907765BBCB442B8E8E0FFA
:105F180031F0DCA72C7417E35360E0480000000060
:105F2800000000000000000000000000B19D1FCD2F
:105F3800CB75EB882F849CE24D85CF739CE64B2B69
:105F48005C9D73F14F2D5D9DCE9889CDDF5086966F
:105F580000000000000000000000000053696E67A8
:105F68006C6520626C6F636B206D736700000000C6
:105F78000000000000000000000000000000000019
:105F88000000000000000000000000000001020303
:105F98000405060708090A0B0C0D0E0F1011121341
:105FA8001415161718191A1B1C1D1E1F00000000B7
:105FB80000000000000000000000000000010203D3
:105FC8000405060708090A0B0C0D0E0F1011121311
:105FD8001415161718191A1B1C1D1E1F2021222301
:105FE8000000000000000000000000001000000099
:105FF8002000000024000000404142434445464739
:1060080048494A4B4C4D4E4F07000000080000001D
:106018000C00000008000000100000001400000040
:106028000400000010000000180000000400000038
:1060380006000000080000007162015B4DAC255DA0
:106048000000000000000000000000000000000048
:106058000000000000000000D2A1F0E051EA5F62F9
:10606800081A7792073D593D1FC64FBFACCD0000B7
:106078000000000000000000E3B201A9F5B71A7A99
:106088009B1CEAECCD97E70B6176AAD9A4428AA5B6
:10609800484392FBC1B099511011121314151617E9
:1060A80018191A1B202122232425262728292A2BC0
:1060B8002C2D2E2F30313233343536370001020380
:1060C8000405060708090A0B0C0D0E0F1011121310
:1060D800A70D00002D2D2D2D2D424547494E20435B
:1060E800455254494649434154452D2D2D2D2D0DDA
:1060F8000A4D494944687A4343416D2B67417749C2
:1061080042416749424144414E42676B71686B693D
:10611800473977304241515546414441374D5173D3
:1061280077435159445651514745774A4F5444454E
:10613800520D0A4D4138474131554543684D49553F
:1061480047397359584A545530777847544158421B
:10615800674E5642414D5445464276624746795508
:10616800314E4D4946526C6333516751304577483B
:1061780068634E0D0A4D5445774D6A45794D545123
:10618800304E4441775768634E4D6A45774D6A45AE
:10619800794D5451304E444177576A41374D5173C8
:1061A80077435159445651514745774A4F544445CE
:1061B800524D4138470D0A4131554543684D4955BF
:1061C80047397359584A545530777847544158429B
:1061D800674E5642414D5445464276624746795588
:1061E800314E4D4946526C6333516751304577679C
:1061F8006745694D4130470D0A435371475349621A
:106208003344514542415155414134494244774113
:10621800776767454B416F494241514441337A663C
:1062280038463776676C70302F687436574D6E3144
:1062380045705261677A5348780D0A6D6454733615
:10624800737438474667496C4B58736D38574C33ED
:10625800786F656D54695A687835377749303533C2
:106268007A6864634867483035375A6B2B693563F9
:106278006C48467A714D7755716E790D0A35304202
:1062880077464D74456F6E494C777556412B543798
:106298006C7067367A2B65784B593843344B5142CA
:1062A800306E466337714B55456B48487876595080
:1062B8005A5039616C346A77716A2B386E0D0A59F5
:1062C8004D50476E38753637474239742B61454D06
:1062D8007235502B31676D49674E62314C54562BDD
:1062E8002F586A6C693577774F51757666777537A9
:1062F800754A42566341304C6E306B636D6E4C0D7F
:106308000A5237455551494E395A2F5347396A472A
:106318007238586D6B7372557545766D45462F42C8
:10632800696279632B45316978564130686D6E4DE5
:10633800336F54445062354C6339756E38724E73FE
:10634800750D0A4B4E462B416B736A6F4258794F55
:1063580047566B43656F4D626F34624636427879B3
:106368004C4F6279617670772F4C50683561506771
:106378004149796E706C5962364C5641674D4241BD
:1063880041476A0D0A675A5577675A497744415910
:10639800445652305442415577417745422F7A410D
:1063A8006442674E564851344546675155744672A3
:1063B8006B70625065306C4C327564576D6C512F40
:1063C8007250727A480D0A2F6638775977594456B1
:1063D80052306A42467777576F41557446726B70F0
:1063E800625065306C4C327564576D6C512F725029
:1063F800727A482F662B68503651394D447378436A
:106408007A414A42674E560D0A42415954416B350A
:106418004D4D524577447759445651514B4577680D
:106428005162327868636C4E545444455A4D426305
:10643800474131554541784D515547397359584A67
:1064480054553077675647567A0D0A64434244518B
:106458005949424144414E42676B71686B694739FB
:106468007730424151554641414F4341514541756D
:10647800503155324142556B49736C734366646CB5
:10648800633269393451484859654A0D0A53735281
:106498003445646748746463695549354936324AF6
:1064A800364D6F6D2B593064542F37612B38533666
:1064B8004D564D435A503643354E794E79587731BB
:1064C8004757592F5952383258544A38480D0A44B8
:1064D800424A6943546F6B3544625A36537A614F66
:1064E8004E427A645748587757776D6935766731E1
:1064F80064786E375978724D396430496A784D320C
:1065080037574E4B7334734451685A42516B460D9A
:106518000A706A6D6673326362346F506C3459392D
:1065280054396D6554782F6C76646B52594575678C
:1065380036314A666E3663412B714870795059641A
:1065480054482B55736849546E6D70352F5A746BC7
:10655800660D0A6D2F5554534C424E464E4865738E
:1065680069545A654833314E637859476448536DC6
:1065780065394E632F67666964526130464C4F43F4
:10658800665778526C4671414934377A47396A41BF
:1065980051435A0D0A375A326D4347444E4D686A83
:1065A80051632B425963646E6C306C50586A644472
:1065B8004B36563071436731645665776855426388
:1065C8005735675A4B7A563765392B447056413DD3
:1065D8003D0D0A2D2D2D2D2D454E44204345525459
:1065E800494649434154452D2D2D2D2D0D0A2D2D5C
:1065F8002D2D2D424547494E204345525449464981
:10660800434154452D2D2D2D2D0D0A4D49494468E2
:106618007A4343416D2B674177494241674942417B
:1066280044414E42676B71686B6947397730424124
:10663800517346414441374D51737743515944563C
:1066480051514745774A4F544445520D0A4D4138F8
:106658004741315545436777495547397359584A32
:1066680054553077784754415842674E5642414D09
:106678004D454642766247467955314E4D49465218
:106688006C63335167513045774868634E0D0A4D46
:106698005463774E5441304D5459314E7A417857AE
:1066A80068634E4D6A63774E5441314D5459314EAB
:1066B8007A4178576A41374D517377435159445657
:1066C80051514745774A4F544445524D4138470D3B
:1066D8000A41315545436777495547397359584AEF
:1066E80054553077784754415842674E5642414D89
:1066F8004D454642766247467955314E4D49465298
:106708006C6333516751304577676745694D413050
:10671800470D0A4353714753496233445145424137
:1067280051554141344942447741776767454B4168
:106738006F494241514441337A6638463776676C2F
:1067480070302F687436574D6E3145705261677AD4
:106758005348780D0A6D6454733673743847466726
:10676800496C4B58736D38574C33786F656D546965
:106778005A6878353777493035337A6864634867BB
:10678800483035375A6B2B6935636C48467A714DFA
:106798007755716E790D0A35304277464D74456FDD
:1067A8006E494C777556412B54376C7067367A2B87
:1067B80065784B593843344B5142306E46633771D4
:1067C8004B55456B4848787659505A5039616C3466
:1067D8006A77716A2B386E0D0A594D50476E3875B5
:1067E8003637474239742B61454D7235502B316726
:1067F8006D49674E62314C54562B2F586A6C693577
:1068080077774F51757666777537754A4256634183
:10681800304C6E306B636D6E4C0D0A5237455551D6
:10682800494E395A2F5347396A477238586D6B7336
:1068380072557545766D45462F42696279632B45D9
:10684800316978564130686D6E4D336F54445062EB
:10685800354C6339756E38724E73750D0A4B4E465A
:106868002B416B736A6F4258794F47566B43656F7C
:106878004D626F346246364278794C4F6279617660
:1068880070772F4C5068356150674149796E706C4C
:106898005962364C5641674D424141476A0D0A6775
:1068A8005A5577675A4977485159445652304F429A
:1068B800425945464C5261354B577A33744A5339DD
:1068C800726E5670705550367A3638782F332F4D91
:1068D800474D4741315564497752634D4671410DE3
:1068E8000A464C5261354B577A33744A5339726EA3
:1068F8005670705550367A3638782F332F6F542BA0
:106908006B505441374D5173774351594456515147
:106918004745774A4F544445524D413847413155D0
:10692800450D0A436777495547397359584A5455AD
:106938003077784754415842674E5642414D4D454D
:106948004642766247467955314E4D4946526C6308
:106958003351675130474341514177444159445677
:106968005230540D0A42415577417745422F7A41BA
:106978004E42676B71686B69473977304241517392
:106988004641414F4341514541484B2F4848725475
:106998005A4D6E6E564D70646531696F2B766F4136
:1069A80074716C376A0D0A347352684C726A4437D2
:1069B8006F33544874775262446132646943767025
:1069C8007130537132334E67324C4D596F58734F93
:1069D800786F4C2F52514B33694E37554B7856339D
:1069E8004D4B50457230770D0A5851532B6B4B5114
:1069F80071695432627366726A6E574D56485A749A
:106A0800554F4D706D36464E716364476D2F527306
:106A18007333764B6461326C634B6C386B556E71B3
:106A28002F796C63312B5162420D0A473641367417
:106A38005576516372325A79576656672B6D4D35C4
:106A4800586B6854724F4F587573324F4C696B626C
:106A580034577745744A544A524E4530662B79501C
:106A68004F4453557A302F765435370D0A417048C4
:106A780030436E42383062594A7368594850484822
:106A8800796D4F746C654142384B535974716D3749
:106A980035672F594E6F626A6E6A4236636D3448A5
:106AA8006B57334F5A5256496C366659590D0A6E10
:106AB80032304E52564131566A73364741524F7200
:106AC800344E7157346B2F2B4C6F66593979304CD3
:106AD8004C44452B70306F49454B5849734976688B
:106AE8005072333973777853413D3D0D0A2D2D2D62
:106AF8002D2D454E4420434552544946494341545F
:106B0800452D2D2D2D2D0D0A2D2D2D2D2D42454791
:106B1800494E2043455254494649434154452D2D39
:106B28002D2D2D0D0A4D494943556A43434164654E
:106B380067417749424167494A414D4644346E3579
:106B48006951387A6F4D416F4743437147534D340C
:106B58003942414D434D443478437A414A42674E65
:106B680056424159540D0A416B354D4D52457744B3
:106B78007759445651514B4577685162327868636A
:106B88006C4E54544445634D426F4741315545411D
:106B9800784D545547397359584A7A63327767564E
:106BA80047567A644342460D0A517942445154414A
:106BB80065467730784D7A41354D6A51784E545153
:106BC800354E446861467730794D7A41354D6A498A
:106BD800784E5451354E4468614D443478437A4177
:106BE8004A42674E56424159540D0A416B354D4D44
:106BF800524577447759445651514B45776851620D
:106C0800327868636C4E54544445634D426F474133
:106C180031554541784D545547397359584A7A6327
:106C28003277675647567A644342460D0A5179428D
:106C380044515442324D42414742797147534D3491
:106C4800394167454742537542424141694132499A
:106C580041424D50614B7A52424E316776683162FB
:106C68002B2F496D364B554E4C547542750D0A778E
:106C7800773558557A4D35574E5253744A47564FC3
:106C880051736A333138584A474A492F4271564B33
:106C98006334734C59664369464B4172395A717172
:106CA800794864754E4D63626C6934797569790DFC
:106CB8000A6159377A516130707737526664616476
:106CC800486239555A4B5656706D6C4D37494C527F
:106CD8006D466D417A48714F426F4443426E54414C
:106CE8006442674E5648513445466751556E573091
:106CF800670D0A4A456B425079764C654C555A7671
:106D080048346B796476374E6E77776267594456A4
:106D180052306A424763775A5941556E5730674A2D
:106D2800456B425079764C654C555A7648346B79A8
:106D38006476370D0A4E6E7968517152414D44346C
:106D480078437A414A42674E5642415954416B351D
:106D58004D4D524577447759445651514B457768C4
:106D68005162327868636C4E54544445634D426FA7
:106D780047413155450D0A41784D545547397359A6
:106D8800584A7A633277675647567A64434246517F
:106D98007942445159494A414D4644346E35695106
:106DA800387A6F4D41774741315564457751464DA3
:106DB800414D42416638770D0A436759494B6F5A2E
:106DC800497A6A304541774944615141775A674960
:106DD80078414D4F30596E4E574B4A55416658676A
:106DE800534A744A7865786E346970672B6B7634C9
:106DF8007A6E755235307635360D0A7434643050F3
:106E080043753431326D5543364E6E6437697A7640
:106E18007445324D6749784150316E6E4A516A5A0D
:106E2800384257756B737A465144473438777843FC
:106E38004379636939717064534D760D0A75436AF5
:106E48006E387077554F6B4142584B384D737339D4
:106E580030667A436643454F7449413D3D0D0A2DDE
:106E68002D2D2D2D454E4420434552544946494326
:106E78004154452D2D2D2D2D0D0A0000AB06000087
:106E88002D2D2D2D2D424547494E2052534120503E
:106E9800524956415445204B45592D2D2D2D2D0D28
:106EA8000A4D4949457041494241414B4341514589
:106EB80041794854457A4C6E3574586E7052646BFB
:106EC80055594C423975355079617836664D3630AA
:106ED8004E6A346F38566D586C3345545A7A476148
:106EE800460D0A423958344A37424B4E64426A6E5C
:106EF8006770754737666138483672376777516B00
:106F0800345A4A4744547A71437253562F5575314F
:106F18004339334B59526854594A516A3665565366
:106F28004844310D0A626B327931525044306872EC
:106F380074356B507151685472644F724137522FD7
:106F4800555630367038366A74307544424D484567
:106F5800774D6A4456302F594930465A50526F3748
:106F680079582F6B390D0A5A3547494D43354373C4
:106F78007439392B2B554D642F2F734D6342346A66
:106F8800372F4366387174624348576A646D4C61A1
:106F98006F3576344A76344546624D7334345446F8
:106FA800655930424762480D0A37766B32446D7135
:106FB8005639676D61426D66305A58483479715355
:106FC800784A65442B504973314247653634453910
:106FD800326866782F2F445A7274656E4E4C514E43
:106FE8006954724D39414D2B760D0A6471427056C1
:106FF8006F4E7130716A553531427835725532426B
:1070080058634662587649354D5439544E55685838
:1070180077494441514142416F49424147644E7466
:1070280066594469617036627A73740D0A796843E7
:107038006949386D39547472685A77344D69736187
:1070480045614E2F6C6C3358536A614F47326476F2
:107058005636784D5A434D562B3554655844484F4B
:10706800415A6E59313859693138767A7A0D0A346D
:10707800557432546E4E467A697A434543594E6187
:107088004132665354335767496E6E78556B5633A1
:10709800595841795036434E784A61436D7632618A
:1070A8004130794672326B46565365614B47740DD1
:1070B8000A796D766C6A4E70324E566B766D37541F
:1070C8006838664251424F3749374158687A3433F5
:1070D8006B306D5237586D50676577653841705A17
:1070E8004F47336873746B4F614D766257417657DB
:1070F800410D0A7A435A757064446A5A596A4F4A6C
:10710800716C41346545413448382F7737463833F8
:107118007235437567654245384C674552456A4C38
:10712800506979656A725535483166756245592BDB
:107138006830640D0A6C35485A424A3638796254C8
:107148005866513555396F2F514B4133646430744B
:107158006F4245686864525544477A57746A76772F
:107168006B455166714631726547576A2F746F6473
:107178002F674370660D0A444669365830454367A1
:1071880059454134774F762F706A534333747936B3
:1071980054754F764B5832724F556942724C585855
:1071A80076324A53785A6E4D6F4D69574935697032
:1071B8004C51742B5259540D0A565061664C2F6D20
:1071C80037446E364D62776A61794F6B635A68420D
:1071D800776B35434E7A35413651346C4A36344DE7
:1071E800712F6C71487A6E52435151324D63314759
:1071F80038657944462F66594C0D0A5A6532704CE9
:10720800767750395644356A5463326D69446677E7
:107218002B4D6E764A68797752524C63656D4446B9
:1072280050386B34685156746D38504D70335A6D00
:107238004E45436759454134677A370D0A777A4F87
:10724800625234676E386962653631377551505A03
:107258006A577A556A3964554859642B696E31679B
:107268007742434972744E6E61526E394939552FCF
:10727800513674656752597069693479730D0A63B8
:107288003137364E6D552B756D7936586D75534BB4
:1072980056357144396253705A5747326E4C466EB0
:1072A800736C724E31354C6D3366685A786F654D24
:1072B8004E6842614544546E4C543236796F690DBC
:1072C8000A33336770306D5353577939345A4571DF
:1072D80069706D732B554C46367359315A7446573D
:1072E80036747047466F7938436759415148686E1C
:1072F8006E764A666C4973326B7934713130423636
:10730800300D0A5A6378467033727444706B70306B
:107318004A7868464C6869697A4672756A4D745A43
:10732800536A594E6D3555374B6B67505648684C04
:10733800454C455576436D4F6E4B54743461702FF0
:10734800765A300D0A42784A4E6531475A483370AA
:107358005736534176474451706C397347377575C2
:107368002F765446502B6C4378756B6D7A78423083
:107378004472724463766F72456B4B4D6F6D375A2A
:1073880043435276570D0A4B5A735A365965483259
:107398005A3831426175526A3231386B514B426703
:1073A800514355562F44674B503239383578445439
:1073B8005437394E30386A556F33685450354D5606
:1073C800594343756A2F2B0D0A5565457731547615
:1073D8005A6378334C4A627937503658616436615B
:1073E800312F42717665614779464B496645464972
:1073F8006142554249746B3830317344447044617A
:10740800596334674C303058630D0A376C467542FF
:10741800484F5A6B784A596C737335517247707577
:107428004F456C395A775574354972464C42645900
:10743800614B714E487A4E56433170435066622F05
:107448004A794836447232485578710D0A6778553A
:107458007741514B4267514363553647324C384167
:1074680047396439633055704F794C31744D7646DD
:107478006535547477304B6A6C5156647368314D76
:107488005036796967596F3944597577750D0A62AD
:107498004846565732723064425471656750322FED
:1074A8004B544F784B7A6148664331716630524786
:1074B8004473556F4A434E4A72643163776F434C45
:1074C8004738503245463477334F42724B71760D08
:1074D8000A38753479745930462B566C616E6A35A2
:1074E8006C6D3354616F48535646312B4E57507963
:1074F8004F5469776576494543474B775378766C9F
:107508006B6934664441413D3D0D0A2D2D2D2D2DCD
:10751800454E44205253412050524956415445202B
:107528004B45592D2D2D2D2D0D0A00001705000056
:107538002D2D2D2D2D424547494E20434552544966
:107548004649434154452D2D2D2D2D0D0A4D4949B0
:107558004468544343416D32674177494241674922
:10756800424244414E42676B71686B6947397730D4
:107578004241517346414441374D51737743515904
:10758800445651514745774A4F544445520D0A4D88
:10759800413847413155454367774955473973590C
:1075A800584A54553077784754415842674E5642A6
:1075B800414D4D454642766247467955314E4D49D3
:1075C80046526C63335167513045774868634E0DB6
:1075D8000A4D5463774E5441314D544D774E7A5588
:1075E800355768634E4D6A63774E5441324D544D5A
:1075F800774E7A5535576A41384D5173774351590B
:10760800445651514745774A4F544445524D4138A5
:10761800470D0A41315545436777495547397359ED
:10762800584A5455307778476A415942674E56420E
:10763800414D4D455642766247467955314E4D4942
:10764800454E7361575675644341794D49494249DE
:107658006A414E0D0A42676B71686B69473977302A
:10766800424151454641414F43415138414D4949B5
:107678004243674B4341514541794854457A4C6EE2
:107688003574586E7052646B55594C423975355083
:1076980079617836660D0A4D36304E6A346F385641
:1076A8006D586C3345545A7A476146423958344AC2
:1076B80037424B4E64426A6E677075473766613869
:1076C800483672376777516B345A4A4744547A714F
:1076D800437253562F55750D0A314339334B59525E
:1076E8006854594A516A36655653484431626B3278
:1076F800793152504430687274356B507151685406
:1077080072644F724137522F555630367038366A88
:1077180074307544424D4845770D0A4D6A445630D9
:107728002F594930465A50526F3779582F6B395A6A
:107738003547494D433543737439392B2B554D64BF
:107748002F2F734D6342346A372F43663871746242
:107758004348576A646D4C616F35760D0A344A7632
:10776800344546624D733434544665593042476255
:107778004837766B32446D715639676D61426D6674
:10778800305A584834797153784A65442B504973B4
:107798003142476536344539326866782F0D0A2FED
:1077A800445A7274656E4E4C514E6954724D39414B
:1077B8004D2B7664714270566F4E7130716A553533
:1077C80031427835725532425863466258764935A7
:1077D8004D5439544E556858774944415141420DEA
:1077E8000A6F3447534D4947504D42304741315550
:1077F8006444675157424252786F51427A636B41F1
:107808007656485A654D2F78536A377A78335774C5
:10781800474954426A42674E5648534D4558444278
:10782800610D0A674253305775536C733937535596
:1078380076613531616156442B732B764D66392F4D
:1078480036452F704430774F7A454C4D416B474150
:1078580031554542684D43546B7778455441504201
:10786800674E560D0A42416F4D434642766247467F
:107878007955314E4D4D526B774677594456515193
:10788800444442425162327868636C4E54544342D5
:10789800555A584E3049454E42676745414D416BF0
:1078A80047413155640D0A457751434D414177446D
:1078B80051594A4B6F5A496876634E4151454C427B
:1078C80051414467674542414337794F3738364E0F
:1078D800766348704B38556F764B49473963423366
:1078E800326F5351516F6D0D0A4C6F5230654844D9
:1078F800527A6471456B6F713779475A7566484695
:10790800695241417A624D714A666F675274786C68
:10791800725741654234792F6A47614D4256323574
:107928004962464F49634832570D0A694345614DDC
:107938004D62472B56514C4B4E76754336336B6D23
:10794800772F5A6577633954684D365061314863EB
:1079580079306178543066616631422F5530316A2A
:1079680030464963772F366D54664B0D0A44387795
:1079780034384F497763317972304A747574435695
:107988006A696735444330797A6E474D74333252A9
:107998007973654F4C6355652B6C6671303035765D
:1079A80032504169436F7A7235583872450D0A6F03
:1079B80066475A70694D324E715250655067597911
:1079C8002B566337355A6B3238786B525171316E9A
:1079D8006370726751623353347654735A645363D5
:1079E800704D39684C662B654D6C7267716C6A0D09
:1079F8000A6335504C536B5842654C45352B6665C8
:107A0800646B796654614C7878516C674370756F14
:107A18004F684B426D30342F523170574E7A55486B
:107A2800797161676A4F39513D0D0A2D2D2D2D2D24
:107A3800454E442043455254494649434154452DF7
:107A48002D2D2D2D0D0A0000AB0600002D2D2D2DFE
:107A58002D424547494E20525341205052495641E4
:107A68005445204B45592D2D2D2D2D0D0A4D494995
:107A7800457041494241414B434151454177553257
:107A88006A3365664E4864454531306C79754A6D90
:107A980073446E6A6B4F6A784B7A7A6F54467442B5
:107AA80061354D326A4149696E376835720D0A6C25
:107AB800716453744A44764C584A36506953612F5E
:107AC8004C593072435431642B416D5A4979637370
:107AD8004368396F6472716A4F624A484A61382F45
:107AE80073454555724D32314B5036346246320D2E
:107AF8000A324A44425962526D556A61694A6C4F6A
:107B080071713352654233305A6774737132422B44
:107B180067325130634C556C6D3931736C63306228
:107B28006F4334705061517931414A4468326F492A
:107B3800510D0A5A6E32755643754C5A586D526F2C
:107B4800654A687738314153516A7561417A786975
:107B580034625352722F51754B6F524178352F56FC
:107B6800716761486B515944772B466939714C529A
:107B78004637690D0A474D5A694C38646D6A667014
:107B8800643248337A4A346B7041635751446A38D7
:107B98006E38544449536737763174374878796476
:107BA800727877553965735143504A6F6450672F1F
:107BB8006F4E4A68620D0A79334E4C5570625945CA
:107BC800614973674968704F567254443744655722
:107BD800533852782F6671456745776C7749444129
:107BE800514142416F4942415143585230533845FF
:107BF800494846474F525A0D0A2B2B41744F673656
:107C080065454E78442B7856733066314965477A16
:107C18003537546A6F33516E58583756425A4E6446
:107C28006A2B70314543766843452F4737586E6B4A
:107C3800675535684C5A582B470D0A5A306A6B7A83
:107C48002F74714A4F4930765253644C42626970BE
:107C5800486E576F7579425134652F413179494AD9
:107C6800646C42747158784A314B452F6974754871
:107C780052624E63346A346B4C385A0D0A2F72368E
:107C88007076776E5449305053783245717330347A
:107C98003859645339324C543671417634666C62C3
:107CA8004E44784D6E327559377334796353345175
:107CB8003877314A586E436561416E596D0D0A57E0
:107CC80059493577784F2B627652454C52324D637D
:107CD8007A35446D566E4C386A52796D6C366C360E
:107CE800353832625376356F756652654649627922
:107CF800505A6251576C5867596E70753648650D01
:107D08000A4754633745317A4B595147472F392B26
:107D18004451556C2F3176517543507151776E79B6
:107D28003074516F5832773574645970644D6456A5
:107D38006D2B7A6B4C7462616A7A645476694A4A2C
:107D4800610D0A54577A4C366C7435416F4742417D
:107D58004E38362B5356654A44636D514A63763420
:107D680045713655687452723451474D69514D7A90
:107D780030536F64366574745978597A4D677874DE
:107D88007732380D0A43497267706F7A43632B550F
:107D9800615A4A4C6F375578764336616E3835727A
:107DA8003162326E4B50434C51466167674A3048E6
:107DB8003451304A2F735A4F68424958616F427A9A
:107DC800577876654B0D0A6E757063654B64567807
:107DD8004773466938434479383644426669794678
:107DE800697666426A2B3437426261517A50426A38
:107DF800374334724B37556C4C6A61623272444176
:107E08006F4742414E32750D0A414D326763686FC4
:107E180046697534763148464C3844376C77654541
:107E28007069365A6E4D4A6A6E45752F64456747C4
:107E3800514A466A7764704C6E5062736A3463378D
:107E4800356F645134477A38670D0A7377396C6136
:107E58006F3956567A6275736F52452F4A474934BF
:107E68006154644F307041545879473765473151F0
:107E7800752B355963315947586343726C694132E0
:107E8800784D3978782B6437662B730D0A6D507AE4
:107E98004E2B5749456735474A44595A446A417AEF
:107EA800484735424E76692F46664D314339644F0F
:107EB800746A763264416F4741463074354B6D774A
:107EC800626A574842686356714F3449630D0A42E3
:107ED80056764E3342496C6331756532595258456E
:107EE800446C785935623072384E345863654D6742
:107EF8004B6D5731384F4841705A78666C38755019
:107F0800446175575A4C584F676C34756570760DD7
:107F18000A77685A43334575577253797949434EFE
:107F2800684C593231416837686249454250463396
:107F38004C335A734F77432B5545724C2B64585723
:107F48004C644235364A677933675A614265573718
:107F5800620D0A764472456E6F634A6271436D37EB
:107F680049756B6858484F424B38436759454177C4
:107F780071644842306871794E537A494F4759378E
:107F8800763961627A42367055644133425A695192
:107F98007645730D0A334C6A4856643448504A3261
:107FA80078304E384367724249574F453071382B05
:107FB8003068534D6D6545393657572F376A443306
:107FC800665057774352357A6C586B6E78425173C6
:107FD80066763067500D0A3342433550523051644B
:107FE80079707A2B642B397A664D663632356B791F
:107FF800697434542F687A77684476655A557A4894
:108008006E6B3143662B494737512B544F456E4CA5
:108018006E5741574245440D0A49534F576D7255A3
:108028004367594146456D5278677741632F752BF1
:10803800443674307379437741596836504F7473B6
:10804800637139593069394779576B38394E7A67CE
:1080580043344E6477776242480D0A344167616859
:108068004F78497858783267784A6E713379666BF9
:108078004A66496A7766307332447950306B5932B0
:1080880079365561314F656F6D506559396D724953
:1080980053347443754451364C72450D0A54423674
:1080A8006C3956476F784A4C346679486E5A62384C
:1080B8004C356747766E423162624438634C3659B4
:1080C800506144694F686352736543397642694524
:1080D8007556673D3D0D0A2D2D2D2D2D454E4420FD
:1080E8005253412050524956415445204B45592D31
:1080F8002D2D2D2D0D0A0000AD0400002D2D2D2D48
:108108002D424547494E204345525449464943412B
:1081180054452D2D2D2D2D0D0A4D4949444E7A4398
:108128004341682B674177494241674942416A4167
:108138004E42676B71686B694739773042415155D8
:1081480046414441374D5173774351594456515133
:108158004745774A4F544445520D0A4D41384741E7
:1081680031554543684D495547397359584A54550F
:108178003077784754415842674E5642414D5445EE
:108188004642766247467955314E4D4946526C63B0
:10819800335167513045774868634E0D0A4D544551
:1081A800774D6A45794D5451304E44413257686392
:1081B8004E4D6A45774D6A45794D5451304E44418C
:1081C80032576A41304D5173774351594456515192
:1081D8004745774A4F544445524D4138470D0A4167
:1081E80031554543684D495547397359584A54558F
:1081F800307778456A415142674E5642414D544363
:10820800577876593246736147397A644443434113
:108218005349774451594A4B6F5A496876634E0D12
:108228000A415145424251414467674550414443E0
:108238004341516F4367674542414D464E6F39335D
:108248006E7A523352424E644A6372695A724135A9
:108258003435446F385373383645786251577554FE
:108268004E0D0A6F774349702B34656135616E5541
:1082780072535137793179656A346B6D7679324E3C
:108288004B776B395866674A6D534D6E4C416F6634
:10829800614861366F7A6D79527957765037424224
:1082A800464B7A0D0A4E74536A2B75477864746985
:1082B80051775747305A6C49326F695A5471717403
:1082C800305867643947594C624B7467666F4E6B18
:1082D8004E4843314A5A7664624A584E4736417589
:1082E8004B54326B4D0D0A745143513464714345FC
:1082F800475A39726C5172693256356B61486959FF
:1083080063504E51456B49376D674D385975473045
:108318006B612F304C697145514D656631616F470E
:10832800683545474138500D0A68597661693052B9
:108338006534686A4759692F485A6F3336586468F4
:10834800393879654A4B5148466B41342F4A2F4595
:108358007779456F4F373962657838636E6138636E
:108368004650587245416A79610D0A48543450366E
:108378004453595738747A53314B57324247694CF2
:1083880049434961546C6130772B77336C6B764580
:10839800636633366849424D4A63434177454141F4
:1083A800614E4E4D457377435159440D0A5652302C
:1083B80054424149774144416442674E56485134DA
:1083C80045466751557051586F5A4C6A633332416C
:1083D8005055424A4E594B686B7230324C51354DAC
:1083E80077487759445652306A424267770D0A46B1
:1083F8006F41557446726B70625065306C4C3275C3
:1084080064576D6C512F7250727A482F66387744D2
:1084180051594A4B6F5A496876634E415145464215
:1084280051414467674542414A786E58436C590D3B
:108438000A6F486B62703730637142727347584CE9
:108448007962413734637A624F3552644C456746E6
:1084580073377248565339722B633239336C7553FC
:108468002F4B646C694C53635A71417A5956796C35
:10847800770D0A55665257764B4D6F576848594BDA
:10848800703364454953347854586B362F357A58CD
:108498007868763952773853476338716E3676493B
:1084A80054486B3153316D50657674656B676173F1
:1084B8005935590D0A695751754D33683459566CF9
:1084C8005248334848454D414431546E41657866B9
:1084D80058484844465147652B4264316941627A9D
:1084E800312F73483948386C345374775836656778
:1084F80076544B334D0D0A775852776B4B6B766A2F
:108508004B61454441394154625A78306D49384C81
:10851800477378537543716539723964796A6D7434
:10852800746434374A31703152756C7A33434C7AFB
:10853800615263564975530D0A5252516661443867
:108548006E654D396331532F694A2F616D545671E9
:108558004A7841314B4F644F53353738305768505C
:1085680066534172412B673471416D536A656C6380
:108578003370347757706861380D0A7A687559779F
:108588006A567558364A484730633D0D0A2D2D2DD9
:108598002D2D454E442043455254494649434154A4
:1085A800452D2D2D2D2D0D0A000000000C0000007A
:1085B800506F6C617253534C546573740000000023
:1085C800F60600002D2D2D2D2D424547494E2052EF
:1085D80053412050524956415445204B45592D2D61
:1085E8002D2D2D0D0A50726F632D547970653A2028
:1085F800342C454E435259505445440D0A44454B7A
:108608002D496E666F3A204445532D454445332D18
:108618004342432C4138413935423035443542379D
:10862800323036420D0A0D0A3951643947654172B4
:10863800656A6C3147445668326C4C5631624874EE
:108648003063507466626835682F357A56704156C3
:10865800614670717453504D72456C703530526E6E
:10866800746E3965742B4A410D0A37564F79626F1B
:10867800522B497932742F4855345776413638375A
:108688006B33427070653947774B486A4868746C39
:108698002F2F3878464B775A7233586235794F35D1
:1086A8004A5550384155637451710D0A4E6238432A
:1086B8004C6C5A797555432B353252454141746893
:1086C80064576773582B37644A4F347961627A5517
:1086D800635132325470394A53443068694C3433E8
:1086E800426C6B5759554E4B3364416F0D0A505AC3
:1086F8006C6D6970746A6E7A56546A67314D787316
:10870800425379645A696E574F4C4256382F4A5132
:10871800677853506F3279443475456669673238E3
:108728007162765132774E496E30706E41620D0A31
:1087380047786E53414F617A6B6F6E67454766762F
:10874800636A4949732B4C5A4E39675846687863AF
:108758004F68366B6334512F633939423751574567
:1087680054774C4C6B59675A2B7A316139565939C1
:108778000D0A67455537437743785943442B683981
:1087880068593646506D734B302F6C43344F376100
:1087980065524B7059713030725050787336693762
:1087A8007068696578673661783679544D6D4172BD
:1087B80051710D0A516D4B335441734A6D38562F20
:1087C8004A354157704C4556366A41466752477993
:1087D8006D4747486E6F663044587A56575A6964F1
:1087E80072635A4A57544E7547455839306E42336A
:1087F800656532770D0A50584A4546574B6F4433E2
:108808004B33614663534C64485972336D4C477817
:108818005037483954685161693956737963785AC1
:108828004B53356B7776424B512F2F594D726D460E
:108838006677506B38780D0A76546559344B5A4D23
:10884800615572766545656C3574575A43393452AB
:10885800534D4B67785236637945316E4258795497
:10886800516E444F476266704E4E67424B78794B63
:1088780062494E576F4F4A550D0A574A5A41776C0D
:1088880073516E2B517A434477707269372B735644
:10889800316D53336742453655593761516D6E6DA9
:1088A80069696143325633486270687863742F652A
:1088B8006E35517366444F7431580D0A4A637A53C2
:1088C800667052574C6C62507A6E5A67384F5168CE
:1088D8002F5667434D4135384E35446A4F7A5449CF
:1088E8004B37734A4A35722B39345A4254437067AE
:1088F800414D624635383866304E54520D0A4B4366
:108908006534797278474A52375830324D346E762A
:10891800443449774F6C707351387851785A744F92
:1089280053675876344C6B7876645539584A4A4BB5
:10893800575A2F584E4B4A65577A747853650D0A23
:108948005A3176645463325966734442413253450E
:10895800763333767848783267317671747738535E
:108968006A44525432526151535330517553614DD8
:108978004A696D644F58366D544F43424B6B314AC8
:108988000D0A3951356D58547245522B2F4C6E4B88
:10899800306A456D58734258574135627171565A5D
:1089A800497961685853783456595A376C37772F54
:1089B80050486955447444677952684D4D4B693441
:1089C8006E320D0A6951765163575351546A727069
:1089D8006E6C4A626361312F446B705274335977FD
:1089E80072764A776471623861735A553256724E9C
:1089F8004554683578305156656644524C46695638
:108A08007069662F0D0A7455616541652F503146AE
:108A1800384F6B53374F495A447331535562762F49
:108A2800734432764D62684E6B556F436D73332FC6
:108A380050764E74646E76674C3446307A6861447A
:108A4800704B436D6C540D0A50387678343945377D
:108A580076354379524E6D4544397A5A67346F33C7
:108A6800776D4D7172514F39335074547567334572
:108A780075396F5678317A50514D314E564D79428D
:108A880061322B663239444C0D0A316E7554436598
:108A980058646F392B6E69343578782B6A414934BC
:108AA800444377725264684A39757A5A7943363939
:108AB80036324833374836442B356E614E76436C30
:108AC80046523173366C693147620D0A6E71506FC8
:108AD80069792F4F4273457839436144476371512F
:108AE800427035576D652F3358572B367A314953B5
:108AF8004F782B6967774E5456435431346D486428
:108B0800424D6279613065494B6674350D0A582BC0
:108B1800476E777467454D79435979795775556329
:108B280074386734527A45726359392B7957394FFB
:108B38006D35487A7078347A4F7557344E505A6785
:108B4800504454674B2B743252534C2F59710D0AB1
:108B58007245316E6A726765475963566547336671
:108B68002B4F6674483473366650627137743141DE
:108B7800355A67557363624C4D42717239744B2B89
:108B88004F717967523445674B4250734836437A80
:108B98000D0A4C367A6C762F32525630714148762F
:108BA8005675444A6349444967775935724A744946
:108BB8004E456D333272684F65464E4A775A533583
:108BC8004D4E494331637A585A78352F2F75675877
:108BD800376C0D0A49347379356E62566877536A73
:108BE80074416B38586735645A6264545A366D4913
:108BF8007262377871482B6664616B5A6F72316B99
:108C08006847376243327549776962443363536C06
:108C180032586B520D0A774E34386C736C62486E5A
:108C2800717161677236586D316E4E4F53566C389C
:108C3800432F366B624A45734D704C6841657A66BE
:108C480052744777764F75636F61452B5762655548
:108C58004E6F6C4764650D0A502F65516964645303
:108C6800663062726E70694C4A526837715A726C1B
:108C78003958757159647055716E6F45644D416608
:108C88006F74444F4944384F7456376774386134A9
:108C980038616438565057320D0A2D2D2D2D2D452B
:108CA8004E44205253412050524956415445204B7E
:108CB80045592D2D2D2D2D0D0A0000002D2D2D2D62
:108CC8002D424547494E2043455254494649434160
:108CD80054452D2D2D2D2D0D0A4D494944687A43B3
:108CE80043416D2B674177494241674942414441BD
:108CF8004E42676B71686B6947397730424151550D
:108D080046414441374D5173774351594456515167
:108D18004745774A4F544445520D0A4D413847411B
:108D280031554543684D495547397359584A545543
:108D38003077784754415842674E5642414D544522
:108D48004642766247467955314E4D4946526C63E4
:108D5800335167513045774868634E0D0A4D544585
:108D6800774D6A45794D5451304E44417757686381
:108D78004E4D6A45774D6A45794D5451304E4441C0
:108D880077576A41374D517377435159445651517A
:108D98004745774A4F544445524D4138470D0A419B
:108DA80031554543684D495547397359584A5455C3
:108DB8003077784754415842674E5642414D5445A2
:108DC8004642766247467955314E4D4946526C6364
:108DD80033516751304577676745694D4130470DD5
:108DE8000A435371475349623344514542415155EF
:108DF8004141344942447741776767454B416F4960
:108E08004241514441337A6638463776676C703050
:108E18002F687436574D6E3145705261677A5348E2
:108E2800780D0A6D64547336737438474667496C15
:108E38004B58736D38574C33786F656D54695A6861
:108E480078353777493035337A686463486748300E
:108E580035375A6B2B6935636C48467A714D7755AF
:108E6800716E790D0A35304277464D74456F6E49FB
:108E78004C777556412B54376C7067367A2B65786A
:108E88004B593843344B5142306E466337714B551A
:108E9800456B4848787659505A5039616C346A772E
:108EA800716A2B386E0D0A594D50476E3875363732
:108EB800474239742B61454D7235502B31676D49E6
:108EC800674E62314C54562B2F586A6C6935777748
:108ED8004F51757666777537754A42566341304CFF
:108EE8006E306B636D6E4C0D0A5237455551494EC5
:108EF800395A2F5347396A477238586D6B73725510
:108F08007545766D45462F42696279632B4531690F
:108F180078564130686D6E4D336F54445062354C0D
:108F28006339756E38724E73750D0A4B4E462B4178
:108F38006B736A6F4258794F47566B43656F4D6242
:108F48006F346246364278794C4F62796176707731
:108F58002F4C5068356150674149796E706C596281
:108F6800364C5641674D424141476A0D0A675A558A
:108F780077675A49774441594456523054424155CB
:108F880077417745422F7A416442674E56485134BB
:108F980045466751557446726B70625065306C4C2B
:108FA800327564576D6C512F7250727A480D0A2FC2
:108FB800663877597759445652306A424677775718
:108FC8006F41557446726B70625065306C4C3275E7
:108FD80064576D6C512F7250727A482F662B685007
:108FE8003651394D447378437A414A42674E560D9B
:108FF8000A42415954416B354D4D52457744775992
:10900800445651514B4577685162327868636C4ECB
:10901800545444455A4D4263474131554541784D72
:10902800515547397359584A5455307767564756FA
:109038007A0D0A64434244515949424144414E42DF
:10904800676B71686B6947397730424151554641C2
:10905800414F434151454175503155324142556B5D
:1090680049736C734366646C633269393451484898
:1090780059654A0D0A5373523445646748746463EA
:10908800695549354936324A364D6F6D2B5930642A
:10909800542F37612B3853364D564D435A5036436B
:1090A800354E794E795877314757592F59523832BA
:1090B80058544A38480D0A44424A6943546F6B353C
:1090C80044625A36537A614F4E427A645748587709
:1090D80057776D693576673164786E375978724D90
:1090E800396430496A784D3237574E4B733473447C
:1090F80051685A42516B460D0A706A6D6673326345
:1091080062346F506C34593954396D6554782F6C0A
:1091180076646B525945756736314A666E366341D7
:109128002B7148707950596454482B5573684954C9
:109138006E6D70352F5A746B660D0A6D2F5554532A
:109148004C424E464E48657369545A654833314E11
:10915800637859476448536D65394E632F6766696C
:1091680064526130464C4F43665778526C467141A1
:109178004934377A47396A4151435A0D0A375A32C6
:109188006D4347444E4D686A51632B425963646E80
:109198006C306C50586A64444B36563071436731B2
:1091A80064566577685542635735675A4B7A563720
:1091B80065392B447056413D3D0D0A2D2D2D2D2D21
:1091C800454E442043455254494649434154452D50
:1091D8002D2D2D2D0D0A00002D2D2D2D2D4245470D
:1091E800494E2043455254494649434154452D2D43
:1091F8002D2D2D0D0A4D494944687A4343416D2B65
:109208006741774942416749424144414E42676B51
:1092180071686B694739773042415173464144411F
:10922800374D517377435159445651514745774A01
:109238004F544445520D0A4D413847413155454335
:109248006777495547397359584A5455307778479D
:1092580054415842674E5642414D4D45464276620A
:1092680047467955314E4D4946526C6333516751E3
:109278003045774868634E0D0A4D5463774E544124
:10928800304D5459314E7A41785768634E4D6A6370
:10929800774E5441314D5459314E7A4178576A418D
:1092A800374D517377435159445651514745774A81
:1092B8004F544445524D4138470D0A4131554543B5
:1092C8006777495547397359584A5455307778471D
:1092D80054415842674E5642414D4D45464276628A
:1092E80047467955314E4D4946526C633351675163
:1092F800304577676745694D4130470D0A435371DB
:1093080047534962334451454241515541413449DB
:1093180042447741776767454B416F494241514421
:1093280041337A6638463776676C70302F68743602
:10933800574D6E3145705261677A5348780D0A6D02
:1093480064547336737438474667496C4B58736D69
:1093580038574C33786F656D54695A687835377764
:10936800493035337A6864634867483035375A6B13
:109378002B6935636C48467A714D7755716E790D56
:109388000A35304277464D74456F6E494C777556AD
:10939800412B54376C7067367A2B65784B593843B4
:1093A800344B5142306E466337714B55456B4848D4
:1093B800787659505A5039616C346A77716A2B380B
:1093C8006E0D0A594D50476E387536374742397415
:1093D8002B61454D7235502B31676D49674E6231AF
:1093E8004C54562B2F586A6C693577774F517576E0
:1093F80066777537754A42566341304C6E306B63F9
:109408006D6E4C0D0A5237455551494E395A2F53F6
:1094180047396A477238586D6B7372557545766D62
:1094280045462F42696279632B4531697856413048
:10943800686D6E4D336F54445062354C6339756EA8
:1094480038724E73750D0A4B4E462B416B736A6F1B
:109458004258794F47566B43656F4D626F34624689
:10946800364278794C4F6279617670772F4C506824
:10947800356150674149796E706C5962364C564176
:10948800674D424141476A0D0A675A5577675A49FD
:1094980077485159445652304F42425945464C52EA
:1094A80061354B577A33744A5339726E567070551A
:1094B80050367A3638782F332F4D474D474131553E
:1094C80064497752634D4671410D0A464C526135E5
:1094D8004B577A33744A5339726E567070555036FA
:1094E8007A3638782F332F6F542B6B505441374DC1
:1094F800517377435159445651514745774A4F5410
:109508004445524D413847413155450D0A43677727
:10951800495547397359584A545530777847544113
:109528005842674E5642414D4D454642766247463F
:109538007955314E4D4946526C6333516751304726
:10954800434151417744415944565230540D0A42DF
:10955800415577417745422F7A414E42676B716892
:109568006B6947397730424151734641414F434116
:10957800514541484B2F484872545A4D6E6E564DCE
:1095880070646531696F2B766F4174716C376A0D41
:109598000A347352684C726A44376F33544874778C
:1095A8005262446132646943767071305371323368
:1095B8004E67324C4D596F58734F786F4C2F52513C
:1095C8004B33694E37554B7856334D4B50457230B7
:1095D800770D0A5851532B6B4B5171695432627392
:1095E80066726A6E574D56485A74554F4D706D36AF
:1095F800464E716364476D2F52737333764B6461C3
:10960800326C634B6C386B556E712F796C63312BF0
:109618005162420D0A4736413674557651637232AB
:109628005A79576656672B6D4D35586B6854724F8B
:109638004F587573324F4C696B6234577745744A8B
:10964800544A524E4530662B79504F4453557A3020
:109658002F765435370D0A41704830436E42383002
:1096680062594A73685948504848796D4F746C6517
:109678004142384B535974716D3735672F594E6FC6
:10968800626A6E6A4236636D34486B57334F5A527A
:1096980056496C366659590D0A6E32304E5256414B
:1096A80031566A73364741524F72344E7157346B94
:1096B8002F2B4C6F66593979304C4C44452B703000
:1096C8006F49454B584973497668507233397377F7
:1096D8007853413D3D0D0A2D2D2D2D2D454E44200D
:1096E80043455254494649434154452D2D2D2D2D6E
:1096F8000D0A00001B0500002D2D2D2D2D4245477C
:10970800494E2043455254494649434154452D2D1D
:109718002D2D2D0D0A4D494944687A4343416D2B3F
:109728006741774942416749424144414E42676B2C
:1097380071686B69473977304241517346414441FA
:10974800374D517377435159445651514745774ADC
:109758004F544445520D0A4D413847413155454310
:109768006777495547397359584A54553077784778
:1097780054415842674E5642414D4D4546427662E5
:1097880047467955314E4D4946526C6333516751BE
:109798003045774868634E0D0A4D5463774E5441FF
:1097A800304D5459314E7A41785768634E4D6A634B
:1097B800774E5441314D5459314E7A4178576A4168
:1097C800374D517377435159445651514745774A5C
:1097D8004F544445524D4138470D0A413155454390
:1097E8006777495547397359584A545530777847F8
:1097F80054415842674E5642414D4D454642766265
:1098080047467955314E4D4946526C63335167513D
:10981800304577676745694D4130470D0A435371B5
:1098280047534962334451454241515541413449B6
:1098380042447741776767454B416F4942415144FC
:1098480041337A6638463776676C70302F687436DD
:10985800574D6E3145705261677A5348780D0A6DDD
:1098680064547336737438474667496C4B58736D44
:1098780038574C33786F656D54695A68783537773F
:10988800493035337A6864634867483035375A6BEE
:109898002B6935636C48467A714D7755716E790D31
:1098A8000A35304277464D74456F6E494C77755688
:1098B800412B54376C7067367A2B65784B5938438F
:1098C800344B5142306E466337714B55456B4848AF
:1098D800787659505A5039616C346A77716A2B38E6
:1098E8006E0D0A594D50476E3875363747423974F0
:1098F8002B61454D7235502B31676D49674E62318A
:109908004C54562B2F586A6C693577774F517576BA
:1099180066777537754A42566341304C6E306B63D3
:109928006D6E4C0D0A5237455551494E395A2F53D1
:1099380047396A477238586D6B7372557545766D3D
:1099480045462F42696279632B4531697856413023
:10995800686D6E4D336F54445062354C6339756E83
:1099680038724E73750D0A4B4E462B416B736A6FF6
:109978004258794F47566B43656F4D626F34624664
:10998800364278794C4F6279617670772F4C5068FF
:10999800356150674149796E706C5962364C564151
:1099A800674D424141476A0D0A675A5577675A49D8
:1099B80077485159445652304F42425945464C52C5
:1099C80061354B577A33744A5339726E56707055F5
:1099D80050367A3638782F332F4D474D4741315519
:1099E80064497752634D4671410D0A464C526135C0
:1099F8004B577A33744A5339726E567070555036D5
:109A08007A3638782F332F6F542B6B505441374D9B
:109A1800517377435159445651514745774A4F54EA
:109A28004445524D413847413155450D0A43677702
:109A3800495547397359584A5455307778475441EE
:109A48005842674E5642414D4D454642766247461A
:109A58007955314E4D4946526C6333516751304701
:109A6800434151417744415944565230540D0A42BA
:109A7800415577417745422F7A414E42676B71686D
:109A88006B6947397730424151734641414F4341F1
:109A9800514541484B2F484872545A4D6E6E564DA9
:109AA80070646531696F2B766F4174716C376A0D1C
:109AB8000A347352684C726A44376F335448747767
:109AC8005262446132646943767071305371323343
:109AD8004E67324C4D596F58734F786F4C2F525117
:109AE8004B33694E37554B7856334D4B5045723092
:109AF800770D0A5851532B6B4B517169543262736D
:109B080066726A6E574D56485A74554F4D706D3689
:109B1800464E716364476D2F52737333764B64619D
:109B2800326C634B6C386B556E712F796C63312BCB
:109B38005162420D0A473641367455765163723286
:109B48005A79576656672B6D4D35586B6854724F66
:109B58004F587573324F4C696B6234577745744A66
:109B6800544A524E4530662B79504F4453557A30FB
:109B78002F765435370D0A41704830436E423830DD
:109B880062594A73685948504848796D4F746C65F2
:109B98004142384B535974716D3735672F594E6FA1
:109BA800626A6E6A4236636D34486B57334F5A5255
:109BB80056496C366659590D0A6E32304E52564126
:109BC80031566A73364741524F72344E7157346B6F
:109BD8002F2B4C6F66593979304C4C44452B7030DB
:109BE8006F49454B584973497668507233397377D2
:109BF8007853413D3D0D0A2D2D2D2D2D454E4420E8
:109C080043455254494649434154452D2D2D2D2D48
:109C18000D0A0000E90000002D2D2D2D2D4245478D
:109C2800494E2045432050524956415445204B4502
:109C3800592D2D2D2D2D0D0A4D4863434151454574
:109C480049506233686D54785A332F6D5A493376C8
:109C5800796B37703355337742662B57496F7036B7
:109C68006844686B467A4A686D4C63716F416F4708
:109C780043437147534D34390D0A417745486F5571
:109C8800514451674145562B5775735850663036C5
:109C980079376B3769422F784B7537755A54724D3F
:109CA8003556552F59304473777534324D6C4339D6
:109CB8002B5934764E63594461570D0A774E5559DE
:109CC8004648446C66352F565330555935624273B1
:109CD80031567A346C6F2B48634B506B78773D3D27
:109CE8000D0A2D2D2D2D2D454E4420454320505233
:109CF8004956415445204B45592D2D2D2D2D0D0AE2
:109D0800000000003D0300002D2D2D2D2D4245475C
:109D1800494E2043455254494649434154452D2D07
:109D28002D2D2D0D0A4D4949434C44434341624B67
:109D38006741774942416749424454414B4267670A
:109D480071686B6A4F50515144416A412B4D5173B0
:109D580077435159445651514745774A4F544445E2
:109D6800524D4138470D0A4131554543684D4955D3
:109D780047397359584A54553077784844416142B5
:109D8800674E5642414D54453142766247467963A3
:109D9800334E734946526C6333516752554D675180
:109DA8003045774868634E0D0A4D544D774F5449F6
:109DB800304D5455314D6A41305768634E4D6A4DA8
:109DC800774F5449794D5455314D6A4130576A425D
:109DD800424D517377435159445651514745774A3B
:109DE8004F544445524D4138470D0A41315545437A
:109DF800684D495547397359584A5455307778480A
:109E08007A416442674E5642414D54466C427662EE
:109E180047467955314E4D4946526C633351675127
:109E28003278705A573530494449770D0A575441AA
:109E38005442676371686B6A4F5051494242676781
:109E480071686B6A4F50514D4242774E43414152BF
:109E5800583561367863392F54724C7554754948B2
:109E68002F45713775356C4F737A6C56540D0A3916
:109E78006A514F7A43376A5979554C33356A69388C
:109E88003178674E70624131526755634F562F6E75
:109E980039564C52526A6C73477A56585069576A09
:109EA8003464776F2B54486F3447644D4947610DCC
:109EB8000A4D416B4741315564457751434D414106
:109EC80077485159445652304F4242594546486F97
:109ED8004158345A6B2F4F4264355245514F374CD5
:109EE8006D4F38516D50382F694D473447413155C2
:109EF800640D0A4977526E4D475741464A317449B5
:109F080043524A41543872793369314762782B4A4F
:109F18004D6E622B7A5A386F554B6B5144412B4D1D
:109F2800517377435159445651514745774A4F54D5
:109F38004445520D0A4D4138474131554543684D16
:109F4800495547397359584A5455307778484441E8
:109F58006142674E5642414D54453142766247460A
:109F68007963334E734946526C6333516752554D8A
:109F780067513047430D0A43514442512B4A2B59EC
:109F88006B504D3644414B42676771686B6A4F505E
:109F980051514441674E6F4144426C416A424B5AA9
:109FA80051313749494F696D626D6F442F794E378A
:109FB8006F38397533424D0D0A6C674F736A6E6896
:109FC800773366494F6F4C49577932574F47736B10
:109FD8002F4C47462B2B447A7672527A754E69413C
:109FE800434D5143643869656D315853344A4B3792
:109FF80068616A38786F6370550D0A4C776A516AE0
:10A00800653550444748666433683974503338516D
:10A018006B6E7535624A717773306D64324B4F4B96
:10A028004879655630553D0D0A2D2D2D2D2D454E5F
:10A03800442043455254494649434154452D2D2D0A
:10A048002D2D0D0A00000000E90000002D2D2D2DFA
:10A058002D424547494E20454320505249564154C8
:10A0680045204B45592D2D2D2D2D0D0A4D48634367
:10A07800415145454950457145794232416E436FDA
:10A08800504C2F39552F59444876647158596249B4
:10A098006F67547977777970362F55664477366EBF
:10A0A8006F416F4743437147534D34390D0A417728
:10A0B80045486F555144516741454E387857325895
:10A0C800594A486C70795073645A4C66386762759F
:10A0D80035382B516152644E4374464C58336143B2
:10A0E8004A5A59704A4F355144594978482F0D0AF0
:10A0F80036692F534E4631644672324B694D4A7267
:10A10800647731567A596F7144766F42794C54743A
:10A118002F773D3D0D0A2D2D2D2D2D454E442045E3
:10A12800432050524956415445204B45592D2D2D19
:10A138002D2D0D0A000000002D0300002D2D2D2DC2
:10A148002D424547494E20434552544946494341CB
:10A1580054452D2D2D2D2D0D0A4D494943487A433F
:10A1680043416157674177494241674942435441F6
:10A178004B42676771686B6A4F50515144416A415D
:10A188002B4D517377435159445651514745774A9E
:10A198004F544445524D4138470D0A4131554543C6
:10A1A800684D495547397359584A54553077784856
:10A1B80044416142674E5642414D544531427662B0
:10A1C80047467963334E734946526C63335167523D
:10A1D800554D67513045774868634E0D0A4D544DCB
:10A1E800774F5449304D5455314D6A413057686363
:10A1F8004E4D6A4D774F5449794D5455314D6A410A
:10A2080030576A41304D5173774351594456515133
:10A218004745774A4F544445524D4138470D0A4106
:10A2280031554543684D495547397359584A54552E
:10A23800307778456A415142674E5642414D544302
:10A24800577876593246736147397A6444425A4D91
:10A25800424D4742797147534D3439416745470D5F
:10A268000A43437147534D34394177454841304992
:10A27800414244664D56746C3243523561636A37C5
:10A28800485753332F4947377566506B476B5854B7
:10A2980051725253313932676957574B5354755578
:10A2A800410D0A32434D522F2B6F76306A52645853
:10A2B800526139696F6A436133634E5663324B4B5F
:10A2C8006737364163693037662B6A675A30776774
:10A2D8005A6F774351594456523054424149774155
:10A2E8004441640D0A42674E564851344546675109
:10A2F800555547476C6A3951483264654341517A2C
:10A308006C5A582B4D5930616E453734776267590E
:10A31800445652306A424763775A5941556E57300E
:10A32800674A456B420D0A5079764C654C555A760A
:10A3380048346B796476374E6E7968517152414D65
:10A34800443478437A414A42674E5642415954410F
:10A358006B354D4D524577447759445651514B45CD
:10A36800776851623278680D0A636C4E54544445DC
:10A37800634D426F474131554541784D54554739F2
:10A388007359584A7A633277675647567A64434214
:10A3980046517942445159494A414D4644346E35F3
:10A3A8006951387A6F4D416F470D0A4343714753DE
:10A3B8004D343942414D43413267414D4755434D34
:10A3C8005143614C467A58707475693557514E3807
:10A3D8004C6C4F3364646831684D787836747A67AA
:10A3E8004C765430334D54564B32530D0A43313268
:10A3F80072304C7A3372692F6D6F5345704E5A57CD
:10A4080071506A6B434D434532663533475863593B
:10A418004C717966794A52303738632F784E5355E4
:10A4280055352B58786C37565A343134560D0A66E0
:10A438004761356B48764841524250633859414923
:10A448005649714476484831513D3D0D0A2D2D2D10
:10A458002D2D454E442043455254494649434154C5
:10A46800452D2D2D2D2D0D0A000000000C0000009B
:10A47800506F6C617253534C546573740000000044
:10A488006A0100002D2D2D2D2D424547494E2045AE
:10A49800432050524956415445204B45592D2D2DA6
:10A4A8002D2D0D0A50726F632D547970653A203442
:10A4B8002C454E435259505445440D0A44454B2DA2
:10A4C800496E666F3A204445532D454445332D4324
:10A4D80042432C33303745414234363939333344DB
:10A4E8003634450D0A0D0A49786272526D4B634144
:10A4F8007A63744A71506454514C413453577942C9
:10A50800595947594A566B59456E612B4637506120
:10A5180035743559672F674B414472464B636D3626
:10A52800423732653744470D0A69684578745A4995
:10A5380036343873307A6459773671534A373476FB
:10A548007250537557446535716D3933427173666E
:10A55800564839737674437A57485730706D31705E
:10A56800304B544243466655710D0A55737557541E
:10A578004954774A496D636E6C4173316761525A29
:10A58800337341576D37634F5569644C30666F328A
:10A598004730665955464E63596F43534C66664378
:10A5A800465445484275506E6167620D0A613737F7
:10A5B800782F735931427669693853392F5868446E
:10A5C80054623670544D783036777A726D0D0A2D94
:10A5D8002D2D2D2D454E442045432050524956419E
:10A5E8005445204B45592D2D2D2D2D0D0A000000C9
:10A5F800730300002D2D2D2D2D424547494E204334
:10A60800455254494649434154452D2D2D2D2D0D74
:10A618000A4D494943556A4343416465674177494F
:10A62800424167494A414D4644346E356951387A4A
:10A638006F4D416F4743437147534D343942414D44
:10A64800434D443478437A414A42674E5642415911
:10A65800540D0A416B354D4D524577447759445650
:10A6680051514B4577685162327868636C4E545447
:10A678004445634D426F474131554541784D5455E6
:10A6880047397359584A7A633277675647567A6416
:10A698004342460D0A517942445154416546773048
:10A6A800784D7A41354D6A51784E5451354E44684B
:10A6B80061467730794D7A41354D6A49784E545123
:10A6C800354E4468614D443478437A414A42674E76
:10A6D80056424159540D0A416B354D4D5245774408
:10A6E8007759445651514B457768516232786863BF
:10A6F8006C4E54544445634D426F47413155454172
:10A70800784D545547397359584A7A6332776756A2
:10A7180047567A644342460D0A517942445154429D
:10A72800324D42414742797147534D34394167456B
:10A7380047425375424241416941324941424D5075
:10A74800614B7A52424E3167766831622B2F496DE0
:10A75800364B554E4C547542750D0A77773558551A
:10A768007A4D35574E5253744A47564F51736A3390
:10A778003138584A474A492F4271564B6334734C13
:10A7880059664369464B4172395A71717948647503
:10A798004E4D63626C6934797569790D0A61593770
:10A7A8007A5161307077375266646164486239550E
:10A7B8005A4B5656706D6C4D37494C526D466D412B
:10A7C8007A48714F426F4443426E54416442674E27
:10A7D8005648513445466751556E5730670D0A4AF9
:10A7E800456B425079764C654C555A7648346B79AE
:10A7F8006476374E6E7777626759445652306A42AC
:10A808004763775A5941556E5730674A456B4250EE
:10A8180079764C654C555A7648346B796476370DA1
:10A828000A4E6E7968517152414D443478437A41E9
:10A838004A42674E5642415954416B354D4D524537
:10A8480077447759445651514B457768516232786D
:10A8580068636C4E54544445634D426F47413155CB
:10A86800450D0A41784D545547397359584A7A630A
:10A878003277675647567A64434246517942445183
:10A8880059494A414D4644346E356951387A6F4DBD
:10A8980041774741315564457751464D414D4241D5
:10A8A8006638770D0A436759494B6F5A497A6A30B7
:10A8B8004541774944615141775A674978414D4F3D
:10A8C80030596E4E574B4A5541665867534A744A39
:10A8D8007865786E346970672B6B76347A6E75524A
:10A8E80035307635360D0A7434643050437534315A
:10A8F800326D5543364E6E6437697A767445324DFB
:10A908006749784150316E6E4A516A5A38425775D4
:10A918006B737A465144473438777843437963698F
:10A9280039717064534D760D0A75436A6E387077C5
:10A93800554F6B4142584B384D73733930667A43E3
:10A948006643454F7449413D3D0D0A2D2D2D2D2D52
:10A95800454E442043455254494649434154452DA8
:10A968002D2D2D2D0D0A00000200000064B002609C
:10A978000300000048B00260040000002CB0026030
:10A988000500000010B0026006000000F4AF02608D
:10A9980007000000D8AF026008000000BCAF0260EA
:10A9A80009000000A0AF02600A00000084AF026046
:10A9B8000B00000068AF02600C0000004CAF0260A2
:10A9C8000D00000030AF02600E000000F0AE026023
:10A9D8000F000000D4AE026010000000B8AE0260A4
:10A9E8002B00000078AE02602C0000005CAE026014
:10A9F8002D00000040AE02601100000000AE0260B1
:10AA080012000000E4AD026013000000C8AD02604F
:10AA180014000000ACAD02601500000090AD0260AB
:10AA28001600000074AD02601700000058AD026007
:10AA3800180000003CAD02601900000020AD026063
:10AA48001A00000004AD02601B000000E8AC0260C0
:10AA58001C000000CCAC02601D0000008CAC026041
:10AA68001E00000070AC02601F00000054AC0260C1
:10AA78002E00000014AC02602F000000F8AB02604A
:10AA880030000000DCAB0260200000009CAB0260DC
:10AA98002200000040AB026024000000E4AA02602B
:10AAA8002100000080AB02602300000024AB02609C
:10AAB80025000000C8AA0260000000000000000095
:10AAC80025020000C0000000A019002008000000B6
:10AAD800000000000800000000AB02602401000034
:10AAE800C0000000B01900200800000000000000AD
:10AAF8000800000000AB026004000000F580006060
:10AB08000981006000000000000000002981006049
:10AB180025810060A58100602D810060230200006E
:10AB280080000000C019002008000000000000009C
:10AB3800080000005CAB02602201000080000000F9
:10AB4800CC190020080000000000000008000000E8
:10AB58005CAB026003000000F580006009810060C2
:10AB68000000000000000000218100601D810060DD
:10AB7800A58100602D8100602102000040000000D6
:10AB8800002000200800000000000000080000006D
:10AB9800B8AB02602001000040000000D819002076
:10ABA800080000000000000008000000B8AB0260C8
:10ABB80003000000ED800060FD80006000000000E0
:10ABC800000000001981006015810060BD810060EF
:10ABD800418100603008000000010000E0190020F9
:10ABE8000C000000010000001000000030AC026002
:10ABF8002F080000C0000000F41900200C0000001D
:10AC0800010000001000000030AC02602E080000B7
:10AC180080000000081A00200C000000010000005D
:10AC28001000000030AC02600500000000000000C9
:10AC3800000000000000000000000000E18000604B
:10AC4800E1800060D5810060558100601F0600002A
:10AC5800000100001C1A00200C0000000100000088
:10AC680010000000A8AC02601E060000C000000032
:10AC7800301A00200C000000010000001000000045
:10AC8800A8AC02601D06000080000000441A0020E5
:10AC98000C0000000100000010000000A8AC0260D9
:10ACA8000500000000000000000000000000000097
:10ACB80000000000D5800060D5800060ED81006054
:10ACC800698100601C05000000010000581A00207E
:10ACD8001000000000000000100000001CAE026020
:10ACE8001B050000C00000006C1A002010000000C6
:10ACF80000000000100000001CAE02601A050000F1
:10AD080080000000801A00201000000000000000F1
:10AD1800100000001CAE02601903000000010000D2
:10AD2800941A00201000000000000000100000002D
:10AD38001CAE026018030000C0000000A81A002022
:10AD48001000000000000000100000001CAE0260AF
:10AD58001703000080000000BC1A0020100000004B
:10AD680000000000100000001CAE02601602000087
:10AD780000010000D01A00201000000000000000B0
:10AD8800100000001CAE026015020000C0000000A8
:10AD9800E41A00201000000000000000100000006D
:10ADA8001CAE02601402000080000000F81A0020A7
:10ADB8001000000000000000100000001CAE02603F
:10ADC80013010000000100000C1B0020100000000F
:10ADD80000000000100000001CAE0260120100001C
:10ADE800C0000000201B0020100000000000000030
:10ADF800100000001CAE026011010000800000007D
:10AE0800341B0020100000000000000010000000AB
:10AE18001CAE026005000000AD800060B1800060DB
:10AE2800BD800060C5800060D1800060CD8000607A
:10AE3800058200607D8100602D080000000100008F
:10AE4800481B00200C00000001000000100000005A
:10AE580094AE02602C080000C0000000541B0020C3
:10AE68000C000000010000001000000094AE026019
:10AE78002B08000080000000601B00200C00000070
:10AE8800010000001000000094AE02600200000003
:10AE980000000000000000000000000000000000AA
:10AEA800A1800060A1800060D581006055810060AC
:10AEB80010060000000100006C1B00200C000000C0
:10AEC80001000000100000000CAF02600F06000037
:10AED800C0000000781B00200C00000001000000EA
:10AEE800100000000CAF02600E0600008000000099
:10AEF800841B00200C00000001000000100000006E
:10AF08000CAF02600200000000000000000000001A
:10AF1800000000000000000095800060958000603F
:10AF2800ED810060698100600D05000000010000EE
:10AF3800901B00201000000000000000100000001E
:10AF480080B002600C050000C00000009C1B0020BF
:10AF580010000000000000001000000080B0026037
:10AF68000B05000080000000A81B00201000000056
:10AF7800000000001000000080B002600A0300001A
:10AF880000010000B41B00201000000000000000B9
:10AF98001000000080B0026009030000C00000003B
:10AFA800C41B00201000000000000000100000007A
:10AFB80080B002600803000080000000D41B00205D
:10AFC80010000000000000001000000080B00260C7
:10AFD8000702000000010000E41B00201000000030
:10AFE800000000001000000080B0026006020000AF
:10AFF800C0000000F01B002010000000000000004E
:10B008001000000080B0026005020000800000000F
:10B01800FC1B0020100000000000000010000000D1
:10B0280080B002600401000000010000081C00203C
:10B0380010000000000000001000000080B0026056
:10B0480003010000C0000000141C002010000000D4
:10B05800000000001000000080B002600201000043
:10B0680080000000201C00201000000000000000EC
:10B078001000000080B00260020000006D800060D7
:10B08800718000607D800060858000609180006034
:10B098008D8000601D8200609181006001020407BC
:10B0A800080B0D0E10131516191A1C1F2023252620
:10B0B800292A2C2F31323437383B3D3E4043454610
:10B0C800494A4C4F51525457585B5D5E6162646700
:10B0D800686B6D6E70737576797A7C7F80838586F0
:10B0E800898A8C8F91929497989B9D9EA1A2A4A7E0
:10B0F800A8ABADAEB0B3B5B6B9BABCBFC1C2C4C7D0
:10B10800C8CBCDCED0D3D5D6D9DADCDFE0E3E5E6BF
:10B11800E9EAECEFF1F2F4F7F8FBFDFE01010101B9
:10B1280001010101FEFEFEFEFEFEFEFE1F1F1F1FA7
:10B138000E0E0E0EE0E0E0E0F1F1F1F1011F011F4B
:10B14800010E010E1F011F010E010E0101E001E0B9
:10B1580001F101F1E001E001F101F10101FE01FE5F
:10B1680001FE01FEFE01FE01FE01FE011FE01FE0DF
:10B178000EF10EF1E01FE01FF10EF10E1FFE1FFE93
:10B188000EFE0EFEFE1FFE1FFE0EFE0EE0FEE0FE91
:10B19800F1FEF1FEFEE0FEE0FEF1FEF140100010CF
:10B1A800001000000000040040100410000000100F
:10B1B8004010001040000000000000104000040093
:10B1C80000000410401004100010040000100410C7
:10B1D80040100400001000004000000000000410AF
:10B1E8004000001000100010401000000010040083
:10B1F800400004004000041000100410401000003B
:10B208000000000000000000400004104000001092
:10B21800001000104010040000000400401004005A
:10B22800000004000010041000100000400000009E
:10B23800400004100010000040100400001000102E
:10B2480040000000400000100000041040000410FE
:10B258000000001000000400401000100000000072
:10B2680040100410400004004000001000000410CA
:10B2780000100010401000100000000040100410E2
:10B2880000100400001004004010000040100000EE
:10B29800400004000000001000100410000020000E
:10B2A800020020040208000400000000000800005A
:10B2B80002080004020820000008200402082004F4
:10B2C800000020000000000002000004020000004E
:10B2D8000000000402002004020800000008000426
:10B2E80002082000020020000008000402000004F8
:10B2F80000002004000820040200200000002004B0
:10B3080000080000020800000208200400082000CD
:10B3180002000000000000040008200000000004F3
:10B3280000082000000020000208000402080004B1
:10B338000200200402002004020000000200200095
:10B348000000000400080004000020000008200499
:10B35800020800000208200000082004020800007B
:10B368000200000402082004000020040008200055
:10B378000000000002000000020820040000000095
:10B388000208200000002004000800000200000459
:10B39800000800040008000002002000100000203F
:10B3A80000004020004000001040402000004020E5
:10B3B8001000000010404020000040000040002025
:10B3C8001040400000004000100000201000400025
:10B3D8000040002000000020104000000000000095
:10B3E80010004000104000200040000000404000D5
:10B3F80010400020100000001000402010004020E5
:10B4080000000000104040000040402010400000B4
:10B418000040400000404020000000200040002084
:10B428001000000010004020004040001040402064
:10B438000000400010400000100000200000400004
:10B4480000400020000000201040000010000020F4
:10B4580010404020004040000000402010404000C4
:10B4680000404020000000001000402010000000B4
:10B478000040000000004020104040000040000054
:10B488001000400010400020000000000040402054
:10B498000000002010004000104000200120800023
:10B4A80081200000812000008000000080208000B2
:10B4B80081008000010080000120000000000000E1
:10B4C8000020800000208000812080008100000092
:10B4D80000000000800080000100800001000000E2
:10B4E8000020000000008000012080008000000093
:10B4F8000000800001200000802000008100800002
:10B508000100000080200000800080000020000072
:10B518008020800081208000810000008000800061
:10B528000100800000208000812080008100000050
:10B5380000000000000000000020800080200000C3
:10B548008000800081008000010000000120800050
:10B558008120000081200000800000008120800000
:10B5680081000000010000000020000001008000B0
:10B578000120000080208000810080000120000060
:10B588008020000000008000012080008000000072
:10B5980000008000002000008020800020801080B3
:10B5A8000080008000800000208010000000100053
:10B5B80020000000200010802080008020000080F3
:10B5C80020801080008010800000008000800080B3
:10B5D80000001000200000002000108000801000F3
:10B5E8002000100020800080000000000000008083
:10B5F8000080000020801000000010802000100053
:10B608002000008000000000008010002080000062
:10B6180000801080000010802080000000000000E2
:10B628002080100020001080000010002080008082
:10B638000000108000801080008000000000108052
:10B6480000800080200000002080108020801000F2
:10B658002000000000800000000000802080000022
:10B6680000801080000010002000008020001000E2
:10B678002080008020000080200010000080100042
:10B688000000000000800080208000000000008092
:10B698002000108020801080008010000001000031
:10B6A8000001080200000802000100420000080032
:10B6B80000010000000000400000080200010840EE
:10B6C80000000800000100020001084000010042DB
:10B6D80000000842000108000000004000000002CD
:10B6E8000000084000000840000000000001004081
:10B6F800000108420001084200010002000008425F
:10B7080000010040000000000000004200010802A3
:10B7180000000002000000420001080000000800CC
:10B72800000100420001000000000002000000408B
:10B738000000080200010042000108400001000268
:10B748000000004000000842000108020001084013
:10B758000001000000000002000008420001084249
:10B768000001080000000042000108420000080231
:10B77800000000000000084000000042000108002E
:10B788000001000200010040000008000000000065
:10B798000000084000010802000100400802000003
:10B7A8000002020800000000080002080002000869
:10B7B8000000000008020200000200080800020061
:10B7C800080000080800000800000200080202083B
:10B7D800080002000000020808020000000000083B
:10B7E8000800000000020208000200000002020037
:10B7F8000000020808000208080202000802000807
:10B808000002020000000200080200080800000010
:10B8180008020208000200000000000800020208F6
:10B8280000000008080002000802000000000200F2
:10B8380000020208000200080000000000020000E8
:10B8480008000200080202080002000808000008B8
:10B8580000020000000000000800020808020008BA
:10B8680000000200000000080802020808000000AA
:10B878000802020000020200080000080000020896
:10B88800080200080802000000000208080202007E
:10B89800080000000800020800020200000401017C
:10B8A800000000000000010004040101040001017F
:10B8B800040401000400000000000100000400006E
:10B8C8000004010104040101000400000404000153
:10B8D800040001010000000104000000040400004D
:10B8E800000400010004000100040100000401003C
:10B8F800000001010000010104040001040001002E
:10B908000400000104000001040001000000000020
:10B91800040400000404010000000001000001000C
:10B9280004040101040000000000010100040101F9
:10B9380000000001000000010004000004000101F3
:10B9480000000100000401000400000100040000E0
:10B9580004000000040400010404010004040101BF
:10B9680004000100000001010404000104000001BA
:10B9780004040000040401000004010104040000A0
:10B9880000040001000400010000000004000100A0
:10B998000004010000000000040001010000000094
:10B9A800010000000001000001010000000001008A
:10B9B8000100010000010100010101000000000177
:10B9C8000100000100010001010100010000010166
:10B9D8000100010100010101010101010000000055
:10B9E800000000010000010000000101000100004A
:10B9F8000001000100010100000101010100000037
:10BA08000100000101000100010001010101000025
:10BA18000101000101010100010101014E6F7720C0
:10BA2800697320740123456789ABCDEF2345678986
:10BA3800ABCDEF01456789ABCDEF0123CDD64F2FB5
:10BA48009427C15D6996C8FA47A2ABEB832539767E
:10BA580044091A0A6A2A19F41ECA854B03E69F5B31
:10BA6800FA58EB42DD17E8B8B437D23212345678B8
:10BA780090ABCDEF54F15AF6EBE3A4B435761156FA
:10BA88005FA18E4DCB191F85D1ED8439129F40B926
:10BA9800D20056B3470EFC9A6B8EE393C5CECF63A4
:10BAA800ECEC514C2D2D2D2D2D424547494E20446F
:10BAB8004820504152414D45544552532D2D2D2D6E
:10BAC8002D0D0A4D494748416F4742414A343139A3
:10BAD8004442454F676D51547A6F3571586C3566DD
:10BAE80051634E39544E343535776B4F4C373035BA
:10BAF80032487A787852564D7968596D775163672C
:10BB08004A76680D0A317361313866796652394F61
:10BB18006956454D59676C4F706B71566F474C4E5F
:10BB28003771643561514E4E693557372F432B565F
:10BB380042644854424A63475A4A797950354233F5
:10BB480071637A33320D0A396D4C4A4B75646C5601
:10BB58007564563051786B3571554A61505A2F7853
:10BB680075707A304E796F567076697569424F49AB
:10BB780031674E69386F765358577A416745430D98
:10BB88000A2D2D2D2D2D454E44204448205041523C
:10BB9800414D45544552532D2D2D2D2D0D0A000094
:10BBA8000400180080010000B01C002003001700EA
:10BBB800000100006C1E002002001500E0000000DB
:10BBC800781E002001001300C0000000841E002021
:10BBD800000000000000000000000000FFFFFFFF61
:10BBE800FFFFFFFFFEFFFFFFFFFFFFFFFFFFFFFF5E
:10BBF800FFFFFFFFB1B946C1ECDEB8FE4930247241
:10BC0800ABE9A70FE7809CE5190521643128D2B478
:10BC1800B1C96B1436F8DE99FFFFFFFFFFFFFFFF86
:10BC2800FFFFFFFF1210FF82FD0AFFF40088A14307
:10BC3800EB20BF7CF69030B00EA88D181148791E05
:10BC4800A177F973D5CD246BED11106378DAC8FFAD
:10BC5800952B1907010000000000000000000000FB
:10BC6800FFFFFFFFFFFFFFFFFFFFFFFFFFFFFFFFDC
:10BC780000000000B4FF552343390B27BAD8BFD7BB
:10BC8800B7B04450563241F5ABB3040C850A05B43D
:10BC98003D2A5C5C4529DD133EF0B8E0A216FFFFA3
:10BCA800FFFFFFFFFFFFFFFFFFFFFFFF211D5C11ED
:10BCB800D68032342211C256D3C1034AB990133206
:10BCC8007FBFB46BBD0C0EB7347E00859981D54417
:10BCD8006447075AA07543CDE6DF224CFB23F7B52E
:10BCE800886337BDFFFFFFFFFFFFFFFFFFFFFFFF79
:10BCF800000000000000000000000000010000003B
:10BD0800FFFFFFFF4B60D2273E3CCE3BF6B053CC43
:10BD1800B0061D65BC86987655BDEBB3E7933AAA85
:10BD2800D835C65A512563FCC2CAB9F3849E17A7F1
:10BD3800ADFAE6BCFFFFFFFFFFFFFFFF00000000BA
:10BD4800FFFFFFFF96C298D84539A1F4A033EB2D29
:10BD5800817D0377F240A463E5E6BCF847422CE115
:10BD6800F2D1176BF551BF376840B6CBCE5E316B59
:10BD78005733CE2B169E0F7C4AEBE78E9B7F1AFE1D
:10BD8800E242E34FFFFFFFFF000000000000000059
:10BD9800FFFFFFFFFEFFFFFFFFFFFFFFFFFFFFFFAC
:10BDA800FFFFFFFFFFFFFFFFFFFFFFFFFFFFFFFF9B
:10BDB800FFFFFFFFEF2AECD3EDC8852A9DD12E8A1D
:10BDC8008D3956C65A8713508F081403124181FEC5
:10BDD8006E9C1D18192DF8E36B058E98E4E73EE27A
:10BDE800A72F31B37329C5CC6A19ECEC7AA7B048F0
:10BDF800B20D1A58DF2D37F4814D63C7FFFFFFFFDF
:10BE0800FFFFFFFFFFFFFFFFFFFFFFFFFFFFFFFF3A
:10BE1800FFFFFFFFB70A7672385E543A6C2955BFA8
:10BE28005DF20255382A5482E041F759989BA78B56
:10BE3800623B1D6E74AD20F31EC7B18E37058BBEF5
:10BE480022CA87AA5F0EEA907C1D437A9D817E1DD7
:10BE5800CEB1600AC0B8F0B51331DAE97C149A287B
:10BE6800BD1DF4F829DC9292BF989E5D6F2C269632
:10BE78004ADE173600000000000000000000000045
:10BE8800201C0000000000004038000000000000F6
:10BE98006024000000000000807000000000000026
:10BEA800A06C000000000000C04800000000000076
:10BEB800E05400000000000000E100000000000065
:10BEC80020FD00000000000040D900000000000034
:10BED80060C5000000000000809100000000000024
:10BEE800A08D000000000000C0A9000000000000B4
:10BEF800E0B500000000000058E2FCCEFA7E306198
:10BF0800367F1D57A4E7455AAB6E47D42CEC13BDBA
:10BF1800F53A67B21257BDDF4D5C2AF327CD64A608
:10BF28002CF35ABD2BA6FAB45BC94FBC3221A5DB52
:10BF380094FAE95AE7121A473612D2E79E3B078568
:10BF4800561BE14AACA2FCCB619CC5AEFFFE0BFAC6
:10BF5800462AF43C1699D050CD33B28AC773F74BB2
:10BF6800A00ED1F3125724352FF58D80033927AB56
:10BF78008EF4D4587514F0FB9924A7C8587336BFAB
:10BF8800B118024DB8674A142519498E80F1478FB8
:10BF980037BA55BD6D27618C65DCC57FCF623A2401
:10BFA800094FCCA40D3533F8DCF566FF291C25BBF9
:10BFB800B8568FC3D376A6D9530F8AFBC74536B96F
:10BFC800A963B4F1C4CB738BD0D1C8A799996BF08E
:10BFD800265B98B5D48AB919B094DAC5D93471BD3D
:10BFE800EC1A502270E3CC6C76FC6ECE0F4E1768BC
:10BFF800CDDF8853BB2D551B3A337DBF46A792C46E
:10C008005E454913FE2EA8F2A44A8266EE1C8EB045
:10C01800C8B5D4CF5AE9F19A00000000000000002A
:10C028000000000000000000000000000000000008
:10C0380000000000000000000000000000000000F8
:10C0480000000000000000000000000000000000E8
:10C0580000000000000000000388DACE60B6A3925A
:10C06800F328C2B971B2FE78000000000000000099
:10C0780000000000000000000000000000000000B8
:10C0880000000000000000000000000000000000A8
:10C09800000000000000000042831EC221777424C3
:10C0A8004B7221B784D0D49CE3AA212F2C02A4E0A0
:10C0B80035C17E2329ACA12E21D514B25466931C18
:10C0C8007D8F6A5AAC84AA051BA30B396A0AAC9700
:10C0D8003D58E091473F598542831EC22177742419
:10C0E8004B7221B784D0D49CE3AA212F2C02A4E060
:10C0F80035C17E2329ACA12E21D514B25466931CD8
:10C108007D8F6A5AAC84AA051BA30B396A0AAC97BF
:10C118003D58E0910000000061353B4C2806934AE9
:10C12800777FF51FA22A4755699B2A714FCDC6F81C
:10C138003766E5F97B6C742373806900E49F24B249
:10C148002B097544D4896B424989B5E1EBAC0F07DB
:10C15800C23F4598000000008CE24998625615B627
:10C1680003A033ACA13FB894BE9112A5C3A211A8F5
:10C17800BA262A3CCA7E2CA701E4A9A4FBA43C90B9
:10C18800CCDCB281D48C7C6FD62875D2ACA41703D2
:10C198004C34AEE500000000000000000000000084
:10C1A8000000000000000000000000000000000087
:10C1B8000000000000000000000000000000000077
:10C1C8000000000000000000000000000000000067
:10C1D800000000000000000098E7247C07F0FE4102
:10C1E8001C267E4384B0F60000000000000000001A
:10C1F8000000000000000000000000000000000037
:10C208000000000000000000000000000000000026
:10C2180000000000000000003980CA0B3C00E84123
:10C22800EB06FAC4872A2757859E1CEAA6EFD9840D
:10C23800628593B40CA1E19C7D773D00C144C5257E
:10C24800AC619D18C84A3F4718E2448B2FE324D9B4
:10C25800CCDA2710ACADE2563980CA0B3C00E84175
:10C26800EB06FAC4872A2757859E1CEAA6EFD984CD
:10C27800628593B40CA1E19C7D773D00C144C5253E
:10C28800AC619D18C84A3F4718E2448B2FE324D974
:10C29800CCDA2710000000000F10F599AE14A15455
:10C2A800ED24B36E25324DB8C566632EF2BBB34F8D
:10C2B8008347280FC4507057FDDC29DF9A471F7544
:10C2C800C66541D4D4DAD1C9E93A19A58E8B473F5E
:10C2D800A0F062F700000000D27E88681CE3243CCE
:10C2E8004830165A8FDCF9FF1DE9A1D8E6B447EFAC
:10C2F8006EF7B79828666E4581E79012AF34DDD99E
:10C30800E2F037589B292DB3E67C036745FA22E70C
:10C31800E9B7373B00000000000000000000000003
:10C328000000000000000000000000000000000005
:10C3380000000000000000000000000000000000F5
:10C3480000000000000000000000000000000000E5
:10C358000000000000000000CEA7403D4D606B6E5D
:10C36800074EC5D3BAF39D18000000000000000076
:10C3780000000000000000000000000000000000B5
:10C3880000000000000000000000000000000000A5
:10C398000000000000000000522DC1F099567D07F2
:10C3A800F47F37A32A84427D643A8CDCBFE5C0C998
:10C3B8007598A2BD2555D1AA8CB08E48590DBB3DA4
:10C3C800A7B08B1056828838C5F61E6393BA7A0ACE
:10C3D800BCC9F662898015AD522DC1F099567D070A
:10C3E800F47F37A32A84427D643A8CDCBFE5C0C958
:10C3F8007598A2BD2555D1AA8CB08E48590DBB3D64
:10C40800A7B08B1056828838C5F61E6393BA7A0A8D
:10C41800BCC9F66200000000C3762DF1CA787D32EF
:10C42800AE47C13BF19844CBAF1AE14D0B976AFA7E
:10C43800C52FF7D79BBA9DE0FEB582D33934A4F057
:10C44800954CC2363BC73F7862AC430E64ABE49967
:10C45800F47C9B1F000000005A8DEF2F0C9E53F1B7
:10C46800F75D7853659E2A20EEB2B22AAFDE6419D2
:10C47800A058AB4F6F746BF40FC0C3B780F244453C
:10C488002DA3EBF1C5D82CDEA2418997200EF82EFA
:10C4980044AE7E3F000000000000000000000000E5
:10C4A8000000000000000000000000000000000084
:10C4B8000000000000000000FEFFE9928665731C82
:10C4C8006D6A8F9467308308FEFFE9928665731C56
:10C4D8006D6A8F9467308308000000000000000038
:10C4E8000000000000000000000000000000000044
:10C4F8000000000000000000000000000000000034
:10C508000000000000000000000000000000000023
:10C518000000000000000000000000000000000013
:10C528000000000000000000000000000000000003
:10C5380000000000000000000000000000000000F3
:10C5480000000000000000000000000000000000E3
:10C5580000000000000000000000000010000000C3
:10C56800400000003C0000003C0000003C000000CF
:10C5780000000000000000000000000000000000B3
:10C5880000000000000000000000000000000000A3
:10C598000000000000000000000000000000000093
:10C5A8000000000000000000000000000000000083
:10C5B800CAFEBABEFACEDBADDECAF88800000000BB
:10C5C8000000000000000000000000000000000063
:10C5D8000000000000000000000000000000000053
:10C5E8000000000000000000000000000000000043
:10C5F8009313225DF88406E555909C5AFF5269AA68
:10C608006A7A9538534F7DA1E4C303D2A318A728AB
:10C61800C3C0C95156809539FCF0E2429A6B525416
:10C6280016AEDBF5A0DE6A57A637B39B0000000004
:10C6380000000000000000000000000000000000F2
:10C6480000000000000000000000000000000000E2
:10C6580000000000000000000000000000000000D2
:10C6680000000000000000000000000000000000C2
:10C6780000000000000000000000000000000000B2
:10C6880000000000000000000000000000000000A2
:10C698000000000000000000000000000000000092
:10C6A8000000000000000000000000000000000082
:10C6B8000000000000000000000000000000000072
:10C6C8000000000000000000000000000000000062
:10C6D8000000000000000000000000000000000052
:10C6E8000000000000000000000000000000000042
:10C6F8000000000000000000010000000100000030
:10C7080001000000020000000C0000000C00000006
:10C718000C0000000C000000080000003C000000B5
:10C728000000000000000000000000000000000001
:10C7380000000000000000000000000000000000F1
:10C7480000000000000000000000000000000000E1
:10C7580000000000000000000000000000000000D1
:10C76800FEEDFACEDEADBEEFFEEDFACEDEADBEEFEB
:10C77800ABADDAD2000000000000000000000000AD
:10C7880000000000000000000000000000000000A1
:10C798000000000000000000000000000000000091
:10C7A8000000000000000000000000000000000081
:10C7B8000000000000000000000000000000000071
:10C7C8000000000000000000000000000000000061
:10C7D8000000000000000000000000000000000051
:10C7E8000000000000000000000000000000000041
:10C7F8000000000000000000000000000000000031
:10C808000000000000000000000000000000000020
:10C818000000000000000000000000000000000010
:10C828000000000000000000000000000000000000
:10C8380000000000000000000000000000000000F0
:10C8480000000000000000000000000000000000E0
:10C8580000000000000000000000000000000000D0
:10C8680000000000000000000000000000000000C0
:10C8780000000000000000000000000000000000B0
:10C8880000000000000000000000000000000000A0
:10C898000000000000000000000000000000000090
:10C8A800000000000000000000000000010000007F
:10C8B800010000000100000000000000000000006E
:10C8C8000000000014000000140000001400000024
:10C8D8000000000000000000000000000000000050
:10C8E8000000000000000000000000000000000040
:10C8F8000000000000000000000000000000000030
:10C90800000000000000000000000000000000001F
:10C91800D9313225F88406E5A55909C5AFF5269A17
:10C9280086A7A9531534F7DA2E4C303D8A318A721E
:10C938001C3C0C95956809532FCF0E2449A6B525A4
:10C94800B16AEDF5AA0DE657BA637B391AAFD2552D
:10C9580000000000000000000000000000000000CF
:10C9680000000000000000000000000000000000BF
:10C9780000000000000000000000000000000000AF
:10C98800000000000000000000000000000000009F
:10C99800000000000000000000000000000000008F
:10C9A800000000000000000000000000000000007F
:10C9B800000000000000000000000000000000006F
:10C9C800000000000000000000000000000000005F
:10C9D800000000000000000000000000000000004F
:10C9E800000000000000000000000000000000003F
:10C9F800000000000000000000000000000000002F
:10CA0800000000000000000000000000000000001E
:10CA1800000000000000000000000000000000000E
:10CA280000000000000000000000000000000000FE
:10CA380000000000000000000000000000000000EE
:10CA480000000000000000000000000000000000DE
:10CA580000000000000000000100000001000000CC
:10CA68000100000001000000A0C9AB58F1E2E5A4F4
:10CA7800DE3EBD4FF73E9C5B64EFD8CA028CF811CE
:10CA880048A584FE69AB5AEE42AA4D42176099D474
:10CA98005E1397DC404D86A37BF55954756951E4C4
:10CAA8009A00A2D00ED59BFE31ECB1399B6081482B
:10CAB800D1969D250D3C1E94101098129325CAB846
:10CAC800FCCC2D54731970C0107AA4892519955E71
:10CAD8004BC6001D7F4E6A2BF8A301AB46055C09C7
:10CAE800A67188F1A740EEF3E15C029B44AF0344D2
:10CAF80079349BBF7CDDA5799557866621C9138358
:10CB08001146733ABF8C35C8C7215B5B96C48E9BB0
:10CB1800338C74E3E99DFEDFC6A16AB8D420706F38
:10CB28000F34AB7FEC5ADCA9D8CA3A133E159CA641
:10CB3800AC43C6F8A2BE22834A4C0A0AFFB10D7163
:10CB480094F1C1A5CF7322EC1AE0964ED4BF1227F8
:10CB580046E087FDB5B3E91B3493D5BB98FAED4998
:10CB6800E85F130FC8A459B70800000007000000C9
:10CB7800060000000500000004000000030000009B
:10CB88000000000000000000010000000300000099
:10CB98000E0000001A0000003E00000050000000D7
:10CBA800D41D8CD98F00B204E9800998ECF8427E34
:10CBB8000CC175B9C0F1B6A831C399E2697726618D
:10CBC800900150983CD24FB0D6963F7D28E17F72B5
:10CBD800F96B697D7CB7938D525A2F31AAF161D0D8
:10CBE800C3FCD3D76192E4007DFB496CCA67E13B83
:10CBF800D174AB98D277D9F5A5611C2C9F419D9F24
:10CC080057EDF4A22BE3C955AC49DA2E2107B67AC1
:10CC1800000000000000000000000000000000000C
:10CC280000000000000000000000000000000000FC
:10CC380000000000000000000000000000000000EC
:10CC480000000000000000000000000000000000DC
:10CC580000000000000000000000000000000000CC
:10CC6800006100000000000000000000000000005B
:10CC780000000000000000000000000000000000AC
:10CC8800000000000000000000000000000000009C
:10CC9800000000000000000000000000000000008C
:10CCA800000000000000000000000000000000007C
:10CCB8000000616263000000000000000000000046
:10CCC800000000000000000000000000000000005C
:10CCD800000000000000000000000000000000004C
:10CCE800000000000000000000000000000000003C
:10CCF800000000000000000000000000000000002C
:10CD08000000006D6573736167652064696765730A
:10CD18007400000000000000000000000000000097
:10CD280000000000000000000000000000000000FB
:10CD380000000000000000000000000000000000EB
:10CD480000000000000000000000000000000000DB
:10CD5800000000006162636465666768696A6B6CFD
:10CD68006D6E6F707172737475767778797A00006A
:10CD780000000000000000000000000000000000AB
:10CD8800000000000000000000000000000000009B
:10CD9800000000000000000000000000000000008B
:10CDA80000000000004142434445464748494A4B79
:10CDB8004C4D4E4F505152535455565758595A612D
:10CDC80062636465666768696A6B6C6D6E6F7071C3
:10CDD80072737475767778797A30313233343536C0
:10CDE8003738390000000000000000000000000093
:10CDF800000000000000313233343536373839301E
:10CE080031323334353637383930313233343536D8
:10CE180037383930313233343536373839303132C2
:10CE280033343536373839303132333435363738AC
:10CE380039303132333435363738393031323334AA
:10CE4800353637383930000008000000C820002087
:10CE5800400000008000000081F1006069F100607E
:10CE68006DF1006089F1006029F20060CDF1006089
:10CE780079F100607DF10060070000002434002093
:10CE8800300000008000000061F1006069F100607E
:10CE98006DF1006071F1006029F20060CDF1006071
:10CEA80079F100607DF1006006000000F833002091
:10CEB800200000004000000051F1006039F10060DE
:10CEC8003DF1006059F1006011F20060B9F10060B5
:10CED80049F100604DF1006005000000502000207D
:10CEE8001C0000004000000031F1006039F10060D2
:10CEF8003DF1006041F1006011F20060B9F100609D
:10CF080049F100604DF10060040000002C20002071
:10CF180014000000400000001DF1006021F10060D5
:10CF280025F1006071570160F9F10060A5F100601A
:10CF380029F100602DF1006003000000041F0020AB
:10CF4800100000004000000009F100600DF10060D1
:10CF580011F10060F5EF0060E1F1006091F100600F
:10CF680015F1006019F100601C1F00200900000085
:10CF7800FC210020142200200301000024220020AC
:10CF8800090000003022002048220020040100008F
:10CF98005822002009000000642200207C22002082
:10CFA8000501000090220020090000009C220020BA
:10CFB800B422002006010000C82200200900000059
:10CFC800D4220020EC2200200701000000230020CA
:10CFD800090000000C230020242300200801000081
:10CFE80038230020050000003022002048220020BD
:10CFF800040100004023002007000000482300200F
:10D0080058230020040400006823002008000000C2
:10D018007423002088230020050400009C2300209E
:10D0280008000000A8230020BC23002006040000FC
:10D03800D023002008000000DC230020F02300207B
:10D048000704000004240020080000001024002029
:10D0580024240020080400003824002009000000CF
:10D0680044240020442400200006000000000000A2
:10D0780000000000000000000000000000000000A8
:10D08800341F0020030000008C250020A425002068
:10D0980000010000B825002003000000BC25002086
:10D0A800CC25002004000000D82500200300000043
:10D0B800DC250020F02500200008000004260020C0
:10D0C8000300000008260020202600202000000081
:10D0D80034260020090000004026002058260020A1
:10D0E8000000010000000000000000000000000037
:10D0F8000000000000000000381F002003000000AE
:10D1080074260020882600209426002098260020D7
:10D11800030000009C260020B0260020B82600202E
:10D12800BC26002003000000C0260020D0260020D6
:10D13800DC260020E026002003000000E426002072
:10D14800F0260020F8260020FC260020030000001E
:10D158000027002018270020282700202C2700203F
:10D168000300000030270020502700205C27002003
:10D1780060270020090000006C2700207C27002081
:10D188006C2700208C270020030000009027002037
:10D19800A4270020B4270020C42700200300000093
:10D1A800C8270020DC270020EC270020FC270020CF
:10D1B8000300000000280020142800202028002058
:10D1C8002C280020030000003028002040280020E0
:10D1D800482800204C280020030000005028002088
:10D1E800602800206C280020702800200300000020
:10D1F8007428002084280020902800209C280020E3
:10D2080003000000A0280020BC280020D42800200B
:10D21800E828002003000000EC280020F82800205F
:10D228000029002008290020030000000C29002004
:10D2380020290020402900204C290020030000005C
:10D2480050290020602900206C290020782900201E
:10D258000A0000008429002098290020AC29002019
:10D26800B029002003000000B4290020CC290020A8
:10D27800E02900200000000000000000000000007D
:10D2880000000000000000003C1F00200900000012
:10D29800A8210020B821002001000000481F00201C
:10D2A80007000000BC210020CC2100200200000063
:10D2B800DC21002005000000E4210020EC210020F2
:10D2C8000300000000000000000000000000000053
:10D2D8000000000000000000501F002008000000AF
:10D2E800841E0020841E002001000000200400206D
:10D2F80005000000781E0020781E002002000000B3
:10D308009C210020080000006C1E00206C1E0020DC
:10D31800030000002804002005000000B01C0020C5
:10D32800B01C002004000000000000000000000005
:10D338000000000000000000000000005C1F00204A
:10D3480008000000E0200020041F00200300000067
:10D35800801F002005000000E8200020F0200020A9
:10D3680004000000F820002009000000042100202B
:10D3780010210020050000001821002009000000ED
:10D388002421002030210020060000003821002040
:10D39800090000004421002050210020070000005F
:10D3A800582100200900000064210020702100207D
:10D3B800080000000000000000000000000000005D
:10D3C8000000000000000000681F002008000000A6
:10D3D80028200020342000200400000040200020E5
:10D3E800080000004C200020582000200500000004
:10D3F8006820002008000000742000208020002001
:10D408000600000090200020080000009C2000205A
:10D41800A820002007000000B82000200800000015
:10D42800C4200020D02000200800000000000000D8
:10D4380000000000000000000000000000000000E4
:10D44800741F0020080000005024002064240020DD
:10D45800842400200800000090240020A424002038
:10D46800C424002008000000D0240020E424002068
:10D47800F4240020080000000025002018250020C2
:10D488002C25002008000000382500204C2500200D
:10D498005C25002008000000682500207C2500206D
:10D4A8000000000000000000000000000000000074
:10D4B800881F00200500000078210020002000209F
:10D4C8002100000080210020080000008C2100209D
:10D4D800A019002025000000000000000000000046
:10D4E800000000000000000000000000901F002065
:10D4F8000A0000009C1F0020BC1F0020042500001B
:10D50800DC1F00200A000000E81F0020082000207F
:10D5180004230000000000000000000000000000DC
:10D52800000000000000000005000000B42A0020F0
:10D53800A50301609903016000000000B1030160C8
:10D54800FD03016000000000E1040160D9040160EE
:10D55800790401600000000004000000BC2A0020DB
:10D56800A90201608D030160AD020160D102016072
:10D57800000000000000000069030160C1040160B0
:10D58800650401606D03016003000000C42A0020E7
:10D59800A902016081030160000000000000000092
:10D5A800000000000000000069030160A904016098
:10D5B800510401606D03016002000000CC2A0020C4
:10D5C800A90201609D020160D90201601D0301608A
:10D5D800000000000000000069030160A904016068
:10D5E800510401606D03016001000000B8210020B2
:10D5F8004501016035010160510101609D01016033
:10D60800D901016029020160710201608D04016085
:10D618003D04016075020160080000000800000078
:10D6280008000000180000000900000000000000C9
:10D6380004000000040000000400000024000000B2
:10D6480005000000000000000100000002000000CA
:10D658000010000000100000001000000000000092
:10D66800140000001400000014000000190000005D
:10D6780010000000000000000C60C80F961F0E711B
:10D68800F3A9B524AF6012062FE037A6000000000A
:10D698000000000000000000EA6C014DC72D6F8CEF
:10D6A800CD1ED92ACE1D41F0D8DE895700000000D2
:10D6B80000000000000000004B007901B765489A9F
:10D6C800BEAD49D926F721D065A429C100000000C4
:10D6D80000000000000000003D2EEC4FE41C849B7D
:10D6E80080C8D83662C0E44A8B291A964CF2F0708A
:10D6F800380000000000000056FA6AA75548099D46
:10D70800CC37D7F03425E0C300000000000000004B
:10D718000000000000000000000000000000000001
:10D7280000000000000000000000000000000000F1
:10D73800000000000000000070617373776F72646E
:10D7480000000000000000000000000000000000D1
:10D75800000000000000000070617373776F72644E
:10D7680000000000000000000000000000000000B1
:10D77800000000000000000070617373776F72642E
:10D788000000000000000000000000000000000091
:10D79800000000000000000070617373776F72640E
:10D7A80050415353574F524470617373776F72648B
:10D7B80000000000000000007061737300776F7252
:10D7C80064000000000000000000000000000000ED
:10D7D8000000000000000000000000000000000041
:10D7E8000000000000000000000000000000000031
:10D7F800000000000000000073616C74000000006D
:10D808000000000000000000000000000000000010
:10D818000000000000000000000000000000000000
:10D8280073616C740000000000000000000000003C
:10D8380000000000000000000000000000000000E0
:10D84800000000000000000073616C74000000001C
:10D8580000000000000000000000000000000000C0
:10D8680000000000000000000000000000000000B0
:10D8780073616C7453414C5473616C7453414C54D0
:10D8880073616C7453414C5473616C7453414C54C0
:10D8980073616C74000000007361006C7400000018
:10D8A8000000000000000000000000000000000070
:10D8B8000000000000000000000000000000000060
:10D8C8000000000000000000000000000000000050
:10D8D8000000000000000000000000000000000040
:10D8E8000000000000000000A9993E364706816A42
:10D8F800BA3E25717850C26C9CD0D89D84983E441D
:10D908001C3BD26EBAAE4AA1F95129E5E54670F141
:10D9180034AA973CD4C4DAA4F61EEB2BDBAD27312E
:10D928006534016F616263000000000000000000C0
:10D9380000000000000000000000000000000000DF
:10D9480000000000000000000000000000000000CF
:10D958000000000000000000000000000061626399
:10D968006462636465636465666465666765666763
:10D9780068666768696768696A68696A6B696A6B13
:10D988006C6A6B6C6D6B6C6D6E6C6D6E6F6D6E6FC3
:10D99800706E6F7071000000000000000000000051
:10D9A800000000000000000000000000000000006F
:10D9B800000000000000000000000000000000005F
:10D9C800000000000000000000000000000000004F
:10D9D8000300000038000000E8030000982F8A4286
:10D9E80091443771CFFBC0B5A5DBB5E95BC25639A9
:10D9F800F111F159A4823F92D55E1CAB98AA07D8C1
:10DA0800015B8312BE853124C37D0C55745DBE72E3
:10DA1800FEB1DE80A706DC9B74F19BC1C1699BE463
:10DA28008647BEEFC69DC10FCCA10C246F2CE92DF3
:10DA3800AA84744ADCA9B05CDA88F97652513E9817
:10DA48006DC631A8C82703B0C77F59BFF30BE0C61E
:10DA58004791A7D55163CA0667292914850AB727AC
:10DA680038211B2EFC6D2C4D130D385354730A6549
:10DA7800BB0A6A762EC9C281852C7292A1E8BFA220
:10DA88004B661AA8708B4BC2A3516CC719E892D188
:10DA9800240699D685350EF470A06A1016C1A4190B
:10DAA800086C371E4C774827B5BCB034B30C1C390A
:10DAB8004AAAD84E4FCA9C5BF36F2E68EE828F74C9
:10DAC8006F63A5781478C8840802C78CFAFFBE90E3
:10DAD800EB6C50A4F7A3F9BEF27871C623097D2236
:10DAE8003405D8228642A477BDA255B32AADBCE43A
:10DAF800BDA0B3F7E36C9DA70000000075388B1636
:10DB0800512776CC5DBA5DA1FD890150B0C6455C50
:10DB1800B4F58B195252252500000000207946558E
:10DB2800980C91D8BBB4C1EA97618A4BF03F425830
:10DB38001948B2EE4EE7AD6700000000BA7816BF8C
:10DB48008F01CFEA414140DE5DAE2223B00361A3DD
:10DB580096177A9CB410FF61F20015AD248D6A61A6
:10DB6800D20638B8E5C026930C3E6039A33CE45988
:10DB780064FF2167F6ECEDD419DB06C1CDC76E5CF6
:10DB88009914FB9281A1C7E284D73E67F1809A4835
:10DB9800A497200E046D39CCC7112CD003000000C7
:10DBA80038000000E8030000616263000000000024
:10DBB800000000000000000000000000000000005D
:10DBC800000000000000000000000000000000004D
:10DBD800000000000000000000000000000000003D
:10DBE8000061626364626364656364656664656654
:10DBF8006765666768666768696768696A68696AA1
:10DC08006B696A6B6C6A6B6C6D6B6C6D6E6C6D6E50
:10DC18006F6D6E6F706E6F70710000000000000015
:10DC280000000000000000000000000000000000EC
:10DC380000000000000000000000000000000000DC
:10DC480000000000000000000000000000000000CC
:10DC5800000000000000000022AE28D7982F8A425A
:10DC6800CD65EF23914437712F3B4DECCFFBC0B509
:10DC7800BCDB8981A5DBB5E938B548F35BC2563909
:10DC880019D005B6F111F1599B4F19AFA4823F92F3
:10DC980018816DDAD55E1CAB420203A398AA07D897
:10DCA800BE6F7045015B83128CB2E44EBE85312491
:10DCB800E2B4FFD5C37D0C556F897BF2745DBE72EB
:10DCC800B196163BFEB1DE803512C725A706DC9B50
:10DCD800942669CF74F19BC1D24AF19EC1699BE435
:10DCE800E3254F388647BEEFB5D58C8BC69DC10F4F
:10DCF800659CAC77CCA10C2475022B596F2CE92DAF
:10DD080083E4A66EAA84744AD4FB41BDDCA9B05C46
:10DD1800B5531183DA88F976ABDF66EE52513E9837
:10DD28001032B42D6DC631A83F21FB98C82703B027
:10DD3800E40EEFBEC77F59BFC28FA83DF30BE0C604
:10DD480025A70A934791A7D56F8203E05163CA06B6
:10DD5800706E0E0A67292914FC2FD246850AB72748
:10DD680026C9265C38211B2EED2AC45AFC6D2C4D81
:10DD7800DFB3959D130D3853DE63AF8B54730A657B
:10DD8800A8B2773CBB0A6A76E6AEED472EC9C281D7
:10DD98003B358214852C72926403F14CA1E8BFA232
:10DDA800013042BC4B661AA89197F8D0708B4BC2D1
:10DDB80030BE5406A3516CC71852EFD619E892D159
:10DDC80010A96555240699D62A20715785350EF471
:10DDD800B8D1BB3270A06A10C8D0D2B816C1A41985
:10DDE80053AB4151086C371E99EB8EDF4C774827AF
:10DDF800A8489BE1B5BCB034635AC9C5B30C1C39FB
:10DE0800CB8A41E34AAAD84E73E363774FCA9C5B37
:10DE1800A3B8B2D6F36F2E68FCB2EF5DEE828F74B2
:10DE2800602F17436F63A57872ABF0A11478C8848C
:10DE3800EC39641A0802C78C281E6323FAFFBE90C7
:10DE4800E9BD82DEEB6C50A41579C6B2F7A3F9BE22
:10DE58002B5372E3F27871C69C6126EACE3E27CA3C
:10DE680007C2C021C7B886D11EEBE0CDD67DDAEA5D
:10DE780078D16EEE7F4F7DF5BA6F1772AA67F006FC
:10DE8800A698C8A2C57D630AAE0DF9BE04983F11D5
:10DE98001B471C13350B711B847D0423F577DB2886
:10DEA8009324C7407BABCA32BCBEC9150ABE9E3C90
:10DEB8004C0D109CC4671D43B6423ECBBED4C54C26
:10DEC8002A7E65FC9C297F59ECFAD63AAB6FCB5F6A
:10DED8001758474A8C19446CCB00753F45A35E8B95
:10DEE800B5A03D699AC65007272C32AB0EDED16328
:10DEF8001A8B605A43FF5BED8086072BA1E7CC2382
:10DF080058BAECA134C825A70000000000000000A2
:10DF1800000000000000000009330C33F71147E847
:10DF28003D192FC782CD1B4753111B173B3B05D209
:10DF38002FA08086E3B0F712FCC7C71A557E2DB90B
:10DF480066C3E9FA9174603900000000000000001F
:10DF580000000000000000009D0E1809716474CBD9
:10DF6800086E834E310A4A1CED149E9C00F24852FA
:10DF78007972CEC5704C2A5B07B8B3DC38ECC4EBB9
:10DF8800AE97DDD87F3D89850000000000000000C5
:10DF98000000000000000000DDAF35A193617ABAEF
:10DFA800CC417349AE20413112E6FA4E89A97EA2CE
:10DFB8000A9EEEE64B55D39A2192992A274FC1A87B
:10DFC80036BA3C23A3FEEBBD454D4423643CE80E22
:10DFD8002A9AC94FA54CA49F8E959B75DAE313DA4C
:10DFE8008CF4F72814FC143F8F7779C6EB9F7FA138
:10DFF8007299AEADB6889018501D289E4900F7E476
:10E00800331B99DEC4B5433AC7D329EEB6DD26548F
:10E018005E96E55B874BE909E718483D0CE76964BC
:10E028004E2E42C7BC15B4638E1F98B13B204428BE
:10E038005632A803AFA973EBDE0FF244877EA60A17
:10E048004CB0432CE577C31BEB009C5C2C49AA2EF3
:10E058004EADB217AD8CC09B0300000070000000ED
:10E06800E803000061626300000000000000000097
:10E078000000000000000000000000000000000098
:10E088000000000000000000000000000000000088
:10E098000000000000000000000000000000000078
:10E0A8000000000000000000000000000000000068
:10E0B8000000000000000000000000000000000058
:10E0C8000000000000000000000000000000000048
:10E0D80000000000006162636465666768626364EB
:10E0E8006566676869636465666768696A646566C2
:10E0F8006768696A6B65666768696A6B6C66676892
:10E10800696A6B6C6D6768696A6B6C6D6E68696A61
:10E118006B6C6D6E6F696A6B6C6D6E6F706A6B6C31
:10E128006D6E6F70716B6C6D6E6F7071726C6D6E01
:10E138006F707172736D6E6F70717273746E6F70D1
:10E148007172737475000000000000000000000088
:10E1580000000000000000000000000000000000B7
:10E1680000000000000000000000000000000000A7
:10E178000000000000000000000000000000000097
:10E188000000000000000000000000000000000087
:10E198000000000000000000000000000000000077
:10E1A8000000000000000000000000000000000067
:10E1B800000000000000000009C000007C300020C2
:10E1C8000504040003000000010000000300000033
:10E1D80003000000000000000AC00000AC3000206E
:10E1E8000704040003000000010000000300000011
:10E1F800030000000000000023C00000D43000200D
:10E2080005060400030000000300000003000000EE
:10E2180003000000000000002BC00000FC300020BC
:10E228000E060400030000000300000003000000C5
:10E23800030000000000000024C00000243100207A
:10E2480007070400030000000300000003000000AB
:10E2580003000000000000002CC000004C3100202A
:10E268001007040003000000030000000300000082
:10E278000300000000000000ADC000007431002061
:10E288002D06040003000000030000000300000046
:10E298000300000000000000AFC00000983100201B
:10E2A8002D06040003000000030000000300000026
:10E2B8000300000002000000ACC00000BC310020D8
:10E2C8002B06040003000000030000000300000008
:10E2D8000300000000000000AEC00000E031002094
:10E2E8002B060400030000000300000003000000E8
:10E2F800030000000200000072C000000432002089
:10E3080014060400030000000100000003000000E0
:10E31800030000000000000073C000003432002039
:10E3280016070400030000000100000003000000BD
:10E33800030000000000000086C0000064320020D6
:10E348001D06040003000000030000000300000095
:10E35800030000000000000087C000009432002085
:10E368001F07040003000000030000000300000072
:10E37800030000000000000008C00000C4320020B4
:10E388002504040003000000010000000300000051
:10E39800030000000000000013C00000EC32002061
:10E3A8000504030003000000010000000300000052
:10E3B800030000000000000014C00000103300201B
:10E3C8000704030003000000010000000300000030
:10E3D800030000000000000027C0000034330020C4
:10E3E800050603000300000003000000030000000E
:10E3F80003000000000000002FC000005C33002074
:10E408000E060300030000000300000003000000E4
:10E41800030000000000000028C000008433002032
:10E4280007070300030000000300000003000000CA
:10E43800030000000000000030C00000AC330020E2
:10E4480010070300030000000300000003000000A1
:10E45800030000000000000076C00000D433002054
:10E468001406030003000000010000000300000080
:10E47800030000000000000077C000000034002006
:10E48800160703000300000001000000030000005D
:10E4980003000000000000008AC000002C340020A7
:10E4A8001D06030003000000030000000300000035
:10E4B80003000000000000008BC00000583400205A
:10E4C8001F07030003000000030000000300000012
:10E4D800030000000000000012C000008434002087
:10E4E80025040300030000000100000003000000F1
:10E4F80003000000000000009F000000A834002076
:10E5080010070200030000000300000003000000E1
:10E5180003000000000000009E000000CC34002032
:10E528000E060200030000000300000003000000C4
:10E53800030000000000000067000000F034002025
:10E5480005060200030000000300000003000000AD
:10E5580003000000000000006B00000014350020DC
:10E56800070602000300000003000000030000008B
:10E5780003000000000000003300000038350020D0
:10E588000504020003000000000000000300000072
:10E598000300000000000000390000005C35002086
:10E5A8000704020003000000000000000300000050
:10E5B80003000000000000009FC00000803500201C
:10E5C8002D06020003000000030000000300000005
:10E5D8000300000000000000A3C00000A0350020D8
:10E5E8002D060200030000000300000003000000E5
:10E5F80003000000020000009EC00000C03500209B
:10E608002B060200030000000300000003000000C6
:10E618000300000000000000A2C00000E035002058
:10E628002B060200030000000300000003000000A6
:10E638000300000002000000BE00000000360020B9
:10E64800140602000300000003000000030000009D
:10E658000300000000000000C40000002C36002069
:10E66800160602000300000003000000030000007B
:10E67800030000000000000045000000583600209C
:10E688001404020003000000000000000300000062
:10E698000300000000000000880000008036002011
:10E6A8001604020003000000000000000300000040
:10E6B80003000000000000007CC00000A836002015
:10E6C8001D06020003000000030000000300000014
:10E6D80003000000000000007DC00000D4360020C8
:10E6E8001F070200030000000300000003000000F1
:10E6F80003000000000000001600000000370020A2
:10E7080025040200030000000000000003000000D0
:10E7180003000000000000009D00000024370020D6
:10E7280010070100030000000300000003000000C0
:10E7380003000000000000009C0000004437002097
:10E748000E060100030000000300000003000000A3
:10E7580003000000000000003C00000064370020B7
:10E76800050601000300000003000000030000008C
:10E7780003000000000000003D0000008437002076
:10E78800070601000300000003000000030000006A
:10E7980003000000000000002F000000A437002044
:10E7A8000504010003000000000000000300000051
:10E7B800030000000000000035000000C4370020FE
:10E7C800070401000300000000000000030000002F
:10E7D80003000000000000009DC00000E437002096
:10E7E8002D060100030000000300000003000000E4
:10E7F8000300000000000000A1C000000038002055
:10E808002D060100030000000300000003000000C3
:10E8180003000000020000009CC000001C3800201B
:10E828002B060100030000000300000003000000A5
:10E838000300000000000000A0C0000038380020DD
:10E848002B06010003000000030000000300000085
:10E858000300000002000000BA0000005438002045
:10E86800140601000300000003000000030000007C
:10E878000300000000000000C00000007C380020F9
:10E88800160601000300000003000000030000005A
:10E89800030000000000000041000000A438002030
:10E8A8001404010003000000000000000300000041
:10E8B800030000000000000084000000C8380020A9
:10E8C800160401000300000000000000030000001F
:10E8D80003000000000000007AC00000EC380020AF
:10E8E8001D060100030000000300000003000000F3
:10E8F80003000000000000007BC000001439002065
:10E908001F070100030000000300000003000000CF
:10E9180003000000000000000A0000003C3900204D
:10E9280025040100030000000000000003000000AF
:10E9380003000000000000000EC000005C39002049
:10E9480005040900030000000100000003000000A6
:10E9580003000000000000000FC000008039002004
:10E968000704090003000000010000000300000084
:10E97800030000000000000029C00000A4390020A6
:10E988000506090003000000030000000300000062
:10E99800030000000000000031C00000CC39002056
:10E9A8000E06090003000000030000000300000039
:10E9B80003000000000000002AC00000F439002015
:10E9C800070709000300000003000000030000001F
:10E9D800030000000000000032C000001C3A0020C4
:10E9E80010070900030000000300000003000000F6
:10E9F800030000000000000078C00000443A002036
:10EA080014060900030000000100000003000000D4
:10EA1800030000000000000079C00000703A0020E8
:10EA280016070900030000000100000003000000B1
:10EA380003000000000000008CC000009C3A002089
:10EA48001D06090003000000030000000300000089
:10EA580003000000000000008DC00000C83A00203C
:10EA68001F07090003000000030000000300000066
:10EA780003000000000000000DC00000F43A002070
:10EA88002504090003000000010000000300000045
:10EA9800030000000000000004C00000183B002034
:10EAA80005040A0003000000010000000300000044
:10EAB800030000000000000005C000003C3B0020EF
:10EAC80007040A0003000000010000000300000022
:10EAD800030000000000000025C00000603B00208B
:10EAE80005060A0003000000030000000300000000
:10EAF80003000000000000002DC00000883B00203B
:10EB08000E060A00030000000300000003000000D6
:10EB1800030000000000000026C00000B03B0020F9
:10EB280007070A00030000000300000003000000BC
:10EB380003000000000000002EC00000D83B0020A9
:10EB480010070A0003000000030000000300000093
:10EB5800030000000000000074C00000003C00201A
:10EB680014060A0003000000010000000300000072
:10EB7800030000000000000075C000002C3C0020CD
:10EB880016070A000300000001000000030000004F
:10EB9800030000000000000088C00000583C00206E
:10EBA8001D060A0003000000030000000300000027
:10EBB800030000000000000089C00000843C002021
:10EBC8001F070A0003000000030000000300000004
:10EBD800030000000000000003C00000B03C00205B
:10EBE80025040A00030000000100000003000000E3
:10EBF8000300000000000000A8000000D83C00202E
:10EC08000E060500030000000300000003000000DA
:10EC18000300000000000000A9000000F83C0020EC
:10EC280010070500030000000300000003000000B7
:10EC38000300000000000000AE000000183D0020A6
:10EC480005060500030000000100000003000000A5
:10EC58000300000000000000AF000000383D002065
:10EC68000707050003000000010000000300000082
:10EC780003000000000000008C000000583D002048
:10EC88000504050003000000000000000300000068
:10EC980003000000000000008D000000783D002007
:10ECA8000704050003000000000000000300000046
:10ECB8000300000000000000A5C00000983D0020EF
:10ECC8002D060500030000000300000003000000FB
:10ECD8000300000000000000A9C00000B43D0020AF
:10ECE8002D060500030000000300000003000000DB
:10ECF8000300000002000000A4C00000D03D002076
:10ED08002B060500030000000300000003000000BC
:10ED18000300000000000000A8C00000EC3D002037
:10ED28002B0605000300000003000000030000009C
:10ED3800030000000200000094C00000083E00200C
:10ED48001406050003000000010000000300000095
:10ED5800030000000000000095C00000303E0020C5
:10ED68001607050003000000010000000300000072
:10ED780003000000000000008EC00000583E002084
:10ED88001D0605000300000003000000030000004A
:10ED980003000000000000008FC00000803E00203B
:10EDA8001F07050003000000030000000300000027
:10EDB80003000000000000008B000000A83E0020B7
:10EDC8002504050003000000000000000300000007
:10EDD8000300000000000000AA000000C83E002058
:10EDE8000E060600030000000300000003000000F8
:10EDF8000300000000000000AB000000EC3E002013
:10EE080010070600030000000300000003000000D4
:10EE18000300000000000000B2000000103F0020C6
:10EE280005060600030000000100000003000000C2
:10EE38000300000000000000B3000000343F002081
:10EE4800070706000300000001000000030000009F
:10EE5800030000000000000090000000583F002060
:10EE68000504060003000000000000000300000085
:10EE78000300000000000000910000007C3F00201B
:10EE88000704060003000000000000000300000063
:10EE98000300000000000000A7C00000A03F002001
:10EEA8002D06060003000000030000000300000018
:10EEB8000300000000000000ABC00000C03F0020BD
:10EEC8002D060600030000000300000003000000F8
:10EED8000300000002000000A6C00000E03F002080
:10EEE8002B060600030000000300000003000000DA
:10EEF8000300000000000000AAC00000004000203D
:10EF08002B060600030000000300000003000000B9
:10EF1800030000000200000096C00000204000200E
:10EF280014060600030000000100000003000000B2
:10EF3800030000000000000097C000004C400020C3
:10EF4800160706000300000001000000030000008F
:10EF5800030000000000000090C00000784000207E
:10EF68001D06060003000000030000000300000067
:10EF7800030000000000000091C00000A440002031
:10EF88001F07060003000000030000000300000044
:10EF980003000000000000008F000000D0400020A7
:10EFA8002504060003000000000000000300000024
:10EFB800030000000000000037C00000F4400020FB
:10EFC800050608000300000001000000030000001F
:10EFD800030000000000000038C000001C410020B1
:10EFE80007070800030000000100000003000000FC
:10EFF800030000000000000035C00000444100206C
:10F0080005040800030000000100000003000000E0
:10F01800030000000000000036C000006841002026
:10F0280007040800030000000100000003000000BE
:10F0380003000000000000009AC000008C4100207E
:10F04800140608000300000001000000030000008F
:10F0580003000000000000009BC00000B841002031
:10F06800160708000300000001000000030000006C
:10F07800030000000000000034C00000E44100204C
:10F088002504080003000000010000000300000040
:10F098000300000000000000AC000000084200204F
:10F0A8000E06070003000000030000000300000034
:10F0B8000300000000000000AD0000002C4200200A
:10F0C8001007070003000000030000000300000011
:10F0D8000300000000000000B600000050420020BD
:10F0E80005060700030000000100000003000000FF
:10F0F8000300000000000000B70000007442002078
:10F1080007070700030000000100000003000000DB
:10F118000300000000000000940000009842002056
:10F1280005040700030000000100000003000000C0
:10F13800030000000000000095000000BC42002011
:10F14800070407000300000001000000030000009E
:10F15800030000000000000098C00000E04200200A
:10F16800140607000300000001000000030000006F
:10F17800030000000000000099C000000C430020BC
:10F18800160707000300000001000000030000004C
:10F19800030000000000000092C000003843002077
:10F1A8001D06070003000000030000000300000024
:10F1B800030000000000000093C00000644300202A
:10F1C8001F07070003000000030000000300000001
:10F1D800030000000000000093000000904300209E
:10F1E80025040700030000000100000003000000E0
:10F1F800030000000000000000000000581F00206D
:10F2080000000000000000000000000000000000F6
:10F218000000000000000000A8CC0000A9CC0000FD
:10F22800AACC00002CC0000030C000009F000000E5
:10F23800ADC000009FC0000024C0000028C000002E
:10F248006B0000000AC0000014C000003900000074
:10F25800AFC00000A3C0000087C000008BC0000042
:10F268007DC0000073C0000077C00000C40000002B
:10F27800880000005DC0000061C0000053C00000AD
:10F2880049C000004DC0000045C000002BC0000070
:10F298002FC000009E000000ACC000009EC000000F
:10F2A80023C0000027C000006700000009C000005C
:10F2B80013C0000033000000AEC00000A2C0000070
:10F2C80086C000008AC000007CC0000072C0000038
:10F2D80076C00000BE000000450000005CC00000D1
:10F2E80060C0000052C0000048C000004CC00000D0
:10F2F80044C0000008C0000012C000001600000052
:10F30800ACCC0000ADCC0000AB000000A7C00000F2
:10F3180038C00000B300000036C0000091000000B3
:10F3280091C000009BC0000097C00000ABC0000067
:10F338006DC0000071C0000067C00000AA00000096
:10F34800A6C0000037C00000B200000035C00000B1
:10F358009000000090C0000096C000009AC0000015
:10F36800AAC000006CC0000070C0000066C00000A9
:10F3780034C000008F000000FFC000009D000000A6
:10F388009DC000003D0000003500000032C00000B4
:10F398002AC000000FC000002EC0000026C00000D8
:10F3A80005C00000A1C000007BC00000C000000034
:10F3B800840000008DC0000079C0000089C00000F2
:10F3C80075C000005FC0000063C0000051C00000AD
:10F3D8004BC000004FC000003DC000009C00000072
:10F3E8009CC000003C0000002F00000031C000005D
:10F3F80029C000000EC000002DC0000025C000007C
:10F4080004C00000A0C000007AC00000BA000000DC
:10F41800410000008CC0000078C0000088C00000D7
:10F4280074C000005EC0000062C0000050C0000050
:10F438004AC000004EC000003CC000000A000000A6
:10F448000DC0000003C00000AECC0000AD000000FD
:10F45800B70000009500000093C0000099C00000AC
:10F468006FC0000069C00000AC000000B6000000DA
:10F478009400000092C0000098C000006EC0000018
:10F4880068C0000093000000ABCC0000A900000099
:10F49800A5C00000AF0000008D0000008FC0000074
:10F4A80095C00000A9C000006BC0000065C0000046
:10F4B800A8000000A4C00000AE0000008C000000FE
:10F4C8008EC0000094C00000A8C000006AC0000000
:10F4D80064C000008B00000007C0000011C00000DD
:10F4E80033C000008E00000005000000040000008A
:10F4F8000CC0000002C00000920000008A0000005A
:10F50800150000000900000006C0000010C000003F
:10F518003BC000003AC0000039C00000B500000040
:10F52800B40000002D0000003B00000002000000B5
:10F53800010000000BC0000001C00000B90000007D
:10F54800B80000002E000000B1000000B00000006C
:10F558002C0000000000000001000000C44700204B
:10F5680002000000584800200400000088480020DD
:10F5780008000000D0480020100000000C490020BE
:10F5880020000000404900204000000054490020AD
:10F59800800000006C490020000100009449002010
:10F5A80000020000C449002000040000F4490020C3
:10F5B80000080000104A0020001000003C4A00200B
:10F5C80000200000704A002000400000A04A0020EF
:10F5D80000800000D84A002000000100244B0020D1
:10F5E80000000200784B002000000400A84B002017
:10F5F80000000800EC4B00200000000000000000A4
:10F60800F0000000FFFFFF0FFFFFFF0F00080000E2
:10F61800600000000A0000000C000000000000006C
:10F62800E0000000FFFFFF0FFC08000000080000DA
:10F6380080C00F4000000003190000001000000007
:10F64800E8841F4001000000FF000000FF000000E8
:10F65800000000000000000018000000100000007A
:10F66800E4841F4001000000FF000000FF000000CC
:10F6780000000000000000001F000000310201002F
:10F6880070C00F40000C00001100000011000000C5
:10F69800E0841F40020000002C000000120000005F
:10F6A800E0841F400100000010000000110000006D
:10F6B800DC841F40020000002D0000001200000042
:10F6C800DC841F40010000001E000000250201002C
:10F6D80070C00F40C00000001200000013000000BE
:10F6E800D0841F4001000000FF000000FF00000060
:10F6F80000000000000000001300000013000000DC
:10F70800CC841F4001000000FF000000FF00000043
:10F7180000000000000000001C00000019020100A9
:10F728001603550053004200200053006500720084
:10F73800690061006C000000180354006500650052
:10F748006E00730079006400750069006E006F0038
:10F758000403090409024B00020100C032080B002F
:10F76800020202010009040000010202010005244E
:10F7780000100105240101010424020605240600E5
:10F78800010705820310001009040100020A0000A5
:10F79800000705030240000007058402400000003E
:10F7A80009024B00020100C032080B0002020201EC
:10F7B80000090400000102020100052400100105EF
:10F7C800240101010424020605240600010705821C
:10F7D8000310000509040100020A000000070503E0
:10F7E8000200020007058402000200000A06000267
:08F7F800EF02014001000101D4
:10F8000000000000000000000000000000000000F8
:10F8100000000000000000000000000000000000E8
:10F8200010B5054C237833B9044B13B10448AFF33A
:10F8300000800123237010BD888A00200000000092
:10F8400034BA0100084B10B51BB108490848AFF3A2
:10F8500000800848036803B910BD074B002BFBD09C
:10F86000BDE81040184700BF000000008C8A00204F
:10F8700034BA0100C0620020000000000020704780
:10F8800000207047034B186810B103681B681847C5
:10F89000704700BF98160120034B186810B1036829
:10F8A0001B681847704700BF9C160120704700BFB7
:10F8B0002DE9F04344F260235D4C91B0DFF884E120
:10F8C000C1501646206810AC5A4B00901B6A5A482B
:10F8D000C3F30123056802462344046805F08075DC
:10F8E00013F8407C44F0A0430EFB07FE0360BEFB10
:10F8F000F1F0BEFBF0F7CF1B1368DC01FCD5052847
:10F9000040F2938000221446931C0132B0FBF3FCBA
:10F91000BCF1190F0CFB03F3F6D84FF00108BEFB46
:10F92000F3F3CB1A002BB8BF5B42BB426CDB18BFB2
:10F930004FF00008ACF10C03062B03D8B8F1000F10
:10F9400018BF1446BCF1050FDED8631CB7F5967FCF
:10F95000B0FBF3F0A0F1050E59DCBEF1140F56D840
:10F96000364FE84607F130093868103757F80C1C55
:10F97000C44657F8082C08F1100857F8043C4F45C6
:10F98000ACE80F00F0D10EEB4E0E10AB3868022E33
:10F9900073447968BA68B7F80CE0BF7BA8E8070041
:10F9A000A8F800E088F8027013F8400C13F83F1C28
:10F9B00000F0070013F83E3C4FEAC141204A40F4F2
:10F9C00080004FEA034301F4601103F4E02341EAAD
:10F9D000000143EA010343F4804343EA04641460F2
:10F9E000136814BF23F0080343F00803136045B9FC
:10F9F000114B19681A4621F0805119601368DB0118
:10FA0000FCD411B0BDE8F0831F46144692E7002DE8
:10FA1000F7D1094B19681A4621F080511960136813
:10FA2000D901FCD411B0BDE8F083012300248DE797
:10FA3000C003002000C00F4000801D40C403002010
:10FA400004801D4040420F002DE9F04344F2602342
:10FA50005D4C91B0DFF884E1C1501646206810ACCF
:10FA60005A4B00901B6A5A48C3F3012305680246AB
:10FA70002344046805F0807513F8407C44F0A043EB
:10FA80000EFB07FE0360BEFBF1F0BEFBF0F7CF1BE1
:10FA90001368DC01FCD5052840F29380002214464F
:10FAA000931C0132B0FBF3FCBCF1190F0CFB03F308
:10FAB000F6D84FF00108BEFBF3F3CB1A002BB8BF0A
:10FAC0005B42BB426CDB18BF4FF00008ACF10C038B
:10FAD000062B03D8B8F1000F18BF1446BCF1050F70
:10FAE000DED8631CB7F5967FB0FBF3F0A0F1050EEE
:10FAF00059DCBEF1140F56D8364FE84607F13009ED
:10FB00003868103757F80C1CC44657F8082C08F111
:10FB1000100857F8043C4F45ACE80F00F0D10EEB4D
:10FB20004E0E10AB3868022E73447968BA68B7F885
:10FB30000CE0BF7BA8E80700A8F800E088F8027096
:10FB400013F8400C13F83F1C00F0070013F83E3C7C
:10FB50004FEAC141204A40F480004FEA034301F4D8
:10FB6000601103F4E02341EA000143EA010343F496
:10FB7000804343EA04641460136814BF23F008034D
:10FB800043F00803136045B9114B19681A4621F078
:10FB9000805119601368DB01FCD411B0BDE8F0831B
:10FBA0001F46144692E7002DF7D1094B19681A46F3
:10FBB00021F0805119601368D901FCD411B0BDE85F
:10FBC000F083012300248DE7C003002000C00F4014
:10FBD00000001D40C403002004001D4040420F00EF
:10FBE00000207047002070470820704700207047B1
:10FBF0000020704708207047184B0A221849D3ED9F
:10FC0000007AFDEEE77A00B583B0CDED017ABDF95B
:10FC1000040014F0F1FD134B0A221349D3ED007ACE
:10FC2000FDEEE77ACDED017ABDF9040014F0E4FDB4
:10FC30000E4B0A220E49D3ED007AFDEEE77ACDEDA8
:10FC4000017ABDF9040014F0D7FD0A220949002009
:10FC500003B05DF804EB14F0CFBD00BFD02301204A
:10FC60004C1F0120A4200120541F0120B02001209E
:10FC70005C1F0120641F012010B50A4807F0AEF890
:10FC800000B910BD044602460749064807F048F887
:10FC9000064B2246044918680368BDE810405B68BB
:10FCA000184700BFE08C0020A48A00201C520020CE
:10FCB000104A1149136808681268096802F07F0247
:10FCC000C1F3036101320431B2EB410F10D303F0F1
:10FCD0007F03C0F30360053B0130A3EB4000C3B2D8
:10FCE000044A106800F07F000130C01AC0B27047AB
:10FCF0000023F5E700801D4034801D40104A114963
:10FD0000136808681268096802F07F02C1F3036192
:10FD100001320431B2EB410F10D303F07F03C0F383
:10FD20000360053B0130A3EB4000C3B2044A1068F6
:10FD300000F07F000130C01AC0B270470023F5E721
:10FD400000001D4034001D402DE9F041114C94F895
:10FD50005B50C5F15A05002D1ADD94F859100027A3
:10FD600094F8586021440C4814F80680A75515F003
:10FD700005FE042D04F806800ADD94F8545094F82A
:10FD80005510665D21440548675515F0F7FD665529
:10FD9000BDE8F08120200120C42301208021012022
:10FDA000034901220B6802FA00F003430B6070471D
:10FDB00030801D40034901220B6802FA00F0034322
:10FDC0000B60704730001D4008B50121212010F064
:10FDD00059F900212120BDE8084010F047B900BFC3
:10FDE0002DE9F041022182B0072010F04BF90221E9
:10FDF000062010F047F90221082010F043F90521F0
:10FE0000292010F03FF90521262010F03BF9584831
:10FE10000FF0FCFB56481BF0F7F9564806F0FEFBC6
:10FE2000002857D01121544811F064FC5348544E17
:10FE300012F0C0F9534C002010F0BAF920700120E4
:10FE400010F0B6F940F662136070B4F900209A42DF
:10FE50004BD002A8042200214B4D40F8043D46241B
:10FE600010F036FB10220A21484810F031FB0D2219
:10FE70002821474810F02CFB03223C21454810F074
:10FE800027FB2046013410F093F905F8010F4E2CA2
:10FE9000F7D1DFF8F88098F80530F0EE086A98F8A6
:10FEA00001103D4A5B1A07EE903AF8EEE77A87EECA
:10FEB000A67A82ED007AFFF787FF3378002B44D1D2
:10FEC0002121364811F016FC2C4812F073F902B0CB
:10FED000BDE8F081044615213148294E11F00AFC95
:10FEE000264812F067F93470A4E72E4C04F101089B
:10FEF00004F11007C8F10B05281910F059F904F89E
:10FF0000010FBC42F8D1224D28242046013410F0C4
:10FF10004FF905F8010B352CF7D11E4F3C2010F09E
:10FF200047F9194D387046243D2010F041F978709A
:10FF30003E2010F03DF9B8702046013410F038F939
:10FF400005F8010F4E2CF7D1A5E72821164811F02E
:10FF5000D1FB0A4812F02EF98021064806F05CFB1E
:10FF60000021044806F054FB02B0BDE8F08100BF58
:10FF70006053002060170120F40C0020AC510020D9
:10FF8000F45E0020D4230120DB5B0020CC5E002047
:10FF9000BC5E0020785E0020481F01204C0D002030
:10FFA000080D0020CB5E0020200D0020F0B50B4C8A
:10FFB00083B0526805460E46094F019269461A46BB
:10FFC0002046009706F070FE32462946204606F08D
:10FFD0007FFE204606F070FE03B0F0BDB08C00201E
:10FFE0000807002000000000B54B1B7803B97047DC
:10FFF0002DE9F043B34C89B0204606F0EFFE80B205
:02000004600397
:10000000042802D809B0BDE8F083AF4D182220467D
:10001000294606F085FE2B78802BF3D16B78812B57
:10002000F0D1AB787F2BEDD1EB78FE2B1FD0FC2BE2
:1000300000F0EE80FB2B00F08581C82B00F0EA81F8
:10004000C92B00F0FE81CA2B00F02E82EE2B00F0AF
:100050008482EF2BD6D19D4B1B78002BD2D001216F
:10006000212010F003F89A4B00221A70CAE7974B30
:100070001B78002BC6D095F90920B5F805102B7A0E
:1000800007EE101A934943EA0223934EB8EEC77B5A
:100090000A7806EE103AEB79904CB8EEC66BD71A98
:1000A0000B708F4918BF012732708E4824688E4E1E
:1000B0008E4A377014609FED7C5B9FED7D4B27EE81
:1000C000057B26EE046BB7EEC77BB7EEC66B81ED02
:1000D000007AD90780ED006A40F1E281B7EEC77A75
:1000E000B4EEC57BF1EE10FA00F1DA81804B1B789B
:1000F000012B00F0D5817F4B00221A707E49272307
:100100009FED7E7A0F22D1ED007AB8207C4C22211F
:1001100067EE877A7B4E23727B4BFDEEE77A7B4F4F
:10012000E2711A78CDED017ABDF90430B6F800C05D
:1001300097F900E01E126371A671BEF1020F744EB2
:100140006072AF7AA172E2727249E87A2A7B724BCE
:1001500084F80CC0377008701A7040F3478202228E
:10016000002013460133A25CDBB21044734500B299
:100170001A46F7DBDFF8C88104AD684F0E2104F89A
:100180000E002A46D8F80460654C3B885C4805960A
:100190000494FFF70BFF634B1A7A1AB95B7A002BB2
:1001A0003FF430AF604E33785A1C022B32707FF62A
:1001B00029AF5E4B5E4AD3ED007A92F900E0FCEE87
:1001C000E77ADFF870C1BEF1020F17EE903A8CF8B3
:1001D000053040F3088202224FF000091346013334
:1001E0001CF80220DBB24A4473450FFA82F91A4622
:1001F000F5DBD8F804002A463B880E2105904D48CF
:100200000CF80E900494FFF7D1FE00233370F9E64A
:100210002E4B1B78002B3FF4F5AE287A10222B7B57
:100220000A2107EE900A444C06EE103A6B7AB8EEBB
:10023000677AEF7A05EE903AB8EE466AAB7AB7EE97
:10024000C77A6E79F8EE655A43EA0723B7EEC66AB5
:10025000AD796380C4ED025A207120462670657125
:100260009FED154B9FED125B27EE047B26EE056B91
:10027000B7EEC77BFCEEC77AB7EEC66B17EE903AC7
:1002800084ED036A637010F023F96379F0EE086A75
:1002900061782A4A5B1A07EE903AF8EEE77A87EE21
:1002A000A67A82ED007AADE69A9999999999B93F23
:1002B0007B14AE47E17A843F333333333333F33F38
:1002C000E6230120B08C002084170120F45E00207A
:1002D00010240120F7230120FB230120B423012057
:1002E000401F012098210120F8230120441F0120F4
:1002F000FD5E0020FF5E0020902101200000C8422A
:100300009C510020DA23012005240120F85E002002
:1003100007240120FF23012000240120805E00200B
:1003200008070020BC5E0020F02301207821012076
:10033000F75E00208C510020CC5E0020481F012079
:10034000A48C00206A79AA4B12F0010118BF012188
:10035000197002F0020101F0FF00002900F09E80F8
:100360000121597002F0040101F0FF00002900F0A2
:1003700093800121997002F0080101F0FF0000292B
:1003800000F088800121D97002F0100101F0FF0017
:1003900000297DD00121197102F0200101F0FF0038
:1003A000002973D00121597102F0400101F0FF00D2
:1003B000002969D0012199711206A9794CBF012247
:1003C00000229972DA712A7A894912F0010018BF65
:1003D0000120C87202F0020101F0FF00002951D093
:1003E0000121197202F0040101F0FF00002947D039
:1003F0000121597202F0080202F0FF01002A3DD0EB
:1004000001221A730D222821794810F061F8FFF7B4
:10041000DBFCF7E5774B1B78002B40F0BB80764B7D
:100420001B78002B3FF4EEAD744804AA744B0B21EB
:100430004568744C1B88744805950494FFF7B6FD15
:10044000E0E52A79714B052A7FF4DCAD5A79C92A97
:100450007FF4D8AD9A79C92A7FF4D4AD6C4C0322CD
:10046000DE793C211D7A20465B7A2670A370657088
:1004700010F02EF8674B684A1A60C3E51973C1E79C
:100480005872B7E71872ADE7987195E758718BE726
:10049000187181E7D87077E798706CE7587061E75A
:1004A0005E4B66221A7029E62A79584B032A7FF49C
:1004B000A9AD5A79CA2A7FF4A5AD9B79CA2B7FF4DE
:1004C000A1AD574B002294F814C04FF0800E1D7858
:1004D0008127D978CB268DF8155010469D7893F852
:1004E000018017238DF812108DF8181007218DF850
:1004F000175004AD8DF819C094F815C0A47D8DF87F
:1005000016808DF81AC08DF81B408DF810E08DF81C
:1005100011708DF813608DF814108DF81C30AB1825
:1005200001329B780A2A03EB0004A4B220B2F6D170
:10053000FF26344F284642F20F7302AA0D218DF890
:100540001C4002978DF80C608DF80D608DF80E60E0
:100550008DF80F60FFF72AFD54E52A7A314B12F02F
:1005600001026C79A879E97918BF01221C7095F80D
:1005700009E0AF7AEE7A2C7B587099704621DA70D8
:100580000822284883F804E05F719E71DC710FF047
:100590009FFF37E5244B04AA9FED247A0B21D3ED6E
:1005A000007A164867EE877A214B224DB3F9003066
:1005B000FDEEE77A4068204C2F781D12CDED017AD0
:1005C0000590BDF904000E4E4FEA202E25720D4D08
:1005D000E37160712046338884F806E06772049501
:1005E000FFF7E4FC1BE74FF0000902E60020C1E53D
:1005F000BC5E0020F45E00200F240120A48C0020AB
:10060000805E002008070020585E0020841701202B
:10061000785E00200CED00E00400FA05FF5E00208B
:10062000AC8C0020DC5B0020902101200000C8423F
:10063000D6230120052401204C5E00202E4BB0EE75
:10064000086A2E48D3ED006A2D4BFDEEE67A2D495F
:1006500010B417EE904A027883B0002C07EE102AEF
:10066000294AB8BF6442B8EEC77A07EE904A27EE2F
:10067000267AF8EEE77AFDEEC76A83ED007AF4EEAB
:10068000C67AC2ED007ACDED016AF1EE10FABDF93D
:1006900004300B8028D54278002B07EE102A1B4A25
:1006A000B8EEC77AD2ED006AA7EEA67AFDEEC77A59
:1006B000CDED017ABDF9042019DB03D000790344A4
:1006C0001BB20B809A4201DA13460A8052429342CF
:1006D0000F4B9B78B8BF0A8013B10B885B420B802D
:1006E00003B05DF8044B7047002B4279E5DA0079DE
:1006F0001B1A1BB20B80E5E794210120CC5E002081
:100700001C200120DC2301205C1B0120481F01204C
:10071000BC5E0020F0B52C2183B0674810F0EAFFE2
:10072000664811F047FD4FF47A620021644806F0F4
:10073000BBF806F0F9F9002800F0908006F0E4F923
:10074000022800F0B0805F4B5F48604C19785D78FC
:100750009A78037821706570A270002B7BD1782085
:100760000346E0705A4E5B488DF8041069468DF8D8
:1007700006208DF807308DF80550009606F0E4F954
:100780001421554810F0B6FF4C4811F013FD11210B
:10079000524810F0AFFF684606F0C8F9474968466E
:1007A0004F4D11F0EDFB454811F004FD4FF0010EE7
:1007B000A278FF232778192166784A48AA7180F821
:1007C00000E0EB7148482F716E7110F093FF68469E
:1007D00006F0ACF939496846444C11F0D1FB374872
:1007E00011F0E8FC1821424810F084FF33492846F4
:1007F00011F0C6FB314811F0DDFC1A213D4810F024
:1008000079FF3D4900230A2209682C4811F0EAFCCF
:100810002A4811F0CFFC2188384806F0EFF930BBA8
:10082000374C3848218806F0E9F970BB364C374818
:10083000218806F0E3F960B13621354810F05AFFFF
:10084000216800230A221D4811F0CCFC1B4811F03E
:10085000B1FC03B0F0BD7E23E37083E730212D4867
:1008600010F048FF154811F0A5FC03B0F0BD24219D
:10087000294810F03FFF216800230A220F4811F099
:10088000B1FC0E4811F096FCCAE72621234810F06F
:1008900031FF216800230A22084811F0A3FC074811
:1008A00011F088FCC2E74A211D4810F023FF0348DD
:1008B00011F080FC47E700BF700D0020AC51002014
:1008C000645E0020785E0020F45E0020AC8C002086
:1008D00008070020408D0020200E0020380E002048
:1008E000A48C0020E62301204C0E0020845E002012
:1008F000680E0020840E0020805E0020108D0020F5
:1009000080510020E08C00207C510020B08C002021
:10091000F00E0020A00D0020A00E0020C80E002028
:10092000D40D00200000000010B585482DED048B8B
:100930008CB005F01BFC18B90CB0BDEC048B10BDDD
:100940000DF11B020BA90AA809AB029208AA01919A
:1009500007A900907A4805F065F89DED076ADDED7E
:100960000A6A26EE067A9DED085ADDED095AA6EED2
:10097000A67AA5EE057AA5EEA57AB7EEC77AB1EE0E
:10098000C70BB4EE400BF1EE10FA40F0BF80B7EEAB
:10099000C00BB0EE004BB7EE001BC5EE007A85EE43
:1009A000807A86EE005AC6EE805ACDED087A27EEA0
:1009B000A78A8DED097AB0EE486AA7EE076A8DED39
:1009C000075A65EE277AE5EE877ACDED0A5AB7EE3B
:1009D000C66AA6EE441B37EEA70AB7EEC00AB7EE0A
:1009E000C11BB7EEC11A12F045FAB7EEC00B9FED6E
:1009F000507BB7EEC00A20EE070BFDEEC07BCDEDBD
:100A0000057ABDF9143007EE903AF8EEE77AF5EE84
:100A1000C07AF1EE10FA71D44A4BC3ED007ADDEDE5
:100A2000096AB7EE006A9DED077ADDED0A5A27EEF6
:100A3000660ADDED087AA5EEA70A30EE000AB4EEEC
:100A4000C60AF1EE10FA4FDDB7EE000BA7EE078AEB
:100A50003D4B67EEA67AB0EE004B1B7BB7EE001B5A
:100A6000E5EE877AB7EEC86AA6EE441B37EEA78A92
:100A7000F7EEC18BEBB912F0A7F9344BB7EEE81AD9
:100A8000334C9FED2D9B20EE097BB7EEC80AB7EEE5
:100A9000C77B83ED007A12F0EDF920EE090BB7EE7B
:100AA000C00BB1EE400A84ED000A0CB0BDEC048B23
:100AB00010BD9FED219B12F087F9254CB7EEE81A87
:100AC00020EE097BB7EEC80AB7EEC77B84ED007A4B
:100AD00012F0D0F920EE099B1C4B94ED000AB7EE02
:100AE000C99B83ED009ADCE7BFEE006AB4EEC60A4C
:100AF000F1EE10FA17D5BFEE000BA7E79FED157AC0
:100B0000104B77EE877AC3ED007A88E7B0EE470B9B
:100B100012F0F2FADDED0A6A9DED076A9DED085AC2
:100B2000DDED095A33E7B7EEC00A8FE7AFF3008077
:100B30003B597E90A9E781C03B597E90A9E781404F
:100B40009C170120D0230120BC5E0020A42001209E
:100B5000B0200120000061452DE9F041174E82B020
:100B600073782A2B27D0711C00225A4011F8013FBC
:100B70002A2BFAD1111102F00F04114B002702ADFC
:100B80000E48D3F80080ADF8007018F8013005F871
:100B9000083D14F055FF2946304414F0EBFC18F8DA
:100BA000043002A9ADF8047001F8043D14F0E6FE2B
:100BB00002B0BDE8F08100242146DEE7B41F012029
:100BC000E45B00203C4B70B593E803003B4D2C24C4
:100BD00082B03B4E85E803003A49E81D14F0CAFC98
:100BE00039490470013014F0C5FC384904700130F3
:100BF00014F0C0FC36490470013014F0BBFC3549D8
:100C00000470013014F0B6FC33490470013014F064
:100C1000B1FC32490470013014F0ACFC304904706E
:100C2000013014F0A7FC2F490470013014F0A2FC2D
:100C30002D490470013014F09DFC2C4904700130E2
:100C400014F098FC2A490470013014F093FC2949EF
:100C50000470013014F08EFC27490470013014F048
:100C600089FC26490470013014F084FC244B1B8855
:100C70000380FFF771FF284614F0E2FE214B044683
:100C80002A189978188833782853917093B11E4B9D
:100C900069461E4A5E681E4B12881E488DE8480051
:100CA00006F002F8A21C29461A4806F011F8194865
:100CB00006F002F802B070BD280F0020B41F01201A
:100CC000E6230120641B01208C1F0120881F0120C6
:100CD000A01F01209C1F0120601B01201820012063
:100CE00044910020781701206C17012080210120F9
:100CF0004C1F01205C1F0120541F0120641F012094
:100D0000300F0020340F0020A48C0020805E0020D3
:100D100008070020108D00202DE9F0415C4C94F86C
:100D20005B50C5F15A05002D40F3948094F859109A
:100D3000002794F858602144564814F80680A755B7
:100D400014F01CFE012D04F8068000F0838094F856
:100D5000581094F8576021444F4814F80680A7555E
:100D600014F00CFE022D04F8068073D094F857108E
:100D700094F856602144494814F80680A75514F0A9
:100D8000FDFD032D04F8068064D094F8561094F805
:100D900055602144424814F80680A75514F0EEFD32
:100DA000042D04F8068055D094F8551094F854603A
:100DB00021443C4814F80680A75514F0DFFD052DAA
:100DC00004F8068046D094F8541094F853602144F7
:100DD000354814F80680A75514F0D0FD062D04F808
:100DE000068037D094F8531094F8526021442F486D
:100DF00014F80680A75514F0C1FD072D04F80680ED
:100E000028D094F8521094F851602144284814F8DE
:100E10000680A75514F0B2FD082D04F8068019D0FD
:100E200094F8511094F850602144224814F8068038
:100E3000A75514F0A3FD0C2D04F806800ADD94F8E4
:100E40004C5094F84D10665D21441B48675514F0D2
:100E500095FD6655194A01241949137819486340CC
:100E600009780470137049B1FEF7C6FEFFF7AAFEB9
:100E7000154A164B12681A60BDE8F0810A2214491F
:100E80004FF6FF7013F0B8FCFFF79CFEF0E700BFD1
:100E900020200120641B01208C1F0120881F0120BD
:100EA000A01F01209C1F0120601B01201820012091
:100EB00044910020781701206C170120F1230120B4
:100EC0000F240120E8230120B42301203C1F01202E
:100ED0004C1F0120A74B0022A7492DE9F04F0646E1
:100EE00085B01868726003900B6AB260C3F3012387
:100EF000F260326104AA134413F8043C002B00F0A2
:100F00005D819D4944F25C209A249C4B9C4A44F2AA
:100F1000652E34504FF0030CC3F8A8221924D1F8E1
:100F2000843041F2B000974A002743F47073964D25
:100F3000C1F88430954B06F80EC0C2F8A44019469B
:100F4000C2F89402C5F88C73C2F8A840C2F898029F
:100F50001A6822F000421A601A6842F0A0421A6031
:100F60000B688A4ADB01FBD589481146036843F0C8
:100F700008030360136843F0804313600B68834ADF
:100F8000DF02FBD41168134641F0007111601A684A
:100F900012F00072FBD17D4801687C4BCD01FBD57E
:100FA000196818467B4C41F400311960196841F406
:100FB00080311960196841F480511960196841F451
:100FC00000511960196841F480011960196841F4F1
:100FD00000211960196821F408411960216841F461
:100FE000E0212160196841F400111960196841F08D
:100FF000806119601F68196807F0807441F0A04192
:101000000094196003686149DC01FBD50C6800237A
:10101000DFF8A0C10D4624F000545F4F18460C6065
:101020001C46CCF800303B600B685C4B00F1010CB7
:101030005B494FF000090344544F01445FFA8CF0C0
:101040001B018900DC609C605C601C600C602B688C
:1010500003F07F0301339842E7D3524D4C46524B85
:101060004FF00068DFF850C14FF0010BC5F8009059
:101070003D46C3F80090DCF80030DFF818A11946AF
:101080004A4BD3F80090CCF8001044EA09004249DA
:10109000DFF8209118603B681EE02B6803F07F03A7
:1010A0000133B2EB930F34BF4FF080634FF08C638A
:1010B0000360DAF8003013F4803318BF4FF0804338
:1010C000CEF800302B680134304803F07F03E4B2DF
:1010D000013322469C421AD22B68304803F07F032A
:1010E0002F4F2044013327440001B2EB530F4FEA46
:1010F000870ED2D3C0F800802B68980028D41F2C0C
:101100000BFA04F22BD80B6813430B60DAE7009B51
:101110003BB90368024623F0805303601368D9018A
:10112000FCD41A4B19681A4621F0805119601368D3
:10113000DB01FCD444F25C2301221D49F35803F087
:101140001F005B09824041F8232005B0BDE8F08F05
:101150000191FEF7ADFD84420199B3D3CFE7A4F12D
:101160002003D9F800200BFA03F31343C9F8003029
:10117000A8E700BFC003002000C00F4000600020AF
:101180009900000000801F4000841F4000801D4027
:1011900004801D4034801D4028801D4008D8010473
:1011A0002062071048801D4010801D4030801D4087
:1011B00000E100E024801D402C801D400B6A154A90
:1011C00023F47F73106843F480730B6270B101F5F0
:1011D0005C2144F26022036804315B68096811F005
:1011E000080FB15814BF0222002298470A4B186812
:1011F00000283FF486AE094944F26022036809687A
:101200005B6811F0080FB15814BF02220022984702
:1012100077E600BF981601209C16012004801D402F
:101220002DE9F84F724B1C6818461A6804F0807458
:1012300042F0A0421A6003686D4ADD01FBD51568D3
:1012400000236C4F964625F000556B4E18461560EE
:101250001D463B6033601368684B00F1010C684A1F
:1012600000270344624E02445FFA8CF01B01920097
:10127000DD609D605D601D601560DEF8003003F08C
:101280007F0301339842E7D35E48DFF884E15E4D87
:10129000CEF800700760D5F800E07346D0F820E083
:1012A00047EA0E022B6002623368002943D14FF0F7
:1012B00000680D46DFF83CB14FF00109DFF838A1B6
:1012C000524F1BE0306800F07F000130B1EB900F0F
:1012D0002CBF4FF08C614FF0806111603A6812F4BE
:1012E000803218BF4FF080421A603368013503F036
:1012F0007F03EDB2013329469D422CD233683F4A29
:1013000003F07F033E482A44013328441201B1EB25
:10131000530F4FEA8003D5D3C2F8008033689A0098
:1013200054D41F2D09FA05F257D8DAF800301343C8
:10133000CAF80030D9E743F000533360356815F040
:10134000005515D0FEF7DAFC3368054603F07F033D
:10135000013398420DD3002C3DD1254B19681A4614
:1013600021F0805119601368DB01FCD4BDE8F88FCF
:1013700033681F4F1F4EDFF8808011E001231F2DBF
:1013800003FA05F31AD8D8F800201343C8F8003040
:101390003B68013503F07F03EDB201339D42DAD2A1
:1013A000164B4FF000622B441B011A603B689900FA
:1013B000E4D5FEF7A3FCA842EAD8DFE7A5F12001B7
:1013C000012332688B4013433360E1E7FEF796FC5C
:1013D000A8428AD8A5E7BDE8F88FA5F12003DBF87D
:1013E000002009FA03F31343CBF800307DE700BF78
:1013F00000001D4024001D4028001D4008D00104AD
:101400002042071010001D402C001D4034001D40DC
:1014100048001D40664B00226649F0B5054683B082
:1014200018686A6001900B6AAA60C3F30123EA603E
:101430002A6102AA134413F8043C002B00F08D80AB
:101440005C4944F25C2024245B4B5C4A44F2652EE8
:101450002C504FF0010CC3F8D02012248B6E41F2B7
:10146000B000574A022743F47033564E8B66564BF2
:1014700005F80EC0C2F81C411946C2F80C03F76407
:10148000C2F82041C2F810031A6822F000421A6024
:101490001A6842F0A0421A600B684B4ADE01FBD585
:1014A0004A481146036843F008030360136843F099
:1014B000804313600B68444ADC02FBD41368114676
:1014C00043F0007313600B689801FCD43E4A136824
:1014D0003D4CD901FBD5236800213D4A284643F401
:1014E00000332360236843F480332360236843F48C
:1014F00080532360236843F400532360236843F43C
:1015000080032360236843F400232360236823F4CB
:1015100008432360136843F4E0231360236843F413
:1015200000132360236843F080632360FFF778FE95
:101530002368224623F0805323601368DB01FCD428
:1015400044F25C2301222349EB5803F01F005B099E
:10155000824041F8232003B0F0BD0B6A1E4A23F4F9
:101560007F73106843F480730B6270B101F55421EE
:1015700044F26022036804315B68096811F0080FC7
:10158000A95814BF022200229847144B186800285B
:101590003FF456AF0D4944F26022036809685B6866
:1015A00011F0080FA95814BF02220022984747E7FC
:1015B000C003002000C00F40006000208500000034
:1015C00000801F4000841F4000001D4004001D409B
:1015D00034001D4000E100E0981601209C16012017
:1015E0004A4B1A68920065D549481A4600682DE9A9
:1015F000F04FC0F303681C68186883B04FEAC8084E
:1016000004F0807440F0A04008F1080801941860CC
:101610001368DE01FCD500248A463E4E3E4F21462B
:10162000DFF8E8B0DFF8F4900DE035B93560DBF8AD
:1016300000309A0025D4C9F800100134043704366C
:10164000E3B2984528D99AF80050012DEDD1DBF886
:10165000003013F4407F0BD14FF0FF333360DBF8E1
:1016600000309D0027D46FF04043C9F80030E4E714
:10167000DBF80030C3F30123012B29D0DBF8003065
:10168000DBE70091FEF73AFB20280099A8BF202055
:101690008442D0DA3D60CEE7019B43B91B4B196809
:1016A0001A4621F0805119601368DB01FCD403B0A5
:1016B000BDE8F08F70470091FEF720FB20280099CD
:1016C000A8BF20208442CEDA6FF040433B60CAE7D7
:1016D0004FF0FF333360DBF80030980004D46FF034
:1016E0008023C9F80030A8E70091FEF707FB202807
:1016F0000099A8BF20208442F1DA6FF080233B607C
:101700006FF08023C9F8003097E700BF00001D404C
:1017100034001D40E0001D4080081D4048001D4071
:101720002DE9F8437D4D2C6814F000547FD07C4C9B
:101730002468C4F30364E40008348C4274D92F682D
:101740002E462C6807F0807744F0A0442C60346863
:10175000724DE401FBD598462B6891460E4613F472
:10176000407F04464DD198F80000012800F0918098
:10177000089BD2046B491B783144DFF8B4E1022B9B
:10178000694D4FEA810102EA0E0E0CBF4FF0004393
:1017900000234EEA0303614A0B60136899006AD480
:1017A000012806EB4600614A6FF0404104EBC0009F
:1017B00018BF002343F2507408BF4FF48033116008
:1017C00043F2547503510022035943F2587143F216
:1017D0005C7C43F2607E03F470233343035103596E
:1017E00043F080030351035943F00053035143F284
:1017F000647340F80590425040F80C2040F80E20E9
:10180000C250464B1868C0F30120012812D047B9D6
:10181000424B19681A4621F0805119601368DB01A8
:10182000FCD40120BDE8F8830020BDE8F883204601
:10183000BDE8F8833B4B98F800203344012A4FEA77
:10184000830444D0089B1B78022B62D04FEAC94026
:1018500037494FEAC90243F6F8730140354D13404A
:101860000B4323602D4B1B689A0026D42F4B6FF03F
:1018700080221A60CBE7FEF741FA2028A8BF20207B
:10188000864248DA2C4B98F8000033449B001D60D8
:1018900086E75300089A23494FF0FF351278314408
:1018A000DFF898E0022A03EA0E0E4FEA81010CBF2E
:1018B0004FF040434FF080436BE7FEF71FFA2028BC
:1018C000A8BF20208642D1DAC4F8A057CEE7089BF3
:1018D0001B78022B4FF0402303D1012A43F08023D1
:1018E00008D14FEAD9324FF0FF3542EA02421343A2
:1018F0002360B7E74FEAC90543F6F8704FEAC942DB
:101900000B4928406FF00715114001430B4323603A
:10191000A8E70023E1E798F8000041E700001D4038
:1019200034001D40384007100100F8FF48001D40FA
:101930000000F83FF87FF87F20420710FEFFFF3FCE
:1019400070B5654884B0FFF7C5FA644D644900225C
:10195000614804ACFDF7ACFF6248FFF75BFD2B78F4
:1019600000226048052B0CBF5F495D49FEF76CF80B
:1019700001215C48FFF754FC01235A4804F8013D5B
:101980002146FFF72DFE2B78052B00F29C80DFE827
:1019900003F01E39607B8B030025012600940DF1B6
:1019A0000E032946514A4F488DF80F508DF80E60AE
:1019B000FFF7B6FE4FF47A700EF0BEFA17214C48CE
:1019C0000FF098FE4B4810F0F5FB04B070BD0025F9
:1019D00001260DF10E0300942946474A41488DF82F
:1019E0000F508DF80E60FFF79BFE0DF10E03314690
:1019F0000094424A3B488DF80E608DF80F50FFF777
:101A00008FFED7E7002501260DF10E03009429462D
:101A10003B4A34488DF80F508DF80E60FFF780FE7A
:101A20000DF10E0331460094364A2E488DF80E60B3
:101A30008DF80F50FFF774FE0DF10E030094324A3B
:101A4000022128488DF80E608DF80F50FFF768FED0
:101A5000B0E7002501260DF10E03009429462B4A1C
:101A600020488DF80F508DF80E60FFF759FE0DF1EC
:101A70000E0331460094264A1A488DF80E608DF800
:101A80000F50FFF74DFE95E70025032600940DF15A
:101A90000E03294640F2136212488DF80F508DF85C
:101AA0000E60FFF73DFE85E70025012600940DF14D
:101AB0000E032946174A0B488DF80F508DF80E601B
:101AC000FFF72EFE76E7112113480FF013FE0948A9
:101AD00010F070FB6EE700BFB4D30020F55E00206D
:101AE00090D003004C91002020A1070099D8FF0C52
:101AF0004C0F0020AC510020D21CEF18D2E6FF1C86
:101B0000321CEF18FC1CEF18001CEF180677FF14AE
:101B10002345FE1827ABEF18380F00200000000007
:101B20002DE9F84FBC4D4FF4FA700EF005FABB4B9F
:101B300095F87C70EB65012F40F20081B84D0A20CA
:101B40000EF0FAF9B74C2E6840F2EE28B64FDFF8E7
:101B50004C9304E0B3F5FA6F15D810F0AFFE10F017
:101B6000ADFE237843B13B78DB0705D52B68D9F868
:101B700000209B1A0E2B06D82B6822789B1B002A6C
:101B8000E8D14345E9D90A20A84C0EF0D5F9412106
:101B9000A7480FF0AFFDA74810F00CFB0A21A6489C
:101BA0000FF0A8FD0221A348A44DA54EDFF8F08256
:101BB00006F1010AA34FC1469FED950B10F060FBA3
:101BC0009C4810F0F7FA0B219F480FF093FD9948BD
:101BD00010F0F0FA206800224FF4E1210FF01CFF12
:101BE00020684FF40072994910F078F84FF40072B1
:101BF0009749206810F08CF80A200EF09DF92B21EF
:101C000094480FF077FD8B4810F0D4FA17219248D2
:101C10000FF070FD874810F0CDFAFEF7E1F81621BD
:101C20008E480FF067FD834810F0C4FAFEF772FD8E
:101C300011218B480FF05EFD7E4810F0BBFA28465C
:101C400019F0E2FA4A2301247C4888F8003003FAAC
:101C500004F2214685F8304185F8A52085F82F410A
:101C60000DF080FD834602217E48BBF1000F46D176
:101C70000FF040FD5B46102299F800106D4810F0FF
:101C8000B1FA0B2178480FF035FD6A4810F092FA4E
:101C900099F80010FF23694A744804F01BFC2921BD
:101CA000002844D0724965480DF0C8FE4FF4967084
:101CB0000EF042F914216D4804F0EEFB3C706420F4
:101CC0000EF03AF90C216B480FF014FD39785948A1
:101CD00010F0C8FA574810F06DFA402166480FF02E
:101CE00009FD544810F066FAFFF72AFE21216348E7
:101CF0000FF000FD4F48BDE8F84F10F05BBA0FF051
:101D0000F9FC0023102299F800104A4810F06AFAF2
:101D10001E215B480FF0EEFC464810F04BFA3B7872
:101D2000002BCCD1B245CAD016F8013F8BE75548FD
:101D30000FF0E0FC3F4810F03DFAF0E7002F45D0EF
:101D400095F86430472B01D02D2B3FD14E4E4F4894
:101D50003346341D10F8012F13F8011F2D2A18BF28
:101D60008A4201D02D2932D19C42F3D195F86430BA
:101D70002D2B01D0472B47D1454E44483346341DC7
:101D800010F8012F13F8011F2D2A18BF8A4201D025
:101D90002D2902D19C42F3D1D0E6012303EB43036A
:101DA00000273C4C05EB830396E80300586683F854
:101DB000681095F87C3003EB4302013305EB820297
:101DC00085F87C3082F86970D466B7E62E4E07EB52
:101DD0004703314C002705EB830396E80300586660
:101DE00083F8681095F87C3003EB43020133DBB2D3
:101DF00005EB8202012B85F87C3082F86970D4668D
:101E00003FF69CAE0BB1B1E70123214EC6E700BF00
:101E1000295C8FC2F528F03F20200120AD00000092
:101E2000B42301200C2401200B2401201C5200208B
:101E3000740F0020AC510020B80F00202052002069
:101E4000EC0500200F240120C40F0020448D002049
:101E5000448F0020D00F0020FC0F00201410002021
:101E60002C10002040100020441000209C1701205E
:101E7000801A06009C100020AC100020F0100020FA
:101E80007C100020501000206C0F002084200120C6
:101E9000640F00204905000019150000A825012045
:101EA000F22301201F2938B50D46144634D91C49A8
:101EB000A5F1200001230A68834013430B60194BEE
:101EC0004FF00061E2792B441B011960BAB1217A0D
:101ED0002268002922F0604214BF4FF4E0014FF461
:101EE000C0015A60E06800BA9860206900BAD86002
:101EF000E27A41EA024242F040621A6038BD22684A
:101F0000207A9104084A002802EA01020CBF00214D
:101F10004FF480115A60E5E70846FDF741FFCEE730
:101F20002C801D4008D801040000FC1F43F25073B0
:101F3000C358DB004BD5414B2DE9F0431E6800250B
:101F4000C6F30366F600083605EB450E43F2507201
:101F500000EBCE04224413685B0F012B0DD01368F5
:101F60005B0F022B28D013685B0F052B31D0013596
:101F7000B542E9D10020BDE8F083176817F4607F0F
:101F8000F5D043F254773C59A14253D094464FEADE
:101F90004E0EDFB2DCF800207B1CC2F3C2120EEB47
:101FA0000304974204F6D454E1D250F82440A142ED
:101FB000EFD10120BDE8F08343F254731B598B42EB
:101FC000D5D843F258731B599942D0D8F1E7012074
:101FD0007047136813F4607FC9D043F2647C43F206
:101FE0005473A4442344DCF800401F68DCF800303C
:101FF0000C403B409C42DCD04FEA4E070123146862
:102000000133C4F3C214DBB2013407EB030EA34265
:102010000EF6D45EABD2DCF8008050F82E90DCF8DF
:10202000004001EA080E09EA0404A645E7D10120B0
:10203000BDE8F0831846BDE8F08300BF34801D4042
:1020400030B401EB410143F65024C9000444605808
:102050006318C0002AD56058400F012829D0605865
:10206000400F022838D06058400F052802D00020C9
:1020700030BC70476058C0F3C210C0B158695C688A
:10208000596910402140884210D001211C6801315B
:10209000C4F3C214C9B20134A142E8D25C6953F856
:1020A00021505869144028408442EFD1012030BCAF
:1020B00070476158C1F3C211B9B159688A42F6D06C
:1020C0001968C4B2C1F3C211601C8C42CFD253F85C
:1020D00020109142F4D1E9E759688A42C7D3986841
:1020E00082428CBF00200120E1E70846DFE700BF05
:1020F00043F25073C358DB004BD5414B2DE9F043FD
:102100001E680025C6F30366F600083605EB450E8B
:1021100043F2507200EBCE04224413685B0F012B94
:102120000DD013685B0F022B28D013685B0F052BB3
:1021300031D00135B542E9D10020BDE8F083176800
:1021400017F4607FF5D043F254773C59A14253D045
:1021500094464FEA4E0EDFB2DCF800207B1CC2F33F
:10216000C2120EEB0304974204F6D454E1D250F8A5
:102170002440A142EFD10120BDE8F08343F2547323
:102180001B598B42D5D843F258731B599942D0D86A
:10219000F1E701207047136813F4607FC9D043F260
:1021A000647C43F25473A4442344DCF800401F6869
:1021B000DCF800300C403B409C42DCD04FEA4E073C
:1021C000012314680133C4F3C214DBB2013407EBFA
:1021D000030EA3420EF6D45EABD2DCF8008050F8BA
:1021E0002E90DCF8004001EA080E09EA0404A64536
:1021F000E7D10120BDE8F0831846BDE8F08300BFB9
:1022000034001D4030B401EB410143F65024C900B5
:10221000044460586318C0002AD56058400F012854
:1022200029D06058400F022838D06058400F052848
:1022300002D0002030BC70476058C0F3C210C0B15B
:1022400058695C68596910402140884210D00121CA
:102250001C680131C4F3C214C9B20134A142E8D2EE
:102260005C6953F821505869144028408442EFD1EA
:10227000012030BC70476158C1F3C211B9B159682F
:102280008A42F6D01968C4B2C1F3C211601C8C42F4
:10229000CFD253F820109142F4D1E9E759688A422D
:1022A000C7D3986882428CBF00200120E1E708462E
:1022B000DFE700BF38B504461A2500206388DBB28B
:1022C00005FB034383F806016388DBB205FB034388
:1022D00083F807216088C0B205FB004000F58470D8
:1022E00012F0C0FD6288238892B29BB283F480739F
:1022F0009A420DD063880133C3F308036380A38837
:102300009BB2FF2B03D8A38801339BB2A38038BDB7
:1023100023880133C3F308032380EBE770B50D4630
:1023200086B00646496828686C46AA68EB680FC400
:1023300028691822696903C441F61A306946304495
:10234000FFF7B8FF06B070BDF0B58B7D0546474C72
:1023500087B00E462068002B38D110F0005062D1B3
:1023600023680146424B0B441B011B68C3F3036304
:10237000082B24D03D4A04E02368C3F30363082BF1
:102380001DD01368481C3A4C03F07F03C1B20133DF
:102390000C4499424FEA0414EED30FCE6C46FF274B
:1023A0000FC496E8030084E80300284669468DF8C8
:1023B0001470FFF7B3FF4FF0FF3007B0F0BD2846B1
:1023C0003246FFF76FFD012007B0F0BD10F000505E
:1023D00033D12368264B044603441B011A681101BC
:1023E00014D4224902E01A6812010FD40A6801309D
:1023F0001F4B02F07F02C0B20132034404469042F8
:102400004FEA0313EFD31B4B4FF0FF341B68C3F3AA
:102410000363082B1AD128463246E1B2FFF742FD8A
:10242000012007B0F0BDFDF743FC2368014603F02F
:102430007F030133834295D8AFE7FDF739FC23686A
:1024400003F07F0301338342C4D8DCE70FCE6F462D
:102450000FC796E8030087E80300284669468DF811
:102460001440FFF75BFF4FF0FF30A6E700801D40F0
:1024700008D8010470801D40104A002310481168DC
:102480000122F0B587B0082723260C2500912024CF
:10249000694601930293049305938DF80B708DF8B0
:1024A00007208DF80F208DF80C608DF80D508DF8F9
:1024B0000E40FFF749FF07B0F0BD00BF484D0020B8
:1024C000B4D30020134A0023134811680122F0B549
:1024D00087B0082723260D25202400916946019303
:1024E0000293049305938DF807208DF80F208DF843
:1024F0000B708DF80C608DF80D508DF80E40FFF7C5
:1025000023FF122105480FF0F5F805480FF052FEA1
:1025100007B0F0BD484D0020B4D3002014110020B6
:10252000AC51002000F1FF0140F2C973504A03FB97
:1025300001F3FF3382FB0312002BF0B51A444FEA7C
:10254000E3744C4B8FB0C4EB22240546B3F9003042
:10255000ACBFA4F2E334A4F57974002B77D04649DC
:1025600008A810F0EDF80A22294604A810F00AF98C
:1025700004A908A8082610F051F9404910F056F9AE
:1025800001463F480FF0F0FD3D480FF013FE04A850
:1025900010F096F808A810F093F83A4908A810F03F
:1025A000CFF80A22214604A810F0ECF804A908A8E4
:1025B00010F034F9014632480FF0D6FD30480FF0E4
:1025C000F9FD04A810F07CF808A810F079F80023B1
:1025D0002D4A232020219D4217684FF001020B93C2
:1025E00009930A930C930D9308978DF82B608DF83F
:1025F00027208DF82F208DF82C008DF82E1029DB48
:102600002312224904A88DF831408DF8303010F0A3
:1026100097F80A222946684610F0B4F8694604A8DB
:1026200010F0FCF8014616480FF09EFD14480FF01C
:10263000C1FD684610F044F804A810F041F808A95C
:102640001348FFF781FEFFF73DFF0FB0F0BDFFF726
:1026500013FF84E7FF2344FA06F20E4904A88DF81D
:1026600031408DF830208DF832308DF83330CEE7A0
:1026700081808080DC23012028110020401100206F
:10268000AC51002048110020484D0020901100203E
:10269000B4D300206411002010B5084CB4F9000038
:1026A00028B1FFF73FFF2288054B1A8010BDFFF7C6
:1026B000E3FE2288024B1A8010BD00BFDC230120FC
:1026C000DA230120000000002DE9F04782B0A24D7E
:1026D000FDF78AFCA1492A680B68A148D31A026059
:1026E000182B16D89F4EA04A2B6811689A4A5B1A7D
:1026F000B3F57A7F80F009819C49136808681B1A3A
:10270000C82B47D83378974C002B67D102B0BDE86F
:10271000F087974F01200A603B78964AFA2B914E3A
:1027200094BF1B18662330703B701378C82B00F2DF
:102730000281013313700720DFF88C820DF09CFCBE
:102740008D4B88F800001B7813B1002388F8003007
:102750008A4C6379012B00F09381A379012B00F05F
:102760009781874B1B78002B4ED0864B1B78012B13
:1027700000F0A181002B47D1DFF8509299F800308A
:10278000002B43D1804A117801293FD189F80010EC
:1027900013703BE07D48136890ED007A0B60B7EE54
:1027A000C77A7B4B9FED686BB4EEC67BF1EE10FAF7
:1027B00040F3AC80187800226A4C9FED656B27EEE1
:1027C000067BB7EEC77BFCEEC77ACDED017ABDF88C
:1027D00004100FF067FE3378002B97D008200DF01F
:1027E0004BFC6C4B6C491A78087082428ED0187082
:1027F00000288BD02378002B88D0684A00211378DA
:1028000021700133137081E7DFF8C091E3795B4AEF
:102810002BB1624B927A1B789A4240F2DF80237A86
:10282000DFF858A1002B40F0E780637A534A6BB180
:102830005B4B927A93F900305A4907EE903A9342F3
:10284000F8EEE77AC1ED007A80F2088108200DF0F9
:1028500013FC99F80010830098F80020DFF870E16D
:1028600043EA4103DFF86CC1E17813438CF80000C0
:102870008EF8003009B14FF48041DFF85C814A489E
:1028800003F0C8FE484803F0EDFEA8F800004648F3
:1028900003F020FFB8F90020444952104448114485
:1028A00013B222780180A8F8003042494248002A39
:1028B0003AD04A8891ED027AC2F56542B1EE477A84
:1028C0006B3213441BB207EE903AA8F80030F8EED2
:1028D000E76AC6EE877AF5EEC07AC0ED007AF1EECF
:1028E00010FA00F1C6803B78632B13D8334BD0ED40
:1028F000007A93ED007A324B77EEC77AC3ED007A17
:10290000FDF79CFEFFF7C8FEEDE6214B18780FF0AF
:1029100063FEF7E62B4B00241C80FFF7ADFDFFF7AD
:10292000BBFE1E4B1C70DEE64A8891ED027AA2F5D2
:10293000D452153AC5E700232120194613700DF033
:1029400095FBF8E6AFF30080295C8FC2F528BC3F09
:10295000F54A5986380E4240B4230120E85B002036
:10296000EC5B0020F4230120441F01208C21012076
:10297000FF5E00201024012011240120BC5E0020F5
:10298000F8230120F7230120FC230120401F012010
:10299000FE5E0020FA23012006240120FD230120F1
:1029A000E9230120782101206017012070E5FFFF55
:1029B000D6230120CC5E0020902101209821012007
:1029C00094210120DC23012012240120FD5E00203F
:1029D0000524012001240120E023012001234E4889
:1029E0004E4A002189F800300370237A1170DFF815
:1029F00040A1002B3FF419AF26200DF0F5F806EEAC
:102A0000100A9AF80A30BAEECF6A454A06EE903AB2
:102A1000444B9FED3D4BB7EEC67A93ED005AF8EE6E
:102A2000E66A82ED006AB7EEC55A27EE047B9FED99
:102A3000384BA5EE047BB7EEC77BB4EEE67A83EDA8
:102A4000007AF1EE10FAFFF6F0AE01233248334A75
:102A5000002189F8003003701170E6E601222E484B
:102A600000232E4989F8002002702F4A0B70137042
:102A7000ECE691ED037A67EE277AC0ED007A32E753
:102A8000DFF8B09006200DF0F7FA89F80000BDE6F7
:102A900006200DF0F1FA244A244B12781870BAB1CE
:102AA00000221A701D4B1A78012A18D00020DFF876
:102AB00084901870AAE6DFF87C9099F80030012B1A
:102AC0007FF4A4AE154A117800297FF49FAE5DE62D
:102AD0000028E7D0114BDFF85C90187096E60E499D
:102AE0000878012807D0DFF84C9000200A7089F898
:102AF000002018708AE60022DFF8389010460A702D
:102B000089F80020187081E69A9999999999D93F86
:102B1000333333333333E33FFC5E0020FC230120A7
:102B20007C21012078210120F5230120FE230120B2
:102B3000BC5E0020FD5E00200B78632B70B5044660
:102B400015460FD000EB830344F254029B580BB19F
:102B50002846984744F25413E3584BB12846BDE841
:102B60007040184744F25403C358002BF0D1F1E7EA
:102B700070BD00BF2DE9F04F8E468DB007460E4662
:102B80006C464FF001093D4607F11008DFF8A8A098
:102B9000BEE80F000FC49EE8030084E8030055F868
:102BA000044F64B19DF91420D4E9020109FA02F33B
:102BB0000021184050EA010327D1237CC3B94545C1
:102BC000EDD144F25003FB5C53B3306806AC71683E
:102BD000B268F3680FC430691822716903C40DEB41
:102BE000020107F11400FFF765FB0DB0BDE8F08F9F
:102BF0002368D3F800B0D345E1D020469DF81530C6
:102C00004FF0FF326946D847D9E72368D3F800B0C0
:102C1000D345D2D09DF8153069462046D847CCE739
:102C2000337D0CA93846324601F8183DFFF784FF82
:102C30000DB0BDE8F08F00BF8100000044F25103E9
:102C4000C35C002B00F0AC802DE9F04F0D468BB03B
:102C50000F46064604ACDFF868E20FCD0FC495E8D6
:102C6000030084E80300DEF800309B0053D5934B4B
:102C700000254FF0630A1B68C3F303694FEAC909D3
:102C800009F108090CE01868400F022800F095804F
:102C90001868400F052800F0AC8001354D453AD04A
:102CA00097F91430EAB2632B35D005EB450843F2AF
:102CB000507306EBC8010B44186810F0604FECD05D
:102CC0001868400F0128DED11A68F979C2F3004272
:102CD0009142E2D11A6812F4607FDED04FEA4808D0
:102CE0009B46002206E0DBF80010E2B2C1F3C211FD
:102CF0008A42D2D2541C049A08EB040303F6D4533C
:102D000056F823309A42EED104A930468DF824A01B
:102D1000FFF730FFE7E70023694D8DF816302C6888
:102D200014F000543DD12B68DFF8948108E0D8F806
:102D30000030013403F07F03E4B201339C4239D206
:102D400097F91430A342F2D004EB440143F6502328
:102D500006EBC1021344186810F0604FE7D0186802
:102D6000FD79C0F3C0608542E1D11868400F0128A9
:102D700071D01968490F022900F091801B685B0F20
:102D8000052BD4D1049A21463046FFF759F9002883
:102D9000CDD004A930468DF82440FFF7EBFEC6E7FE
:102DA0007047FCF785FF2B68044603F07F0301336F
:102DB0009842B9D30BB0BDE8F08F1B68FA79C3F322
:102DC00000439A427FF469AF43F25473049A0B4470
:102DD0001B689A42FFF461AF43F258735B589A4202
:102DE0003FF65BAF04A930468DF824A0FFF7C2FE82
:102DF00053E7186810F4607F3FF44FAF43F2647BF1
:102E0000019301238B4409E0019901330968DBB286
:102E1000C1F3C21101318B42BFF43FAF03EB480154
:102E2000DBF80000049C01F6D451204056F821E064
:102E3000DBF800100EEA01018842E5D104A9304612
:102E400003938DF8162002928DF824A0FFF792FECE
:102E5000039B029AD8E71A6812F4607F3FF467AFC9
:102E60001D464FEA410A002307E02A685FFA89F30A
:102E7000C2F3C2129342BFF45AAF03F10109049A9C
:102E80000AEB090303F6946356F823309A42ECD117
:102E900004A930468DF82440FFF76CFEE5E743F6C1
:102EA0005423049913441B689942FFF440AF43F63E
:102EB00058239B5899427FF66CAF38E734801D4009
:102EC00000801D402F4AF8B5136813F0005353D00B
:102ED000136813F400434BD02B4B1B6813F02003F3
:102EE0004AD02A4B0C462A4A05461B6844F2652004
:102EF000DFF8A4E0632103F40016C3F30347A380C3
:102F0000E772002E12680CBF1226002622F06042E3
:102F1000204F22FA06F214BF012600262260DEF8B6
:102F20000020E671E273160C4FEA122E120E667341
:102F300084F80EE0C3F300562273DB0D3A68267264
:102F4000E274170A160C120EA774667422740D4AE6
:102F5000285CA3716075217513681B040ED521468A
:102F60002846FFF76BFE21682846FEF7DFFFF8BD15
:102F7000283212689206AFD51846F8BD0520FCF736
:102F80000FFFECE700801D4030801D4080801D4019
:102F900084801D408C801D4088801D40974B1B689D
:102FA0002DE9F04F13F0005385B08946039040F0AF
:102FB0001E810293914E44F2642203993368885C27
:102FC00003F07F030133984200F2038144F2642846
:102FD000039B03279844E0E0002B00F0ED80B3FA58
:102FE00083F2C2F140029042C0F2E380306810F0F8
:102FF000005040F0F280013F88F8000017F0FF0712
:1030000000F0E78033689C0006D5029A824203D91B
:10301000501EC0B288F80000336803F07F0301330C
:1030200098420BD3306810F0005040F0C980013F47
:1030300088F8000017F0FF0700F0CB80704BC0F15C
:10304000200E704AA0F120011B68D2F800C0019345
:1030500000230093DDE9002342EA0C0222FA00F487
:1030600003FA0EFE23FA01F1002344EA0E040C4396
:1030700004F00102134340F08680634B03441B01BC
:103080001A6811017FD4110E01F00B0EBEF1020F70
:1030900079D102F4001E5868C2F3005C01F00F0100
:1030A000BEF1000F20F0604089F808C015BF4FF056
:1030B000000C4FF0120C4FF0010E4FF0000E20FAF2
:1030C0000CF0062989F807E0C9F8000000F08B80B1
:1030D000C2F3034044F2652189F80B0003980144D0
:1030E00098F8000000F1010E88F800E089F814005B
:1030F000A9F804200A7899F8071089F815209A6829
:10310000002989F80F2008BF4FF080619A6818BF26
:103110004FF08C61120A89F80E209A68120C89F817
:103120000D209A68120E89F80C20DA6889F81320AD
:10313000DA68120A89F81220DA68120C89F811206C
:10314000DA68120E89F81020196099F814002F4BD4
:103150001F281B6844D9203801222D4B02FA00F0A9
:103160001B6818432A4B186049460398FFF766FD11
:10317000D9F8002099F814100398FEF761FF002891
:1031800039D198F800000130C0B288F800003368E7
:1031900003F07F03013398421BD81E4A4FF0000A08
:1031A0001B4B1B6811684AEA010252EA03017FF4D3
:1031B00013AF98F8000025E7B2FA82F2203210E748
:1031C000013FFCF775FD88F8000017F0FF077FF45A
:1031D00035AF002005B0BDE8F08FFCF769FD0AE7C8
:1031E000FCF7DEFDC0E7012189F8091070E7FCF764
:1031F0005FFD0290DEE60120ECE700BF00801D408D
:1032000024801D4028801D4008D8010408801D40EE
:103210002C801D4030801D402DE9F04F08219DB0CD
:103220000025DFF898C0DFF898E0224C2A460C957C
:103230000A958DF833100B950D950E950F95DCF8CA
:1032400000C0DEF800E024686346DFF878C042EA98
:103250000E0A2146184C03909B462846DCF8005085
:10326000236840EA05001D04CDE9040103D4236866
:10327000990000F10982DDE9042342F00102002BEC
:1032800000F0FE81B3FA83F5DFF82C80C5F140052C
:10329000D8F80040EDB214F0005440F07A81D8F82C
:1032A000003044F26523039AD318CDE900670893F0
:1032B0008BE000BF2C801D4000801D4024801D40FD
:1032C00028801D4030801D4000F4001CD3F804E02D
:1032D000BCF1000F2EF060460DBF4FF0120E4FF004
:1032E000000E0127002726FA0EFE06298DF82F7002
:1032F000CDF828E000F059820899C0F3034E8DF80C
:103300003C40BCF1000F09788DF833E008BF4FF066
:10331000806E8DF83D1018BF4FF08C6E99681F2C91
:10332000ADF82C008DF8371099684FEA11218DF80F
:10333000361099684FEA11418DF8351099684FEAB7
:1033400011618DF83410D9688DF83B10D9684FEAB7
:1033500011218DF83A10D9684FEA11418DF83910D2
:10336000D9684FEA11618DF83810C3F800E0BC4B02
:103370001B6840F216820121BA4B01FA02F21B6867
:103380001A43B84B1A600A9A21460398FEF758FE72
:10339000002840F001820AA90398FFF74FFC0AA811
:1033A000AFF300800AA8AFF300800AA8AFF3008053
:1033B000AD4B01341B68E4B203F07F0301339C4240
:1033C00080F0F480A54240F2F1802AFA04F2C4F1C0
:1033D000200300920BFA03F0009EA4F120020643A2
:1033E0002BFA02F1304608432BFA04F100900191C8
:1033F000DDE90001002100F001000143D8D0DDE942
:10340000046707FA03F326FA04F8394648EA030882
:10341000D14048EA0108002108F0010050EA010308
:10342000C6D0924B23441B011868010E01F00B0E0D
:1034300001F00F01BEF1020F3FF446AF042900F086
:10344000CE810829B4D1C0F30341089ED3F804C04B
:1034500096F800E08DF8331000F400118DF83DE08F
:1034600041F2560E8DF83C4000299968A644ADF80B
:103470002C002CF0604C8DF8371018BF0020996894
:1034800008BF1220039E4FEA11212CFA00F056F8D3
:103490002E6018BF4FF0010E8DF8361008BF4FF0A8
:1034A000000E99680A90090C8DF82FE08DF8351000
:1034B0009968090E8DF83410D9688DF83B10D968D9
:1034C000090A8DF83A10D968090C8DF83910DB68B3
:1034D0001B0E8DF838301EB10AA80692B047069A26
:1034E00044F2582303990B441B681BB10AA80692A7
:1034F0009847069A039941F61A33CB181846069353
:1035000019469B889BB2002B00F05D8110AA0388AE
:103510004FF01A0E0DF1580CDBB2104609926746B7
:103520000EFB031E02460EF5817E16465EF8060F60
:10353000DEF80410DEF80820DEF80C30ACE80F00EE
:10354000DEF81000DEF81410ACE803000FCF0FC651
:1035500097E8030086E803009DF954305A1C00F0F8
:10356000D6819C427FF424AF099AE1B20398FEF71A
:1035700099FC06990B880133C3F308030B808B88F1
:103580009BB2002B3FF414AF8B88013B9BB28B8026
:103590000EE7FCF78DFBD8F80030044603F07F03FC
:1035A0000133834202D985423FF67BAE304B314C2A
:1035B00018682168304A41400A40002A47D0039ADF
:1035C00043F2206313449A8892B20F2A3FD89A8814
:1035D00092B20F2A40F2F28043F22066039A598891
:1035E0005D88925B01F00F01ADB292B2023182F0C0
:1035F000100243F82100954200F06881598843F297
:10360000E862039E01311D4D324401F01F015980D3
:103610002E689388B6B29BB20F2B40F2CA8043F259
:10362000E867039B51885588DB5B01F00F01ADB261
:103630009BB202EB410183F01003CE809D4200F06B
:103640003E8153882060013303F01F035380084AF2
:10365000136803431360BFF34F8F1DB0BDE8F08FB5
:1036600008801D402C801D4000801D4008D80104AA
:1036700020801D4004170120BFFF07001C801D4053
:10368000B2FA82F52035FFE50AF020020023134349
:103690003FF4F1AD00F02002002313433FF4EBAD03
:1036A0009F4A44F26521039863251268415CC2F386
:1036B000034402F400109B4B8DF8334000281B6834
:1036C0004FEAD25014BF0024122423F060438DF837
:1036D0002E00ADF82C20C2F3005223FA04F3924CD2
:1036E0004FF005000A9323688DF8302018BF01229F
:1036F0008DF8373008BF002223688DF82F201B0A71
:103700008DF8363023681B0C8DF835302268874BD6
:10371000120E8DF834201A688DF83B201A68120AB0
:103720008DF83A201A68120C8DF839201B68804AEF
:103730001B0E8DF83D108DF83C508DF83830136815
:10374000FCF72EFBDDE90423002302F040021343C3
:1037500040F0D580DDE90423002302F0800213430A
:1037600040F0C980039C0AA92046FFF767FA0AA81F
:10377000AFF300800AA8AFF300800AA8AFF300807F
:103780000A992046FEF7D2FB00283FF474AD0AA93F
:103790000398FFF7EFF96EE50AA90398FFF7EAF936
:1037A000F9E52046FCF7FCFAEDE501218DF8311032
:1037B000A2E5938801339BB2938030E79A88013267
:1037C00092B29A8008E71F2C40F29D800121594B4C
:1037D00001FA02F21B681343564A1360E8E5C0F38E
:1037E0000341089ED3F804C096F800E08DF833102A
:1037F00000F400118DF83DE041F2560E8DF83C408A
:1038000000299968A644ADF82C002CF0604C8DF886
:10381000371018BF0020996808BF1220039E4FEA96
:1038200011212CFA00F056F82E6018BF4FF0010E4F
:103830008DF8361008BF4FF0000E99680A90090CF9
:103840008DF82FE08DF835109968090E8DF8341039
:10385000D9688DF83B10D968090A8DF83A10D968F3
:10386000090C8DF83910D968090E8DF838102EB171
:103870000AA809920693B047099A069B44F2582178
:1038800003980144096829B10AA809920693884758
:10389000099A069B41F61A31039841180E46069183
:1038A000898889B2C9B133884FF01A0E0DF1580CCE
:1038B00010AADBB2674609920EFB036E33E603994A
:1038C000CB5B013303F01F03CB53BAE603998A5B4A
:1038D000013202F01F028A5390E61F2C1AD90120F0
:1038E000144900FA02F209680A4312490A604FF0CB
:1038F00000621A605CE50720FCF752FA32E7062006
:10390000FCF74EFA26E72046FCF74AFA50E5099AFA
:1039100021462BE620460693FCF742FA069BE6E793
:1039200080801D4084801D4088801D408C801D400B
:1039300008801D402C801D400B78632B70B5044619
:1039400015460FD000EB830344F254029B580BB191
:103950002846984744F25413E3584BB12846BDE833
:103960007040184744F25403C358002BF0D1F1E7DC
:1039700070BD00BF2DE9F04F8E468DB007460E4654
:103980006C464FF001093D4607F11008DFF8A8A08A
:10399000BEE80F000FC49EE8030084E8030055F85A
:1039A000044F64B19DF91420D4E9020109FA02F32D
:1039B0000021184050EA010327D1237CC3B94545B3
:1039C000EDD144F25003FB5C53B3306806AC716830
:1039D000B268F3680FC430691822716903C40DEB33
:1039E000020107F11400FEF765FC0DB0BDE8F08F91
:1039F0002368D3F800B0D345E1D020469DF81530B8
:103A00004FF0FF326946D847D9E72368D3F800B0B2
:103A1000D345D2D09DF8153069462046D847CCE72B
:103A2000337D0CA93846324601F8183DFFF784FF74
:103A30000DB0BDE8F08F00BF8100000044F25103DB
:103A4000C35C002B00F0AC802DE9F04F0D468BB02D
:103A50000F46064604ACDFF868E20FCD0FC495E8C8
:103A6000030084E80300DEF800309B0053D5934B3D
:103A700000254FF0630A1B68C3F303694FEAC909C5
:103A800009F108090CE01868400F022800F0958041
:103A90001868400F052800F0AC8001354D453AD03C
:103AA00097F91430EAB2632B35D005EB450843F2A1
:103AB000507306EBC8010B44186810F0604FECD04F
:103AC0001868400F0128DED11A68F979C2F3004264
:103AD0009142E2D11A6812F4607FDED04FEA4808C2
:103AE0009B46002206E0DBF80010E2B2C1F3C211EF
:103AF0008A42D2D2541C049A08EB040303F6D4532E
:103B000056F823309A42EED104A930468DF824A00D
:103B1000FFF730FFE7E70023694D8DF816302C687A
:103B200014F000543DD12B68DFF8948108E0D8F8F8
:103B30000030013403F07F03E4B201339C4239D2F8
:103B400097F91430A342F2D004EB440143F650231A
:103B500006EBC1021344186810F0604FE7D01868F4
:103B6000FD79C0F3C0608542E1D11868400F01289B
:103B700071D01968490F022900F091801B685B0F12
:103B8000052BD4D1049A21463046FEF73BFB002892
:103B9000CDD004A930468DF82440FFF7EBFEC6E7F0
:103BA0007047FCF7ABF82B68044603F07F03013342
:103BB0009842B9D30BB0BDE8F08F1B68FA79C3F314
:103BC00000439A427FF469AF43F25473049A0B4462
:103BD0001B689A42FFF461AF43F258735B589A42F4
:103BE0003FF65BAF04A930468DF824A0FFF7C2FE74
:103BF00053E7186810F4607F3FF44FAF43F2647BE3
:103C0000019301238B4409E0019901330968DBB278
:103C1000C1F3C21101318B42BFF43FAF03EB480146
:103C2000DBF80000049C01F6D451204056F821E056
:103C3000DBF800100EEA01018842E5D104A9304604
:103C400003938DF8162002928DF824A0FFF792FEC0
:103C5000039B029AD8E71A6812F4607F3FF467AFBB
:103C60001D464FEA410A002307E02A685FFA89F3FC
:103C7000C2F3C2129342BFF45AAF03F10109049A8E
:103C80000AEB090303F6946356F823309A42ECD109
:103C900004A930468DF82440FFF76CFEE5E743F6B3
:103CA0005423049913441B689942FFF440AF43F630
:103CB00058239B5899427FF66CAF38E734001D407B
:103CC00000001D402F4AF8B5136813F0005353D07D
:103CD000136813F400434BD02B4B1B6813F02003E5
:103CE0004AD02A4B0C462A4A05461B6844F26520F6
:103CF000DFF8A4E0632103F40016C3F30347A380B5
:103D0000E772002E12680CBF1226002622F06042D5
:103D1000204F22FA06F214BF012600262260DEF8A8
:103D20000020E671E273160C4FEA122E120E667333
:103D300084F80EE0C3F300562273DB0D3A68267256
:103D4000E274170A160C120EA774667422740D4AD8
:103D5000285CA3716075217513681B040ED521467C
:103D60002846FFF76BFE21682846FEF7C1F9F8BD2B
:103D7000283212689206AFD51846F8BD0520FCF728
:103D800019F8ECE700001D4030001D4080001D4088
:103D900084001D408C001D4088001D40974B1B680F
:103DA0002DE9F04F13F0005385B08946039040F0A1
:103DB0001E810293914E44F2642203993368885C19
:103DC00003F07F030133984200F2038144F2642838
:103DD000039B03279844E0E0002B00F0ED80B3FA4A
:103DE00083F2C2F140029042C0F2E380306810F0EA
:103DF000005040F0F280013F88F8000017F0FF0704
:103E000000F0E78033689C0006D5029A824203D90D
:103E1000501EC0B288F80000336803F07F030133FE
:103E200098420BD3306810F0005040F0C980013F39
:103E300088F8000017F0FF0700F0CB80704BC0F14E
:103E4000200E704AA0F120011B68D2F800C0019337
:103E500000230093DDE9002342EA0C0222FA00F479
:103E600003FA0EFE23FA01F1002344EA0E040C4388
:103E700004F00102134340F08680634B03441B01AE
:103E80001A6811017FD4110E01F00B0EBEF1020F62
:103E900079D102F4001E5868C2F3005C01F00F01F2
:103EA000BEF1000F20F0604089F808C015BF4FF048
:103EB000000C4FF0120C4FF0010E4FF0000E20FAE4
:103EC0000CF0062989F807E0C9F8000000F08B80A3
:103ED000C2F3034044F2652189F80B0003980144C2
:103EE00098F8000000F1010E88F800E089F814004D
:103EF000A9F804200A7899F8071089F815209A681B
:103F0000002989F80F2008BF4FF080619A6818BF18
:103F10004FF08C61120A89F80E209A68120C89F809
:103F20000D209A68120E89F80C20DA6889F813209F
:103F3000DA68120A89F81220DA68120C89F811205E
:103F4000DA68120E89F81020196099F814002F4BC6
:103F50001F281B6844D9203801222D4B02FA00F09B
:103F60001B6818432A4B186049460398FFF766FD03
:103F7000D9F8002099F814100398FEF743F90028A7
:103F800039D198F800000130C0B288F800003368D9
:103F900003F07F03013398421BD81E4A4FF0000AFA
:103FA0001B4B1B6811684AEA010252EA03017FF4C5
:103FB00013AF98F8000025E7B2FA82F2203210E73A
:103FC000013FFBF79BFE88F8000017F0FF077FF426
:103FD00035AF002005B0BDE8F08FFBF78FFE0AE794
:103FE000FBF7E8FEC0E7012189F8091070E7FBF74D
:103FF00085FE0290DEE60120ECE700BF00001D40D8
:1040000024001D4028001D4008D0010408001D4068
:104010002C001D4030001D400023082202211846BC
:1040200000B58DB00293009301930393049305931D
:104030008DF80B200EF03AFB002844D1984B1B68FA
:104040009A0040D5974B1B689B063CD4964B1B6847
:10405000980638D569469548FEF734FF18B1944B59
:10406000009A9A4261D00023082202211846089340
:104070000693079309930A930B938DF823200EF070
:1040800015FB28BB8B4B1B68990021D58A4B1B68FD
:104090009A061DD4894B1B689B0619D506A988482A
:1040A000FFF710FE60B1874B1B78012B15D0022B58
:1040B00071D0032B2CD1069A40F213639A427FD021
:1040C0000DB05DF804FB69467848FEF767FFC5E769
:1040D00006A97B48FFF762FEE4E7069A7A498A421E
:1040E00000F0A18079498A4200F08F8078498A42A5
:1040F000E6D1099A774922F07F428A42E0D1764A96
:1041000076481168002940F0BE80012101701160DD
:10411000042B2DD1724B069A9A42D1D1099B6D4A3C
:1041200023F07F439342CBD15BE09DF81030FF2B0F
:104130009DF811307FD007EE103A6A4AB3EE044B77
:10414000B8EEC76B92F900309FED517B05EE103A47
:1041500026EE077BB8EEC55B9FED4F6B27EE047B29
:10416000A5EE067BFDEEC77B17EE903A13707AE75B
:10417000052BA5D15C4B069A9A42A1D19DF8273018
:10418000F62B9DD1544B55491A68002A77D000224E
:104190000A701A6094E7069A54498A422AD0544B0E
:1041A0009A428DD1534A9DF82430127952499A424D
:1041B0000B7088BF0122514B98BF00221A707FE715
:1041C000099B4F4A23F47F4393427FF479AF9DF8D4
:1041D0002530882B7FF474AF9DF82830802B7FF436
:1041E0006FAF3D4A1368002B44D101233B49136054
:1041F0000B7065E7BDF82420B2F5C17FC2D040F254
:10420000B2418A427FF45CAF79E7099A3D4922F4D2
:104210007F028A427FF454AF2F4A116851BB2F4965
:1042200013600B704CE7099A2A4922F07F428A42B8
:104230007FF446AFF0E7C3F580732A4AB3EE043B40
:1042400007EE103A92F90030B8EEC76B05EE103A5F
:104250009FED0F7BB8EEC55B26EE077B9FED0E4B07
:1042600027EE037BA5EE047BFDEEC77B17EE903AAD
:104270001370F8E60023194913600B7020E7012240
:104280000A701A601CE700210170116040E700BF4E
:104290009A9999999999A93F666666666666EE3F0E
:1042A00000801D4028801D4030801D40B4D3002078
:1042B0000100000700001D4028001D4030001D4087
:1042C0004C910020F55E0020321CEF18FC1CEF180A
:1042D000001CEF180F600100841F0120F52301204E
:1042E00027ABEF18E923012099D8FF0C0677FF14BC
:1042F0002345FE18DC5B0020F65E0020112401201F
:10430000150006CA0F6000FF2DE9F047A74CFFF724
:1043100083FE206803681B69984758BBA44B1B7831
:104320002BBBA44AA4491368086813681B1A142BF2
:1043300002D9A24B1B7853B9A14B1B787BB9FBF771
:1043400053FE02F0E1FBBDE8F04702F0DDBB13686D
:104350000B60FCF7E9FA9A4B1B78002BEFD0FEF7C5
:10436000B3F902F0D1FBBDE8F04702F0CDBBFBF79B
:1043700083FCD6E72068934C03685B69984794F800
:104380007D30C5B2062B00F29280DFE803F01828DA
:104390003F76587004000A2D00F0CB800122E36DB7
:1043A00084F87E2003B1984700235A2284F87D3098
:1043B00084F85A3084F87E3084F85B20AEE700221F
:1043C000242D804B4FF0010184F87E2000F0C48042
:1043D000DA6D83F87E10002AE6D09047E4E728469D
:1043E00010F0CCF9002800F08C8094F85A2094F852
:1043F0005B10744B91427CD9042A40F22A8103213C
:10440000DA6D83F87E10002AE7D1CDE794F85A10D0
:1044100094F85B206B4B91426BD22A2D00F0BA804E
:104420002C2D40F0AD8093F88000013A80F02C00F4
:10443000D2B283F8800083F85B2099546EE7A5F12F
:104440003003092B46D9284610F0B0F9462D36D84E
:10445000A8B3A5F137035BB2591C9FD094F8811023
:1044600005220B4384F87D2084F8813056E70D2D1A
:1044700094D1062384F87D3050E7A5F13003092B51
:1044800035D9284610F092F9462D25D820B3A5F14C
:1044900037035BB2581C81D094F88120DBB2042131
:1044A00042EA031384F87D1084F8813036E7052250
:1044B000E36D84F87E20002B7FF475AF74E7284607
:1044C00010F066F9662D3FF669AF00283FF466AF3D
:1044D000A5F157035BB2BFE7284610F059F9662DE6
:1044E0003FF65CAF00283FF459AFA5F157035BB22C
:1044F000D0E70221DA6D83F87E10002A7FF46DAFD9
:1045000052E72A2D2DD02C2D7FF448AF94F85B3044
:10451000022094F88020013B94F85A1082F02C027B
:1045200084F87D00DBB284F8802084F85B30E154AD
:10453000F4E694F87F20234B002A45D093F88110AD
:1045400093F8802091423FD00421DA6D83F87E10E9
:10455000002A7FF442AF27E783F8802083F87D109C
:10456000DCE694F85B30032194F85A20013B84F890
:10457000810084F87D10DBB284F85B30E254CDE634
:1045800093F88020481C5D54554083F85A0083F806
:104590008050C3E6013A00240320D2B283F8814060
:1045A00083F87D0083F85B209954B7E61C52002005
:1045B000E6230120B42301201C1601200F24012032
:1045C000F45E00202020012094F859E0002594F8A2
:1045D0007C9014F80E80244E04F80E50B9F1000FB0
:1045E00030D016F865CBBCF12D0A18BF4FF0010A88
:1045F00016F8013C634518BF2D2B02D0BAF1000F0D
:104600001BD11948371D334613F8012B10F8011F31
:104610008A4218BF2D2A01D02D290ED19F42F3D1F5
:104620006DB204F80E80104B6A1C0DD005EB4505E9
:1046300003EB8505EB6E9847B6E601350C36EDB217
:104640004D45D5D104F80E80236E002B7FF4ABAE20
:10465000AAE693F88010501C9D544D4083F85A00F0
:1046600083F880505AE600BF202001201F2938B56A
:104670000D46144634D91C49A5F1200001230A68CF
:10468000834013430B60194B4FF00061E2792B44D8
:104690001B011960BAB1217A2268002922F0604218
:1046A00014BF4FF4E0014FF4C0015A60E06800BA53
:1046B0009860206900BAD860E27A41EA024242F08A
:1046C00040621A6038BD2268207A9104084A0028A6
:1046D00002EA01020CBF00214FF480115A60E5E7A5
:1046E0000846FBF767FBCEE72C001D4008D001040D
:1046F0000000FC1F2DE9F04F08219DB00025DFF8D8
:1047000098C0DFF898E0224C2A460C950A958DF85F
:1047100033100B950D950E950F95DCF800C0DEF863
:1047200000E024686346DFF878C042EA0E0A2146BA
:10473000184C03909B462846DCF80050236840EA5A
:1047400005001D04CDE9040103D42368990000F19C
:104750000982DDE9042342F00102002B00F0FE8112
:10476000B3FA83F5DFF82C80C5F14005D8F8004096
:10477000EDB214F0005440F07A81D8F8003044F2E1
:104780006523039AD318CDE9006708938BE000BF37
:104790002C001D4000001D4024001D4028001D402D
:1047A00030001D4000F4001CD3F804E0BCF1000F01
:1047B0002EF060460DBF4FF0120E4FF0000E012795
:1047C000002726FA0EFE06298DF82F70CDF828E076
:1047D00000F059820899C0F3034E8DF83C40BCF1BB
:1047E000000F09788DF833E008BF4FF0806E8DF828
:1047F0003D1018BF4FF08C6E99681F2CADF82C003F
:104800008DF8371099684FEA11218DF836109968A4
:104810004FEA11418DF8351099684FEA11618DF812
:104820003410D9688DF83B10D9684FEA11218DF802
:104830003A10D9684FEA11418DF83910D9684FEA1A
:1048400011618DF83810C3F800E0BC4B1B6840F2D2
:1048500016820121BA4B01FA02F21B681A43B84BC7
:104860001A600A9A21460398FDF7CCFC002840F014
:1048700001820AA90398FFF7E1F80AA8AFF30080C4
:104880000AA8AFF300800AA8AFF30080AD4B013453
:104890001B68E4B203F07F0301339C4280F0F48094
:1048A000A54240F2F1802AFA04F2C4F120030092FA
:1048B0000BFA03F0009EA4F1200206432BFA02F14A
:1048C000304608432BFA04F100900191DDE9000124
:1048D000002100F001000143D8D0DDE9046707FAA8
:1048E00003F326FA04F8394648EA0308D14048EAB7
:1048F0000108002108F0010050EA0103C6D0924BE4
:1049000023441B011868010E01F00B0E01F00F018A
:10491000BEF1020F3FF446AF042900F0CE81082912
:10492000B4D1C0F30341089ED3F804C096F800E068
:104930008DF8331000F400118DF83DE041F2560E71
:104940008DF83C4000299968A644ADF82C002CF065
:10495000604C8DF8371018BF0020996808BF1220EE
:10496000039E4FEA11212CFA00F056F82E6018BF72
:104970004FF0010E8DF8361008BF4FF0000E996809
:104980000A90090C8DF82FE08DF835109968090E02
:104990008DF83410D9688DF83B10D968090A8DF864
:1049A0003A10D968090C8DF83910DB681B0E8DF8A8
:1049B00038301EB10AA80692B047069A44F258232E
:1049C00003990B441B681BB10AA806929847069AE4
:1049D000039941F61A33CB181846069319469B885B
:1049E0009BB2002B00F05D8110AA03884FF01A0ED5
:1049F0000DF1580CDBB21046099267460EFB031E00
:104A000002460EF5817E16465EF8060FDEF80410AB
:104A1000DEF80820DEF80C30ACE80F00DEF81000FD
:104A2000DEF81410ACE803000FCF0FC697E80300C0
:104A300086E803009DF954305A1C00F0D6819C4250
:104A40007FF424AF099AE1B20398FFF70FFE0699AD
:104A50000B880133C3F308030B808B889BB2002BB8
:104A60003FF414AF8B88013B9BB28B800EE7FBF7C2
:104A700045F9D8F80030044603F07F030133834240
:104A800002D985423FF67BAE304B314C1868216825
:104A9000304A41400A40002A47D0039A43F220633B
:104AA00013449A8892B20F2A3FD89A8892B20F2A5A
:104AB00040F2F28043F22066039A59885D88925B47
:104AC00001F00F01ADB292B2023182F0100243F850
:104AD0002100954200F06881598843F2E862039E04
:104AE00001311D4D324401F01F0159802E68938819
:104AF000B6B29BB20F2B40F2CA8043F2E867039B29
:104B000051885588DB5B01F00F01ADB29BB202EB1F
:104B1000410183F01003CE809D4200F03E81538816
:104B20002060013303F01F035380084A13680343D6
:104B30001360BFF34F8F1DB0BDE8F08F08001D401C
:104B40002C001D4000001D4008D0010420001D4025
:104B500000170120BFFF07001C001D40B2FA82F5BC
:104B60002035FFE50AF02002002313433FF4F1ADA6
:104B700000F02002002313433FF4EBAD9F4A44F2C0
:104B80006521039863251268415CC2F3034402F473
:104B900000109B4B8DF8334000281B684FEAD25021
:104BA00014BF0024122423F060438DF82E00ADF8CA
:104BB0002C20C2F3005223FA04F3924C4FF005006C
:104BC0000A9323688DF8302018BF01228DF8373002
:104BD00008BF002223688DF82F201B0A8DF836307D
:104BE00023681B0C8DF835302268874B120E8DF828
:104BF00034201A688DF83B201A68120A8DF83A2082
:104C00001A68120C8DF839201B68804A1B0E8DF82B
:104C10003D108DF83C508DF838301368FBF7CAF81A
:104C2000DDE90423002302F04002134340F0D58065
:104C3000DDE90423002302F08002134340F0C98021
:104C4000039C0AA92046FEF7F9FE0AA8AFF30080EC
:104C50000AA8AFF300800AA8AFF300800A992046A3
:104C6000FDF746FA00283FF474AD0AA90398FEF751
:104C700081FE6EE50AA90398FEF77CFEF9E5204661
:104C8000FBF798F8EDE501218DF83110A2E5938846
:104C900001339BB2938030E79A88013292B29A80B6
:104CA00008E71F2C40F29D800121594B01FA02F2C6
:104CB0001B681343564A1360E8E5C0F30341089E9E
:104CC000D3F804C096F800E08DF8331000F400111A
:104CD0008DF83DE041F2560E8DF83C400029996870
:104CE000A644ADF82C002CF0604C8DF8371018BF9E
:104CF0000020996808BF1220039E4FEA11212CFA68
:104D000000F056F82E6018BF4FF0010E8DF83610E7
:104D100008BF4FF0000E99680A90090C8DF82FE03B
:104D20008DF835109968090E8DF83410D9688DF812
:104D30003B10D968090A8DF83A10D968090C8DF82A
:104D40003910D968090E8DF838102EB10AA80992C9
:104D50000693B047099A069B44F2582103980144F0
:104D6000096829B10AA8099206938847099A069BFF
:104D700041F61A31039841180E460691898889B286
:104D8000C9B133884FF01A0E0DF1580C10AADBB2DE
:104D9000674609920EFB036E33E60399CB5B013342
:104DA00003F01F03CB53BAE603998A5B013202F08A
:104DB0001F028A5390E61F2C1AD90120144900FAC9
:104DC00002F209680A4312490A604FF000621A6051
:104DD0005CE50720FAF7EEFF32E70620FAF7EAFF74
:104DE00026E72046FAF7E6FF50E5099A21462BE62A
:104DF00020460693FAF7DEFF069BE6E780001D409B
:104E000084001D4088001D408C001D4008001D408E
:104E10002C001D4070B50D4686B0064649682868CE
:104E20006C46AA68EB680FC428691822696903C434
:104E300041F61A3069463044FDF73CFA06B070BDC1
:104E4000F0B58B7D0546474C87B00E462068002B99
:104E500038D110F0005062D123680146424B0B4418
:104E60001B011B68C3F30363082B24D03D4A04E0F5
:104E70002368C3F30363082B1DD01368481C3A4C06
:104E800003F07F03C1B201330C4499424FEA04148A
:104E9000EED30FCE6C46FF270FC496E8030084E8DC
:104EA0000300284669468DF81470FFF7B3FF4FF0F2
:104EB000FF3007B0F0BD28463246FFF7D7FB012090
:104EC00007B0F0BD10F0005033D12368264B0446E4
:104ED00003441B011A68110114D4224902E01A6824
:104EE00012010FD40A6801301F4B02F07F02C0B2DA
:104EF00001320344044690424FEA0313EFD31B4BA5
:104F00004FF0FF341B68C3F30363082B1AD1284604
:104F10003246E1B2FFF7AAFB012007B0F0BDFAF775
:104F2000EDFE2368014603F07F030133834295D8E9
:104F3000AFE7FAF7E3FE236803F07F030133834210
:104F4000C4D8DCE70FCE6F460FC796E8030087E8AA
:104F50000300284669468DF81440FFF75BFF4FF0C9
:104F6000FF30A6E700001D4008D0010470001D407E
:104F700038B5038804461A250846D9B205FB014115
:104F800001F584710FF06EFF23880133C3F308032A
:104F90002380A3889BB21BB1A388013B9BB2A38053
:104FA000002038BD44F25003C25C2DE9F0410546B3
:104FB0008EB00AB90122C2542B8B9BB2002B50D168
:104FC00044F25C2341F61A3601225C49EB58B046A4
:104FD0002E4403F01F005B09824041F82320B38870
:104FE0009BB243B335F808301A2408AF0DF1080E10
:104FF000DBB2BC4604FB036404F5817454F8060F6D
:105000006168A268E3680FC72069616903C7BCE8EB
:105010000F00AEE80F009CE803008EE803009DF946
:105020001C104B1C40D0464B0B441B011B68C3F3A8
:105030000363082B63D044F25C2301224149EB58FF
:1050400003F01F005B09824041F8232000212B8BD5
:10505000B0889BB280B21B0380B218430EB0BDE88B
:10506000F0810023082408A91822049305F11400F4
:105070008DF8134008AC029302AE03930EAF059374
:1050800006930793FFF774FF0FCC0FC694E8030055
:1050900002AA86E803009DF81C30284607F8313D37
:1050A0003946FEF749FC8BE7274F3C6814F0005463
:1050B0003AD13B68244F07E03B68013403F07F039B
:1050C000E4B201339C42B6D21D4B23441B011B6842
:1050D000C3F30363082BEFD102AA21462846FFF74A
:1050E000C5FA33880133C3F308033380B3889BB216
:1050F000002BE1D0B388013B9BB2B380DCE702AA6E
:10510000C9B22846FFF7B2FA35F808300133C3F3C5
:10511000080325F80830B3889BB2002B8BD0B388E6
:10512000013B9BB2B38086E7FAF7E8FD3B68044693
:1051300003F07F0301338342BCD87CE780E100E0C9
:1051400008D0010400E100E000001D4044F25003DB
:10515000C25C2DE9F04105468EB00AB90122C25465
:105160002B8B9BB2002B50D144F25C2341F61A36B4
:1051700001225C49EB58B0462E4403F01F005B0946
:10518000824041F82320B3889BB243B335F80830FE
:105190001A2408AF0DF1080EDBB2BC4604FB036411
:1051A00004F5817454F8060F6168A268E3680FC7BC
:1051B0002069616903C7BCE80F00AEE80F009CE8F6
:1051C00003008EE803009DF91C104B1C40D0464B99
:1051D0000B441B011B68C3F30363082B63D044F229
:1051E0005C2301224149EB5803F01F005B09824018
:1051F00041F8232000212B8BB0889BB280B21B0387
:1052000080B218430EB0BDE8F0810023082408A93D
:105210001822049305F114008DF8134008AC029392
:1052200002AE03930EAF059306930793FFF7A0FE1C
:105230000FCC0FC694E8030002AA86E803009DF88D
:105240001C30284607F8313D3946FDF775FC8BE7E1
:10525000274F3C6814F000543AD13B68244F07E0D4
:105260003B68013403F07F03E4B201339C42B6D2C1
:105270001D4B23441B011B68C3F30363082BEFD1B1
:1052800002AA21462846FCF70DFE33880133C3F3FA
:1052900008033380B3889BB2002BE1D0B388013B75
:1052A0009BB2B380DCE702AAC9B22846FCF7FAFD3C
:1052B00035F808300133C3F3080325F80830B38804
:1052C0009BB2002B8BD0B388013B9BB2B38086E7A7
:1052D000FAF7EEFC3B68044603F07F030133834298
:1052E000BCD87CE780E100E008D8010400E100E0E0
:1052F00000801D402DE9F84F7C480023DFF820A2F4
:1053000008247B4A4FF47A79DFF818E241F61A371D
:10531000DFF8148241F61C368AF8043041F61E3557
:105320008AF80C3043F2206CCAF8143044F2510B66
:10533000CAF82030CAF82430CAF82830CAF82C300D
:10534000CAF810E0CAF80890CAF800800371C0F8E3
:1053500008900373C0F80080C0F810E04361036256
:1053600043628362C362C2F8089044F260291371F9
:105370001373C2F8008044F26428C2F810E053614D
:10538000136253628AF81E4044F2500A847794777D
:1053900058489362D362584A5849C2F800E05360B3
:1053A000D0F800E044F25C20554AC2F800E0DFF893
:1053B0007CE1544A4EF8003043F22260AEF81430DB
:1053C000AEF81630AEF818302EF807302EF806304A
:1053D0002EF805302EF80C302EF8003043F2246001
:1053E000CEF800202EF8003043F2E860464A2EF84E
:1053F000003043F2EA60C2F800E02EF8003043F2D9
:10540000EC60424A2EF8003043F222600EF80A3077
:105410000EF80B309382D3821383D3530A2793530E
:105420000126535322F80C304FF0090C135243F26B
:105430002460374D4EF809300EF808304FF0040E56
:1054400015605A25135243F2E86042F809301352AE
:1054500043F2EA6002F80830135243F2EC60A1F81C
:105460002CC1135244F25C2002F80A30DFF8C0A0CD
:10547000135002F80B30CAF800204FF00E022548F6
:10548000A1F824214FF00C02A1F82EE1A1F8262169
:10549000C1F8843081F88A3081F8BC3081F8CC3092
:1054A000A1F82841A1F82A41A1F88830A1F830716B
:1054B000C365036680F87C3080F87E3080F88030E9
:1054C00080F8813080F87D3080F85A3080F87F6035
:1054D00080F85B500AF048FE48210F4801F082F83E
:1054E000044B1A680D4B1A60BDE8F88FE08C002061
:1054F000B08C0020B4230120A48C00209C17012034
:105500008C210120F805002098160120B4D300203A
:105510001C0600202020012060170120441F0120CC
:10552000108D002008070020400600204C9100202C
:105530009C16012090F8A32090F8A200101A704742
:1055400090F8A23090F8A3209A4205D95A1C03443F
:1055500080F8A220987E70474FF0FF30704700BF60
:1055600070B50446D0F8B800072214490368651ED8
:10557000E61C5B689847D4F8B8000122104903681C
:105580005B68984715F8011F0F290DD900231022D9
:10559000D4F8B8000CF026FEB542ECD1D4F8B8002F
:1055A000BDE870400CF006BED4F8B80001220549F1
:1055B00003685B6898472978E8E700BFD8110020A6
:1055C000DC2F0020E01100202DE9F0410378054692
:1055D0004778461ED0F8B800072243EA07276649F5
:1055E0000368EC1C3FB25B681FFA87F89847D5F850
:1055F000B8000122614903685B68984716F8011FEB
:105600000F2935D900231022D5F8B8000CF0EAFD97
:10561000B442ECD13E1FD5F8B80006225849F6B284
:105620000368282E5B6828BF282698474EB3013EA2
:10563000F6B204362E4407E000231022D5F8B80055
:105640000CF0D0FDA6421CD0D5F8B80001224B4981
:1056500003685B68984714F8011F0F29ECD8D5F848
:10566000B8000122474903685B6898472178E3E75F
:10567000D5F8B8000122434903685B689847317840
:10568000C0E7002F3FDBD5F8B80008223E49036889
:105690005B6898474146D5F8B8000CF0E3FDD5F8B3
:1056A000B8003A49092203685B689847A978A9B10C
:1056B000012943D002294ED003291CD0042952D0FD
:1056C00005292ED000230A22D5F8B8000CF08AFD57
:1056D000D5F8B800BDE8F0410CF06CBDD5F8B800C5
:1056E00007222B4903685B689847D5F8B800BDE8E6
:1056F000F0410CF05FBDD5F8B8000D2225490368D4
:105700005B689847E4E7D5F8B84014222249C8F30B
:105710000E08236820465B68984720460CF04AFD37
:10572000B1E7D5F8B8000B221C4903685B689847BD
:10573000D5F8B800BDE8F0410CF03CBDD5F8B80094
:105740000A22174903685B689847D5F8B800BDE896
:10575000F0410CF02FBDD5F8B800072211490368BD
:105760005B689847B4E7D5F8B8000B220E49036888
:105770005B689847ACE700BFD8110020DC2F002001
:10578000E4110020E011002004120020101200207B
:105790001C12002038120020EC11002054120020AE
:1057A00024120020301200204812002038B5044690
:1057B00008460D4610F044F9236802462946204663
:1057C0005B689847054620460CF0F4FC284438BD39
:1057D0002DE9F84F81780346D0F805200529C0F857
:1057E000042140781A781F7ADE799D795C7969D036
:1057F00042EA0022DF7A9E7BC2F30E0293F80DE0AC
:10580000DD7B07F0030C043A93F810909C7C4EEA81
:10581000062812B2597C45EA09290E2A41EA0424D5
:1058200036DC00210A46587A012882463FD00428F7
:105830007DD0022800F0958003286DD0082818BF7D
:1058400005287FD0A0F1280B5FFA8BFBBBF1010F7D
:1058500078D9102800F09180112800F08B8013284F
:1058600000F08E801E2800F08E80BAF1140F00F038
:105870009E80BAF1150F00F0A180BAF1160F00F06A
:10588000A480BAF1F10F00F0A7800020BDE8F88FE6
:10589000187D102AD97C41EA002140F3BD80987D13
:1058A0005A7D42EA0022587A01288246BFD1A3F8E5
:1058B000D4C080B2A3F8CE80A3F8D090A3F8D24091
:1058C000BDE8F88F45EA06259A7A93F804E02A2085
:1058D000DE7A597A4EEA042E42EA06265C7B1A7B6F
:1058E00047EA0127D97B42EA04249A7BA3F8F050C7
:1058F00042EA01215D7C1A7CA3F8EEE042EA05222F
:10590000A3F8F270A3F8F460A3F8FA40A3F8FC102F
:10591000A3F8FE20BDE8F88FA3F8ECC0A3F8E6805A
:10592000A3F8E890A3F8EA4080B2BDE8F88FA3F8A6
:10593000DCC080B2A3F8D680A3F8D890A3F8DA40F0
:10594000BDE8F88FA3F8F8C080B2A3F8EE80A3F802
:10595000F090A3F8F240A3F8F410A3F8F620BDE805
:10596000F88FA3F8E4C0A3F8DE80A3F8E090A3F8D2
:10597000E240D9E7A3F80241D6E783F800E1D3E794
:1059800083F808E1D0E76FF00E0003F10F0103F197
:10599000170483F80961C01A01E011F8015FD3F818
:1059A0000C21A1420A441554F7D1587ABCE7A3F858
:1059B0001281A3F81491A3F81641B5E7A3F8188152
:1059C000A3F81A91A3F81C41AEE7A3F81E81A3F82F
:1059D0002091A3F82241A7E71C4693F8BC302BB9CD
:1059E000072FA1D1504684F810619DE70B49D4F8E8
:1059F000B800FFF7DBFEE37A072B01D0607A93E76C
:105A000094F8BC3023B10649D4F8B800FFF7CEFEB5
:105A100094F809A0A67BE5E7002204E7B40F002074
:105A2000601200202DE9F0479146984690F8242115
:105A3000B0EE000BB0F9EE3004468A4607EE103A9D
:105A400053422DED028B01EE103AB8EEC78A0A9F41
:105A5000B8EEC11B0B9E0C9D0DF00EFAB7EEC87A86
:105A600094F824315B4227EE007B01EE103AB4F942
:105A7000F03006EE103AB8EEC11BB0EE000BB8EEF7
:105A8000C68AB7EEC77B8AED007A0DF0F5F9B7EE5E
:105A9000C86A94F82411B4F9F23026EE006B07EED0
:105AA000103A4B42B8EEC78A01EE103AB0EE000B46
:105AB000B8EEC11BB7EEC66B89ED006A0DF0DCF9DC
:105AC000B7EEC87A94F82421B4F9F43027EE007BBD
:105AD00006EE103A5342B8EEC68A01EE103AB0EE26
:105AE000000BB8EEC11BB7EEC77B88ED007A0DF056
:105AF000C3F9B7EEC86A94F82431B4F9F62026EE5B
:105B0000006B5B4207EE102A01EE103AB8EEC78A2E
:105B1000B8EEC11BB0EE000BB7EEC66B87ED006AA6
:105B20000DF0AAF9B7EEC87AB4F8F83027EE000BFA
:105B3000B7EEC00B86ED000A2B70BDEC028BBDE802
:105B4000F08700BF70B505466424174E0DE090F84D
:105B5000A33090F8A22001209B1A002B10DC0AF041
:105B6000EBF9631E13F0FF040CD0D5F8B000036806
:105B70001B69B342EBD0984703460120002BEEDDB2
:105B8000012070BD95F8BC000028FAD0D5F8B850B7
:105B90000B2206492B6828465B68984728460CF07C
:105BA00009FB204670BD00BF355D0000F0120020EB
:105BB00070B505467D2406E001200AF0BDF9631E9C
:105BC00013F0FF0416D095F8CA000AF055FA78B120
:105BD00095F8BC30002BEFD0D5F8B86008220E49FC
:105BE000336830465B68984730460CF0E3FAE3E7E9
:105BF000012070BD95F8BC000028FAD0D5F8B85047
:105C00000F2206492B6828465B68984728460CF007
:105C1000D1FA204670BD00BFFC12002008130020FE
:105C2000002900F0A0802DE9F843064689460025AA
:105C30004E4FB9F11C0FC8464FF0010396F8B4104F
:105C400028BF4FF01C08D6F8B00008F10402D2B209
:105C500009F0F8FD3046FFF775FF002800F081805D
:105C6000D6F8B00003685B69BB4274D190F8A220FB
:105C700090F8A310914206D9013280F8A220D6F8FC
:105C8000B00003685B69BB425FD190F8A22090F836
:105C9000A310914251D9013280F8A220D6F8B00069
:105CA00003685B69BB424ED190F8A22090F8A31024
:105CB000914242D9013280F8A220D6F8B0000368A0
:105CC0005B69BB423BD190F8A23090F8A3209A4286
:105CD00004D9013380F8A230D6F8B000002419E0CE
:105CE00090F8A23090F8A32003F1010EC1189A4257
:105CF00021D980F8A2E0887E01347F2D05F10102D0
:105D000006EB0503E4B201D895B21871444508D2F8
:105D1000D6F8B00003685B69BB42E1D09847C0B2D7
:105D2000EAE7C8EB09091FFA89F9B9F1000F80D138
:105D30000120BDE8F883FF20DEE7BB42CED09847C4
:105D4000D6F8B000CAE79847B7E79847D6F8B0004A
:105D500003685B69A6E79847D6F8B00003685B69FB
:105D600091E7BDE8F8830120704700BF415D000066
:105D70002DE9F0470446D0F8B000002879D001237F
:105D8000042294F8B41009F05DFD2046FFF7DAFE16
:105D900010B90020BDE8F087D4F8B0309B4E1A68E7
:105DA0005269B24240F01A8193F8A21093F8A3000E
:105DB000884240F288814A1C194483F8A220D4F812
:105DC000B03091F81A801A680FFA88F95269B24215
:105DD00040F0F98093F8A20093F8A310814240F2BA
:105DE0007681421C184483F8A22090F81AA0D4F8B7
:105DF000B0304FEA0A211A680DB25269B24240F03F
:105E0000DF8093F8A21093F8A300884240F26381E8
:105E10004A1C194483F8A220887ED4F8B030C7B257
:105E20001A685269B24240F0C78093F8A22093F8F2
:105E3000A310914240F25581511C1A4483F8A210DC
:105E4000907E45EA090184F8008084F801A0C1F33E
:105E50000E01A770E07000299BD00439204689B25A
:105E6000FFF7DEFEA078012800F0C3800120BDE826
:105E7000F08794F8CA000AF0FFF8012889D0D4F816
:105E8000C030D4F8C400DA7C002A2ED072B6DA7C96
:105E9000D70706D55E495A690D682A409A620A609A
:105EA000DA7C960706D55B499A690D682A40DA6262
:105EB0000A60DA7C550706D55749DA690D682A4029
:105EC0001A630A60DA7C110706D554491A6A0D680C
:105ED0002A405A630A60DA7CD70605D550495A6AC7
:105EE0000D682A409A630A6062B69A68904200F090
:105EF000E8804C4A986092694B49C2F30115C2F39D
:105F0000826251F825100132B1FBF2F1002875D000
:105F1000B1FBF0F24AB1B1FBF2F1884238BF013275
:105F2000B2F5817FC0F0DF80404ADA601B6800254F
:105F300003213F4E01201D61596229461A641E66E5
:105F4000186194F8C8000AF091F8D4F8C06033687A
:105F50005D66DA6D12F4F81FFBD05A6F0021D2B2E1
:105F60005966D96D11F4F81FFBD0586F0021C7B2E4
:105F70005966D96D11F4F81FFBD05D6F0021EDB2A9
:105F80005966D96D11F4F81FFBD000025B6FA57044
:105F900000F4FE402270E37050EA0205677049D1B8
:105FA00094F8BC30002B3FF4F4AE2046FFF7D8FA4B
:105FB0002846BDE8F087FF2718469047C0B240E763
:105FC0001846904729E718469047D4F8B0300102A8
:105FD0001A685FFA80FA0DB252690FE718469047C7
:105FE000D4F8B0305FFA80F81A680FFA88F952696D
:105FF000EDE62379012B03D0BDE8F0870A4689E757
:1060000084F8CC301846BDE8F08700BF415D000041
:1060100080E100E084E100E088E100E08CE100E064
:1060200090E100E000C00F4024070020FF7F7F00C8
:10603000070000C02A1F91B2A1B1251D0020FF2733
:1060400032685766D36D13F4F81FFBD07F28536F67
:1060500000F1010005F1010598BF05F8013C83B28C
:106060009942EDD8012194F8C80009F0FFFFD4F857
:10607000C020D37CE3B1DE0703D5214B916A1960C0
:10608000D37C9D0703D51F4BD16A1960D37C580779
:1060900003D51D4B116B1960D37C190703D51B4B1E
:1060A000516B1960D37CDB0602D5926B184B1A60DA
:1060B00094F8BC30002B3FF4D5AE2046FFF784FAAD
:1060C000D0E6DA6832E74FF0FF09C8467FE66FF0A6
:1060D000FF054FF0FF0AB2427FF46DAFFF20074685
:1060E000AFE6FF20ADE6022A08D9023A50080104C3
:1060F00042EA002201F47F010A4316E7002214E776
:1061000000E100E004E100E008E100E00CE100E073
:1061100010E100E010B5044690F8CA00FF2803D053
:1061200009F0AAFF01280AD02046FFF721FE30B16E
:10613000A378032B05D0022B0BD0052B04D0002015
:1061400010BD2379FB2BFAD12046BDE81040FFF7A4
:106150003FBB2379F12BF2D1A379072B01D0F1209A
:1061600010BD637A84F81031F9E700BF08B5FFF776
:10617000D1FF003018BF012008BD00BF2DE9F84352
:1061800002F10408D0F8B030154606460F465FFA13
:1061900088F8002B5DD090F8B42001204146824061
:1061A00083F8300183F82F0183F8A520D6F8B000DA
:1061B00003681B689847D6F8B000002103681B6885
:1061C0009847D6F8B0003946374403681B689847AB
:1061D000D6F8B00097F8841003684A1C1B6887F84B
:1061E000842098476DB1013DF41CEDB2043535446F
:1061F000D6F8B00014F8011F03681B689847AC423A
:10620000F6D10121D6F8B00009F0ACFA0546E0B1AC
:1062100096F8BC301BB900242046BDE8F883D6F8B8
:10622000B8002B227A49002403685B689847D6F8A7
:10623000B860294623460A2230460BF0D3FF304689
:106240000BF0B8FF2046BDE8F88301242046BDE8E6
:10625000F883FFF7ADFC04460028DCD0D6F8C03048
:10626000D6F8C490DA7C002A2ED072B6DA7CD00739
:1062700006D5684958690A6802409A620A60DA7C61
:10628000910706D5644998690A680240DA620A6093
:10629000DA7C500706D56149D8690A6802401A635A
:1062A0000A60DA7C110706D55D49186A0A6802405F
:1062B0005A630A60DA7CD20605D55A49586A0A68D8
:1062C00002409A630A6062B69A68914500F0918034
:1062D000554AC3F808909269DFF868E1C2F3826119
:1062E000C2F3011C01315EF82C20B2FBF1F1B9F1CF
:1062F000000F7CD0B1FBF9F242B1B1FBF2F189455C
:1063000038BF0132B2F5817F75D3484ADA601B6825
:1063100000214FF0030CDFF830E101201961C3F8D0
:1063200024C01A64C3F860E0186196F8C80009F048
:106330009DFED6F8C0100B68C3F86480DA6D12F4C5
:10634000F81FFBD00022586F5A66DA6D12F4F81F5E
:10635000FBD05A6F5F66DA6D12F4F81FFBD037443A
:106360005B6F97F884305A1C87F8842009684B6665
:10637000CB6D13F4F81FFBD04B6F75B1681EF21C88
:10638000C0B20430304412F8013F4B66CB6D13F4B9
:10639000F81FFBD090424B6FF5D1012196F8C80051
:1063A00009F064FED6F8C030DA7C002A3FF44DAF25
:1063B000D60703D51E4A996A1160DA7C950703D582
:1063C0001C4AD96A1160DA7C500703D51A4A196B46
:1063D0001160DA7C110703D5184A596B1160DA7C19
:1063E000D2067FF532AF9A6B154B1A6014E70A4656
:1063F00082E7DA688BE7022A01D8002286E7023AB0
:106400005008010442EA002201F47F010A437DE7BB
:106410001813002080E100E084E100E088E100E062
:106420008CE100E090E100E000C00F40FF7F7F00C2
:1064300000E100E004E100E008E100E00CE100E040
:1064400010E100E024070020070000C0F0B54FF481
:106450007A7541711F0A4FF0FD0E05FB02F21E0C0A
:1064600000254374111242721B0E80F804E0817201
:106470001114120E8774C172022102731122C674A4
:1064800003758571C571057245738573C573057490
:10649000BDE8F040FFF772BE0A4600230821FFF76F
:1064A000D5BF00BF012210B5114602710446FFF7A7
:1064B00065FE322009F040FD2046FFF759FC002818
:1064C000FAD1322009F038FD2046FFF751FC0028B0
:1064D000FAD110BDFF2B2DE9F041044680F8B4102D
:1064E000C0F8B02080F8CA3003D01846022109F065
:1064F000C9FD20460025FFF7D5FFF923022265716B
:10650000237120461146FFF739FE2046FFF730FC85
:1065100018B12379F82B02D02846BDE8F08194F811
:10652000BC60002EF9D0D4F8B800142228490368C2
:106530005B6898472B46A1791022D4F8B8000BF07D
:1065400051FED4F8B8001522224903685B689847C9
:106550002B46E1791022D4F8B8000BF043FED4F8B2
:10656000B800A768132203681B495B6898472B464D
:1065700039461022D4F8B8000BF034FED4F8B80035
:10658000E7681422036815495B6898472B4639462B
:106590001022D4F8B8000BF025FED4F8B800237C04
:1065A00015220168677CD1F804800D4943EA07276A
:1065B000C047D4F8B84039462B46102220460BF08D
:1065C00011FE20460BF0F6FD3046BDE8F08100BF1D
:1065D000441300205C130020741300208813002053
:1065E000A013002070B5094D04460E46284609F058
:1065F0000DF8284614F008FE4FF480650022802331
:10660000267020466580A280A37170BD6053002073
:1066100041807047818070478171704770B5012556
:1066200003780F4C0646AB400021204684F83051D9
:1066300084F8A53084F82F5108F0B2FF294620468F
:1066400009F090F82B4631782046022209F0FAF83A
:1066500094F8A30094F8A230C01A18BF012070BDAE
:106660006053002070B501250378194C0646AB40F5
:106670000021204684F8305184F8A53084F82F5149
:1066800008F08EFF2946204609F06CF83178022286
:106690002B46204609F0D6F894F8A22094F8A310CF
:1066A0008A4211D25319A018DBB290F91A0099420C
:1066B00084F8A2304FEA002006D9234402329B7EA0
:1066C00084F8A220184370BD4FF0FF3070BD00BFAA
:1066D00060530020F8B58188054642880126AF79CD
:1066E00048F203130A432D780E4C31463A43B54025
:1066F000204684F83061134384F8A55084F82F6154
:106700009DB208F04DFF2046290A08F049FF2046B7
:10671000E9B208F045FF31462046BDE8F84009F0EF
:1067200021B800BF6053002088B181B10288012ADE
:1067300030B410D01030002203E030F8104B012CA0
:106740000AD0013205469142F7D130BC70474FF074
:10675000FF329A60704705462A7A01211A746A7AD4
:106760005A74AA7A9A74EA7A9960DA7430BC7047DB
:106770004B684360704700BFF0B589B00D460446D2
:10678000084601A9164603F0B7F9013004D0019B71
:106790000120736009B0F0BD002301221B494FF4B2
:1067A0005450A36005930293039304930793ADF8A9
:1067B0000420ADF814200691ADF8060004F03EFE6A
:1067C00004F0B4FF27796179A279E379029001A8F6
:1067D000049507948DF80C708DF80D108DF80E202F
:1067E0008DF80F3001F0C0FF0028D3D0A368002B34
:1067F000FCD0A368013302D0A068012802D0002099
:1068000009B0F0BD2369736009B0F0BD296F0000C5
:1068100000207047704700BF014B1868704700BFE9
:10682000B423012010B504460BF05AFC204610BDDD
:106830000029194B14BF0121002130B5197083B014
:1068400013D01546044604F0F9FD04F009FE0023B8
:106850008DF804308DF805308DF806308DF807304E
:10686000019B834208D003B030BD01F013FF03B099
:10687000BDE8304001F002BF084B18461C6001F033
:106880008FFE0028EFD0204601F004FF296803B0F6
:10689000BDE8304001F02CBFEB2301200817012098
:1068A000704700BF704700BF2DE9F04F844F93B091
:1068B000894604920390D7F8008004F0BFFD04F0ED
:1068C00013FD002840F0CD807E4B1B681BB94FF4B0
:1068D00080337C4A13607C4B1B68002B00F0E980FE
:1068E000DFF81CA2DAF800301BB94FF40063CAF8D5
:1068F0000030DFF810B29BF80000002800F0D080D4
:106900008000724E0BF0C2FF9BF8003030609800A0
:106910000BF0BCFF9BF800306D497060580001918E
:106920000BF0B4FF9BF80030B06058000BF0AEFFE6
:106930009BF80030F06098000BF0A8FF9BF8003047
:10694000306198000BF0A2FF624A9BF800301060A3
:1069500058000BF09BFF9BF80030706158000BF063
:1069600095FF5D4A9BF80030106098000BF08EFF99
:106970005A4B18609BF800000BF088FF01999BF8B8
:10698000003008607BB30024CDF81480234625B284
:10699000D6F80080DAF80000029301910BF076FF40
:1069A00048F82500D6F80480DAF800000BF06EFFF6
:1069B00048F825000420D6F810800BF067FF454BFF
:1069C00048F8250004F1010E1A680199029B42F86B
:1069D00025300A6813555FFA8EF49BF80020A24216
:1069E000D5D8DDF81480384B0AA81A68354B0A92BE
:1069F0001B683B4A0B933B4B0C920D9305F0EAFF4F
:106A000001303AD003990622374804F00FFE0130D6
:106A100033D004F013FD80B304F010FD334A344941
:106A20001368079013F0010F0891324B03D1012135
:106A300004981160186007A8099302F0D7F845F68A
:106A4000BF522D492D480BF0EBFA04F0F7FC01F092
:106A500021FE01F01BFEB0B93B68C8EB03034B45B8
:106A60000BD204F0EBFC01F015FE01F00FFE50B963
:106A70003B68C8EB03034B45F3D3002013B0BDE8DC
:106A8000F08F0A9B8BB904F0D9FC01F003FE0AA930
:106A900001F01AFE3B68C8EB03039945F1D8ECE717
:106AA000082320208BF800302BE7012013B0BDE82D
:106AB000F08F044B18680BF0E9FE034B18600FE7EA
:106AC000B4230120B8160120B416012000002020B4
:106AD000CC160120AC160120C4160120C8160120D6
:106AE0000C0700201C070020045C00202016012059
:106AF0003170000018170120C1D200004C56002050
:106B0000B0160120EA230120064B1B7803F0FF009A
:106B10002BB1A0F10100B0FA80F0400970470220CB
:106B2000704700BFEB2301200320704710B50446D7
:106B300004F084FC04F094FC024B60602046236067
:106B400010BD00BF0807002038B50D4604F076FCE4
:106B500004466D6804F072FC04F08CFC0246294681
:106B60002046BDE8384004F041BC00BF30B4054BBE
:106B70000024054D5C601D60044A0549054830BC91
:106B80000DF0FEBBBC160120080700207851002044
:106B9000257000004C56002003689B6B184700BF0F
:106BA0004969024A41600260704700BF080700203F
:106BB000008B7047C0897047808B80B2704700BFE0
:106BC00010B582B00468012202AB03F8011D19461A
:106BD0006368984702B010BD704700BF38B5064DD6
:106BE000837F2A789A4205D90446184600F08EF928
:106BF0002B78A37738BD00BFEA230120104B1A7809
:106C000070B504460E460F4D82B100212A781970E6
:106C100082773146022000F09DF92B78A0778342DD
:106C20000BD90023E6810120A38370BD807F2B78E0
:106C30008342EED900F06AF9EBE7002070BD00BF97
:106C4000FA5E0020EA230120F0B500238BB0154C3A
:106C50000D46174606930993064602930594089439
:106C6000019404F0EBFB04F00FFC03A9049005A8C9
:106C70000394FFF77DFD294605A841F2883301AA58
:106C8000FFF77AFD012801D00BB0F0BD33683A461A
:106C9000029D03A99B6A30460394049598470BB064
:106CA000F0BD00BF0807002008B50023043143836E
:106CB000807F00F0FFFA08BD08B50021807F00F05A
:106CC00035FB08BD08B5807F00F030FB08BD00BF74
:106CD00010B5044693B2807F0A46618B00F0B6FA85
:106CE000638B0344638310BD838B9BB213B94FF056
:106CF000FF30704710B582B004460122807F0DF14D
:106D0000070100F035FA002807DDA38B9DF8070086
:106D1000013B9BB2A38302B010BD4FF0FF30FAE7F6
:106D2000838B9BB2CBB1838B9BB2934210B504464D
:106D30000CD912B2807F00F01BFA0246002A0FDD48
:106D4000A38B10469B1A9BB2A38310BD828B807FBE
:106D500012B200F00DFA0246F0E74FF0FF30704734
:106D60004FF0FF3010BD00BF074A08B5837F12788F
:106D70009A4202D9828B92B212B94FF0FF3008BD0D
:106D8000184600F055FA08BDEA230120F0B5114D70
:106D90000446807F83B02B780F461646834215D871
:106DA0000D4B32467F68694682208DE8880000F0EE
:106DB0008DF92B78A077834205D900230120E68145
:106DC000A38303B0F0BD002003B0F0BD00F09EF837
:106DD000E6E700BFEA23012008070020F0B50446DB
:106DE00087B0807F00F00AFAA08308B907B0F0BD31
:106DF0001B4B0C271B4906ADA27F0DEB070618683D
:106E000000230968DFF864E051F8221050F82200EE
:106E1000DEF8002045F8107D0096019505F0F0F9A8
:106E2000114A0023A17F126822F81130421C13D0AE
:106E30009842DBDDBDF80E309DF814605BBA9DF81A
:106E400015509DF816109DF817202383267565753B
:106E5000A175E27507B0F0BD184607B0F0BD00BFE0
:106E6000AC1601200400202014002020B0160120C0
:106E7000224B1A6852F82030C3B152F82000204942
:106E800010B584B0012403AA0DF10B030394009202
:106E9000072205F0B3FA01301CD09DF80B30042B0B
:106EA00015D8DFE803F005080B0E110018467047EF
:106EB000002004B010BD1C2004B010BD132004B08D
:106EC00010BD172004B010BD142004B010BD012067
:106ED00004B010BD02F016FA04460A2109480AF06F
:106EE00009FC0AF03BFC214607480BF0BBF90648B9
:106EF0000BF060F90AF032FCCFE700BFAC160120BE
:106F000017E50300DC130020AC51002070B50E4DD6
:106F100004462B681A5C034452B986000B4D0024CA
:106F20002A681C70905905F0CBF82B689C5170BDF5
:106F3000074A03B212689E0052F8230001F080FE57
:106F40002B682344EAE700BFCC160120AC160120D1
:106F5000C81601202DE9F047564F88B097F80090E9
:106F6000B9F1000F00F08580DFF85C810E46054620
:106F7000D8F800301C68F4B10433002402E053F860
:106F8000042BC2B10134E4B2A145F8D14FF0000A9C
:106F9000534601E0994517D918461C46FFF768FF8C
:106FA00000F0FB000AF1010A18285FFA8AF3F1D118
:106FB0002046FFF7ABFF404B0121022D1B680391D8
:106FC000029352D0212D03D0387808B0BDE8F08765
:106FD00000220846D8F800A00FFA84F905F018FB43
:106FE0004AF829004FEA8909D8F80030DFF8D8803C
:106FF00053F80930002BE7D00C22002105A876BAFF
:1070000005F02AFED8F800304FF0000E05A953F81D
:10701000090001230C22ADF81660ADF81430CDF84C
:107020001CE005F059FB0130D8F8003023D00426CD
:1070300053F80900062202AB2049009605F056F9E4
:10704000D8F8001002AB052251F809001B49009640
:1070500005F04CF9212D13D0194B002220461B6856
:1070600023F8142008B0BDE8F0870846002229461E
:10707000B0E74846A9E753F8090005F021F8A3E76F
:10708000D8F8005003AB0F49102255F80950086892
:10709000062100960490284605F028F9D8F800103B
:1070A00004AB032251F809000449009605F01EF9CB
:1070B000D2E700BFEA230120B016012017E5030044
:1070C000C416012004040020AC1601202DE9F0476D
:1070D000022086B089461146FFF73CFF224B054649
:1070E0001B7883423BD099F80540002699F804208C
:1070F0000FFA80F8240499F8073099F806C04FF089
:10710000080E04EB0264194F31460DF118091C44B6
:107110003A6804AB4FF0040A04EB0C2452F8280040
:107120001922CDF800E024BA0596049405F0DEF8A3
:107130003868FF233146182250F8280049F80C3DE2
:107140004B46CDF800A005F0D1F83A684B463146E1
:1071500052F828001722CDF800A005F0C7F82846FD
:1071600006B0BDE8F08700BFEA230120AC1601207D
:107170002DE9F0411E4E45001E4B37681B6837F85D
:1071800010E02F449E452FD080460EEB020014469F
:10719000834212DD69B1184B08461B6853F828106A
:1071A000714405F0D7FC376837F818E02F440EEB30
:1071B000040038802046BDE8F081CEEB0304A4B281
:1071C00061B10D4B084622461B6853F828107144E4
:1071D00005F0C0FC33685F1933F818E004EB0E01CA
:1071E00020463980BDE8F0814FF0FF34E2E700BF70
:1071F00014002020B01601200400202010B50949F9
:107200000246094C022309682068084C51F82210F4
:1072100050F82200226805F05FF8431C14BF80B2CA
:10722000002010BD04002020AC160120B016012063
:10723000044A054B12681B6852F8202033F81030BE
:10724000D05C7047040020201400202070B51D463B
:107250000B440E4604B2B3F5006F144B10DA1B68F2
:1072600011462A4653F82400304405F073FC104BB5
:1072700028461A6832F814301D4422F8145070BDA4
:107280001B68C1F50065114653F824002A463044B6
:1072900005F060FC064BA8B21A6832F814309E1B49
:1072A00006F5006622F8146070BD00BF00002020C3
:1072B00008002020F0B40C780CB94B7823B3002AD6
:1072C0002AD0174D03B2174C00270120266854BA64
:1072D0002A6826F8137052F823600F78124A377024
:1072E0002E684F7856F8236077702E688F7856F89E
:1072F0002360B7702E68CD7856F82310CD701268D1
:1073000022F81340F0BC70478B78002BD7D1CB7894
:10731000002BD4D11846F5E71046F0BC704700BFEB
:1073200010002020080020200C002020F0B51B4A6F
:1073300087B01B4C012312680C262468ADF80C3072
:107340000B4654F820700DEB060532F81020DFF8DC
:107350005CC0ADF80E2079783C780904FA7897F88B
:1073600002E001EB04640F4F0F4914443F68DCF85E
:10737000002004EB0E2457F82070096824BA32F874
:10738000102051F82010384605948DE8600004F074
:10739000C5FE013018BF012007B0F0BD0C00202051
:1073A00010002020AC160120000020200800202022
:1073B00040BA80B2704700BF00BA704700207047E3
:1073C0002DE9F041514D0446514BEA6E514E19469C
:1073D00042F440625048EA66C3F8E860C3F8E4004B
:1073E000D1F8E0304A4A002BFADA4C4D4FF48033A2
:1073F0004B490527C2F8E83043F2E9066A684FF4C2
:10740000004C484B4FF4804E1140474803224FF048
:10741000160841F4003169604BF2E905C3F8747154
:10742000C3F878713127416841F440414160C0F8A8
:1074300084C04FF0020CC0F888E00120C3F87C63E0
:107440004FF0000EC3F88463C3F88053C3F8986309
:10745000C3F88853C3F88C53C3F89053C3F894739C
:1074600007F16047C3F89021C3F88C2107F6D37762
:10747000C3F8A481C3F8A8213D46C3F89421C3F8FA
:10748000A021C3F89821C3F89C2102F18642274924
:10749000274E02F5DE12C3F8B8E102F5F452C3F844
:1074A000B4E1C1F830C048638863C8630864C86247
:1074B00038683368A2FB0332920C52002B681D49D6
:1074C0001B1A9A42FAD8184812221B4B4FF48045D7
:1074D000C0F8845008465A64184A09683368A2FB09
:1074E0000332920C02EB820203685B1A9A42FBD8C9
:1074F0004FF420721821204602F070F820468122B5
:10750000172102F06BF80020BDE8F08100C00F40A9
:1075100000800D400F1001000120210000C00A4032
:10752000FFDF7DFF00801F400040004200841F40BD
:1075300088510020041000E000802D4083DE1B43B2
:10754000014B187803F02CB904ED00E0102832D973
:107550001A4B1B4A9B68F0B453F82040944218BF62
:1075600043F82020A0F110025309042B20D89E00DC
:10757000144D012402F01F0235440F2904FA02F2CF
:10758000104FD5F8806128BF0F210F4C1643C1F171
:107590000F0104440020C5F88061090157F8235009
:1075A000C9B22A4347F8232084F80013F0BC70477F
:1075B0000020F0BC70474FF0FF30704700ED00E056
:1075C000417D000000E100E0F0E000E0E0B103698F
:1075D0001B78012B18D1C3681A68AAB1A1B113682E
:1075E0000020D3F8E43030B4CB701D0E1C0C1B0A05
:1075F0000D704C708B701368D3F8E8301A0E1B0CAA
:107600000A714B7130BC70474FF0FF30704700BFBC
:1076100070B103691B78012B0AD1C36800201B6875
:107620001B68D3F80422D3F8843281E80C00704739
:107630004FF0FF30704700BFC3681A68136859687D
:10764000890103D44FF0FF325A6070474FF0007148
:10765000D1605960704700BFF0B4C6684FF40007AE
:107660008904154D30684FF4803301F4F801446803
:107670006760A768A06820F40000A060307AC005A9
:1076800000F0786005432943216401E0013B0BD001
:1076900061680902FAD54FF4000300206360A76017
:1076A000236CF0BC138070474FF400034FF0FF30A1
:1076B0006360A760F0BC704700000260F0B4C76868
:1076C0004FF400008904154D3C684FF4803301F4F9
:1076D000F80164686060A668A06820F40000A060FB
:1076E000387AC00500F078600243154329432164CD
:1076F00001E0013B09D062681202FAD54FF40003A1
:1077000000206360A660F0BC70474FF400034FF0A8
:10771000FF306360A660F0BC704700BF00000250FD
:10772000002835D0F8B503691B78012B2DD1C3682B
:107730001F6857B349B30C46054606221649204632
:1077400005F09AFA08B306221449204605F094FA87
:10775000D8B1237813F0010617D161781B06E278BF
:10776000284643EA0143A5783968134343EA0523D1
:10777000C1F8E430637922791B0443EA0263C1F85B
:10778000E83001F06BFE3046F8BD4FF0FF30F8BD39
:107790004FF0FF30704700BFD80B0020D00B002007
:1077A00038B5C36800224FF0FF35044619680B68EE
:1077B00088685A645A629A605D6003F057F8204600
:1077C000BDE8384001F03EBEC3689A692DE9F04F2C
:1077D000074683B01E6822B1904710B103B0BDE8E0
:1077E000F08F326801235362536A13F00104FBD116
:1077F000306B4FF0FF314FF00C09946000F13F08FF
:1078000000F18E03ED30516028F03F0823F03F0374
:1078100020F03F002546C6F81480A246C6F8248012
:10782000B3613362A8F80090A8F80240FFF7C4FDE6
:10783000336BD6F814B0C8F8040003F22A709BF832
:1078400008306FF07F088BF8089020F03F009BF81D
:10785000093040F23D698BF809409BF80A308BF8FB
:107860000A409BF80B308BF80B40FFF7A5FD022375
:10787000CBF80C003377306BB36909FB050003EBE1
:10788000C50413F8352000F6675003F8358001353C
:10789000637820F03F0084F801A0A37884F802A068
:1078A000E37884F803A0FFF787FD042D6060E2D140
:1078B00071692B4675770A89D6F818E042F02002E4
:1078C000B0680A81BEF818402D4A44F020042D49C2
:1078D000AEF81840009702F089FF00287FF47EAFD1
:1078E000B46940F2FE5E7169182233684FF04708B0
:1078F0004FF4807CC3F82001C3F82401C3F81801B9
:10790000C3F81C01C3F888E14FF06E0EC3F8804144
:107910000F24C3F884111C49C3F884104FF0007180
:10792000C3F8C450C3F8C0210222C3F8C481C3F80D
:1079300044C1C3F8900138463C627468C4F844E01E
:1079400099605A6201F07EFE00287FF447AF3368E9
:107950004FF000424FF08071C3F8E400C3F8E80034
:107960005A66C3F80402C3F884025A6E22F0004239
:107970005A66B062F062196103B0BDE8F08F00BFD3
:1079800029820000397E00000401FE05F8B5C368B5
:107990001C68236A1A8815062FD405464FF0807696
:1079A0001A8811072AD4236A21681A88083302F03A
:1079B000200223F8082C33F8082C42F0800223F828
:1079C000082C33F8082C920648BFA36923620E6185
:1079D0001A881707E9D51A8802F020021A801A8837
:1079E00042F080021A801A8890064CBFA3690833BF
:1079F00023620E611A881206D2D5F8BD1A8812F4D5
:107A00007C5F02D0236A2168E5E75868FFF7D4FC61
:107A1000236A07465888FFF7CBFC394602462846BA
:107A200001F07CFCEEE700BF38B5C36805461C6872
:107A300002F04AFFE3689A0105D523F00073284657
:107A4000E360FFF7A3FFBDE8384002F045BF00BF89
:107A5000F8B50D46002933D04B690D2B30D9C368DA
:107A60001E68736A1C8804F08004A4B2002CF9D14B
:107A70005868FFF7A1FC2146034607464FF0FF3246
:107A8000284603F0AFF8AB6999061ED5686980B245
:107A9000746AFFF78DFC736A60801A8842F0800276
:107AA0001A80BFF35F8F1A88920632684CBF7369E1
:107AB000083373625369002BFCD14FF0807353611C
:107AC0002846BDE8F84003F0E1B9BB896869082B96
:107AD00019D02728DBD94DF686529342D7D1397D6C
:107AE00028230029D3D003F10E0206293A441ED0E0
:107AF000112915D00129CAD104339842C7D30023D4
:107B00009370D370C3E71328C1D9BB8A23F0400315
:107B1000002BBCD1BB7BF97D9B0003F03C03E0E76D
:107B200008339842B3D300239371D371AFE7143372
:107B30009842ACD3002313745374A8E7C2684FF083
:107B4000FF33F0B4CE181768053116F8014F08203E
:107B500006E01E4B01384FEA540483EA05030AD0BD
:107B600084EA03025D08D207F3D401384FEA5303D5
:107B70004FEA5404F4D18E42E7D19B0E012203F068
:107B80001F011F2B3B6802FA01F208D8D3F8241119
:107B90000A420FD0BB6A1A43BA62F0BC7047D3F8EE
:107BA00020110A420DD1D3F820110A43F0BCC3F8CA
:107BB00020217047D3F824110A43F0BCC3F82421D4
:107BC0007047FB6A1A43FA62F0BC70472083B8ED35
:107BD000C2684FF0FF33F0B4CE181768053116F8BD
:107BE000014F082006E0184B01384FEA540483EA9D
:107BF00005030AD084EA03025D08D207F3D40138F2
:107C00004FEA53034FEA5404F4D18E42E7D19B0E5E
:107C10000122386803F01F011F2B02FA01F209D973
:107C2000F96AD0F8203161EA02021340F0BCC0F8D2
:107C300020317047B96AD0F8243161EA020213405A
:107C4000F0BCC0F8243170472083B8EDF8B50F4C74
:107C500001270F4804F1900604F048FF02E00C34BD
:107C6000B4420ED02368002BF9D02579002DF6D12F
:107C700027710C3454F8040C984704F8085CB4429B
:107C8000F0D10348BDE8F84004F03CBF681E012075
:107C9000FC1E0120F8B5C8B106460F4604F03EFFB1
:107CA00000220B4D1346AC580C3209493CB101334C
:107CB0000C2BF8D1002404F03FFF2046F8BD03EB65
:107CC00043039B00CC18CE50A760F4E70446F4E7CA
:107CD000681E012048B110B5044604F01FFF0023C0
:107CE0002360BDE8104004F027BF704708B5044882
:107CF000902104F0B9FF0348BDE8084004F0E8BE55
:107D0000681E0120FC1E0120014804F0EFBE00BFE8
:107D1000FC1E0120014804F0F5BE00BFFC1E01203E
:107D200038B5DC1C8C420BD81C46054602701A463E
:107D300002346B700499023004F00CFF281938BD2E
:107D4000002038BD70B590E84400531C9E4203D813
:107D50009AE0B24200F0D880147813460132002C29
:107D6000F7D0FF2C00F0D0805A7802321A44B24289
:107D700000F2CA8002601C785D78013C3A2CE4D89D
:107D80000FF2040E5EF824F0FB8600004B85000025
:107D9000ED8600004B8500004B850000DF8600006B
:107DA0004B8500004B8500004B8500004B85000093
:107DB0004B8500004B8500004B8500004B85000083
:107DC0004B8500004B8500004B8500004B85000073
:107DD0004B8500004B8500004B8500004B85000063
:107DE0004B8500004B8500004B8500004B85000053
:107DF0004B8500004B8500004B8500004B85000043
:107E00004B8500004B8500004B8500004B85000032
:107E10004B8500004B8500004B8500004B85000022
:107E20004B8500004B8500004B8500004B85000012
:107E30004B8500004B8500004B8500004B85000002
:107E40004B8500004B8500004B8500004B850000F2
:107E5000D1860000B9860000A78600009986000040
:107E60004B8500004B8500004B8500008B86000091
:107E700075860000042D7FF468AFD3F802308B6163
:107E8000531C9E423FF668AF70BD042D7FF45DAF7A
:107E9000D3F802304B6158E7042D7FF456AFD3F886
:107EA0000230CB6051E7012D7FF44FAF9B7881F812
:107EB000203090E8440048E7012D7FF446AF9B78DE
:107EC000032B3FF642AF81F8213090E844003CE7B5
:107ED000042D7FF43AAFD3F80230CB6135E7032DA0
:107EE0007FF633AFD3F802300B612EE7032D7FF618
:107EF0002CAFD3F802308B6027E7042D7FF425AF39
:107F0000D3F802304B6020E770BD00BF2DE9F0418F
:107F10000C2586B000F13406044606AB0DEB0502D5
:107F200000680F4643F8105D31460193002300922C
:107F30004FF40A7204F064F9054607F01FF8A369CC
:107F40006269C01A904250D2EF2D03DD94F83430AC
:107F5000022B04D00025284606B0BDE8F081D4F8F5
:107F60003880A06AFFF728FA8045F3D194F83620CC
:107F7000062AEFD104F1200104F1500004F07CFE48
:107F80000028E7D104221A4904F5907004F074FE29
:107F90000028DFD12421384604F066FE6B1E616C98
:107FA00004F592721E4404F12C08396039462663A8
:107FB0004046E262FFF7C6FE97F82130002BCAD098
:107FC0009A07394640464CBF04F1600304F1A00310
:107FD000E36297F82130DB074CBF04F21F1304F172
:107FE0009F032363FFF7AEFEB5E74FF0FF35B2E71F
:107FF000CC0B00202DE9F04F00F13407044689B086
:108000004FF40A7100F12008384604F02DFE0625D1
:108010000123A06A84F8365084F8343084F835306F
:10802000FFF7CAF980232A46A063E387414604F19B
:10803000500004F5927504F08DFD04F59070042253
:10804000704904F087FD2379092B00F28A80DFE86C
:1080500003F08B88969EB888C3CE880504F5187205
:1080600004F5177628460423711B00923222FFF78D
:1080700057FE0546002874D003234FF0FF398DF8D2
:1080800009300DF10900711B0123352200902846AB
:10809000FFF746FE0546002863D09DF8093003F03F
:1080A000FD03012B1CD106F069FFD4F86432A061F6
:1080B0005BB104F51970711B04233322009028462C
:1080C000FFF72EFE054600284BD04F48711B0623B4
:1080D000372200902846FFF723FE0546002840D0AF
:1080E0004FF40A70FFF764F90DF1200E711B0223A3
:1080F0002EF8160D39222846CDF800E0FFF710FEC5
:10810000054670B30DF1200B4FF0010A41460622DF
:108110000DF10D000BF814AD04F01CFD711B284689
:10812000CDF800B007233D22FFF7FAFD0546C0B1A8
:10813000FF2305AE0C210370304604F095FD0C239F
:10814000EA1B20684FF48644019300965244394656
:108150000023ADF814A0CDF81C90ADF8164003F044
:10816000DDFF09B0BDE8F08FD4F86C220723D4F806
:10817000789204F5177622648DF8093081E701239F
:1081800004F517764FF0FF398DF8093079E704F5DB
:10819000247204F51776284604230092711B3222BC
:1081A000FFF7BEFD0028DCD004F52775311A042343
:1081B00036220095FFF7B4FD054600287FF45CAF3A
:1081C000CFE7D4F86C22042304F517764FF0FF397B
:1081D00022648DF8093054E7D4F86C220323D4F8D4
:1081E000789204F5177622648DF8093049E7032266
:1081F000D4F86C3204F517764FF0FF398DF809206A
:1082000023643EE7CC0B0020605C002010B50446E0
:108210000171092906D8DFE801F01328383D4A57D3
:108220006778280610BDFFF7E5FE0120A1694FF42D
:10823000FA524FF47A6320732161A260636110BD2A
:10824000D0F86C32002B66D1D4F8B40203F026F9D2
:10825000022863D000232068637103F031FFD4F853
:10826000B802BDE81040FFF735BDD0F8B40203F006
:1082700015F9012805D00022D4F8B402114603F004
:10828000B5F8A36A0133A36210BDFFF7B3FEE3693B
:10829000636110BDFFF7AEFE0120A1694FF47A6261
:1082A0004FF47A53207321616261A36010BDD0F84E
:1082B0006C12D0F8B40200F01FFF06F05FFE4FF41E
:1082C0007A73A061A36010BD83690622D0F8800292
:1082D0002361431C227316D0FFF76EF84FF47A73B4
:1082E00003FB00F0A06010BDFFF784FE0723D4F865
:1082F00084022373FFF760F84FF47A734EF660221E
:1083000003FB00F06261A06010BDFFF773FE012364
:10831000D4F88802EDE7FFF76DFE95E70022D4F868
:10832000B402114603F062F894E700BF10B50446AA
:10833000D0F87022D0F86C12D0F8B40203F056F8DE
:10834000D4F87412D4F8B40203F060F8D4F87C12B4
:10835000D4F8B40203F066F8D4F8B402022103F0B2
:10836000A9F820460521FFF751FFD4F8BC323BB1F4
:10837000D4F8C8222046D4F8B412BDE810401847FB
:1083800010BD00BF10B50446FFF7BEFC002120461B
:10839000FFF73CFFBDE81040FFF7BCBC0279531E5D
:1083A000F0B504468DB0082B3ED8DFE803F04E56FA
:1083B000056F8805053F0500063A012A40F2B280A4
:1083C00006F0DCFD2369A268C01A904280F09E800E
:1083D000204603A9FFF79AFD421C00F0AA8000285E
:1083E00022DD9DF82C30052B40F09580039BDBB1FE
:1083F000069BCBB10A9DBDB1A36923616B1C40F004
:108400009C800895099503AD04F51B7694F8687275
:108410000FCD0FC60FCD2D680FC63560002F5AD077
:1084200020460421FFF7F2FE0DB0F0BD0921FFF751
:10843000EDFED4F8C032002BF6D0D4F8C42220468A
:10844000D4F8B41298470DB0F0BD0221FFF7DEFE5C
:10845000D4F8C032002BF0D1E6E703A9FFF756FDB0
:10846000411C5AD00028DFDD9DF82C30022BDBD1D7
:1084700003AD04F524760FCD0FC60FCD2D680FC6C2
:10848000204635600321FFF7C1FECDE706F076FDFB
:10849000A369A268C01A90421DD20022D4F86C12BF
:1084A000D4F8B40200F0C2FC01280546BCD1204635
:1084B000FFF7A0FD29462046FFF7A8FEB4E7D0F855
:1084C000B40202F0EBFF50B96379012BACD1204626
:1084D000FFF758FFA8E72046FFF728FFA4E70C2383
:1084E0000CAA20680DEB030142F8283D00238DE81B
:1084F00006004FF40A7204F1340103F081FE06F025
:108500003DFD2369A268C01A90428DD9217B204687
:10851000FFF77CFE88E7062B86D120460121FFF776
:1085200075FE81E7D0F8B40202F0B8FF0028CBD086
:1085300046E72046FFF75EFD76E72846FEF73CFF5C
:10854000B3281FD84FF034430A93089BC3B1099B4B
:108550000A9813B185423FF456AFFEF72DFF40084D
:10856000FEF72AFF08900A98FEF726FF05460A98AC
:10857000FEF722FFA5EBD000FEF71EFF099042E7B1
:108580000A98EAE70A98FEF717FF034B9842DCD9EE
:10859000024B0A93D9E700BF9BC420000020C49B74
:1085A0002DE9F043054685B0FFF7AEFB002D5AD00C
:1085B0002E68002E57D0304603F0B8F881460028C8
:1085C00051D02C4C6779002F4DD10C214FF0010870
:1085D00001A804F049FB4FF488433A464046022183
:1085E0000397CDF80890ADF80480ADF8063004F09C
:1085F0000FF82060002836D001A90C2204F06CF896
:1086000070BB062204F12001304602F079FF38BB2E
:1086100021461948FFF73EFBC4F8B80200B34FF4F7
:108620007A63C4F8B462E3616B68C4F86032A86826
:10863000FEF7C2FED4F860222B7B002AC4F8640245
:10864000204684F868320CBF01210821FFF7DEFDC7
:1086500084F80580FFF75EFB204605B0BDE8F08397
:10866000206803F02DFDFFF755FB002005B0BDE8A5
:10867000F08300BF701B01209D8B000010B1437977
:10868000012B00D07047FFF77DBE00BF00B14079DD
:10869000704700BF38B590B10546FFF735FB094B71
:1086A0005A79012A04D00024FFF734FB204638BD54
:1086B000D3F8B40285420CBF1C460024F4E70446FC
:1086C000F4E700BF701B012089B180B138B50546C1
:1086D0000C46FFF719FB05F51B750FCD0FC495E888
:1086E0000F0084E80F00BDE83840FFF713BB704768
:1086F00018B119B94FF47A63C3617047C16170470B
:108700002DE9F843804608460D4604F0CFFA0646A8
:10871000404604F0CBFA2EB1731C984205D00020DD
:10872000BDE8F8830120BDE8F883013D002715F876
:10873000013F7C1C2E2B20460AD018F8040004F0C0
:10874000E3FA8146287804F0DFFA8145204608D113
:10875000A6422746EBD8301AB0FA80F04009BDE8AF
:10876000F8833846F7E700BF2DE9F04F4FF4007368
:1087700089B004460393FFF7C7FACCB16369BBB174
:108780004FF48071E06804F09DFA0138FE280FD89C
:108790000C22214605A804F0DDF905A804F0EEF846
:1087A000012800F09F80DFF8A89199F808302BB1DC
:1087B000FFF7B0FA002009B0BDE8F08F4FF41C714C
:1087C000484604F051FA6269A369C9F80C20C9F857
:1087D0001030228AE368A9F82C20C9F8183004F078
:1087E000C7FAA9F82800238A012B76D0022BDFD103
:1087F0004FF4E053A9F82A3000220221BDF81400FA
:1088000003F006FF524EC9F800000028D0D004251E
:108810000622504903AB009503F068FD306803ABB6
:10882000009505224B4903F061FDBDF816301BB9D8
:108830004FF45453ADF8163005A90C22D9F80000B6
:1088400003F07EFB0130424E72D0358D01224FF491
:108850008073E1680DF12008002406F13B003286A8
:10886000F58506F13A0B738648F8104DB6F82AA044
:1088700004F03CFA4246384906F13B0004F04CFA59
:1088800006E000208CF83A300EF1010404F044FABE
:10889000601C2F4D584405F13A0704F007FA06EB27
:1088A000040C0346424604EB000E2B490028E8D195
:1088B0002744012611342946A7F801A0FB703E7118
:1088C00026486C62FFF7E6F9686088B32E72FFF7FE
:1088D00021FA284609B0BDE8F08F4FF48073A9F85B
:1088E0002A3089E7069802F02BFF054628B30026B8
:1088F00003E002F0A7FC054620B3BDF8143028467B
:10890000771C0BB1DB0703D502F0BEFD0790D8B989
:10891000069B30463E46002BEBD005A804F02EF80F
:1089200000287FF445AF284602F000FF06903AE7A2
:10893000D9F8000003F0C4FB3AE702F07FFD0546DA
:108940000028D4D10025E8E70123ADF81430E4E78E
:10895000D418012017E50300344C0020F9910000E1
:108960002DE9F04F4FF0000A83B017468146884644
:108970001646554601933C7804F0C000C0281ED02E
:10898000A8BBB9F1000F30D0B8F1000F2DD0A04531
:108990002ED9621CC4EB080848463946934608F1B4
:1089A000FF3804F0D7F8D9445A461744BE4238BFBE
:1089B0003E46002CDFD1304603B0BDE8F08F05B94C
:1089C000023624027D780C9B04F47C5425449D429D
:1089D0000DD20AF1010A019BBAF1040F03EB05075E
:1089E000C9D95C5D04F0C000CAE7621CDDE7002065
:1089F00003B0BDE8F08F00BF037A022B2DE9F043EE
:108A00000446ADF5037D30D0032B16D0012B03D0E7
:108A10000DF5037DBDE8F0830023426A00F12E01CD
:108A2000006803F0E3FB636A984200F0A48003232C
:108A300023720DF5037DBDE8F083FFF765F920682B
:108A400003F03EFB6068FFF745F900232372FFF750
:108A500061F9216A00297AD10846E5682369A2698B
:108A6000A8470DF5037DBDE8F08300F12E06002335
:108A70004FF400720068314603F02EFC0C280546C6
:108A800068D9E28D238D9A42C2D1B4F93030002BDF
:108A9000BEDA608EFEF78CFC0128B9D10095334612
:108AA00004F13A0202A8FF21FFF75AFF0746002807
:108AB000AED0A16902A8FFF723FE0128A8D1043790
:108AC0004FF0000806EB050909E0B3F5A06F58D098
:108AD000388908F10108FEF76BFC0A300744A08EC4
:108AE000FEF766FC80455CD24F455AD23A46009567
:108AF0003346FF2102A8FFF733FF0746002850D076
:108B0000A16902A8FFF7FCFD0128E1D13B88628D35
:108B10009A42DAD17B88B3F5807FD9D1B2F5807FD4
:108B2000236A43D103F12302D7F80A101201A0529D
:108B30002244916004EB031201337968032BC2F8DD
:108B40003C122362C4D9002B7FF471AF60E704F5B7
:108B50000C7082E706F012FA6369C01AB0F57A7FEA
:108B60007FF656AFE3690133052BE3613FF65FAF54
:108B7000012323724CE706F001FA0223606123729D
:108B800046E77B88B3F5807FA2D13346009507F195
:108B90000A02FF2142A8FFF7E3FE0DF20913A361C9
:108BA00096E7236A002B7FF442AF31E7233302209C
:108BB000102207F10A011B01E052E018083003F00F
:108BC000C9FF236AB6E700BF10B50446006802F08B
:108BD00073FD237B834207D02073014623696269BA
:108BE0002068BDE81040184710BD00BFF8B5054625
:108BF000FFF78AF835B12B6823B16B6813B10E4CBF
:108C000026790EB10020F8BD1821204604F02CF87A
:108C10002F686A682146AB68084827602261636153
:108C2000FFF738F8A0600028ECD0012326732371E9
:108C3000FFF770F82046F8BD441E0120C9930000DC
:108C400068B110B50446FFF75FF8204612F0ECFA61
:108C5000204612F0E5FABDE81040FFF75BB8704718
:108C600002F05CBD70B50F4E00F1F005044602E065
:108C70001834AC4214D0A368002BF9D006F07EF96A
:108C8000E368C01AB042F3D9236918460BB102F069
:108C9000FDF820461834182103F0E6FFAC42EAD173
:108CA00070BD00BF804F12002DE9F047002316462B
:108CB00004460F468046024691681832B9424AD0AF
:108CC00001330A2BF8D1234600259A68183312B3D2
:108CD00001350A2DF9D10025A946AA4606E00AF178
:108CE000010A08F11808BAF10A0F14D006F046F983
:108CF000D8F80C30C01A4845F1D955460AF1010A96
:108D000006F03CF9D8F80C30BAF10A0F08F118084F
:108D1000C3EB0009EAD14FEA450909EB050804EB6A
:108D2000C808D8F8100030B102F0B0F80023C8F835
:108D30001030C8F814304D443146062204EBC50506
:108D40002846AF6003F006FF06F018F92B46E860EE
:108D50001846BDE8F08703EB43033146062204EBD7
:108D6000C304204603F0F6FE06F008F92346E0604F
:108D70001846BDE8F08700BF08B301B3F8B5074651
:108D80000E4601F1F0050C46B9652046183418214D
:108D900003F06AFFAC42F8D132460C490C4806F0A9
:108DA00025F9C6F8F00068B139460A4801F040FDDF
:108DB000B0FA80F3C6F8F4005B095842F8BD4FF0F2
:108DC000FF3070474FF0FF30F8BD00BF65940000E2
:108DD000E09304006194000010B5846D34B1D4F8C0
:108DE000F00006F023F90023C4F8F03010BD00BFF6
:108DF000806D0023024610B5946818328C4205D06D
:108E000001330A2BF8D10024204610BD03EB4303A5
:108E10000622054900EBC304204603F02DFF00287D
:108E2000F1D0204610BD00BFD80B002070B5D0B1E6
:108E3000846D94B104460E46154601F045FD314659
:108E40002046FFF7D5FF60B14DB101460622284606
:108E5000012403F07FFE01F03FFD204670BD012498
:108E6000F9E70446F7E70446204670BD2DE9F043D4
:108E700085B00B46019149691B2904D9DC68228819
:108E8000B2F5807F05D0184602F000F805B0BDE8C5
:108E9000F0832279062AF6D16288082AF3D1627912
:108EA000042AF0D11C290546D0F8589008D1062292
:108EB000284602A902F00CFB064638B1019BE2E706
:108EC000C1F11C0101A802F075F8F0E704F10807F0
:108ED000062202A9384603F0CFFE0028EED0062273
:108EE0003449384603F0C8FE0028E7D0D4F80E1005
:108EF000EB6AD4F8188099424DD0984515D0334686
:108F0000AA6D4FF0180E01E00A2BD7D00EFB0326F6
:108F10000133B0688142F7D106223946304603F06A
:108F200019FE06F02BF8F06005E03A46A86DFFF751
:108F3000BBFE064650B1336943B132464FF400617F
:108F4000284600F033FA002333617361E388B3F5F8
:108F5000807FB3D1EB6A9845B0D1022304F11206A9
:108F600000210622E3713046A171394603F0F2FD7B
:108F700002A93846062203F0EDFDD4F80E10EB6A84
:108F80003246A1612846C4F80E3040F60601019B26
:108F900000F00CFA7AE721B9AB6DD3F8F8309845B8
:108FA000D4D10123D9F8F40085F8543001F0BEFC87
:108FB000CCE700BFD00B0020002849D02DE9F043BA
:108FC000D0F8588083B0B8F1000F22D0054689460A
:108FD00001F07AFC01211C2001F0A8FD0646B0B189
:108FE000C4680023082104224FF0010E0627A17057
:108FF0002846627169463A462370E370A37184F88B
:1090000001E084F807E0277102F062FA20B101F074
:1090100063FC03B0BDE8F0833A460E4904F1120048
:1090200003F098FD3A46694604F1080003F092FD0A
:10903000EB6AC4F81890C4F80E300BB9C8F8F89071
:1090400033462846044A40F6060100F0AFF9DEE751
:10905000704700BFD80B0020D00B00202DE9F0474F
:10906000D0F8588007460D469146002401F02CFCAC
:1090700043469A681833AA4219D001340A2CF8D111
:109080001C4A2946B86DFFF70FFE0646006908B175
:1090900001F0FCFEC6F8109005F070FF29467061E3
:1090A0003846FFF789FFBDE8F04701F015BC04EB37
:1090B000440608EBC606336906F1100A9BB105F0B9
:1090C0005DFF7369C01AB0F57A7FDAF8000008D83E
:1090D00048B101F0DBFEC6F81090BDE8F04701F0A2
:1090E000FBBB0028D4D1182303FB0484C4F81090E0
:1090F000D2E700BFD80B002038B504460D4603F078
:109100000DFD29462046FFF757FFBDE8384003F024
:1091100013BD00BF70B5846D002501F0D5FB04F1CF
:10912000F006236918461BB101F0B0FE25616561A8
:109130001834B442F5D1BDE8704001F0CDBB00BF9A
:10914000B1F1200C2DE9F04F3ED402F12003E646A8
:1091500033F8204CBEF1200E33F81E1C03F120031F
:1091600033F83C5C214433F83A4C33F8387C2944DA
:1091700033F8366C33F8345C214433F8324C33F82E
:1091800030BC394433F82EAC33F82C9C314433F8DE
:109190002A8C33F8287C294433F8266C33F8245C75
:1091A000214433F8224C5944514449444144394400
:1091B0003144294421440844CAD54FEA5C114B1C70
:1091C000ACEB411102EB4312B1F1080718D402F1E4
:1091D00008033E4633F8084C083E33F8061C03F1FA
:1091E000080333F80C5C214433F80A4C2944214429
:1091F0000844EFD5F9084B1CA7EBC10102EBC302F1
:109200008D1E0CD42B46114631F8024B023B2044F4
:10921000FAD569084B1CA5EB410102EB430209B1E9
:1092200013781844BDE8F08FF0B5056983B00746A0
:109230000C468D424FF00006C26828BF0D462946F5
:10924000304624B1641BFFF77BFF064614B9304655
:1092500003B0F0BD3F6815F00105FA682B4605D153
:1092600039692546A14298BFCD18E8E712F8010BED
:10927000013C00920192FEF79BF84FF0FF33064449
:10928000009AEDE708B5FFF7CFFF4FF6FF730344F1
:109290001A0C03D012FA83F31A0CFBD1D84380B214
:1092A00008BD00BF70B515460E461146FFF7BCFF5E
:1092B00004462846FEF77CF84FF6FF7333441C44FF
:1092C0002044030C03D013FA80F0030CFBD180B2CE
:1092D00070BD00BF38B51C4615460A461946FFF753
:1092E0002FFF2A462146FFF72BFF4FF6FF7303445B
:1092F0001A0C03D012FA83F31A0CFBD1D84380B2B4
:1093000038BD00BF014B93F900007047E7230120EF
:10931000014B1870704700BFE7230120002818BFD9
:109320000E2A0CD959B170B582B00D4614460622EA
:109330006946064602F0CCF810B102B070BD704725
:1093400006226946A81803F097FC0028F5D0A4F17E
:109350000E01012205F10E0001F034FC0028ECD0D2
:109360002B78FF2B0ED0012B03D1836943F004032C
:109370008361AB89B3F5C16F0DD0082B10D001F01C
:1093800085FDDAE76B78FF2BF3D1836943F00203A5
:1093900083612B78E7E7034B014630469847CCE7DB
:1093A000014BF9E76D96000079A500002DE9F04723
:1093B00005460F4690461C4643B15A6983689A4257
:1093C00004D92046BDE8F04701F060BD01210E2020
:1093D000D5F80CA001F0AAFB06460028F1D0D0F881
:1093E0000C900622284609EB020102F071F80028D1
:1093F000E7D141460622484603F0ACFB3846FDF76C
:10940000D7FFA9F80C0024B13046214601F086FEB2
:109410000646DAF80C3031462846BDE8F0471847D2
:10942000C16851B1203108B5FFF7A6FC20B9044A44
:1094300013680133136008BD08BD4FF0FF3070475B
:109440003C1E012008B5FFF7C7FC024A1368013B28
:10945000136008BD3C1E0120FFF75CBEC16A10B559
:1094600082B039B906226946044602F031F828B1C3
:1094700002B010BDFFF7A0FD02B010BD03466A4662
:1094800020464FF6FF71FFF791FF02B010BD00BFFD
:10949000F0B50C4683B0054601462046174600F05D
:1094A000EBFC98B904F0F002E02A1DD021462846D2
:1094B0006A466E46FFF7BAFC78B13B46324628460C
:1094C0004FF40061FFF772FF03B0F0BD06221549AB
:1094D00068466E4603F03EFBEFE73A4621462846D3
:1094E000FFF7BCFD03B0F0BD034601215E2220461C
:1094F0008DF800106E468DF802208DF80130FDF7D2
:109500005BFFC0F3064320468DF80330FDF754FFA0
:10951000030A20468DF80430FDF74EFF8DF8050054
:10952000CBE700BFD00B0020C368F0B55A6985B007
:109530000191CAB19DF805304FF0010E00275E265B
:1095400003F07F039DF806509DF8074002A98DF8AF
:109550000B308DF808E08DF809708DF80A608DF8F1
:109560000C508DF80D40904705B0F0BDC368F0B5C4
:109570001A6985B00191CAB19DF805304FF0010E0E
:1095800000275E2603F07F039DF806509DF80740F4
:1095900002A98DF80B308DF808E08DF809708DF870
:1095A0000A608DF80C508DF80D40904705B0F0BD65
:1095B00080B1036910B41C78012C06D15B6B23B118
:1095C0001B6813B15DF8044B18474FF0FF305DF88E
:1095D000044B70474FF0FF30704700BF80B1036904
:1095E00010B41C78012C06D15B6B23B15B6813B1FE
:1095F0005DF8044B18474FF0FF305DF8044B70479F
:109600004FF0FF30704700BF10B5044682B018B16C
:1096100003691978012903D094F8240002B010BD21
:109620005B6B002BF8D01B68002BF5D00DF1060208
:1096300098470028F0D1BDF80600C0F3800002B0C2
:1096400010BD00BFF0B583B000234FF400420546C3
:1096500002AE194642F21074C76826F8023DFFF7C1
:10966000BDFF01E0013C40D0324600212846FFF713
:109670009FFFBDF90630002BF4DBFB6923B12846C0
:10968000984708B103B0F0BD324600212846FFF7E5
:109690008FFFBDF806200021284622F4B0521204A4
:1096A000120C42F49052FFF799FF05F067FC044654
:1096B0002B691978012902D0002003B0F0BD5B6B43
:1096C00032462846002BF7D01B68002BF4D0984771
:1096D0000130F1D0BDF806309B06EDD405F04EFC0C
:1096E000001BB0F5FA6FE3D3E6E7FB69ABB12846A0
:1096F00098470028C6D1324621462846FFF758FF32
:10970000BDF806202146284622F4B0521204120C5D
:1097100042F49052FFF762FFCEE7324621462846D8
:10972000FFF746FFBDF806202846214622F4B05236
:109730001204120C42F49052FFF750FF2046A1E7AA
:109740002DE9F0431C46002387B08846E568914622
:109750000646AB70EB7010B1036A9B0715D46169C4
:109760002046FFF78FFD6880002540274A46414686
:109770000123029430460595049503958DE8A000D9
:1097800000F02AFE07B0BDE8F083616900F0CEFA70
:109790000028E4D1A36943F02003A361E4E700BFFC
:1097A0002DE9F0410E46516988B0134623290192F4
:1097B00027D92429074601AC29D1204601F088FB8E
:1097C0000130019B1DD0D3F80C800021012098F8B6
:1097D000112002F02DF8054690B1836983B105ABE5
:1097E00002AA08F10801384600F0A8FA20461C2118
:1097F00001F0E0FB05AA02A9AC693046019BA04735
:10980000019B184601F042FB08B0BDE8F081C1F1B0
:109810002401204601F0CEFB019B2046596901F04E
:1098200057FB0130019BCED1EBE700BFF0B583B011
:1098300004460E4615460898019301F027FB01984F
:109840009CB190B104210DEB010001F041FB01300E
:1098500001980AD08369AF689B06B668C56808D4CA
:109860004169FFF70FFD20B1019801F00FFB03B034
:10987000F0BD2146304600F0FFFA0028F4D106F092
:10988000F003E02BF0D02B78033B092BECD801A29E
:1098900052F823F019A1000011A1000069A00000F6
:1098A00069A0000069A00000E5A0000069A0000018
:1098B00069A00000CFA00000BDA000006B78012BC4
:1098C000D2D82046019A0921FFF76AFFCFE76B78CB
:1098D000002B39D0012BC7D108212046019AFFF770
:1098E0005FFFC4E701984369072BBED9214638467C
:1098F00000F0C2FA0028B7D107F0F003E02BB3D094
:109900002870324639462046019BFFF719FFAEE723
:1099100069780029A8D1E0E76B780C2BA4D8DFE8A0
:1099200003F00907110F0D0B0907070907090700C5
:109930000221D2E70621D0E70521CEE70121CCE7BD
:109940000421CAE70321C8E70721C6E72DE9F04F44
:1099500083B00193BBB1DC681746E28822F0E002D5
:1099600072B9627A05460E46012A63D0D4F80C809B
:109970002946D4F81090404600F07EFA30B1019BA1
:10998000184601F083FA03B0BDE8F08F08F0E00359
:10999000E02BF4D02946484600F06EFA0028EED1BC
:1099A00009F0F003E02BEAD0019B9A6912F0060A55
:1099B000E6D15146082001F0B9F802460028DED071
:1099C000D0F80CB00C2E8BF804A08BF805A08BF807
:1099D00006A08BF807A039D1042F37D1002D37D03E
:1099E00000902889FDF7E4FCABF80400009A8BF89E
:1099F00000608BF80170237801999B00486903F09F
:109A00003C0303F10804844208D2C0F1080101A814
:109A10000092194401F0CEFA0199009A104601F023
:109A20007DFB044603464246494628460194FFF71B
:109A300087FEA8E72278920002F03C02A15C12297E
:109A40009ED8084ACA40D2079AD58FE70C2ECED1AD
:109A500038460092FDF7ACFCABF804000027009AF2
:109A6000C5E700BF01E707002DE9F04182B0002300
:109A70008C460A270DF1080E1E461A4698460EF827
:109A8000043D714610F8014BACB1A4F13003DDB2D6
:109A9000092D1BD80C7817FB043304B93ABBFF2BF4
:109AA00025D80B7012B90136042E20D810F8014BBE
:109AB0000122002CE9D1032E19D9604671460422F7
:109AC00003F048F8204602B0BDE8F081A6F1040397
:109AD0002E2C14BF002402F00104B3FA83F35B09B7
:109AE000A34204D281F8018000220131CAE74FF07D
:109AF000FF3002B0BDE8F081FFF7B6BFF8B504460D
:109B000015460E4600F0E0FE6A6963681344B3F53B
:109B1000804F14D80021042001F008F878B167685C
:109B200029466B69C6603B44636001F0F7FA014661
:109B3000204601F00FFB00F0CFFE0020F8BD00F042
:109B4000CBFE4FF0FF30F8BD70B50568A5B1EB68EE
:109B500004462E680B6000F0B7FE1EB163687269A0
:109B60009B1A63600023204629462B6001F0FEFA11
:109B700000F0B2FE304670BD2E46FBE770B5049C87
:109B800016461A460546231C18BF0123002918BF94
:109B9000002353B14AB143699B88DB0705D52346AF
:109BA000314600F091FD10B970BD6FF0050085F8E9
:109BB0008400FFF7ADFB4FF0FF3070BD70B5049C23
:109BC00005467BB174B116461A46236853B149B9AC
:109BD00043699B88DB0705D52346314600F040FDED
:109BE00010B970BD6FF0050085F88400FFF790FB99
:109BF0004FF0FF3070BD00BF38B543690446BBB1BC
:109C000000250BE0D968D160D9680A6162699A427F
:109C100008BF616101F03AF963694BB11A6998684C
:109C20009A42EFD1656101F031F96369002BF5D1FA
:109C300063685BB122681A60226802B153602046F3
:109C400001F0BEFABDE8384000F046BE2268014986
:109C50000A60F2E7741F012038B500F035FE0B4BA7
:109C60001C686CB1237A013BDBB2237263B92568AF
:109C700000F02AFE20462C46FFF7BEFF002CF1D153
:109C8000BDE8384000F028BE2468EAE7741F0120D0
:109C900010B500240E4B0F494FF4FA7022461C6099
:109CA00005F0A4F90C4B186070B178210B4802F054
:109CB000DBFF21460A4800F0BBFDB0FA80F3094AF9
:109CC0005B091060584210BD4FF0FF3010BD00BF5F
:109CD000741F012059A40000801F0120602401206E
:109CE000E1A60000701F012038B5044601F0B2FB68
:109CF0000D4B1D6865B12B46DA6B1AB1D96A61400C
:109D0000114206D05B69002BF6D138B1836C2BB1C0
:109D10000346184638BD6D69002DF9D0AB6C002B99
:109D2000F9D02B46F5E700BFD82401208068143114
:109D3000814294BF00200120704700BF2DE9F0410F
:109D400080460E4610460C211C461546012702F09F
:109D50008BFFD8F81C3020462F800C216B60F368F5
:109D6000AB6002F081FFD8F81C3027806360336954
:109D7000A360BDE8F08100BF70B169B110B50C46B9
:109D8000014608482246FFF7B9FE30B9064BBDE848
:109D90001040186800F0CABD70472046BDE810406A
:109DA00001F074B8781F0120701F012038B50E4DE6
:109DB00000F08AFD2C683CB100F086FD2046FFF7DC
:109DC0001BFF2C68002CF7D1084C216829B10748EB
:109DD00001F0CCF921680029F9D100236360BDE8C6
:109DE000384000F079BD00BF741F0120781F0120AA
:109DF00010B5044CFFF7DAFF206805F017F90023CF
:109E0000236010BD801F012070B5154E002533461C
:109E10002A4606E01C68844213D001320C330A2A19
:109E200007D09C68002CF5D101321D460C330A2A5C
:109E3000F7D125B1AB680133012BAB6009D02846BF
:109E400070BD5C688C42E8D102EB420206EB8205F1
:109E5000F0E785E8030001F0F9FB284670BD00BF7C
:109E60006024012018B18368013B836003B170470F
:109E700003C801F0F1BB00BF431E033310D86FF4D9
:109E8000AB7398420CD069B10B6C984208D04B6C04
:109E9000984205D08B6B181AB0FA80F040097047D1
:109EA0000120704710B582B0044602F037FE0B4B1C
:109EB000186840B90BE0436C9C4207D0836B9C420E
:109EC00004D0406918B1036C9C42F4D10120019088
:109ED00002F032FE019802B010BD00BFD82401206C
:109EE0002DE9F0470026AE4F8CB000F0EDFC03A941
:109EF000AC48FFF729FE049008B34660142104A87B
:109F000000F0E6FF013016D0049BDC686088D4F8CE
:109F10001090FDF74DFA054604984369132B07D9B5
:109F20009D4205D894F800804FEA1812042A0BD0FD
:109F300000F0ACFFDBE7049800F0A8FFD7E700F0E3
:109F4000CBFC0CB0BDE8F0874FEA880808F03C086D
:109F5000B8F1130FECD94545EAD30399CA6A914584
:109F600007D04846FFF788FF002800F0BB80049820
:109F700043699D42C0F0AF80E28822F04002002A8F
:109F80003BD1039A126A110706D5627A02F0EF01FB
:109F900001292DD0062A2BD0B3F5004FC8D80023B5
:109FA00008F10802194600F0C7FE4146054604A81C
:109FB00001F000F809AB06AA21460398FFF7BEFEA0
:109FC000039809AA06A9049B009501F077FD627A1F
:109FD0000021012001F02CFC002800F09881039C56
:109FE00009AA009506A945692046049BA8477EE773
:109FF000826942F020028261CEE70DF130091946F4
:10A0000049F81C0D484600F063FF013000F07C81E8
:10A01000059B3C68D3F80C80002C75D0B8F8042060
:10A0200002E02468002C6FD063899342F9D1617AF1
:10A0300098F809309942F4D1E168D8F80C30994287
:10A04000EFD12169D8F810309942EAD198F8005040
:10A050004846AD0005F03C05294600F0ABFFB8F8D6
:10A060000200FDF7A5F9B8F80630401B9A06A8F8DB
:10A07000020005D598F8012042F0010288F801207D
:10A080001846FDF795F9DDF814E0C000C8F808E0BF
:10A0900082B2A8F8062063691D4603E0ED68AB4272
:10A0A00000F01A81E9889142F8D9AB4200F014819E
:10A0B0002869B0F806C041886144B1EB020A00F09B
:10A0C000E280B8F802309A45C0F03481704600F062
:10A0D000DDFE04960BE7E91A04A800F06BFF049874
:10A0E000436949E7039B0498DA6A002A00F0BD80BF
:10A0F00009F0F009B9F1E00F04D01B691B78032BBC
:10A100007FF416AF436934E798F800404846A4004E
:10A1100004F03C04214600F04DFFB8F80200FDF7C2
:10A1200047F9041B1820A8F8024001F059F804462A
:10A13000002800F0E9803B68236003B15C601423D1
:10A1400026716671A671E67123723C60B8F804301E
:10A15000638198F809306372D8F80C30E360D8F85E
:10A1600010302361B8F80600850605D598F801304F
:10A1700043F0010388F80130FDF71AF9059BC1008F
:10A180004046C8F80C8089B2C8F81080C8F808307A
:10A19000A8F80610C4F814800346002205E000BFAA
:10A1A000741F0120781F0120D9888A4291D15988D3
:10A1B000DB680A44834292B2F6D11A695278D0071A
:10A1C00087D49A680592D3F80C80984500F0C78030
:10A1D0001046D8F8081000F0A1FF0590D8F80C80C0
:10A1E00002466569A845F3D195F800E050694FEA49
:10A1F0008E0E1369D1680EF03C0E7044506180B22F
:10A2000095F800E04FEA8E0E0EF03C0E7344136199
:10A210002B789B0003F03C03CB1AD360FDF7C8F802
:10A220006880E2686B78EA60226923F001032A61A2
:10A23000627A6B706A7262682368002A00F08D800F
:10A240001360236803B15A60204600F0B9FF0598F7
:10A25000049000283FF44BAEC468436994F8008032
:10A260004FEA880808F03C0896E6826992073FF5B5
:10A2700049AF3DE7D168D960D1680B6163699A4203
:10A280001BD0B8F806209D4226D0B8F80230B5F8A9
:10A2900006E013447345CEEB03011DDD6B88994244
:10A2A0000ED3ED682B69986800F0F0FD2A691369F8
:10A2B0009A42DFD166610023E3E70B466161E0E784
:10A2C0008AB205F108009B1A96446B80A5F806E057
:10A2D00000F070FEB8F806202B6913B3616901B372
:10A2E000D968C8F81030C8F80C10D968C1F81080C7
:10A2F000C3F80C806069C18891427FF64DAFC4F805
:10A3000014801146404647E7DDF814E0DEE6049885
:10A3100000F0BCFD2B46022203210398FFF716FB39
:10A32000E5E5C8F80C801146C8F810804046C4F82E
:10A33000148031E75146484600F03CFEB8F806204C
:10A340001FFA8AF1B8F802300A44591A92B2A8F8F2
:10A350000210A8F80620636995E73B6072E71D4686
:10A3600042E700BF2DE9F04115469846036A0022F6
:10A37000EF680446DB070E46BA72FA7223D5AB6962
:10A3800043F01003AB6121463046FFF775FD90B9ED
:10A3900006F0F003E02B0ED0B8F1000F0BD1E36A0A
:10A3A000E26B7340134206D04FF6A9631A4633405E
:10A3B000934200D0A66C23692A46314620461B6989
:10A3C000BDE8F041184739782846890001F03C0182
:10A3D000FEF758FF7881D6E72DE9F04F87B01F468A
:10A3E000059104929DF840509DF844809DF84C6082
:10A3F0009DF85090002800F0DE800446059B73B164
:10A40000129A53691433B3F5004F0BD96FF0070458
:10A41000104600F03BFD204607B0BDE8F08FE36A30
:10A420000593EDE70121142000F080FB824600280F
:10A4300000F0BD80159B43B11598042304AA05A91B
:10A440000088FEF747FF159B1880DAF80CB0814AA8
:10A450009BF80030108803F00F03411C43F04003C9
:10A4600011808BF80030FCF7A3FF8BF801509BF8AC
:10A470000030129A23F00F03ABF80400556943F043
:10A48000050314358BF80030ADB2002E40F0888003
:10A490008BF806608BF80760059A2846049BCBF87A
:10A4A0000C20CBF810308BF808808BF80970FCF783
:10A4B0007FFF1299ABF80200504600F02FFEA6680D
:10A4C00002461290B54240F281809BF80070BBF8C2
:10A4D0000630BF005B0607F03C07A6EB070626F038
:10A4E000070693D4072E91D90090394612A800F0A0
:10A4F000EFFC0130009A5AD0BB19DDF848A09D420C
:10A50000DAF80C10019300916AD9131DCDF80C9064
:10A51000DDF80480DDF800B0994602941EE0C8EB37
:10A520000506E0804146002332465046B04400F024
:10A5300003FC002800F086800146129800F0EEFD32
:10A540000346808A1293FCF733FF129B45456080D7
:10A55000C9F80030129B03F104093ED900213846A6
:10A5600000F0E4FA3A4659461290002865D0C068D7
:10A5700002F0F0FA129BC7EB0800DC68C0F3CF00D2
:10A58000237823F00F0343F005032370FCF710FF3B
:10A5900008EB060340F020029D42C0D9E280C1E7EB
:10A5A000002240238BF807208BF8063074E7129ABC
:10A5B0006FF002042CE71046FFF796FB04460028D4
:10A5C0007FF41CAF129A6FF00F0421E74B46204630
:10A5D0000499FFF7C7FE00201EE7029CDDF80C90EF
:10A5E000009D0027CDF848A06888FCF7E1FE019B9C
:10A5F000191A12A800F0DEFC129B988AFCF7D8FE0C
:10A60000EB88688043F02003EB800026CDF848A05B
:10A6100006E00499FFF7A6FE1295AA46002DDAD0AF
:10A62000DAF804504B4652462046CAF80460002F20
:10A63000EFD0504600F02AFCEEE7029C0127DDF83F
:10A640000C90E2E712980127029CDDF80C9000F0D4
:10A650001DFCDAE7D823012047F6C470704700BF1D
:10A66000172910B420D0182912D0162904D06FF061
:10A6700008005DF8044B70471968032920D990F849
:10A680006D4004210020146019605DF8044B704790
:10A690001968032914D990F86E4004210020146031
:10A6A00019605DF8044B70471968032908D990F8C0
:10A6B0006C4004210020146019605DF8044B704761
:10A6C0006FF00500D5E700BFF8B5A1F11604042C22
:10A6D00062D8DFE804F03A322503030005465068EB
:10A6E0001F4614460E4600283AD001F043F8082FC2
:10A6F00032D188B3216801F0F003E02B2CD16B69D3
:10A7000053B39B79022B27D1D5F890405CB32368D3
:10A71000984231D0192E1FD16FF00D042046F8BD9C
:10A72000032B19D94369BBB19B79022B14D1136850
:10A73000002480F86E302046F8BD032B0CD9136836
:10A74000002480F86C302046F8BD032B04D9136830
:10A75000002480F86D3001E06FF005042046F8BD5C
:10A7600000F078FEC3E7192EF6D1FFF74DFBC5F8D0
:10A7700090000028F2D1CFE763689942CAD1192E20
:10A78000CAD0A368013BA3601BB10024C5F8904068
:10A79000E4E700F061FFF8E76FF00804DEE700BFD0
:10A7A000104B10B51C684CB16368984203D106E0A9
:10A7B0006368834203D02468002CF9D110BDA368DC
:10A7C0000BB160699847084B1B683BB9E26823747A
:10A7D000002AF3D06069BDE81040104701232374BC
:10A7E00010BD00BF401E01205C1E01202DE9F04776
:10A7F00005461820894690469A46089F00F0F0FCCE
:10A8000080B10A4E04464560514633682846C4F874
:10A810000890C4F80C80676123603460BDE8F0479D
:10A82000FCF794BE4FF0FF30BDE8F087401E0120DA
:10A830000C4B70B51C68064618200D46621C1A6049
:10A8400000F0CEFC50B1084B002244601968C6608D
:10A850004561016018608260204670BD0446204654
:10A8600070BD00BF685C0020401E012010B4154C74
:10A87000216851B14B68984220D00B4602E05A68DB
:10A88000824205D01B68002BF9D15DF8044B70475C
:10A89000994204D112E05468A04208D011460A68D7
:10A8A000002AF8D118465DF8044B00F089BC126804
:10A8B00018465DF8044B0A6000F082BC0A680B463B
:10A8C0002260EFE7401E0120024A13680133136043
:10A8D000704700BF5C1E01202DE9F041114E336826
:10A8E000012B04D03368013B3360BDE8F081DFF811
:10A8F00038800027D8F80040002CF3D0002201E077
:10A90000246864B1257C012DFAD1E3682774002BFB
:10A91000F6D06069984724682A46002CF2D1002AB4
:10A92000E8D1DFE75C1E0120401E012038B5124D42
:10A93000124A2B68146801332B6014B90DE02468A7
:10A940005CB163689842FAD1A3680BB1606998471B
:10A950002B68012B05D001232374BDE83840FFF795
:10A96000BBBF0022E3682274002BF6D060699847D1
:10A97000BDE83840FFF7B0BF5C1E0120401E01203B
:10A9800000230249024A0B60136070475C1E0120DD
:10A99000401E0120072A98BF0822A8B102F10B032C
:10A9A0008B4212D2014430B4C51C544225F0030539
:10A9B000EB1D6A60284613442340C91A5B60B1FB53
:10A9C000F2F21A602B6030BC70470020704700BF65
:10A9D00000230360704700BF39B370B505460C46CD
:10A9E000FFF772FF68682B68211A5A688B4207D2FA
:10A9F000914209D3934207D213468B425A68F7D348
:10AA00009342F9D39142F7D20C6804FB00169642A8
:10AA100016D04A601C6804FB0030814206D05960A1
:10AA20002B60BDE87040FFF757BF70470A681444B9
:10AA30001C604A685A602B60BDE87040FFF74CBF4D
:10AA4000166834440C6052684A605A689342E1D1F7
:10AA50000B46E0E72DE9F04180460D46FFF734FF55
:10AA60000024D8F80400D8F80060411E7368B64688
:10AA700029443546B1FBF0F1013100E05B681A680A
:10AA8000914205D814B12768BA4201D2AE461C469D
:10AA9000B3421D46F2D17CB1DEF8043062689A42BE
:10AAA000236811D099420CD05B1A236003FB004449
:10AAB00021600444C8F800E0FFF70EFF2046BDE81F
:10AAC000F081CEF80420F4E79942EDD10024F3E7B9
:10AAD00038B50546FFF7F8FE2968F9B10C680B4652
:10AAE000013C06E0994207D01A68944238BF02F14F
:10AAF000FF345B68002BF5D14B68994205D0FFF716
:10AB0000EBFE686800FB04F038BD002CF7D0013C78
:10AB1000FFF7E2FE686800FB04F038BD0C46FFF763
:10AB2000DBFE686800FB04F038BD00BF2DE9F0478C
:10AB30000E46DFF88C8007461C210036D8F800004E
:10AB400018BF0126FFF786FF044600B9DEB964B3DB
:10AB500007F10409D8F80000DFF864A04946FFF7C0
:10AB600079FF054600B9BEB915B3002301212A1D9E
:10AB70002046236063602960A361A560E2602761CD
:10AB80006761BDE8F08700F075FE1C21D8F8000071
:10AB9000FFF760FF0446DAE700F06CFE4946DAF89A
:10ABA0000000FFF757FF0546DEE72046BDE8F087C7
:10ABB000D8F800002146FFF70FFF2846BDE8F087D0
:10ABC000601E012070B50D46064611462846FFF767
:10ABD000ADFF044620B12A463146C06801F0BAFFF5
:10ABE000204670BD82B3F8B5054616461F4602469C
:10ABF0000020136912681844002AFAD1731C24D06B
:10AC00007318984217D3884215D32B69994213D2EF
:10AC10001C4601E000212C69641AEB683846B442F6
:10AC2000194428BF3446361B224601F093FF2744BF
:10AC30002D68002EEED1F8BD2D682C692344994271
:10AC4000FAD22144C91AE7E77047461ADDE700BF88
:10AC5000A0B181680B68012B70B5044609D0013B97
:10AC6000074E0B60256821463068FFF7B5FE284681
:10AC700070BD034E3068FFF7AFFEF3E7704700BFCB
:10AC8000601E01202DE9F04704687CB381EAE17A77
:10AC9000D4F81490AAEBE17AD14527D300290E46C7
:10ACA0008046256924DDA769204674B1B5420CD8D9
:10ACB0002368C8F80030FFF7CBFF04460028F3D024
:10ACC000036920461D44002CF0D1E4B12369AA1B7E
:10ACD000A7611E44E3682261751B1D44E560CAEB51
:10ACE00009036361C8F80040BDE8F087BDE8F0875C
:10ACF00009EB0102274601E03B691D44954204DA55
:10AD00003F68002FF8D10024ECE73B6938684B44DA
:10AD10001E44751B3D6128B1FFF79AFF386000287B
:10AD2000FAD13D69002DDAD13846FFF791FF04468C
:10AD30000028D4D1E7E700BF2DE9F84F04460D46BF
:10AD40009146014600200A69096810440029FAD199
:10AD5000B9F1FF3F00F08D8009EB050282427DD8FA
:10AD600085427BD8484E13F100084FF01C01306833
:10AD700018BF4FF00108FFF76DFE074610B9B8F194
:10AD8000000F6ED1002F69D022690021A36995427E
:10AD9000C7F814907960BB6138D2A368E1681A687B
:10ADA0002944BB600132F9601A602369C3EB090BC7
:10ADB000AB44BBF1000F5FDD5B1BDFF8CCA03D4671
:10ADC0004FF000093B611C213068FFF743FE02464B
:10ADD000286010B9B8F1000F26D1002A2FD02468BE
:10ADE0001546C2F80490A368A16918689360013001
:10ADF0009161E16818602369D160C3EB0B01002900
:10AE00000BDB8B461361DED109E01A462468236907
:10AE100013449D42F9D2AD1ABFE7C2F810B0002327
:10AE200038461360BDE8F88F00F024FD1C21DAF8E5
:10AE30000000FFF70FFE02462860002ACFD13846F7
:10AE4000FFF706FF2B680146984207D030680C6870
:10AE5000FFF7C2FD2B682146A342F7D10020BDE8D1
:10AE6000F88F00F007FD1C213068FFF7F3FD07465F
:10AE700088E7C5EB000975E73A460023C7F810904C
:10AE800038461360BDE8F88F601E0120E0B170B550
:10AE900004460E4E06E00B60214630682C46FFF754
:10AEA0009BFD85B1A16825680B68012B03F1FF3379
:10AEB000F1D13068FFF790FD214630682C46FFF74E
:10AEC0008BFD002DEED170BD704700BF601E0120CC
:10AED0002DE9F047076882B0002F58D0B1FA81F30E
:10AEE0005B09002B53D13A69914250D97C69A14248
:10AEF0004DD83E4601E026B1326913443668994286
:10AF0000F9D82B4C8846814604312068FFF7A2FD12
:10AF10008246002849D003460122F96843F8042BF1
:10AF200018463A69019301F015FEB9683D690A684F
:10AF3000019B012A34D0013A0A603C68C7F808A096
:10AF4000FB600AE02269E16801F004FE2369204603
:10AF50001D44FFF77DFEFB680446A64203EB050097
:10AF6000F0D1C5EB0806E168324601F0F3FD236934
:10AF70009B1B23617BB1E3681E44E66000203C60BC
:10AF8000C7F81080C9F8007002B0BDE8F087002053
:10AF900002B0BDE8F0872046FFF75AFE0446EDE711
:10AFA0002068FFF719FD019BC7E74FF0FF30EFE77F
:10AFB000601E012009B1FFF765BE7047002A00F04E
:10AFC00086802DE9F043D0F8009083B0CDF804904E
:10AFD000B9F1000F1AD0D9F814E053189E4515D3D3
:10AFE00017460D468046A9B1D9F810404E4648464E
:10AFF000002204E019690C44A54228BF1846A54266
:10B0000012D3336801221E46002BF3D1002003B077
:10B01000BDE8F08301A81146FFF734FE0198C8F897
:10B02000000003B0BDE8F083002A74D13369E21A4E
:10B0300095423DD0621B974228D2B168C7EB0E0003
:10B04000C9F814000968012943D0C7EB020900219F
:10B050004846FFF76BFD0646002856D001994A4640
:10B06000C0680B69C9682B441F443F1B394401F079
:10B0700071FD019A136911681D4431602C1B166023
:10B080001461D8F8000003B0BDE8F08335D02C1B64
:10B090003268234439193361C2F814E027D1484695
:10B0A000D9F81430DF1BC9F8147003B0BDE8F08381
:10B0B0003946C6F814E0FFF7E5FDD9F81430D8F8A2
:10B0C0000000DF1BC9F8147003B0BDE8F083002056
:10B0D00070472B44F168D21B181B3B1808441944D5
:10B0E00001F038FD019A1369DB1B1361C9E7304693
:10B0F000FFF7C8FDD8F80000D2E7DB1BC7EB0E074F
:10B1000048463361C9F8147081E7D8F800205369C4
:10B110003B4453617BE7019688E700BFF0B498B1E8
:10B12000B1B1024600E01A461368002BFBD18C69CE
:10B1300005464B69876946693C4311603344846125
:10B1400043612846F0BC70470D462846F0BC704766
:10B150000546F6E702680AB905E01A465368002B6F
:10B16000FBD1516070470160704700BF90B170B56E
:10B1700004684CB18C42054608460CD0636898427E
:10B1800003D01C46002BF9D170BD4568FFF77EFE49
:10B19000656070BD704766682046FFF777FE2E60D9
:10B1A00070BD00BF08B50822FFF7F4FBB0FA80F3CA
:10B1B000024A5B091060584208BD00BF601E0120B2
:10B1C000024B01461868FFF707BC00BF601E012054
:10B1D000024B01461868FFF73DBC00BF601E01200E
:10B1E00038B5064B014604461868FFF733FC0546A0
:10B1F00010B1214601F038FD284638BD601E0120FF
:10B20000014B1868FFF764BC601E0120FFF7F8BF10
:10B21000014B1868FFF7DCBB601E012010B5FFF77B
:10B2200053FB074B1C683CB1236920469B6903B163
:10B2300098476469002CF7D1BDE81040FFF74CBB7C
:10B24000D824012038B5054601F068FC054B1C6880
:10B2500024B11DB16469013D002CFAD101F06CFCF0
:10B26000204638BDD824012090B10388012B0ED18F
:10B27000084B8268186858B1C36A9A4203D108E043
:10B28000C36A9A4204D040690028F9D1704700206F
:10B2900070477047D8240120F0B138B5104D2B68A5
:10B2A00013B914E05B699BB19842FBD10369044672
:10B2B000DB680BB120469847A36962696BB15A619C
:10B2C000626902B19361074B1A68944201D038BD9C
:10B2D00038BD2A681A6038BD70472A60F1E700BFA0
:10B2E000D8240120DC24012010B5044601F016FC0E
:10B2F000084B1B6813B908E05B6933B19C42FBD172
:10B30000012401F019FC204610BD1C4601F014FC7C
:10B31000204610BDD8240120002837D070B504463F
:10B320000D461646FFF7D0FA0023E56284F8503048
:10B3300084F85430BDB1B6B92B0628D505F0C0034A
:10B34000802B32D005F0E003C02B3CD0636BE26B66
:10B35000D943D0432B402A40294328432363A26387
:10B360002164606406E005EA060265EA0603E66316
:10B37000A2636364284601F00DFD23695B690BB18C
:10B3800020469847BDE87040FFF7A6BA7047E26BC9
:10B390002AB1D043FF236FF0FF016363DAE7FF2395
:10B3A0006FF0FF001A46E363F4E7E26B2AB1D04383
:10B3B0004FF6FF730C496363CCE74FF6FF730A48FF
:10B3C0001A46E363F4E7E26B3AB1D0436FF07F468D
:10B3D0004FF07F4133466663BCE76FF07F434FF029
:10B3E0007F401A46E363F1E70000FFFF70B50446B3
:10B3F0000D46164601F092FB294620463246FFF7DD
:10B400008BFFBDE8704001F097BB00BF48B138B575
:10B4100004460D4601F082FBA564BDE8384001F00A
:10B420008BBB704748B138B504460D4601F076FB3A
:10B43000E564BDE8384001F07FBB704710B501F00E
:10B440006DFB034B1C6801F077FB204610BD00BF6D
:10B45000DC240120014B1868704700BFDC24012068
:10B4600010B5044620B101F059FBE46A01F064FB19
:10B47000204610BD10B5044620B101F04FFBE46B2F
:10B4800001F05AFB204610BD10B5044620B101F072
:10B4900045FBE46C01F050FB204610BD10B504469E
:10B4A00028B101F03BFB94F8504001F045FB2046E9
:10B4B00010BD00BF50B138B504460D4601F02EFB5B
:10B4C00084F85050BDE8384001F036BB704700BFEB
:10B4D000002918BF002A10D078B103696BB110B4ED
:10B4E0005C68A24204D3DB6913B15DF8044B1847D2
:10B4F0004FF0FF305DF8044B70474FF0FF3070475E
:10B5000070B504460D46164601F008FB2946204654
:10B510003246FFF7DDFF044601F00EFB204670BD0A
:10B52000032A70B5154682B004460DD8DCB1D1B1FE
:10B530002369C3B15A68954215D11B6A9BB1204655
:10B5400002B0BDE8704018474A780B781204CE78F4
:10B55000887842EA03630191334343EA002001F013
:10B5600019FC0199E2E74FF0FF3002B070BD00BF57
:10B570002DE9F04158B103694BB1DFF8AC80D8F840
:10B58000003013B908E05B6933B19842FBD14FF04A
:10B59000FF342046BDE8F081054617460E46FFF70A
:10B5A00093F9D8F800306B6103B19D610023012449
:10B5B000C8F80050AB612B46D869A04217D05B6930
:10B5C000002BF9D12869EC6184682B628CB1284684
:10B5D000A047044678B906B1AFB92B691B78013B87
:10B5E000012B19D90F4B1A6842B91D6006E00134CE
:10B5F000E1E74FF0FF342846FFF74EFEFFF76CF906
:10B600002046BDE8F0813A4631462846FFF788FFDC
:10B610000028E2D00446EEE72846FDF701FF0028A7
:10B62000E0D0F7E7DC240120D824012070B50446DF
:10B630000D46164601F072FA294620463246FFF7BB
:10B6400097FF044601F078FA204670BD18B10369EF
:10B65000DB6A03B11847704718B103691B6B03B16C
:10B6600018477047F8B518B303695B6A03B304461B
:10B6700003F084FC0646A36AC31AC82B03D894F8C7
:10B6800024502846F8BD2369204694F824705B6A4C
:10B69000984787420546A66284F82400F1D0002F1F
:10B6A000EFD123695B69002BEBD020469847E8E790
:10B6B00001252846F8BD00BF10B5044601F02EFA5A
:10B6C0002046FFF7CFFF044601F036FA204610BDB2
:10B6D00010B5044601F022FAFFF7F6F8034B1C60A0
:10B6E000FFF7FAF8BDE8104001F026BA641E012009
:10B6F00038B5084D0020FFF7EBFF2C682CB1204631
:10B70000FFF7CAFD6469002CF9D10023024A2B60BF
:10B71000136038BDD8240120DC240120024B1B68B3
:10B7200003B11847704700BF641E012010B50446DE
:10B7300020B101F0F3F9E46901F0FEF9204610BDF3
:10B7400038B5054601F0EAF965B1094B1C6814B932
:10B7500004E0646914B1E3699D42FAD101F0ECF9A7
:10B76000204638BD2C4601F0E7F9204638BD00BF21
:10B77000D824012050B1074B1B6813B904E05B6962
:10B7800013B1DA699042FAD1184670470346184659
:10B79000704700BFD824012070B5FFF795F8134B10
:10B7A000134C0025DA6804F10C061D6012B19047B5
:10B7B000431C0AD0B4420DD054F8043FDA681D602F
:10B7C000002AF7D09047431CF4D10446FFF784F8D1
:10B7D000204670BDFEF75CFA01304FF0FF3418BF11
:10B7E0000024FFF779F8204670BD00BFA05C002060
:10B7F000200C002038B5FFF767F80B4B0B4C1B698A
:10B8000004F10C0503B19847AC4206D054F8043F4C
:10B810001B69002BF7D1AC42F8D1FEF7E9FABDE87D
:10B820003840FFF759B800BFA05C0020200C002072
:10B8300070B40E4C0E4B04F10C069D88284206D0C5
:10B840009D798D4208D011B99D68954209D0B442C6
:10B8500009D054F8043FF0E71AB19D680DB1AA422F
:10B86000F1D1184600E0002070BC7047200C002089
:10B87000A05C002038B50B4B0B4CDB6904F10C05C8
:10B8800003B19847AC4206D054F8043FDB69002B63
:10B89000F7D1AC42F8D1FEF789FABDE83840FFF79E
:10B8A000BDBC00BFA05C0020200C002003464FF46C
:10B8B0000062402100209A6483F86C1083F86D00C8
:10B8C0009A63704738B50C460546FEF7FDFFE20760
:10B8D00008D4A30702D5012385F85030FEF7FCFFFA
:10B8E000002038BD012305F1340085F8403000F018
:10B8F00063FEEEE72DE9F047044686B015461E4686
:10B9000088460E9FFEF7E0FFA36CAB4267D3002F83
:10B9100060D0404600222946FFF754F980460028AF
:10B9200060D016F0040611D17868D4F81090FFF7B3
:10B9300021FF3B88012B49D094F98530002B4CD155
:10B94000FEF7CAFF284606B0BDE8F087012394F849
:10B950008C90786884F88C30D4F810A0FFF70AFF38
:10B960003B88012B0FD0002084F88C900028E3D076
:10B970000146204600F0AAF9FEF7AEFF4FF0FF3077
:10B9800006B0BDE8F0875FFA8AF3BA68A16E02F0EC
:10B99000F00794F86DC0E02F4FF000070CBF94F84B
:10B9A0006EA094F86CA0CDF8088094F88CE0CDF8E7
:10B9B00004A0CDF800C005970397CDF810E0FEF77E
:10B9C0000BFD002ED0D10028B6D0D1E75FFA89F365
:10B9D000B146DAE704F154079BE70020C8E76FF0AF
:10B9E0000700C5E76FF00200C2E700BF2DE9F04194
:10B9F0001C4686B005460F4684F00204904603A814
:10BA00000C21C4F340040C9E01F02EF903AB424616
:10BA1000394605F13400009400F05AFF431C13D05E
:10BA200095F985304BB9044626B103A8314600F09C
:10BA3000B7FF204606B0BDE8F0810021284600F09F
:10BA400045F94FF0FF30F5E76FF00701F6E700BF6B
:10BA500038B504460D46FEF737FF0C22294604F19F
:10BA6000540001F077F80025032304F13400A4F812
:10BA700062502373A4F8565000F09EFDFEF72CFF91
:10BA8000284638BD10B50446FEF71EFF0348214680
:10BA900000F0A6FDFEF720FF002010BDE05D0020B5
:10BAA00010B5054C216829B1034800F099FD2168C3
:10BAB0000029F9D110BD00BFE05D00202DE9F84F4D
:10BAC0000A9C002B18BF002C43D0002841D05D6990
:10BAD000002D3ED00D88012D00F0AD8000278A4654
:10BAE0008146014610469846164600F03DFF002864
:10BAF00078D0534B1C68002C00F0A0804FF0000B56
:10BB000001E02468FCB12569BD42FAD1304600F05D
:10BB10001BFF00284CD03388012BF2D1D4F89010B1
:10BB20000029EED04A68B3689A42EAD10B68994579
:10BB3000E7D1BBF1000F02D09BF8403013B3A3460E
:10BB40002468002CDFD1BBF1000F02D09BF84030FD
:10BB50000BB1BDE8F88F2346214640464FF0FF3237
:10BB6000FFF7EAF804460028F3D052460BF1340000
:10BB7000214600F059FE0130EBD12046BDE8F84FD8
:10BB8000FFF784B919464FF0FF324046FFF7D4F86B
:10BB900005460028D3D00BF134005246294600F068
:10BBA00043FE0130CBD12846A346FFF76FF9A8E743
:10BBB00004F16005284600F0E1FE28B92846314628
:10BBC00000F0E8FE00289CD004F15405284600F05F
:10BBD000D5FE0028ADD12846514600F0DBFE0028F6
:10BBE0008FD0A6E7304600F0AFFE002881D1144880
:10BBF0003B4631465246006800F0DAF80446002819
:10BC0000A7D090F84030002BA3D1404619464FF002
:10BC1000FF32FFF791F8054600289AD0524604F10A
:10BC20003400294600F000FE013092D12846BDE8DC
:10BC3000F84FFFF72BB9E468677A50E7BDE8F88F53
:10BC4000E05D002038B50D4CFEF73EFE0023224695
:10BC500052F8041B39B101330C2BF9D10025FEF742
:10BC60003BFE284638BD4FF0FF3204EB830544F815
:10BC70002320FEF731FE284638BD00BF001F0120FB
:10BC800002880B88934201D00020704713F0010313
:10BC900006D083688868181AB0FA80F040097047A7
:10BCA0001846704703880A46DB0700D470470146F0
:10BCB00010460C2200F04EBF08B53021024800F0BB
:10BCC000D3FF002008BD00BF001F012090F9853080
:10BCD0001BB11946002380F8853080F8841008468F
:10BCE000FDF716BB38B505460C46FEF7EDFD2B6893
:10BCF000236003B15C60002363602C60BDE83840C2
:10BD0000FEF7EABD38B50C460546FEF7DDFD636873
:10BD10004BB122681A6023680BB162685A60BDE8B3
:10BD20003840FEF7D9BD23682B60F4E72DE9F041D8
:10BD30000446002839D00E46174698464D8802E042
:10BD40002468002C31D0B4F86230AB42F8D133888B
:10BD5000DB070FD5B3686BB1314604F16000FFF724
:10BD60008FFF0028ECD07FB9B8F1000F0CD0012074
:10BD7000BDE8F081B8F1000FF5D1314604F1600063
:10BD8000FFF77EFF0028DBD004F15400002FD7D04E
:10BD90003946FFF775FF0028D2D0B4F856207B88CB
:10BDA0009A42E4D02468002CCDD12046BDE8F08131
:10BDB0002DE9F0470446002874D00E4690461D46F3
:10BDC0004FF0030A4FF0000902E02468002C47D02E
:10BDD0002169A942F9D1B4F8621073889942F4D16B
:10BDE000636E13B172689342EFD1B4F86030DF072D
:10BDF0004AD5A36E002B47D03388D8074ED5B368F9
:10BE0000002B47D0314604F16000FFF739FF0028CE
:10BE1000DBD004F154000027B4F85430D90722D500
:10BE2000E36D03B3B8F1000F28D0B8F80030DA079B
:10BE300024D5D8F808300BB34146FFF721FF00287E
:10BE4000C3D0B4F85620B8F802309A42BDD1BA45F2
:10BE500001D9A14627B124684FF0010A002CB7D1BF
:10BE60004846BDE8F087B8F1000FF0D0B8F80030D0
:10BE7000DB07ECD5D8F80830002BE8D00137BA45FD
:10BE8000A3D9BA46A146A0E7378817F0010706D024
:10BE9000B76827B104F154000127BDE7012704F179
:10BEA0005400B9E78146DBE7F0B585B0144F05468D
:10BEB0000C2201A843F6FE763C8800F04BFEFEF70C
:10BEC00003FD44F20103621C234494B29BB2B342CB
:10BED00088BF4FF440442046FBF76AFA0123ADF8CF
:10BEE0000600002201A92846FFF720FF0028E8D11C
:10BEF0003C80FEF7F1FCBDF8060005B0F0BD00BFC8
:10BF0000F25E002038B505469420FFF761F904463B
:10BF1000A0B12946942200F01DFE00232360636037
:10BF2000A3602373A3612363E36163626363E363D9
:10BF30006364E36484F8843084F88530204638BD37
:10BF4000F0B587B004460E46154600F0E7FD5B4BA2
:10BF50001B78002B00F09880002C00F0958024685E
:10BF6000002C00F09180237B042B00F099806769FE
:10BF70003A6A12782AB1032B00F09D80022B00F060
:10BF80008C802DB126B13388D90778D50B2D14D8E4
:10BF90006FF0050594F98500F0B1002384F8853031
:10BFA00084F88400FDF7B4F92846FDF7B1F900F0F4
:10BFB000C3FD4FF0FF3007B0F0BD96E807008DE8F5
:10BFC0000700BDF800306D46DB0707D494F9850003
:10BFD0006FF006050028E0D12846E1E7029B002B20
:10BFE000F4D0BDF8023013B9BB79032B52D10C2227
:10BFF00004F160060DEB0200314600F0ABFDBDF828
:10C000000C20BDF800301340DA07ADF80C3027D40F
:10C010000198FFF7AFFBBDF80C30012B2FD10028A2
:10C0200041D0C36A0593BDF80E3003B360690123A4
:10C030002A4603A90068FFF779FE40BB03A93046F2
:10C040000C2200F087FD63691B6ADB68D3B12046D0
:10C0500029469847044600F06FFD204607B0F0BD22
:10C06000059B002BD4D0BDF80E30002BDED16369C8
:10C0700003A91868FFF718FFADF80E00D6E76FF0B8
:10C080000B0587E71C46E6E76FF01B058CE76FF0B2
:10C090000D057FE76FF00E057CE76FF0150579E77A
:10C0A0006FF00A0576E70298FDF71EFE0028B8D16A
:10C0B0006FF00F056EE76FF012056BE7EF230120BD
:10C0C00038B5054600F02AFD134B1B78D3B1CDB12E
:10C0D0002C68BCB1D4F8900008B1FDF7C3FE6369C9
:10C0E0001B6A9B683BB120469847044618B100F094
:10C0F00023FD204638BD00200446286000F01CFDCA
:10C10000204638BD6FF01B00FDF702F900F014FD6A
:10C110004FF0FF3038BD00BFEF2301202DE9F04183
:10C1200082B00D46064617469846089C00F0F6FC7D
:10C130002D490978002951D0002E4FD030680028B1
:10C140004CD054B1099B43B12388DB0727D5099B09
:10C150000B2B1ED86FF0050323E0B0F85430DA073C
:10C160002ED5C36D63B30024002DF3D090F850306A
:10C1700073BB43691B6A9E696EB3009443463A469B
:10C180002946B047044600F0D7FC204602B0BDE87F
:10C19000F081A368002BE7D16FF0060301E06FF098
:10C1A0000B0390F9852072B980F884301846FDF7AA
:10C1B000AFF800F0C1FC4FF0FF3002B0BDE8F081F5
:10C1C0006FF01303EDE71346002280F88520EBE7BC
:10C1D0006FF01403E5E76FF00A03E2E76FF01B006E
:10C1E000FDF796F8E5E700BFEF23012010B5002426
:10C1F00082B001940094FFF791FF02B010BD00BF20
:10C200002DE9F04383B00E469946074690460A9CB6
:10C210000B9D00F083FC2F4B1978002954D0002F80
:10C2200052D0386800284FD066B3B0F862301BB9DE
:10C2300043699B79032B3ED1002C18BF002D14BFFE
:10C240000122002216D190F84030002B36D14369EC
:10C250001B6A5D69ADB3002A4B464246314608BFB2
:10C2600000240094A847044600F066FC204603B072
:10C27000BDE8F0832B682BB1B0F86010C90712D568
:10C280000B2BE0D86FF0050390F9852072B980F888
:10C2900084301846FDF73CF800F04EFC4FF0FF30BC
:10C2A00003B0BDE8F0836FF00B03EDE71346002207
:10C2B00080F88520EBE76FF00403E5E76FF01403E7
:10C2C000E2E76FF00A03DFE76FF01B00FDF720F8ED
:10C2D000E2E700BFEF23012010B5002482B00194F3
:10C2E0000094FFF78DFF02B010BD00BF2DE9F041B3
:10C2F00082B01C4607460E469046089D00F00EFC94
:10C300003C4B1B78002B6FD0002F6DD03868002875
:10C310006AD0002C50D0002D4ED0374B9E4212D008
:10C320004369002B48D01B6A1F6A002F44D0234664
:10C33000009542463146B847044600F0FDFB2046D2
:10C3400002B0BDE8F08108F1FF33052B49D8DFE8E2
:10C3500003F0291F0E480303032D2DD92368B8F1DC
:10C36000050F4FF000040CBF83648363E5E7032DE2
:10C3700022D961884FF47A722378002402FB01F2FB
:10C380001B1BC0F8882018BF012380F88E30D4E72B
:10C39000032D11D9236800241B1B18BF012380F82B
:10C3A0008C30CAE7032D07D9236800241B1B18BF54
:10C3B000012380F88D30C0E76FF0050390F98520E8
:10C3C0001AB11346002280F8852080F88430184680
:10C3D000FCF79EFF00F0B0FB4FF0FF3002B0BDE86D
:10C3E000F0816FF00803E9E76FF01B00FCF790FFA6
:10C3F000F0E700BFEF23012017E503002DE9F0412E
:10C4000082B01E4607460C469046089D00F086FB0B
:10C41000664B1B78002B00F0C480002F00F0C18019
:10C420003868002800F0BD800EB305B3604B9C4215
:10C4300010D04369DBB11B6A5F6AC7B12146009522
:10C4400033464246B847044600F076FB204602B029
:10C45000BDE8F081B8F10D0F00F2A080DFE808F030
:10C460001B28323C9E4D4D5B64717C7C8A946FF03E
:10C47000050390F985204AB980F884301846FCF706
:10C4800047FF00F059FB4FF0FF30E0E71346002272
:10C4900080F88520F0E72B68032BE8D9037B042282
:10C4A00000249B1A2A60B3FA83F35B093360CBE75D
:10C4B0002B68032BDBD990F88D30042200242A60EE
:10C4C0003360C1E72B68032BD1D990F88C3004225C
:10C4D00000242A603360B7E72B68032BC7D90423F5
:10C4E00090F88E10334A00242B60D0F888303170D9
:10C4F000A2FB03239B097380A6E72B68032BB6D905
:10C500000423B8F1050F4FF000042B600CBF836CBF
:10C51000836B336098E72B68002BA8D0037B012244
:10C5200000242A6033708FE72B68002B9FD090F98E
:10C530008420002301211C462960327080F8843059
:10C5400082E72B68002B92D0436901222A6003B155
:10C550009B793370002477E72B68032B87D904235A
:10C56000B8F10A0F4FF000042B600CBF436B436C13
:10C57000336069E72B68032B7FF679AF042300242F
:10C580002B60C36A33605FE72B68032B7FF66FAFC6
:10C59000042300242B60836A336055E76FF008039F
:10C5A00067E76FF01B00FCF7B3FE6AE7EF2301209B
:10C5B00017E50300D34D621038B50546FEF784F940
:10C5C0004DB1A86838B14468FEF760FC2046002CE5
:10C5D000F9D1AC602C60BDE83840FEF77DB900BFF2
:10C5E00038B50C460546FEF76FF921462846FFF799
:10C5F00089FB04F13400FFF7DFFF04F14400FFF78B
:10C60000DBFF2046FEF7DCFDBDE83840FEF764B9ED
:10C610002DE9F04107460C46904600F07FFA2D4B7D
:10C620001B78002B3AD0FFF70DFB054600283ED0C3
:10C63000214642463846FFF7FBF80646002839D027
:10C640009420FEF7CDFD0446002838D00023286052
:10C6500085604661A0F86070C0F810800373B8F17F
:10C66000000F18D0A4F85470FEF72EF93368236039
:10C6700003B15C60002363603460FEF72DF9336A18
:10C680005B681BB12046984701301BD000F054FA7C
:10C690002846BDE8F081B3680361E3E76FF0180056
:10C6A000FCF736FE00F048FA0020BDE8F0816FF09C
:10C6B0000100F5E76FF0090000232B60F0E76FF051
:10C6C0000200F9E721466069FFF78AFFFCF71AFECE
:10C6D000F2E700BFEF23012070B504460D46164671
:10C6E00000F01CFA404B1B78002B77D0002C75D043
:10C6F0002468002C72D046B33DB32A88D1074AD5AE
:10C700000B2E22D9B4F86230FBB9B4F8603013F0C4
:10C71000010001D0A16EC1B9A96801F0F006E02EB8
:10C720002DD16E88934239D06B686366DEB1A4F870
:10C73000626004F13400FFF73FFF04F14400FFF7AB
:10C740003BFF00F0F9F9002070BD6FF0050094F98F
:10C75000853043BB84F88400FCF7DAFD00F0ECF987
:10C760004FF0FF3070BD63699A79032ADFD01868F3
:10C7700004F16001FFF798FBA4F86200D9E721B14A
:10C78000B0B92846FEF770FD28B36E88BEB9B4F87C
:10C7900060302A88C6E76FF00B00D8E7DB07C3D507
:10C7A000AB68A366C0E71846002384F88530D1E75C
:10C7B0000021A06EFDF760FB0028E6D1E1E7626989
:10C7C0000023294610681A46FFF7B0FA0028DED089
:10C7D0006FF00D00BBE76FF00E00B8E76FF01B00C5
:10C7E000FCF796FDBAE700BFEF23012038B50446F9
:10C7F0000D46FEF769F86969236862680B44934245
:10C800000CD82946A068FEF789FC6B692268A060F5
:10C8100013442360FEF760F8002038BDFEF75CF893
:10C820004FF0FF3038BD00BFF8B504460D4617463F
:10C83000FEF74AF86969236862680B4493421CD882
:10C8400000210C20FEF772F90646B0B139460C22E1
:10C85000C068274600F07EF922686B692946304699
:10C86000134447F8083BFEF759FC01463846FEF7EB
:10C8700071FCFEF731F80020F8BDFEF72DF84FF0FF
:10C88000FF30F8BDF8B58568F5B16C691E460746FE
:10C890000B46944228464FF0000128BF144622461A
:10C8A000FEF7A0F9012E01D02046F8BDFEF70CF8E6
:10C8B00007F108002146FEF77DFB3B681B1B3B6030
:10C8C000FEF70AF82046F8BD2C462046F8BD00BF0A
:10C8D0002DE9F84385689DF820908DB32F68984620
:10C8E00006460B4657B37C6900213846944228BF60
:10C8F00014462246FEF776F940460C22E96800F01D
:10C9000029F96B690C3B9C4238BF4FF0FF34B9F1F9
:10C91000000F02D12046BDE8F883FDF7D5FF1FB117
:10C920007A6933689B1A336006F108002946FEF7DE
:10C930001DFCFDF7D1FF2046BDE8F8833C46DBE750
:10C940002C462046BDE8F88368B1038813F0010344
:10C9500008D0806800F0F000A0F1E000B0FA80F0AC
:10C96000400970471846704710B10388DB0701D4AF
:10C97000002070478068FDF77FBA00BF38B1038898
:10C98000DB0704D58068B0FA80F0400970470120C9
:10C99000704700BF10B109B1FFF772B900207047AE
:10C9A00010B109B1FFF77EB9704700BF48B10388E5
:10C9B000012B07D110B504464068FEF7DBFE18B125
:10C9C00010BD704700207047A068BDE81040FDF71B
:10C9D0008BB900BFF8B5002830D0416800292DD0B0
:10C9E00083680446304D314AC0682B601060002BCC
:10C9F0004AD01B6813B32E4E30469847F0B92B68C7
:10CA0000CBB19A682B4F8AB1316879B130469047E3
:10CA10003B78BBB14FF0FF342B682BB1DB681BB107
:10CA20002348026802B198472046F8BD3A784AB1D7
:10CA30004FF0FF34F2E71F4F3B781BB14FF0FF344C
:10CA40002046F8BD61682068FEF7ACFB044600286C
:10CA5000E2D1FBF74BF904460028DDD1FDF790FF4A
:10CA6000154A164B0A2014601C6002F06BFA013064
:10CA70000FD0FEF791FE01300BD0FFF71DF901300A
:10CA800007D001233B70C7E70A4F3B78002BD5D175
:10CA9000D9E7FEF72DFE4FF0FF34FEF7ABFE02F0B4
:10CAA0005FFAFEF7B5FBB7E75017012058170120D2
:10CAB000301F0120EF230120D8240120DC24012095
:10CAC00008B502F089FABDE80840FBF7BFB800BF1F
:10CAD000054B1B681BB11B681BB110B118471846EA
:10CAE00070474FF0FF30704750170120044B1B6810
:10CAF0002BB19B681BB110B1026802B11847704797
:10CB000050170120044B1B682BB1DB681BB110B11F
:10CB1000026802B11847704750170120044B1B6888
:10CB20002BB19B681BB10348026802B118477047DC
:10CB300050170120301F0120044B1B682BB1DB680C
:10CB40001BB10348026802B1184770475017012013
:10CB5000301F0120032AF0B470D9CE070B4606D54A
:10CB60000B780131013A013000F8013C0B469D077A
:10CB700005D50B88023A0231023020F8023C9709B1
:10CB80004DD000F1400401F140033D4653F8406CA4
:10CB9000013D03F1400304F1400444F8806C53F874
:10CBA0007C6C44F87C6C53F8786C44F8786C53F8DF
:10CBB000746C44F8746C53F8706C44F8706C53F8EF
:10CBC0006C6C44F86C6C53F8686C44F8686C53F8FF
:10CBD000646C44F8646C53F8606C44F8606C53F80F
:10CBE0005C6C44F85C6C53F8586C44F8586C53F81F
:10CBF000546C44F8546C53F8506C44F8506C53F82F
:10CC00004C6C44F84C6C53F8486C44F8486C53F83E
:10CC1000446C44F8446CB9D1BF0138443944C2F380
:10CC200083075FB1051F3B460C4654F8046B013B7C
:10CC300045F8046FF9D1BF0038443944940704D54E
:10CC40000B880230023120F8023CD30701D50B7863
:10CC50000370F0BC704700BF22B1024400F8011B12
:10CC60008242FBD1704700BF29B10144002300F884
:10CC7000013B8142FBD17047AAB130B4044603782E
:10CC80000878181A0AD12244013405E014F8013B4F
:10CC900011F8015F5B1B03D19442F7D130BC7047A0
:10CCA000184630BC70471046704700BF014640B17F
:10CCB00000784B1C28B1581A13F8012B002AFAD11E
:10CCC0007047704770B10278431C6AB1B1FA81F0C5
:10CCD000400910B108E0814205D013F8012B013062
:10CCE000002AF8D1704770470020FBE750B149B1E6
:10CCF0000B782BB100F8013B11F8013F002BF9D163
:10CD000000230370704700BFA0F14103192B01D825
:10CD10002030C0B2704700BFF0B408B307460C46DD
:10CD200017F8015B01E09D4214D014F8013B002B81
:10CD3000F9D1CDB13D460C4615F8016B00E05BB171
:10CD400014F8013B9E42FAD146B100233B701560B6
:10CD5000F0BC70473846E1E72F46EBE73546F6E78B
:10CD600010680028DAD1F3E728461560F0BC704758
:10CD700010B5074C44F2A7116FF000420023206861
:10CD8000A0FB010107F002FB2260104610BD00BFAE
:10CD9000F81E0120024A136818441060704700BF53
:10CDA000F81E0120F8B51546876900220E462A7044
:10CDB000BB8BA3B1144643F00170FAF7FDFA305172
:10CDC0002C780D480434E4B22C70BB7F1B0218434E
:10CDD000FAF7F2FA30512B7803332B70F8BDC06D9F
:10CDE000FCF782FF28B18368283B9BB2BB832C7879
:10CDF000E1E72C78BB8BDEE70000030338B58469DC
:10CE0000054688212046FFF72FFFA96B1A4A4FF4E9
:10CE100006702B6F9142A087A38323D89BB2A16099
:10CE2000994200D2A183A37F4FF4405000FA03F24D
:10CE30008A4206D20133DBB200FA03F28A42F9D306
:10CE4000A377696B4FF0FF330C220B482367E3662F
:10CE50006366E3676367A366A367A264E264A06393
:10CE600019B938BDA2601146DDE705F13400BDE80F
:10CE70003840FFF7A1BB00BF0000FF0F88B138B5F5
:10CE80000546006828B14468FEF700F82046002CEB
:10CE9000F9D1002328466B602B60BDE83840FEF7CF
:10CEA0008FB9704706292DE9F041069D04D00695FB
:10CEB000BDE8F041FCF782BEA2F10E041F46072C2C
:10CEC00028D8DFE804F020271C13270F0B04C36FBA
:10CED0003B60042300202B60BDE8F081836F5B087A
:10CEE0003B60F6E7436F5B083B60F2E78369D3F88A
:10CEF000843013F0080307D001233B60E9E790F882
:10CF000080303B60E5E7036F3B60042300202B602B
:10CF1000BDE8F0816FF00801FEF7D8FE4FF0FF305A
:10CF2000BDE8F08138B5456AA5B10446FDF7CCFCF3
:10CF3000656A00E025462C68002CFBD12B6B294646
:10CF40009A6A03F12400013A9A62FEF7DBFE2C6331
:10CF5000FDF7C2FC284638BDF8B504468820FEF728
:10CF60003FF9F8B10246002301214FF4615E962794
:10CF70000826A26140254FF400421846236784F832
:10CF80008C3084F88E3084F86D3084F8801084F80A
:10CF90008D10C4F874E0A767E66784F86C50A2644B
:10CFA000A263F8BD20466FF00201FEF78FFE4FF03E
:10CFB000FF30F8BDF8B506460D46FDF785FC344B4D
:10CFC0001C68002C56D0002701E02468A4B1B4F8F6
:10CFD00062206B889A42F8D1237B042B33D1002F37
:10CFE000F3D104F160073846FFF7C8FC002846D0AB
:10CFF00027462468002CEAD1002F3BD0FC696CB195
:10D00000314604F15400FFF7C5FC20B1B4F85620B6
:10D0100073889A4213D02468002CF1D17C6A6CB1D9
:10D02000314604F15400FFF7B5FC20B1B4F85620A6
:10D0300073889A4203D02468002CF1D13C46FDF756
:10D040004BFC2046F8BD294604F16000FFF7A2FC26
:10D050000028BAD0237B002BB7D0314604F154000E
:10D06000FFF798FC0028B0D0B4F8562073889A4295
:10D07000ABD1E4E70024FDF72FFC2046F8BD38468D
:10D080002946FFF787FC00280CBF002727469CE7AE
:10D09000045E002091F88030042B17D015D3062BA6
:10D0A0001AD8052B1CD0CB6E0A22013B81F88020B8
:10D0B000033312D84FF0FF3201238A660370D1F890
:10D0C000843043F00803C1F88430704707220123FD
:10D0D00081F880200370F2E770473023CB66E9E7E0
:10D0E0000B6A9342DFD0082381F88030E7E700BF66
:10D0F000002944D0CA682DE9F84F177B8B46824639
:10D1000014244FF00C083F09BD00AC4229D2A35CA7
:10D11000A11833B3012B26D004F10109A94520D26F
:10D120004878661E0644B5421BD9022B1DD0032B3E
:10D1300011D18B780C2B98BF8AF83E30DAF8843006
:10D1400088BF8AF83E8043F02003DBF80C20CAF841
:10D150008430177B3F0912F80930BD001C44AC42F3
:10D16000D5D3BDE8F88F0134CEE74888FAF720F927
:10D17000DBF80C20AAF83C00177B3F09EBE770476F
:10D1800070B5056B0446E5B1037B022B0CD0AB6A8E
:10D190008069013BAB62FFF771FE214605F1240077
:10D1A000BDE87040FFF71CBA2B6A8069013B2B6217
:10D1B000FFF764FE214605F11C00BDE87040FFF753
:10D1C0000FBA8669D6F88430DB0716D4306828B1E8
:10D1D0004568FDF75BFE2846002DF9D1002504F1D6
:10D1E000440075603560FFF7E7F9257304F15400DA
:10D1F0000C21BDE87040FFF737BD3046FFF73EFE1B
:10D2000021460248BDE87040FFF7EAB9045E0020FD
:10D2100006292DE9F041069E14D1152A054614462B
:10D220001F4606D80123934013F4651F01D0042E36
:10D230003CD10E3C072C2CD8DFE804F0092B0F2B37
:10D240002B171E250696BDE8F041FCF797BC3B68FE
:10D2500063B32B670020BDE8F081386810B3012369
:10D26000002085F88030BDE8F0813B68F3B15B00B9
:10D2700000206B67BDE8F0813B68BBB15B0000201C
:10D28000AB67BDE8F0813B6883B1EB670020BDE888
:10D29000F0816FF008012846FEF718FD4FF0FF30CF
:10D2A000BDE8F08185F88000BDE8F0816FF00501F0
:10D2B000F1E700BF002A18BF002B2FD0F8B5E1B16D
:10D2C000DB68054610469F7893F803E01E785B788C
:10D2D00047EA0E2746EA032357804B80FFF76AFE92
:10D2E00058B1092D09D8DFE805F015110D05050D18
:10D2F0000D080809027B042A11D1F8BDF72280F835
:10D300008520F8BDE82280F88520F8BDF82280F855
:10D310008520F8BD83699A8F1A63F8BD7047EE22A5
:10D32000BDE8F84080F88520FFF72ABF38B5144DD6
:10D3300000221449C82001F059FE2860A8B100223B
:10D3400011494FF4FA7001F051FE104B0446186079
:10D3500070B1FFF70DFD0E4A0021136803F57A4303
:10D3600053FA80F01060084638BD4FF0FF31FAE7FD
:10D37000286801F05BFE2C604FF0FF31F3E700BF3F
:10D38000341F0120E1E0000099F60000381F012061
:10D39000541701202DE9F047044688B04069FEF794
:10D3A000E9F9002107461420FDF7C0FB00286ED0E4
:10D3B00005461421C068FFF757FCE66A26B194F8C9
:10D3C0003080B8F1000F6BD1EB6850221A73EE6811
:10D3D000E388E0693380638A7380F9F7EDFFD5F85D
:10D3E0000C807060206AF9F7E7FFEB68C8F8080066
:10D3F00094F824205A73EE68E08CF9F7D9FF616B3A
:10D40000F0812846FDF78AFE0546208DEE68F9F783
:10D41000CFFFEB68002270821A8203F11006238A84
:10D42000012B0FD0AA8A4FF4C0612846FBF73AFFC0
:10D43000EB6830801033228A012A0CD0002008B01B
:10D44000BDE8F087002F6CD03B6A9B0759D4EB688E
:10D4500003F11006E6E72068E168A26900285CD0C5
:10D46000447890F800E090F8200000260593062309
:10D47000049002953846CDF804E000940396FCF73A
:10D48000ABFF08B0BDE8F0872846FDF7FFFC606BF6
:10D4900008B1FDF7FBFC6FF0020008B0BDE8F087B3
:10D4A000002128200795C146FDF740FB8246002851
:10D4B000EAD02821C068FFF7D7FB51460798FDF74F
:10D4C0002DFE0023721E0668079012F8010FF16806
:10D4D000C85401339845F8D118F0030F05D028F04F
:10D4E000030808F104085FFA88F9A9F1280107A8E0
:10D4F000FDF760FD3369079A1433D2689B001373FC
:10D5000065E769693846FCF711FC00289FD1AA69D4
:10D51000034642F02002AA618DE704464FF0400E18
:10D52000A3E7A069FCF7E0FB074600288CD18EE753
:10D530002DE9F04784698EB0426C0546266AE3689F
:10D54000C06DF31AC3EB02088845474628BF0F4653
:10D55000FDF782F807F11403984238BFA0F11407D1
:10D56000C7EB0803B3FA83F35B09002F61D0002BEC
:10D570005FD04FF0180995F850200AB1002B69D1FF
:10D58000A9696B6B8A68D31A62D48869984204D2FD
:10D59000B1F81CE0191A714553D3A361002F46D08E
:10D5A000696C00233A46E86CC8EB0101FDF7C4FB47
:10D5B000804600285ED005F16C030DF1380A05F1B4
:10D5C00060010C2201A84AF8383DFFF7C3FA05F1C3
:10D5D00054010C2204A8FFF7BDFA226A636A4FF0D7
:10D5E000FF318DF82490002508935046A3690792D7
:10D5F000A27FA167D340CDF83480ADF82850ADF8B4
:10D6000026300B958DF83050FFF7C4FE2369B91909
:10D6100025645A1C03F1005321629A420CD99142AD
:10D6200001D2994200D821610EB0BDE8F087B8461A
:10D63000C1E74FF010099EE79142F2D20EB0BDE86B
:10D64000F087B1EB520FA8D2002818BF0346A4E719
:10D650000023A2E794F8803049F001090136042B39
:10D660000DD0072B0FD0D4F8843043F00403C4F856
:10D67000843085E7B9196FF002002162D4E70523F1
:10D6800084F88030EFE7092384F88030EBE700BFAF
:10D690002DE9F0410C6805468EB01E46607B00F017
:10D6A0001000002837D100F0FF030F469046079383
:10D6B0006068F9F781FE3B68D8F800104FF0140E4F
:10D6C0005A7B1B7B02F00107C2F340041B098DF853
:10D6D00024E07A182244A2EB8302104408900EAC96
:10D6E000314601A80C2244F8385DFFF733FA0C22CA
:10D6F000149904A8FFF72EFA00232046ADF826302F
:10D70000ADF828300B938DF830300D93FFF742FEC3
:10D710000EB0BDE8F081A068F9F74EFE00220423A8
:10D72000079008928DF82430D9E700BF2DE9F04F1B
:10D73000846991B09946064601920F46426BA368F0
:10D74000256A9A1A74D4A169914204D2501AB4F885
:10D750001CE0704562D3B907A26157D4A37FDA40B9
:10D760001FFA82F8FB070CD594F880200135042AB3
:10D7700069D0072A6BD0D4F8842042F00402C4F8A0
:10D78000842007F0100202F0FF0B0AB1D4F824B095
:10D790000C2206F16C030DF1400A06F160010DEB5D
:10D7A00002004AF8383DFFF7D5F906F154010C2282
:10D7B00006A80026FFF7CEF94FF0FF31226A504647
:10D7C000019BA16709920D93CDF828B08DF82C70BC
:10D7D000ADF82E808DF83890ADF830600F96FFF7D9
:10D7E000D9FD236926645A1C03F1005325629A422D
:10D7F00006D8954201D39D4204D911B0BDE8F08FFF
:10D800009542F8D3256111B0BDE8F08FB2F5405FC5
:10D8100005F10105A4D94FF44058A3E7B0EB530F2D
:10D8200099D2002918BF0A46B907A26196D5EDE73B
:10D83000002301F00201A36101F0FF0200298DD055
:10D84000013598468EE7052284F8802093E7092267
:10D8500084F880208FE700BF30B5846985B0054625
:10D8600094F88030052B21D0092B1FD0022B09D032
:10D87000002310211A46FFF759FF4FF0FF33A3672B
:10D8800005B030BD236A0DF1070202A9013B2362F6
:10D89000FFF788FA9DF8073002AA28461221FFF701
:10D8A00045FF4FF0FF33A36705B030BD226A002368
:10D8B00028461121551E1A462562FFF737FF4FF003
:10D8C000FF33A36705B030BD027B32B18269936F2D
:10D8D000591C02D0013B936703B17047FFF7BCBFEF
:10D8E00038B5FCF7F1FF0A4B1D686DB12846FFF70C
:10D8F000EBFF6C6A2CB12046FFF7E6FF2468002C92
:10D90000F9D12D68002DF1D1BDE83840FCF7E4BF16
:10D91000045E00202DE9F84305461446894603F0CD
:10D9200002078669DDF82080FCF7CEFF2846B7FAAB
:10D9300087F3494650F8342F5B09A24228BF22469C
:10D94000FEF7A0FF044607BB336CB28B0344B3EB76
:10D95000420F336422D32B7B032B13D054B3B8F183
:10D96000000F0AD040460C2205F15401FFF7F2F8EF
:10D970001CB9D6F884301B0728D4FCF7ADFF20462D
:10D98000BDE8F8832846FFF767FF002CE7D12B7B23
:10D99000032B0FD1B8F1000FEBD0E3E7B268B3EB84
:10D9A000520FD8D2B269002AEFD1002BD3D1002C6C
:10D9B000EDD0D4E76FF01304FCF78EFF2846214624
:10D9C000FEF784F94FF0FF30BDE8F8836FF01904DB
:10D9D000F2E700BF2DE9F843856907468946EC6800
:10D9E0002A6AD5F88400AB6AC4EB020820F0400133
:10D9F000B3EB0804C5F8841068D42B6BA98FC8EB6F
:10DA000003037A6CB3FBF1F3C8EB020803FB01F3E9
:10DA10004445A8BF44469C42A8BF1C46002C49DD93
:10DA20000026A1423ADDEB6AB4EB530F2EDCD5F8A9
:10DA30008430DA062AD4E9682A6A914202D097F83B
:10DA4000802072B1A219904563D0696FAA6C481CFE
:10DA500001D0914201D92A656A6743F04003C5F8B5
:10DA6000843086B395F86030002B37D12B6A0021C3
:10DA700001226B61E96785F860204FF0FF322B6F60
:10DA800093426A6740D00120BDE8F88326443846B7
:10DA90002146FFF74DFD002EE4D114E03846FFF794
:10DAA00047FDA98F641A0E44002CDADDB9F1000F8E
:10DAB000B7D0D6E797F850302BB1B8F1000F02D1AC
:10DAC00010F0040318D00020BDE8F88322449846E3
:10DAD000022300242A6285F860308EE7022BCCD125
:10DAE0006A692B6A511C02F10052914217D999427E
:10DAF000BDD99A42C1D3BAE71A4638461121FFF779
:10DB000015FE2B6F0133BED1AB6C01202B67BDE836
:10DB1000F88321463846FFF70BFD4646A1E79942B8
:10DB2000E7D9AAE738B5037B032B25D10D46044678
:10DB3000FCF7CAFEAA0702D594F8503043B1EB07B0
:10DB400002D594F8403063B1FCF7C6FE002038BD22
:10DB50000121204684F85010FFF73CFFEB07F3D576
:10DB6000EFE704F13400FEF727FD012384F840308D
:10DB7000FCF7B2FE002038BD6FF01301FEF7A6F8E7
:10DB80004FF0FF3038BD00BFCB682DE9F04F0546A0
:10DB9000846985B0986817468846F9F70DFC95F8B2
:10DBA0008D20D8F80C308146012A93F80DA00CBFC7
:10DBB0006A6F4FF0FF32A2663A68500701D5012222
:10DBC000A267E1684FF0FF328945626600F0DE80AF
:10DBD0000023C1EB09016E6C63648E42236BA84A7B
:10DBE00028BF0E46934215D8A26B934200F2EB80F9
:10DBF00099198A4280F0E181616B226319441346CE
:10DC00008A1A324462639A4204D3A18FD21A0B4417
:10DC100062632363314605F14C00FDF7CBF9236ABB
:10DC2000696C5A1C03F10053891B9A426964C4F859
:10DC30000C9045D9914501D2994501D8C4F820905E
:10DC4000636913F1005259D2994506D3914504D81E
:10DC500094F86030012B00F09981D8F80C30D8F896
:10DC6000142003F10C00D4F88410090749D5037877
:10DC70004FF001091B09B2EB830F3B6802D943F057
:10DC800002033B601B0702D41AF0080F02D028469B
:10DC9000FFF7E2FDD4F884102846C1F3C011FFF766
:10DCA00099FE3B6810B143F001033B60A26A52B990
:10DCB0006A6C42B1626F013200F09580226D08E01B
:10DCC0009145B9D2BCE7D4F88420560602D44FF06F
:10DCD000FF326267226AE16891420CBF4FF0FF3267
:10DCE000A26C13F0090F226704D1980702D52846C9
:10DCF000FFF7B2FD484605B0BDE8F08F9945A5D3C2
:10DD0000A6E7CDF80880017893F80D8009094FEA5D
:10DD1000810991455BD0AE695868F9F74DFB736A8C
:10DD20009842706862D0029BB1685A6902448A4284
:10DD30007FD83A68316842F002023A60002900F068
:10DD40006A814FF000090391DB685868F9F734FBEA
:10DD5000029B00F10108DB685868F9F72DFB039B73
:10DD600000F1005BDB685868F9F726FBD8456CD8F2
:10DD7000804501D883456AD2DDF80C90D9F804308B
:10DD8000002B00F0FF800393029BDDE7266AB1457C
:10DD900024D06A6C12B3197B03F10C00D8F814205C
:10DDA0000909B2EB810F7FF45EAF1AF0030F7FF425
:10DDB0005AAF616C01F1010EBEF1030F00F0438117
:10DDC000C4F844E04FE7626B324462631BE718F02B
:10DDD000210FA0D13B684FF0010953E703F10C007C
:10DDE000D8F814203FE7A26C226572E700289AD188
:10DDF00018F0010F40F01481494602A8FDF7DAF847
:10DE0000029B002B00F00981726A19465B694FF092
:10DE10000009E86B13447362FDF780F9029B6A6B9B
:10DE200059693B680A44E86343F004036A633B6052
:10DE300028E7DB685868F9F7BFFA736A9842029BD3
:10DE40003FF477AF4FF0010910E0804592D8B9F167
:10DE5000000F00F09480029BC9F80430039A5A60C6
:10DE600071684FF000095A690A447260DB685868AB
:10DE7000F9F7A2FAD6F824B058453ED03B6801E73E
:10DE8000FFFFFE0F834565D84868F9F795FA3268B9
:10DE90000190D2685068F9F78FFA32687168D2F849
:10DEA00014E0D368CEEB010C516893F80C80039218
:10DEB0004FEA181886E802100021AEEB880851607E
:10DEC0008044597BC9077CD4D268042303A8117B02
:10DED000090913FB01B1019BC91AFDF76BF8039AFD
:10DEE00042B16B6B11465269E86B13446B63FDF7EB
:10DEF00015F9E863C346C6F824803268002ABDD00D
:10DF0000D2685068F9F758FA32688046D26850688B
:10DF1000F9F752FA00F1005080452DD8D845ADD818
:10DF20005845ABD332680BF10058D2685068F9F706
:10DF300043FAD6F800E0C345DEF80C10DEF81420F2
:10DF400091F80CC04FEA1C1CA2EB8C02104499D82B
:10DF5000834501D8804597D2DEF804307046726858
:10DF60005969CDF80CE0521A33607260FCF78EFFED
:10DF70003268002AC4D181E7D845D1D8D2E7029BC4
:10DF800033606BE7029BC9F8043069E7A26D4AB3BE
:10DF9000E06FA0EBD2000244002A39DDD108A2656F
:10DFA00080EAE072E36DA2EBE072A2EB93021A4406
:10DFB000002A1DDC0122E2651BE00B46626B216337
:10DFC00021E6986808F10108F9F7F6F9A96902460F
:10DFD00005F10C00FFF75EF83968039A41F008017B
:10DFE000396071E7E26F0132D3005200D908A365AE
:10DFF000E265D8F80C300A4400264FF0FF31A264E5
:10E0000003F10C00D8F8142084F86060E1672AE678
:10E010000021A365C4E7336022E799463B6831E6F7
:10E02000029BDB689868F9F7C7F9A969024605F110
:10E030000C00FFF72FF8726A3B68013243F00803C7
:10E0400072623B60D8E6236B0231A26A616493423C
:10E05000A18F8CBF53085B084A00A3639A4201D981
:10E060001346A26323632846C4F82090FFF760FAA2
:10E070003B684FF0FF3E022143F00102D8F80C301C
:10E08000266203F10C003A60C4F87CE084F860106A
:10E09000D8F81420E7E500BF2DE9F0471446564AAA
:10E0A0000646944200F29980027B032A62D114B999
:10E0B0002046BDE8F087994688468769FCF704FC4E
:10E0C000B56CD6F844A0FDF7A1F840F6C903984214
:10E0D0005FD9CAEB0502824256D8944233D819F070
:10E0E000040F35D096F88C3093BB012386F88C3022
:10E0F000D7F884309442404628BF144643F080034A
:10E1000001222146C7F88430FCF75CFD0546002853
:10E1100066D04FF0010806F1440929464846FEF74B
:10E1200065FB002852D1BB6AE3BB7B6F013349D04A
:10E13000B8F1000F02D0002386F88C30FCF7CCFB3E
:10E140002046BDE8F08722B319F0040F4AD11446E7
:10E15000D7F884309442404628BF144643F08003E9
:10E1600001222146C7F88430FCF72CFD054630BB60
:10E170000446E3E76FF013014FF0FF343046FDF73C
:10E18000A5FD2046BDE8F0878442024628BF04462C
:10E19000A5E7FCF7A1FB00248AE701213046FFF741
:10E1A00019FC28B1337B032BF7D04846FEF704FA5D
:10E1B000D7F8843023F08003C7F88430B8E74FF0F5
:10E1C0000008A8E7BB6C3B657B67B1E728460024E5
:10E1D000FCF73EFDFCF780FB6AE76FF00501CBE73B
:10E1E0000446A8E796F88C30002BB0D101231446E2
:10E1F00086F88C307CE700BF0000FF0FF0B50546C5
:10E2000085B008460C46FEF7D1FB00284DD00146EC
:10E210002046FEF7A9FB00283AD12046FEF794FBE2
:10E22000002835D12846224FAE69FEF7E7FD02A946
:10E230000DF107022846FEF7B5FD3A6805F15403D3
:10E24000511C3262316194E8070083E80700FCF753
:10E250003BFB02AA9DF8073002212846FFF766FA29
:10E260000446F8B90122022386F880202B73FEF7BA
:10E270007FFD3B68B16C1E2203F57A43316753FA88
:10E2800080F0F2663860FCF727FB204605B0F0BD51
:10E290006FF00E0428462146FDF718FD4FF0FF30C1
:10E2A00005B0F0BDFCF718FBF4E76FF00F04F1E7E1
:10E2B000541701202DE9F04F8BB0DC6807460E465D
:10E2C0000AAD1498904645F81C3D247BFCF7DEFD12
:10E2D00028462409A4002146FCF7FAFD013008D0A5
:10E2E000039883699B060BD539463046FEF73CFB05
:10E2F000D0B103990846FCF7C9FD0BB0BDE8F08F1B
:10E30000828A4FF4C061FAF7CDFFB8F8003008F107
:10E31000080206F10801012B14BF10230423FAF7A9
:10E32000D9FF0028E5D1DFE73046FEF70DFB039962
:10E330000028DFD14B699C42DCD8CB684046394687
:10E340001A8872805B88A8F80230FEF70DFB18B9B6
:10E350004046FEF7F9FA50B1039943460096002073
:10E3600001F114020C31FFF793F90399C2E741461A
:10E370003046FEF71FFE0546002800F00181037BB2
:10E38000042B00F0F380039B0022AC69D9685A602B
:10E39000486807920693F9F70FF8069B0746DB6873
:10E3A000986893F80CB0F9F707F88146069894F846
:10E3B0008020C368012A5B7B03F03F0A62D0032AF6
:10E3C00060D0022A72D0616A07F1010E07F1005293
:10E3D0004FEA1B1B96454FEA8B0B00F2B9808E4526
:10E3E00028D88A4226D3426901F1005E481CCBEB53
:10E3F000020270453A4400F2BF80904227D8964509
:10E4000025D3CF1B06A8594602933A46FCF7D6FD02
:10E41000029B9A0600F1C280069B676ADA6838465A
:10E420000292F8F7C9FF079B029A43F0020350607B
:10E43000616A0793A3691944481C01F10052904294
:10E4400009D8B84200F28880BA42C0F085802846D8
:10E45000FFF702FA4DE7B842F9D9BA42F7D2069B64
:10E460005B69CBEB03033B44984201D99A427AD3D0
:10E47000C91A06A8FCF79EFD079B94F8802043F07C
:10E48000020307930AF01403142B36D01AF0040F7A
:10E490001AD0012A3FF42DAF032A3FF42AAFEE230E
:10E4A000284685F88530FEF76BFE22E794F8811048
:10E4B000012988D113F0020F616A85D001F1FF3E76
:10E4C000774581D15B07EAD40AF0020303F0FF0B22
:10E4D000ABB3022A72D0032A16D0012A14D00699AF
:10E4E00005F16C004346009601F114020C31FFF770
:10E4F000CFF82846FEF744FEFBE6012AC6D1236A80
:10E5000099457FF4F6AECAE70AF0100303F0FF0A5C
:10E51000002B00F08280002A00F0A580022A40F241
:10E520009180032A40F09F8006994346009605F1AA
:10E530006C0001F114020C31FFF7AAF8D9E6012AA8
:10E5400001D0032AE0D11AF0100F3FF4D2AEEBE76E
:10E550008E453FF646AF46E7069B5B69CBEB030370
:10E560003B44984282D994F880208BE70C223146B4
:10E570005430FEF7EFFA06E790423FF640AF40E72F
:10E580000399CB685B7B5C073FF5B4AE01F11402E5
:10E59000009643460C31FFF77BF8AAE6069A0293F1
:10E5A000D268508AF8F704FF8742029B4ED9069A38
:10E5B00003F01F0AD36883F80DA02DE794F881308B
:10E5C000012B8CD1636A013B9F4288D10AF0100372
:10E5D00003F0FF0A002B3FF43AAF236A9945A3D119
:10E5E000069BDB68D889F8F7E3FEA062A36AE26ABB
:10E5F0009A4238BFE36294F88030013B092B00F265
:10E60000C181DFE813F06A01BC00AD009E007B0011
:10E610009E009E006E0066004700022A3FF417AF7E
:10E62000032A02D0012A7FF464AEBBF1000FD7D1D8
:10E63000069BDB68D889F8F7BBFE94F83E3098401B
:10E64000A062D3E7236A9945EFD06DE7069BDB68AC
:10E65000588A0293F8F7ACFEC01B80B2F8F7A8FE08
:10E66000029B5882D8E6E26823699A420FD8914506
:10E6700001D39945D9D95A1C03F100539A4225D8A0
:10E680009145FFF436AE99453FF633AEDFE691454E
:10E69000EFD3CAE706994346009605F16C0001F1F5
:10E6A00014020C31FEF7F4FF95F84030002B3FF4D4
:10E6B00020AE6B6B002B3FF41CAE012605F134003D
:10E6C000FDF77AFF012E7FF418AE12E69145DAD3FA
:10E6D000BDE6236A99457FF40CAE2846FEF750FD4F
:10E6E00007E6236A9945DFD14FF0FF330A21302234
:10E6F00084F88010E2662367A366D5E707AA069927
:10E700002846FFF741FA226AE36806469A421FD07C
:10E7100095F84030002BD5D06B6B002BD2D0CDE7D5
:10E720002C6B2946226A04F11C00A36A013A0133CA
:10E730002262A362FDF7E6FA294604F12400FDF700
:10E74000D1FA07AA06992846FFF71EFA0646DFE720
:10E7500094F88030052BDBD1062384F88030D7E78E
:10E76000296AAB6AEA6A0B44934222D30C2105F171
:10E770005400FEF779FA0023A362E36294E70321D1
:10E7800094F881204FF0FF3304208A4284F88000FF
:10E790002973C4F80C90E3662367C1D0BBF1000F66
:10E7A000CFD095F88D30012B7FF47EAF6B6FA366D1
:10E7B0007AE72846FDF7A6FB82460C2105F15400B6
:10E7C000FEF752FABAF1000F00F082800C224146A7
:10E7D0000AF16000FEF7BEF98820FCF701FD8146D2
:10E7E000002850D0CAF818005046FEF707FB2B6AE5
:10E7F000A26A0020E16A0133C9F828200137C9F86C
:10E800002C105146A062E06205F11C00614C2B62A5
:10E81000CAF83050FDF766FA22680223C9F824705E
:10E82000511CC9F820200322DAF81800C9F810108A
:10E830008AF80C30069989F8803089F88120FEF733
:10E8400057FCDAF81830D3F8842012F0200207D1F0
:10E8500099689A77B1F5405F02D94FF440529A60B7
:10E86000998FB9F83C201963AAB9069905F16C0093
:10E870004346009601F114020C31FEF709FF5046A1
:10E88000FEF77EFC10E75046FCF79AFCC4F828908F
:10E89000C4F82C9008E70DF11702504608A9FEF7BE
:10E8A00081FA08AA9DF8173012215046FEF73EFF64
:10E8B000FEF75EFA23681E21D9F8482003F57A4353
:10E8C000C9F86C1053FA80F0C9F870202060EBE6AC
:10E8D000C4F828A0C4F82CA0E6E601376762BAF1B4
:10E8E000000F2BD0C4F80C900699A869FEF700FC25
:10E8F000AB69D3F8842012F0200207D199689A7787
:10E90000B1F5405F02D94FF440529A60998FA28FBF
:10E910001963002A3FF4E3AD4FF0FF332846236725
:10E92000E366FEF799FF95F88D3004210322012B51
:10E9300084F880102A737FF4B7AE37E7A36C06998A
:10E940002367A869FEF7D4FBAB69D3F88420970648
:10E9500008D49A6883F81EA0B2F5405F02D94FF43C
:10E9600040529A60998FA28F1963002A3FF4B7AD85
:10E9700002220123284684F8802084F88130FEF7A3
:10E980006BFF91E695F840300126002B7FF4C4AE72
:10E99000AFE400BF54170120037B8BB3826992F868
:10E9A00080300A2B2CD0012B2AD0022B30B58FB00F
:10E9B00027D0D16804230022079108928DF82430D3
:10E9C00000F16C0304460EAD00F160010C2201A8B9
:10E9D00045F8383DFEF7BEF804F154010C2204A8B6
:10E9E000FEF7B8F800232846ADF82630ADF82830F9
:10E9F0000B938DF830300D93FEF7CCFC0FB030BD8B
:10EA00007047516A14230022089107928DF8243030
:10EA1000D6E700BF037B042B10B504460BD0FFF7ED
:10EA2000BBFF2046BDE81040FEF7AABBFFF7B4FFCE
:10EA3000E069FEF7A5FBE0690028F7D1606A0028CD
:10EA4000EFD0FFF7A9FF606AFEF79AFB606A002823
:10EA5000F7D12046BDE81040FEF792BB037B042BA4
:10EA600070B504460D460ED08669FEF7C7F900233F
:10EA700003210422E562E3650020A4F8563086F8FD
:10EA80008010227370BDFBF71FFF03E03BB1E0690C
:10EA9000FFF7C0FF236AA26A99188D42F6D3954208
:10EAA00005D2606AFFF7B6FFA36A9D42F9D3E5621B
:10EAB000FBF712FF002070BDF8B5FBF705FF154B03
:10EAC0001C68B4B10027A5692668D5F88430DB0737
:10EAD00013D4237B042B14D0286828B14468FCF796
:10EAE000D5F92046002CF9D16F602F603446002EF6
:10EAF000E9D1BDE8F840FBF7EFBE2046FEF740FB4A
:10EB0000F4E7E0690028F1D0FFF784FFE06900280E
:10EB1000FAD1EBE7045E002038B5037B8569002B52
:10EB200040D090F88E300446012B28D0FBF7CCFE65
:10EB3000237B032B29D194F85030002B4AD0FBF7CC
:10EB4000CBFEFBF7C1FED5F88430227B43F00103F6
:10EB5000C5F88430002A39D095F880300A2B08D0C7
:10EB600094F88E30012B27D03023EB66012384F8F4
:10EB70004030636BABBBFBF7AFFE002038BDD0F875
:10EB80008830002BD2D1FBF79FFED5F88430204689
:10EB900043F00103C5F88430FFF73CFFFBF79CFE10
:10EBA000002038BDD5F8843043F00103C5F8843027
:10EBB000FEF7E6FA002038BDD4F88830002BD3D019
:10EBC0000A4AA2FB03235B09EB66CFE72046FEF768
:10EBD000D7FAD0E70121204684F85010FEF7FAFE5C
:10EBE000ADE704F13400FDF7E7FCC4E7D34D621054
:10EBF000037BF3B12DE9F043856991B004466B6E58
:10EC00005E1C02D0013B30D06B66EB6E581C12D0FC
:10EC1000013B0FD1D5F884304FF0FF32D907EA66B7
:10EC200033D595F880300A2B29D02046FFF7F2FE25
:10EC300018E07047EB662B6F5A1C02D0013B2FD0B7
:10EC40002B67A96E4F1C02D04E1E72D0AE66696F44
:10EC5000481C02D001394FD06967EB6F5A1C01D0B4
:10EC60000133EB6711B0BDE8F08390F985304FF0C8
:10EC7000FF3218336A6602D0EF2380F885302046D1
:10EC8000FEF77EFA11B0BDE8F08394F9853013F1F8
:10EC9000180FF4D00933F2D0E92384F88530EEE779
:10ECA00095F880304FF0FF32012B2A6700F0A880E2
:10ECB000022B40F0B6802B6A0DF10702204602A914
:10ECC000013B2B62FEF76EF802AA9DF80730122175
:10ECD0002046FEF72BFDEA68696DAB6C9142E86C4B
:10ECE00000F0CE80EB646A65782BA9D05B00782BAE
:10ECF00088BF7823EB64A3E7A6694FF0FF32B36ABD
:10ED00006A67002B6CD120460121FEF711FC326AA4
:10ED1000336D013A782B326204D05B00782B88BFC8
:10ED200078233365726E7367013296D13023736630
:10ED300093E74FF0FF33A76931460120AB66FBF73D
:10ED4000F5FE8046002882D0A169636B8A68D31AD9
:10ED500000F19C808869984209D28E8B191AB142C1
:10ED600005D2B1EB520F02D2002818BF0346B97F7B
:10ED70000C2204F16C060DF14009CB400DEB0200B2
:10ED800004F1600149F8386D9EB2FDF7E3FE0C22F4
:10ED900004F1540106A8FDF7DDFEFB687A6A4FF026
:10EDA000100E591E00234846ADF82E600A92ADF8A9
:10EDB00030300D938DF838300991CDF83C808DF8C6
:10EDC0002CE0FEF7E7FA7A6EA36F561CBB6659D0AB
:10EDD000E16F01FB03F39A427FF639AF7B6636E7BA
:10EDE000D6F88430204643F01003C6F88430FEF78E
:10EDF000F1FDD6F8843023F01003C6F884302CE7F8
:10EE00002B6A0DF10702204602A9013B2B62FDF798
:10EE1000C9FF02AA9DF8073002212046FEF786FCB2
:10EE200059E7D5F884306A6E23F004030132C5F83F
:10EE300084302DD02A6B43F01003A96AE8688A4217
:10EE4000C5F88430286288BF4A08A98F98BF520845
:10EE500048002963AA63002190424FF0020288BF54
:10EE6000A8634FF0FF3085F86020E8672046FEF782
:10EE7000B1FDD5F8843023F01003C5F884302AE7BB
:10EE8000034631E7E26F02FB03F3A7E733466EE781
:10EE900030226A66CEE700BF38B5FBF715FD134B8D
:10EEA0001D68B5B1E86928B10468FFF7A1FE2046E6
:10EEB000002CF9D1686A28B10468FFF799FE204652
:10EEC000002CF9D12C682846FFF792FE0CB125469C
:10EED000E8E7FDF74DFF064A136803F57A4353FA56
:10EEE00080F0BDE838401060FBF7F6BC045E0020FF
:10EEF0005417012038B5104CFBF7E6FC206858B1D8
:10EF00008269D2F8843043F00103C2F88430FFF7FD
:10EF100081FD20680028F3D1084D094C286800F0D5
:10EF200085F8206800F082F800232B602360BDE89C
:10EF30003840FBF7D1BC00BF045E0020341F012025
:10EF4000381F0120054B1B682BB11868B0FA80F000
:10EF50004009404270474FF0FF307047581701207A
:10EF600038B5054D286830B10468FCF729F92C60E4
:10EF70002046002CF8D138BD5C170120014B1B68DE
:10EF80001B6818475817012070B5FBF79DFC104B04
:10EF90001C68C4B10F4D2E4601E024689CB12B685B
:10EFA0001B6898476368A268C01A9042F5D333681B
:10EFB0001B689847E3686060002BEED02069984793
:10EFC0002468002CEBD1BDE87040FBF785BC00BF86
:10EFD0005C1701205817012008B5FDF79FFDFFF7CA
:10EFE000D3FFBDE80840FDF7A7BD00BFF8B5B0B13D
:10EFF000A9B10546142017460E46FCF7F1F8044661
:10F0000058B1084B084A1968126801601268186004
:10F010009047A5606060E66027612046F8BD002447
:10F020002046F8BD5C1701205817012080B1094B1C
:10F030001A68904201D107E01A4613689842FBD142
:10F0400003681360FCF7BCB802681A60FCF7B8B834
:10F05000704700BF5C17012010B403464024012014
:10F0600000214FF4006283F86C4083F86E0008467C
:10F0700083F86D109A649A635DF8044B704700BF83
:10F0800038B50C460546FBF71FFCE20708D4A3077A
:10F0900002D5012385F85030FBF71EFC002038BD57
:10F0A000012305F1340085F84030FDF785FAEEE7DD
:10F0B0002DE9F04F044687B0174698460D46109E3E
:10F0C000FBF702FCA36CBB42C0F0AE80002E00F048
:10F0D0008E80284600223946FBF774FD81460028C1
:10F0E00000F0A580B4F86230002B77D018F0040847
:10F0F00041D1C346706800B9606EFCF73BFB01214B
:10F1000082460820FBF712FD002800F09380C568B6
:10F110004946B4F8622073882A806B80FBF7FEFFB3
:10F120008146808AF8F744F932880023A880012AB2
:10F13000AB71EB7106D1BAF1000F6ED0DAF8203066
:10F140009B0757D4B9F814204FF488514846FAF772
:10F15000A9F825F8060F3388012B12D0B8F1000F5B
:10F1600057D194F98530002B55D1FBF7B5FB3846C4
:10F1700007B0BDE8F08F012394F88CB084F88C3090
:10F18000B8E7B268002694F86D3002F0F00094F809
:10F190008CE0A16EE0280CBF94F86E0094F86C002F
:10F1A00000931123019050460595CDF80890CDF8B5
:10F1B00010E00396FBF710F9B8F1000F01D084F8C6
:10F1C0008CB00028CDD001462046FCF77FFDFBF730
:10F1D00083FB4FF0FF3007B0BDE8F08F636904F1A7
:10F1E00060011868FCF760FEA4F862007EE704F195
:10F1F00054066EE7D9F814105046FAF797FD002828
:10F20000A0D1D9F81830054643F02003C9F81830CA
:10F21000A1E70020D3E70020D5E7B068FAF764FD46
:10F22000824600288AD18DE76FF00700CBE76FF0A8
:10F230000200C8E74846FBF729FEB8F1000FF6D0F8
:10F240006FF00200BBE700BF2DE9F0410F4686B02A
:10F250000C21054690461C460DEB01000C9EFDF767
:10F2600003FD95F98510C9B984F002044246394678
:10F2700003ABC4F3400405F134000094FDF728FB10
:10F2800004461EB1314603A8FDF78AFB631C03D078
:10F29000204606B0BDE8F0816FF007012846FCF774
:10F2A00015FD4FF0FF30F4E738B504460D46FBF787
:10F2B0000BFB0C22294604F15400FDF74BFC032301
:10F2C00004F134002373FDF777F9FBF705FB002009
:10F2D00038BD00BF10B50446FBF7F6FA03482146D7
:10F2E000FDF77EF9FBF7F8FA002010BD285E00203C
:10F2F00010B5054C216829B10348FDF771F9216863
:10F300000029F9D110BD00BF285E00202DE9F0438F
:10F3100083B00193002B60D0064600285DD00F46D5
:10F3200001A808211546FBF7D3FD013055D0019BFC
:10F33000DC68A088F8F73CF8019B80465969884250
:10F340004BD8C0F09480E38823B1019883699B0671
:10F3500040F1AC80A27801A894F803E0082123785A
:10F36000647842EA0E2243EA04236A807B80FBF73A
:10F3700021FE31462846FDF7F7FA00287CD05B4B8A
:10F380001C6854B34FF0000801E02468FCB1B4F8E5
:10F3900062206B889A42F8D12846FDF7D5FA0028FA
:10F3A00046D02B88012BF0D1D4F890100029ECD056
:10F3B0004A68AB689A42E8D10B689E42E5D1B8F141
:10F3C000000F02D098F84030E3B1A046DDE7B8F175
:10F3D000000F02D098F8403043B10A98FBF756FD71
:10F3E0000198FBF753FD03B0BDE8F0833A4608F1FE
:10F3F00034000199FDF718FA0130EED00A98FBF7B6
:10F4000045FDF0E719464FF0FF320198FBF794FCF9
:10F4100081460028D9D008F134003A464946FDF724
:10F4200003FA0130D1D14846A046FBF72FFDACE7E7
:10F4300004F160094846FDF7A1FA28B94846294673
:10F44000FDF7A8FA0028A0D004F154094846FDF7BA
:10F4500095FA0028B3D148463946FDF79BFA0028B3
:10F4600093D0B4F856207B889A428ED1A7E7411AF0
:10F4700001A8FBF79FFD66E72846FDF765FA00281F
:10F480007FF47DAF194811233A4629460068FCF7FE
:10F490008FFCF0B190F84030002B9ED13A463430CA
:10F4A0000199FDF7C1F9013097D0A7E742464FF423
:10F4B0008851F9F7F7FE2B8805F1080207F10801DA
:10F4C000012B0CBF04231023F9F704FF002884D17B
:10F4D00040E70198FBF7DAFC2B88012B83D103224C
:10F4E00030460A9B1146FAF731FA7CE7285E002085
:10F4F000002A18BF002B41D000293FD001382DE948
:10F50000F041082806D8DFE800F007303333303008
:10F5100005053600BDE8F0816FF00707184804685C
:10F52000002CF7D015468846DE6802E02468002CDF
:10F53000F0D0294604F15400FDF72CFA0028F5D04C
:10F54000B4F8562073889A42F0D1B4F86220338818
:10F550009A42EBD1414604F16000FDF71BFA002806
:10F56000E4D084F88570BDE8F0816FF01707D5E727
:10F570006FF01107D2E76FF00807CFE7704700BFC1
:10F58000285E002090F8A23090F8A3209A4202D979
:10F590000344987E70474FF0FF307047704700BFBC
:10F5A000B0F8303193B190F82F31882B0BD8C218B6
:10F5B00010B45C1C012380F82F41184682F8A51076
:10F5C0005DF8044B70470122002302711846704712
:10F5D00038B50546B0F8300190B195F82F31144692
:10F5E000C3F1890294420CD805F1A50022461844C3
:10F5F00000F060FA95F82F3120461C4485F82F4121
:10F6000038BD144601222A71EEE700BF704700BFE3
:10F610002DE9F04F8346404883B01525DBF814A050
:10F620009BF818609BF819300AEB06163B490AEB69
:10F630000313DFF8ECE0367A0C4693F828303601F5
:10F64000DFF8E0901B01871950F8068000EB030CEF
:10F65000C658F8687B68DCF80C7000931D60C8F829
:10F660008400D8F80430DCF8042003430192C8F881
:10F6700004301560C6F8847073683B437360096892
:10F68000DEF80030A9FB0332920C02EB820252003A
:10F6900023685B1A9A42FBD8204A0925DFF884C008
:10F6A0009146D8F80830184202D0B3681F4231D1D1
:10F6B000C6F888701468DEF80010ACFB0131890CC4
:10F6C00001EB810113681B1B9942FBD8C6F88470BB
:10F6D000D9F80040DEF80010ACFB0131890C01EBD9
:10F6E000810113681B1B9942FBD8013DD9D12846E3
:10F6F0009BF81830009A0AEB0313DB6813609BF841
:10F700001930019A0AEB031ADAF82C30136003B0AF
:10F71000BDE8F08F0120EBE75C080020041000E05A
:10F720008851002083DE1B430D49026910B50C6827
:10F7300005E0DB0107D40B681B1B102B08D85369AD
:10F7400013F0007FF5D14FF4FE430120536110BD4B
:10F750000446FFF75DFF0028F9D02269F3E700BFF8
:10F76000B42301202DE9F04790F82FA1BAF1000F42
:10F7700002D10420BDE8F08705460E46FFF7D4FF0E
:10F780000028F6D02E4F00244FF40079D7F80080DF
:10F79000544529691AD8CB6D03F00703032B09D907
:10F7A00014E095F8A5200133012442F48062042B73
:10F7B0000A660BD02A19002CF3D0A24527D90133B1
:10F7C00092F8A5200134042B0A66F3D14B69180581
:10F7D00022D45A0527D4980404D43A68C8EB02020C
:10F7E000322A09D90B694FF40072042043F44073A4
:10F7F0000B610A66BDE8F087544505D9CA6D52070A
:10F8000002D19B0519D4C6B103F058F8C0E70EB178
:10F81000C1F860900134D9E70B69042043F44073C8
:10F820000B61BDE8F0870B694FF40072022043F4CE
:10F8300040730B610A66BDE8F0870020BDE8F087E1
:10F84000B42301202DE9F84F0C4615469846814611
:10F85000FFF76AFF10B90420BDE8F88F00226300AB
:10F86000002D40F2014A1446DBB23D4E08BF01258F
:10F87000022C43EA0A0AD6F800B089F8A22089F8D7
:10F88000A32048D9D9F8103099F8A320872A12D894
:10F89000D96DC1F3024111B90DE0882A0BD002F1F4
:10F8A000010E09EB020001395FFA8EF289F8A320FC
:10F8B0001F6F8776F1D15A6910054CD412F4105F8E
:10F8C00004D13168CBEB0101322912D91A694FF406
:10F8D000007142F440721A611966DA6D12F4E02F79
:10F8E00003D01A6942F400721A6199F8A300BDE8C6
:10F8F000F88F99F8A310A94209D3022C07D9D96D22
:10F90000490704D19205E8D4B8F1000FE5D002F020
:10F91000D5FF022CB6D8D9F81020D36D03F0070319
:10F92000032B0DD8691E4FF4007041F480714CB95F
:10F93000C2F860A0013B0134032B01D8022CF6D998
:10F940001346A1E7012C04D0B8F1000FF2D01066E5
:10F95000F0E71166EEE71A6942F440721A61BCE7FB
:10F96000B4230120036970B5D3F81451044615F48B
:10F97000706201D0C3F81421AE070BD5D3F8701113
:10F98000080442D50022012084F8A220224484F8F1
:10F99000A3009176EA0710D594F8306116B394F875
:10F9A0002E6194F82F21B2422BD9721C264484F880
:10F9B0002E2196F8A520C3F86021AB0511D594F847
:10F9C000A30018B1D4F83C3103B19847002384F860
:10F9D000A23084F8A33084F82E3184F82F3184F8D3
:10F9E000303170BDD4F838210AB190472369012223
:10F9F000002184F8302194F82F2184F82E11B2428E
:10FA0000D3D80022C3F86021D7E794F8A320872A2F
:10FA1000C0D8501CC0B2B9E70148FFF7A3BF00BF70
:10FA2000205200200148FFF79DBF00BF6053002017
:10FA30000148FFF797BF00BFA054002003690022D0
:10FA40001348814210B41A6118D91248814212D960
:10FA5000114C124812499C645A629862D9629C6C9B
:10FA600000204FF0011101221C6518625DF8044B63
:10FA700099651A6170470B4C0B48EBE70B4C012062
:10FA80000B494FF430329C6458629962DA62E6E7BF
:10FA90007F1A06003F420F000A09070460090101AE
:10FAA000007F05001C1A120C100E02023B372819A9
:10FAB000B80B0505844641EA000313F003036DD13A
:10FAC000403A41D351F8043B40F8043B51F8043B21
:10FAD00040F8043B51F8043B40F8043B51F8043B28
:10FAE00040F8043B51F8043B40F8043B51F8043B18
:10FAF00040F8043B51F8043B40F8043B51F8043B08
:10FB000040F8043B51F8043B40F8043B51F8043BF7
:10FB100040F8043B51F8043B40F8043B51F8043BE7
:10FB200040F8043B51F8043B40F8043B51F8043BD7
:10FB300040F8043B51F8043B40F8043B51F8043BC7
:10FB400040F8043B403ABDD2303211D351F8043B67
:10FB500040F8043B51F8043B40F8043B51F8043BA7
:10FB600040F8043B51F8043B40F8043B103AEDD216
:10FB70000C3205D351F8043B40F8043B043AF9D267
:10FB8000043208D0D2071CBF11F8013B00F8013B3A
:10FB900001D30B8803806046704700BF082A13D347
:10FBA0008B078DD010F003038AD0C3F10403D21A5F
:10FBB000DB071CBF11F8013B00F8013B80D331F893
:10FBC000023B20F8023B7BE7043AD9D3013A11F813
:10FBD000013B00F8013BF9D20B7803704B7843707E
:10FBE0008B788370604670472A2817D8F8B51D4F68
:10FBF00005463B78A3B91C4B5B5DFF2B21D01C064F
:10FC000021D41A4C2360236AD80704D402F056FE8C
:10FC1000236AD907FAD5154B586AF8BD00207047FA
:10FC2000124C134E01E002F049FEA36C1B06FAD4FD
:10FC3000B36C13F08003F6D13B700B4B5B5DFF2B75
:10FC4000DDD10020F8BD03F07F03094C2360236A57
:10FC5000DA0704D402F032FE236ADB07FAD5044B3C
:10FC6000586AF8BDF3230120C80C002000400C4066
:10FC700000800C40964A974B90422DE9F043964CF9
:10FC8000D3F814E09969E6681CD9944B984240F285
:10FC90001581934B40F22765924F0344924C1A0A08
:10FCA000A7FB0232D30903EB830303EB830202F2C7
:10FCB000E243AB4228BF2B46A3F54873A4FB0335B0
:10FCC000ED0804E0894DA84294BF06250E25814A1F
:10FCD00006F01F07D2F88030AF4243F0C003C2F8ED
:10FCE00080300AD27C4B26F01F061A462E43DE6077
:10FCF0001368002BFCDA06F01F071EF0007331D1E9
:10FD00007B4C7C4AD4F810C014460CEA0202A24292
:10FD10000ABF4FF0C0534FF4805200228EEA030412
:10FD200014F0605F08D02EF0605E03F06053694C01
:10FD300043EA0E0EC4F814E081EA020313F4405FB4
:10FD400008D0644B21F4405111431A469961936CD9
:10FD50001C07FCD44EF0007E5E4AC2F814E0936C9F
:10FD60009906FCD40121644C0A4601FB02F300FB16
:10FD700003F3A34209D8072A00F29580013201FB60
:10FD800002F300FB03F3A342F5D95C485C4C184432
:10FD9000A4FB00031B0D6C2B00F28B80352B00F2B3
:10FDA0008F80DFF8888136235648DFF844C1564CEF
:10FDB000DCF80090B0FBF2F009EA04044445B0FB23
:10FDC000F1F00BD043F400534FF480586446CCF864
:10FDD0000080CCF800302368002BFCDADFF8F4C098
:10FDE000013ADCF8103003F00703934207D002F029
:10FDF00007026446CCF81020A36CDB03FCD4013965
:10FE000089028EEA010313F4E05F0CD0314B2EF42B
:10FE1000E05E01F4E0511A4641EA0E0EC3F814E028
:10FE2000936C9907FCD4394B39490344DB09A1FB96
:10FE30000331090B042928BF04214B1E1B028EEA43
:10FE4000030212F4407F07D02EF4407E03F4407387
:10FE5000204A43EA0E0353611E4B5C691A4624F0A4
:10FE600000745C61936C9B06FCD42A4B4FF0FF320C
:10FE7000294CBD42A3FB00E320604FEA9343274C8B
:10FE8000B2FBF3F3B0FBF1F1254A2160136008D215
:10FE9000114B26F01F061A462E43DE601368002B16
:10FEA000FCDABDE8F08304293FF66FAF013101228F
:10FEB0005BE7DFF87C806C231A4876E7122506E7BB
:10FEC0001948DFF8708000FB03F043EA08086CE78C
:10FED00000A4781F00C00F40000008400046C32364
:10FEE00000BA3CDC23B24C001F85EB5100366E019A
:10FEF00000800D4040300080FFB19F26808D5B0068
:10FF0000819F5E1600B29F267F3001807FD1F0086E
:10FF10009F10E50083DE1B438851002084510020A0
:10FF2000F420012000643F4D001BB7003620008004
:10FF30006C20008000200080002857D001222DE98D
:10FF4000F04F85B083462A4C2A4D2B4EDDE90289BD
:10FF500054E8003F2868336844E800210029F7D1BD
:10FF6000264FCDE902893A68D31A254A4FF47A7EA2
:10FF7000019712680127A3FB02234FF47A72984677
:10FF800000238B4208BF42452CBFC246F2460EFBFF
:10FF900000AA54E8003F2A68316844E80073002B47
:10FFA000F7D101980068411A15484FF47A7E00682D
:10FFB0000EFB02F2A1FB00014FF47A70CAEB0202C1
:10FFC00088460021994208BF40452CBF43467346EE
:10FFD0001A44724507D3BBF1010B0AF57A7AD8D1DE
:10FFE00005B0BDE8F08F02F069FCD2E7704700BFB2
:10FFF0008C250120B4230120B0230120041000E04F
:02000004600496
:10000000F420012000010F4B1A181B5810B4D068BF
:100010005C68044205D059B1C3F884005DF8044B14
:100020007047936849B9084A5DF8044B1A607047F5
:10003000C3F888005DF8044B7047044A5DF8044B30
:100040001A6070475C0800203830010038F0010069
:100050000001054B1A5819189268CB681A4214BF50
:1000600001200020704700BF5C080020362801D81E
:10007000FFF7C8BF704700BF362801D8FFF7E8BFB9
:100080000020704736281CD800011A4A012902EBCB
:100090000003105810B415D0042913D0DC6842684E
:1000A00022EA040242609A68E9B102291ED00329BB
:1000B0005B685DF8044B0CBF0F49104911601522B5
:1000C0001A607047DA680129446842EA0402426013
:1000D0009A6808D040F6380111605B6815225DF817
:1000E000044B1A60704738211160F6E7044911602B
:1000F000F3E700BF5C080020383001003800010041
:1001000038F00100F0B4144B0021144C01201A46C1
:100110000F46C3F8F0421D46114E124CC3F8F412BC
:10012000C2F8B800C2F8A070C2F8A460C2F8B0006B
:1001300053690949DB07FBD568612378DB07EFD4F6
:100140000B680A4643F001030B601368DB07FCD41D
:1001500062B6F0BC704700BF00802A40050401244D
:1001600001000F0000812A4070B40E4E4FF6FF755B
:100170000D4CA4F58053002202E09C4282B204D9C7
:1001800033F8021B501CA942F7D104F5805426F81D
:10019000022FB4F1C14FECD1044B01221A7070BC94
:1001A000704700BFF620012000107C60F923012079
:1001B000F8B541F2BB03984201D9FF20F8BD184BB6
:1001C00005461B7843B3AC081649174B05F00300EE
:1001D000A4FB0167154EA1FB0421E21B651A07EB86
:1001E000520201EB550552096D09C2EB821240EA39
:1001F0008505A21A134436F812401B0303EB44048E
:10020000A342DAD2FF2033F8022BD1B28D4208BFCD
:10021000100A9C42F7D8F8BDFFF7A6FFD3E700BF4E
:10022000F923012005411004C0070600F820012031
:10023000F8B50E46154672B6314A0024314F0223F6
:1002400040F206414FF4702E97610127D36120F0F0
:100250001F03C2F8A040C2F8F0124119C2F8F442DC
:10026000C2F8F842C2F8FC42C2F8A4E0C2F8B0708A
:10027000BFF34F8F244A136020339942FBD8BFF35A
:100280004F8FBFF36F8F1E494B691D4ADC07FBD5AB
:10029000ABB201211D4C20F07F4043F4702342F2A9
:1002A00001275161C2F8F0421446C2F8F472C2F854
:1002B000BC10C2F8A000C2F8A430C2F8B01001E02F
:1002C0005B060AD463690E4A13F00101F8D041239A
:1002D0005361BDE8F840FFF715BF082D4FF0080245
:1002E00006D9083D31460A481644FFF7E3FB00E013
:1002F00015B940236361E5E72A460D46F2E700BFE2
:1003000000802A40F05AF05A5CEF00E032041808EE
:1003100080812A40F0B472B6224A0024224D022184
:10032000224B40F2064795614FF4702603400125A9
:10033000D161C2F8F07203F58051C2F8F442C2F8FC
:10034000F842C2F8FC42C2F8A040C2F8A460C2F869
:10035000B050BFF34F8F164A136020339942FBD839
:10036000BFF34F8FBFF36F8F0E494B690D4ADC0708
:10037000FBD5104B0124104E4FF47025034011465D
:100380005461C2F8F062C2F8A030C2F8A450C2F8BA
:10039000B0404B69034ADB07FBD50123F0BC536136
:1003A000FFF7B0BE00802A40F05AF05A00F0FFFF7D
:1003B0005CEF00E000F0FF002004180841F2BB03EE
:1003C000984268D83E4B2DE9F04F1B78C3B08A465F
:1003D0008146002B6ED04FEA99023A4B09F0030098
:1003E000394DA3FB0213DFF8E480D71A03EB57075C
:1003F0007F09C7EB8713B946D71A40EA89093D44FC
:1004000038F817402D0305EB4400854255D22B46A2
:10041000FF2633F8022BD1B2894508BF160A98424D
:10042000F7D8B24534D0B4F5006F35D302AE4FF4EF
:100430008072FF21304604F079FD05F580502A4690
:1004400032F8023BD9B290424FEA13237354F7D8E3
:100450000024284606F809A00DF1070B2646FFF7F1
:1004600059FF1BF8013F05EB460002220DF1060182
:10047000FF2B44EA032304F1010404D00136ADF854
:100480000630FFF7D5FEB4F5807FEAD128F8176073
:1004900043B0BDE8F08F704749EA0A29022202A959
:1004A0000134ADF80890FFF7C3FE28F8174043B0B9
:1004B000BDE8F08FFFF758FE8DE7FF26B1E700BFDC
:1004C000F923012005411004C0070600F82001208F
:1004D00062B170B505461446084615F8011B461C66
:1004E000FFF76CFF013C3046F7D170BD704700BF8D
:1004F00072B6EFF30583494D6B60EFF30883484C08
:100500002E4648484849494A2468006809681268E4
:100510002961AC60E8606A619A69454CAA61DB694F
:10052000444FEB6100F0D8F885ED080A02F0C2FBF9
:100530000B234FF0FF32686219462B604A4020219E
:1005400002F00103013904FB03F383EA5202F7D1FD
:10055000BE4202D056F8041FF0E730498A62BFF36A
:100560004F8F354B354A19601A60BFF34F8FBFF379
:100570006F8F334A0225334CD36E334943F44053D3
:100580003248D3662560D36923F07F0343F04003EC
:10059000D3610B6883423ED82A4A002101202C4EA9
:1005A00011604FF0FF33C2F808110C46C2F8006129
:1005B0001546C2F808010746DFF8C0E0254E264878
:1005C0002649274ACEF80030336003600B60136081
:1005D00001E000F065F9D5F80C211A4B002AF8D09B
:1005E0000134C5F80C714F2CF3D91E4A02241E4861
:1005F0004FF00041C0F840415163D3F80C2132B9AB
:100600001A491B4A0A63D3F80C010028FAD0194B87
:10061000194A1A60FEE7FFF72DFBBDE780FF272090
:1006200028ED00E02CED00E034ED00E038ED00E0D6
:100630002083B8EDA4FF272070EF00E0A0FF272063
:1006400000C00F400040084088510020803DCD0B85
:10065000009F240084E100E088E100E08CE100E0FC
:1006600090E100E000900D4000002E4000800F401F
:10067000F100AD0B0CED00E00400FA0580E100E0B4
:10068000094A08B5136820B118440849884202D8BD
:100690001060184608BD04F043F80C224FF0FF33F9
:1006A0000260184608BD00BF5856002000002820F0
:1006B000002070474FF0FF30704700BF4FF40053E9
:1006C00000204B60704700BF012070474FF0FF30A3
:1006D000704700BFFFF70CBF12490B68114A5B0758
:1006E000FBD513681049C3F30B23104A07EE903A69
:1006F0000B6892ED006AB8EEE77A07EE903A0C4A82
:10070000F8EE677A0B4BD2ED006A77EE677A93EDDD
:10071000007AB8EE477A67EE867A87EEA60A37EE59
:10072000400A704780810D40E4200120EC20012028
:10073000F0200120E8200120836BF0B41BB1536846
:1007400043F40043536072B6446B5CB31C4B2260AD
:10075000D3F8B0410C4215D11A4E376804E0346822
:10076000E41BB4F5166F0BD2D3F8404144F4804437
:10077000C3F84041D3F8B851D3F840416404EED5F2
:100780000D4003D0426362B6F0BC70470C4C8260EF
:10079000C560D4F8B0311943C4F8B011426362B6F1
:1007A000F0BC7047064D8260C460D5F8B031194383
:1007B000C5F8B0110263426362B6F0BC704700BF77
:1007C00000002E40041000E070B50646006B90B1AA
:1007D0000246002403E012680134012A0CD0536859
:1007E00013F08003F7D032632CB1B36B05689847E0
:1007F000013C2846F9D170BD33637363F4E700BF51
:10080000F0B5E1B9214C22490020224B01224FF0E2
:10081000011580260A601A46A1604E60E060C3F8A8
:10082000BC51D3F8B0411C4D44F001048860C3F8BA
:10083000B0412860D2F8B031002BFBD1F0BD0904E3
:10084000164B144D0126114C41F0800100221E6010
:10085000596000F5805CE26400F5005EA36400F579
:100860004057D5F8B01100F580462A46986041F40B
:100870008031C3F80CC0C3F810E05F619E61C5F819
:10088000B011D2F8B031002BFBD1BCE70000002042
:100890004024012000002E40541B01202024012070
:1008A0002DE9F04FB94C83B0D4F8448118F0010F12
:1008B000C4F844815ED0D4F8AC31002B55D04FF051
:1008C000011BDFF8EC92B24E2546DA46C4F8AC3193
:1008D000B06AF26AD4F8403143F40053C4F84031AE
:1008E000D4F840319F04F5D5D5F8403123F40053B6
:1008F000C5F84031C5F8B4A1D4F8B43113F00113F0
:10090000FAD181B240F28167C9F80030B94200F2F1
:10091000AD80B1F5D06F80F0DE81B1F5817F00F060
:10092000608100F2E880802900F04E81822940F049
:10093000DA8092B202F07F01072900F2D4808900A8
:100940009448954F0844016810063B707B7040F155
:100950000182CA0301D501233B7002218E48FFF7B3
:100960004FFFD4F8AC31002BB0D1884AD2F8BC315B
:10097000002B49D118F0400F18D0844BD3F8AC119C
:100980001A46C3F8AC11D3F8BC11C3F8BC11D2F8A5
:10099000B0417E4B002CFAD14FF0FF32C3F8B421A6
:1009A000D3F8843100F01EFD7C4B1C6018F0807F72
:1009B00003D07B4B1B6803B1984718F0007F03D02E
:1009C000784B1B6803B1984718F0040F08D06F4BA1
:1009D000D3F8843113F4007345D0734B01221A709D
:1009E0006A4BD3F8482112060BD518F0800F08D0B7
:1009F0006E490A782AB1013AD2B20A70002A00F090
:100A0000428203B0BDE8F08F6949C2F8BC31086882
:100A1000034240F0E281614A15681D40AAD02F0CC4
:100A20000FD05B4E4FF0010997FAA7F4B4FA84F4A3
:100A300006EBC41009FA04F44030FFF7C5FEA743E3
:100A4000F2D1ADB2002D95D0514E012795FAA5F403
:100A5000B4FA84F406EBC41007FA04F4FFF7B4FE0A
:100A6000A543F3D186E7504A1370B9E742F2210754
:100A7000B94234D067D8B1F5086F00F01E81B1F5E6
:100A8000106F30D1C0F307404A4A4B4910704B4FAA
:100A90004B4A0193C5F8C871C5F8CC11C5F8D021EF
:100AA00000F0A2FC474A019B80210120B264516002
:100AB0001060F364C5F8BCB1D5F8B011936041F48F
:100AC0008032C5F8B0213A4A1360D4F8B031002B17
:100AD000FBD1D4F8AC31002B7FF4F8AE45E7110C14
:100AE000072900F03B81C4F8C0B1D4F8AC31002B29
:100AF0007FF4ECAE39E740F20237B94200F0AD8046
:100B0000B1F5A06FEFD12F4A80210127F364B264C1
:100B100017605160C5F8BCB1D5F8B011936041F4CD
:100B20008033C5F8B031D4F8B031002BFBD1030CC1
:100B30005B0643F08073C5F85431D4F8AC31002B18
:100B40007FF4C4AE11E742F22123994279D042F2F8
:100B500021339942C7D11B4B802200210120B3646D
:100B600018605A60F164C4F8BCB1D4F8B02199603F
:100B700042F48033C4F8B031D4F8B031002BFBD14B
:100B8000D4F8AC31002B7FF4A1AEEEE600002E408D
:100B900000000020C0012E40A8200120581B012089
:100BA000BC230120C02301200D2401200E2401209C
:100BB000541B01200C240120C80002000200CC00BC
:100BC0000200C80040240120B64A022110461370DA
:100BD0005370FFF715FED4F8AC31002B7FF476AEDE
:100BE000C3E692B202F07F03072B3FF67CAF12F010
:100BF000800F4FEA8303AC4A4FF000014FF0010031
:100C00001A44136814BF23F4803323F001031360E4
:100C10008022A64BF164B36418605A60C4F8BCB17A
:100C2000D4F8B021996042F48033C4F8B031D4F8DC
:100C3000B031002BFBD1D4F8AC31002B7FF446AEA1
:100C400093E692B2002A86D1994BC0F30740994AA5
:100C50001968994B116018707DE792B202F07F031A
:100C6000072B3FF640AF12F0800F4FEA83038E4A06
:100C70004FF000014FF001001A44136814BF43F411
:100C8000803343F0010313608022884BF164B36426
:100C900018605A60C4F8BCB1D4F8B021996042F42D
:100CA0008033C4F8B031D4F8B031002BFBD1D4F884
:100CB000AC31002B7FF40AAE57E6804A0121794B14
:100CC000127818461A70FFF79BFDD4F8AC31002B50
:100CD0007FF4FCAD49E67A4B596800293FF403AF35
:100CE000000C1FFA82FE04E00C33596800293FF41F
:100CF000FAAE1F888742F7D15F887745F4D1070A9B
:100D0000032F00F0BA801B89120C934228BF1346B0
:100D1000B0F5007F00F0A280B0F5E06F00F08B80AE
:100D2000684F1A4601933846FEF7C4FE019B27F030
:100D30001F021F44BFF34F8F63490A60203297425E
:100D4000FAD8BFF34F8FBFF36F8F5E481946FFF796
:100D500057FD06E6CB077FF500AEFCE55B4F4FF095
:100D6000010EF3605A495B4B3860C3F800E05960EC
:100D7000B3605949D5F8B0017A6001F5805740EA6F
:100D80000E02996001F5005E01F5405001F58041C9
:100D9000C5F8B021DF60C3F810E058619961D4F85C
:100DA000B031002BFBD1414A012048F28001F364AD
:100DB00010604FF48030B2645160C5F8BCB1D5F812
:100DC000B011936041EA0003C5F8B031C9F80000E2
:100DD000D4F8B031002BFBD1C3E53C4842F22104EA
:100DE000002605880E60A54240687FF414AE81B2EB
:100DF00000297FF410AE3849384C03C90D0C862801
:100E00002060A180A5717FF406AE72B634480178E7
:100E100041F004010170D2F84811080606D441F0EF
:100E200080018020C2F84401C2F8481162B62D4A00
:100E300050211170EFE52C481A46224F90F800E03F
:100E40002A492B480193BEF1000F08BF01463846DE
:100E5000FEF730FE0722019B7A7068E722481A46A7
:100E60002349077821480193002F08BF0146154800
:100E7000FEF720FE134F019B59E7120C0B789342AB
:100E800028BF134648E716490A7802F0FB020A70A9
:100E90002AB9D3F8482122F08002C3F848210AF089
:100EA000BBF900BFA8200120C0012E404024012032
:100EB000B4230120A82501200B2401200C240120AB
:100EC000BC4C00202000202070EF00E0808A002031
:100ED00080000700202401204C1B0120A0250120B8
:100EE000042401200E2401200D2401205CF702605F
:100EF000A8F70260002AA0F102022DE9F04714BF12
:100F000000274FF00057022A01D9BDE8F0874FEAC9
:100F1000C019DFF840A00D4604460AEB090600217F
:100F200040229846304604F001F8012047EA054186
:100F30004AF80910C6F83880B060B8F1000FE4D064
:100F4000034BA0401C6820431860BDE8F08700BF39
:100F5000581B012000000020002AA0F102022DE908
:100F6000F04714BF00274FF00057022A01D9BDE80F
:100F7000F0874022C501DFF84490884615440021DF
:100F800004461E4609EB050A504603F0CFFF012236
:100F900047EA084149F80510CAF83860CAF808203D
:100FA000002EE4D004F11000034B82401868024385
:100FB0001A60BDE8F08700BF581B01200000002028
:100FC00012048160C36142F08002F0B442600127E4
:100FD00001F5805601F5005501F5405401F58042B8
:100FE0000760C660056144618261F0BC704700BF64
:100FF000831E022B00D97047064B0A4630B400F11D
:101000001004012503EBC01005FA04F1403030BC98
:10101000FFF792BB00000020831E022B00D970470F
:1010200010B4054B01240A4604FA00F103EBC0108A
:101030005DF8044BFFF780BB00000020406870475C
:10104000124A134BD2F8200220F07F40984210B58C
:1010500084B002D800EB800040000E4C01A90A22A7
:1010600001F0A4FC01A90023204611F8012B013353
:101070003AB10A2B20F8022FF7D11623237004B0BF
:1010800010BD5B00DBB2237004B010BD00441F40F4
:101090007F969800DC5E0020F8B514494FF40037C5
:1010A000134D034601EB4024124E134A05EB401545
:1010B0002146176028463288FFF782FF318824F0E6
:1010C0001F032144BFF34F8F0C4A13602033994212
:1010D000FBD8BFF34F8FBFF36F8F03202946FFF775
:1010E0009BFF074B4FF400321A60F8BD80002020B0
:1010F00000890020DE2301208CE100E05CEF00E0AD
:101100000CE100E0244A43682DE9F041C3F30E43AB
:101110001488C569E41A002C38DD2049204A0B7870
:101120001278DBB21F48204E934207D010F803809C
:1011300036F81870C7F50072944212D901330022B4
:101140001A4F082B26F8154027F81520184E94BF83
:10115000DAB213460A703268C55414443460BDE8EC
:10116000F081144B07EB48202246274403EB45212E
:101170001844FEF79FFC0E4A284626F8187013689C
:101180001C441460BDE8F041FFF786BF2846BDE867
:10119000F041FFF781BF00BFDE23012002240120C0
:1011A00003240120D8200120B8200120C8200120DC
:1011B000B4200120800020201E4B1A785AB902F07A
:1011C000FF031D4A127832B12DE9F0411B4D2A88E8
:1011D00012B9BDE8F0817047194EC2F50068194F89
:1011E00031784246184C07EB411704EBC1243846CE
:1011F0002146FFF7E5FE08EB040224F01F01BFF3D0
:101200004F8F124B196020318A42FBD8BFF34F8FAA
:10121000BFF36F8F04203946FFF7EAFE3378084AA0
:101220000133DBB2032B88BF0023137000232B8014
:10123000BDE8F0810A2401200C240120E2230120D2
:1012400009240120008A00208010202070EF00E097
:101250002DE9F04F85B002900091002900F0AB809D
:101260000023564DDFF87481DFF860A1544FDFF89A
:1012700070B101930122534B2A701C78524AB8F87E
:10128000003002EB441923BB1E461C464846FFF7BC
:10129000D5FE10F080007ED0BFF34F8F00229AF869
:1012A00000304A492A7004B93E68002B5AD13B6885
:1012B0009B1B782B79D89BF80030002B52D001F083
:1012C000FDFA0124B8F800302C70002BDED03D4A26
:1012D00014781A46C3F50060E402009E3C4920449D
:1012E0009642084442D30C440299FEF7E3FB0023E4
:1012F00021464FF400624846FFF762FE24F01F03C8
:1013000004F50064BFF34F8F324A136020339C42D0
:10131000FAD8BFF34F8FBFF36F8F04204946FFF712
:1013200067FE284B274A1B78009801332A49DBB215
:10133000032B88BF002313700022B8F80030A8F8F0
:101340000020C01A00900198184401900298184497
:101350000290C1F88420BFF34F8F00232B70009BB5
:10136000002B87D1019805B0BDE8F08F009C039356
:10137000019B2246029923440193FEF79BFB039BAA
:101380004FF04041144A00201B1B0090A8F8003089
:10139000C2F88410DFE74FF400630A4A8AF80000BD
:1013A00014781A46A8F8003096E7012301980B70CC
:1013B00005B0BDE8F08F0098D5E700BF0A240120F2
:1013C000B423012009240120008A002008240120E0
:1013D0008010202070EF00E000002E40E22301206A
:1013E0000C240120704700BF314B2DE9F0411B78E0
:1013F000304F002B54D04FF40073DFF8EC803B806B
:10140000A8F80030002180222B480D462B4E03F017
:101410008DFD2B4C2B4B29464FF480722A482570AA
:101420002C461D8003F082FD35602B4675602A46F0
:10143000B560F5602549264E2648DFF8B0E00D700E
:1014400010210570022035607560B560F560CEF83A
:101450000050FFF781FDB8F800102A461E4B03200C
:10146000FFF748FD2B46398801220420FFF774FD61
:1014700020460134FFF710FE082CF9D1174B4A2201
:1014800017480021174C0460C3F88410C3F880206B
:10149000D3F8482142F08072C3F84821BDE8F081BA
:1014A0004023DFF844803B80A8F80030AAE700BF63
:1014B0000D240120E4230120008A0020B82001200F
:1014C00009240120E22301200089002002240120B8
:1014D000C8200120032401200519010000002E402E
:1014E000BC230120B9190100DE230120B420012012
:1014F000314B4FF400322DE9F04F1A6083B02F4B7F
:1015000089461C78002953D02D4BE4B21B789C42AD
:1015100050D082460027DFF8C0B00134294BC7EB1A
:1015200009085046092C0193274B28BF00241D5D54
:10153000244B33F815E0254B0EEB452133F81560AD
:10154000234BCEEB06061944B0453246374419D238
:101550000EEB452142461944FEF7ACFA019BDBF83D
:101560000010484633F81520C8EB01019044CBF831
:10157000001023F81580174B4FF400321A6003B0A7
:10158000BDE8F08FFEF796FADBF80020E3B22846BC
:10159000921BB244CBF80020084A1370FFF77CFD81
:1015A000B94503D9064B1B789C42B6D13846E2E7D1
:1015B0000846E0E70020DEE78CE100E0032401209C
:1015C00002240120C8200120D8200120B8200120B9
:1015D000800020200CE100E0B42001200B4B0C4ADD
:1015E0001B781278DBB293420DD0013309480A4AC6
:1015F000092B0A4928BF0023C35C31F8131002EB02
:101600004323585C70474FF0FF307047032401209C
:1016100002240120D820012080002020C8200120A1
:10162000034B10B51C680CB901F048F9204610BDF9
:10163000B42001202DE9F84F154E164D34782B7843
:10164000E4B29C4221D0DFF85490DFF854B0DFF8C8
:101650005480114F0134082C5FFA84FA01D9002418
:10166000A24619F80410DBF8002038F811300846BB
:1016700037F811105B1AD31ACBF80030FFF70CFDC6
:1016800086F800A02B789C42E4D1BDE8F88F00BF1B
:101690000324012002240120C8200120D820012099
:1016A000B4200120B820012000B583B001210DF144
:1016B0000700FFF71DFF20B19DF8070003B05DF89C
:1016C00004FB4FF0FF30F9E7094B00B583B01B78FE
:1016D0008DF8070023B903F0FF0003B05DF804FBA9
:1016E00001210DF10700FFF7B3FD03B05DF804FB26
:1016F0000C240120044B1B7803F0FF020BB1FFF711
:10170000A7BD1046704700BF0C2401202DE9F04111
:101710000024DFF8448001230D4D27460D4E88F844
:101720000030337828462035A34204F1010405D067
:10173000FFF784FC030658BF07F50067042CF0D1BF
:10174000BFF34F8F0023384688F80030BDE8F081A2
:10175000008A0020092401200A2401202DE9F843F1
:10176000204B1B7813B1204D2A880AB9BDE8F883B5
:10177000DFF88880C2F500691C4E4FF0010E98F822
:1017800000104A461A4C002306EB4116194F04EB91
:10179000C124304687F800E02146FFF711FC09EB31
:1017A000040224F01F01BFF34F8F134B1960203147
:1017B0008A42FBD8BFF34F8FBFF36F8F04203146AF
:1017C000FFF716FC98F800300C4A0133DBB2032B0C
:1017D00088BF0023137000232B80BFF34F8F3B7013
:1017E000BDE8F8830C240120E2230120008A0020B8
:1017F000801020200A24012070EF00E0092401203D
:1018000070B5EFF3108172B60C4C23688BB10C4E9F
:1018100000255A6922607AB1956101B962B65D7797
:1018200018469B689847EFF3108172B62368002B27
:10183000EFD101B962B670BD3260EEE7D816012073
:10184000D4160120FFF7DCBF044A054B1168054A96
:101850001960136801331360704700BF041000E083
:10186000B0230120B4230120B0F84630B0F848205E
:101870009BB292B2934202D2501EC01A7047406B84
:1018800001381044C01A704772B6B0F84A30B0F848
:101890004C2099B293B2994201D2826B11440269F1
:1018A000CB1AD06AC0F30260184462B6704700BF1A
:1018B000B0F84A20B0F84C3092B29BB29A4270B461
:1018C00028D00133846BA34217D2016B9EB28B42A6
:1018D00018D2016AC95CC9B2856DA0F84C60B5B177
:1018E0009A4238BF1219D31AC26B93420FD8C36DF4
:1018F0000846C5F8883070BC70470026016B334637
:101900008B42E6D3591A456A695CC9B2E4E70846D6
:1019100070BC704772B6B0F84A1089B28A4202D0E1
:1019200062B60A46CDE70369DA6A12F0E06F04D0C6
:10193000D869C0F3090062B6DDE74FF0FF30FAE77F
:1019400090F8443043B110B5044600F0B7FF94F866
:101950004430002BF9D110BD704700BFB0F84A20C9
:10196000B0F84C3092B29BB29A4210D00133816BE6
:10197000026B8B4228BF0023934204D39B1A426A16
:10198000D05CC0B27047026AD05CC0B2704772B619
:10199000B0F84A1089B28A4201D062B6E6E703691C
:1019A000DA6A12F0E06F11D0DB690021026AC3F33A
:1019B000090310B40124A0F84A40A0F84C10D9B291
:1019C000517062B618465DF8044B70474FF0FF3314
:1019D00062B61846704700BFEFF31380B8B9EFF353
:1019E00010834BB9EFF305823AB94FF48073EFF3EC
:1019F000118050B1984208D270470F2AF7D9054B91
:101A0000D35CEFF311800028F4D1184670474FF0F3
:101A1000FF30F1E7F0E300E007EE901A9FEDA47AC3
:101A20000421B6EE005AF8EE677A9FEDA26A2DE91E
:101A3000F043C7EE275A0E46012541F6FF741DE01C
:101A4000A342A8BF234607EE903AF8EEE76A76EE87
:101A5000C76AC6EE877AF5EEC07AF1EE10FA48BF93
:101A6000F1EE677AF4EEC67AF1EE10FA03D8B0EE32
:101A7000676A0E461D460131212911D007EE901AE2
:101A8000F8EEE77A85EEA77A77EE057AFDEEE77A4B
:101A900017EE903A002BD3DCF7EE006A0123D6E76D
:101AA0000021436902F40074D0F83890B3F85C70F8
:101AB000B3F85E808C42A0F84A10C7EB0907A0F883
:101AC0004C1008BF8C46A0F8461018BF4FF0010C10
:101AD000A0F8481080F84410D3F810E05969DEF8F7
:101AE0000040C76344EA0104C8EB09010164CEF871
:101AF000004080F81AC040F0CE80047E6E4903EBAF
:101B000004146E4F247E01EB0414A4682760047E45
:101B100003EB0414277ED4F81CE001EB071464687F
:101B2000C4F800E0047E03EB0414276A0FB1646A72
:101B30003C60447ED92703EB041494F8384001EB51
:101B40000414A4682760447E03EB041494F83870EE
:101B5000E46B01EB071149680C60417E03EB011156
:101B60000C6C0CB1496C2160711E5C785F68082EAA
:101B70004FEA01614FF00006D8BF4FF4003E04F178
:101B8000100401F0F853C8BFB64601691D434C4B21
:101B90004EEA05050D61CE6043F8247043690124C7
:101BA00048495D7893F85A30474E6B54456901694E
:101BB0006B7803F01F075B11BC4046F823408B6A2B
:101BC0009B0803F01C030F2B60D85B1003F003038A
:101BD000DCB28B6A9B0003F01C030F2B53D8DB0392
:101BE00003F44033234302F00304CB628B6A43F0D7
:101BF00088038B6253074BD444F4701302F00F0434
:101C0000042C847E08BF43F08043970648BF43F00E
:101C100080530CB143F0A00316078B6103D50B6909
:101C200043F000530B614B69D40623F0805348BF47
:101C300043F080534B61D30503D50B6943F4005344
:101C40000B61EB681B78E3B9204E357865B3204C07
:101C50002368834226D0691E2346C9B204EB810162
:101C600003E053F8042F90421AD08B42F9D16B1C39
:101C7000DBB2184A3370137844F8250043F00203AE
:101C80001370BDE8F0834FF44033ABE70324A0E7C3
:101C9000114B2343B2E7447E4FF2D90706494AE786
:101CA000BDE8F083BDE8F0830123094CE1E700BF04
:101CB000001BB74BEC78AD605C08002038F00100E9
:101CC0000060002000E400E000E100E0ED230120DE
:101CD000E0160120005F002010003C0010B44162BB
:101CE00099B1036B1A44826344690021B4F85C30F3
:101CF000B4F85E40D31AA0F84A10121BA0F84C109A
:101D0000C36302645DF8044B7047026B8263EBE7C8
:101D10008162C36A39B11A4400234263A0F8463095
:101D2000A0F84830704743630023A0F84630A0F87D
:101D300048307047F8B5036D04460E4613B1426D46
:101D4000C3F88420A37E33B172B62269936943F04D
:101D50000053936162B6B4F84650636BADB201357F
:101D60009D4249D2AFB2B4F848309BB2AB4220D1C9
:101D7000FFF732FE6369B3F85A3098422DDC2169CF
:101D80004B691B02EFD5B4F84830626B9BB201334C
:101D9000934227D2E26A98B2934228D2E269D35C96
:101DA000DBB2CB61A4F84800B4F848309BB2AB4238
:101DB000DED0E36A9D4222D3ED1AF6B2A36A5E55E5
:101DC00072B60120226984F84400A4F84670936931
:101DD00043F40003936162B6F8BDFF28C3DD00F051
:101DE0006DFDC0E70020E26A03469342D6D39B1AFA
:101DF000A26AD35CDBB2D4E700273D46B3E7F6B274
:101E0000E3695E55DCE700BFFFF794BF02695369E1
:101E100013F4401FF0B542D0D36AC3F30265002D1E
:101E20003AD0B0F84A70B0F84CE0BFB21FFA8EFE5C
:101E300006E0026AD65402696B1E13F0FF051AD041
:101E4000D1697B1C866BB0F84C40C1F30901B342E9
:101E500028BF0023A4B2A342EED0026BCEB21F462D
:101E60009342A3EB0204E4D3436A1E556B1E02693E
:101E700013F0FF05E4D1BBB2816DA0F84A3059B12F
:101E8000774573D2836BCEEB03031F44036C9F42F1
:101E900002D3C36DC1F884305369DC0255D4D2F843
:101EA00018E01EF4000F02D0536919021CD41EF46E
:101EB000800F48D053695B0246D50021036D80F83E
:101EC000441013B1416DC3F88810837E3BB172B6E4
:101ED0000269936923F00053936162B602699369C2
:101EE00023F480039361F0BDB0F84650B0F8483059
:101EF000ADB29BB29D422DD0466BC46A0AE0C16967
:101F0000C95CC9B2D161D16AC1F30221032912D8D7
:101F1000AB421FD001339E4298BF0023A342A3EBE4
:101F20000401ECD3876A795CC9B2D161D16AC1F38B
:101F300002210329ECD999B2AB42A0F848100CD089
:101F40001EF4800FB6D1F0BDF0BD536943F4801389
:101F50005361A4E7ADB2A0F84850936923F400039D
:101F60009361936943F480039361A0E7CEEB070785
:101F70008CE700BF0148FFF749BF00BFBC510020FC
:101F800070B504460D46C61D002308460A2214F803
:101F9000041F00F027F92B682E2128461B6898475C
:101FA00014F8011F00230A22284600F01BF9B4424E
:101FB000F1D1042070BD00BF10B5144C236813B1DB
:101FC000134AD168E9B9636813B1124AD168A1B95B
:101FD000A36813B1104AD16859B9E3683BB10F4AFD
:101FE000D16829B10121BDE81040D160184710BD6A
:101FF00010BD0121D1609847EFE70121D1609847DA
:10200000E6E70121D1609847DDE700BFE0880020C6
:10201000004108401041084020410840304108403C
:102020000368F0B55BB3002501249D60DC60214DA1
:1020300003241A601D449C601F4C03792D111F4F0F
:10204000635523786078FF2BA278E47828BFFF23BC
:102050001B4E47F82510834228BF03461948934278
:10206000C0F8286228BF1346A34228BF2346164C57
:102070004FF08061154A012023701160F0BD144FAC
:102080004FF0010C134EFC6EDFF850E0334644F481
:102090004054114DFC66CEF800C006609C68002CD0
:1020A000C5D01033AB420360F8D10023036018465B
:1020B000F0BD00BF00BFF7BF54560020E0880020ED
:1020C000B9270100006000207AE400E00CE100E0A4
:1020D00000C00F4000410840404108400040084017
:1020E00002680AB3114B12491344F0B51B11FF25C6
:1020F0000024DFF844E0CD540E784D78FF2E946034
:102100004EF8234028BFFF268A78C978AE4233466E
:10211000084F28BF2B46934228BF13468B4228BF47
:102120000B463B700460F0BD704700BF00BFF7BFB7
:10213000545600207AE400E0E0880020F8B50E460E
:1021400071B17AB10746144600253B68384616F847
:10215000011B1B689847013C0544F6D12846F8BD91
:102160000846F8BD1046F8BD2DE9F0438C688BB0E9
:10217000ECB10025064689462F462B46212201A9AF
:10218000484600F061FB202C2346306828BF2023FE
:1021900001A9D0F804803046E41A1A461D44C0470D
:1021A0000744002CE9D138460BB0BDE8F083274640
:1021B000F9E700BF10B5064C82B0036802222488FC
:1021C00001A95B68ADF80440984702B010BD00BF9C
:1021D00090050020036810B514465B6898472046B8
:1021E00010BD00BFF0B506468BB0002A33D0012ADF
:1021F00008BF0A2251B3212500E0FDB26F1EB1FBDA
:10220000F2F402FB1411C8B2092900F1370100F100
:10221000300088BFC8B221460AAC98BFC0B22C4477
:1022200004F8240C0029E8D133B1013D0AAB2D227A
:10223000EDB22B4403F8242C336801A9C5F1220226
:10224000304629445B6898470BB0F0BD3022212509
:102250008DF82520E8E70368C9B21B6898470BB0E2
:10226000F0BD00BF002903DB00230A22FFF7BABF3D
:1022700049422D230A22FFF7B5BF00BF000000002E
:10228000B4EE400B70B5F1EE10FA05462DED028B61
:1022900086B080F19180B0EEC07B9FED4B6BB4EEC9
:1022A000467BF1EE10FA0ADD036803224E495B68B3
:1022B00098470646304606B0BDEC028B70BD9FEDD8
:1022C000447BB4EEC70BF1EE10FA58DC9FED427B75
:1022D000B4EEC70BF1EE10FA51D4B5EEC00B0C46BC
:1022E000F1EE10FA56D40023002C57D0B6EE008B36
:1022F00000229FED3B7B013228EE078BD1B28C424E
:10230000F9D830EE080B0A222846FCEEC07BB8EE66
:10231000678B17EE901A30EE488BFFF763FF0F2C98
:102320004FF00102B2EE047B4FF02E0328BF0F24C2
:1023300006468DF808301444E4B228EE070B531C0F
:1023400006A91144DAB2A242FCEEC06BCDED016ADF
:102350009DF8043006EE903A03F13003B8EEE68BB8
:1023600001F8103C30EE488BE7D12B68284602A9D3
:102370005B689847304606B0BDEC028B70BD2B6899
:1023800003221A495B6898470646304606B0BDEC02
:10239000028B70BDB1EE400B0123A5E7B6EE007BCA
:1023A00028460A2230EE070BFCEEC07B17EE901A8F
:1023B000FFF718FF06467DE7036803220C495B68B8
:1023C0009847064676E700BFFFFFFFFFFFFFEF7F5E
:1023D000000000E0FFFFEF41000000E0FFFFEFC161
:1023E0009A9999999999B93F404C00203C4C00200A
:1023F000384C002038B5224C224A23685BB1224970
:10240000013B12680968C2F88C105A1D08BF6FF0B2
:102410000203236038BD1C4B1C4D196812682B68E1
:10242000C2F8881093B11A4AD2ED007AF5EEC07A5C
:10243000F1EE10FA06D99FED177AF4EEC77AF1EEB5
:1024400010FA0ADD002223602A6038BD1248FFF727
:1024500047FE124BFF221A7038BDF3EE086ABEEE3B
:10246000007AA7EEA67AFCEEC77A17EE902A102A19
:10247000E8D90B490848FFF7D3FD2B68E2E700BF16
:1024800090160120A0160120A41601208C16012010
:10249000A8160120ABAA2A4DE0550020F95E0020C5
:1024A000F52B0100362853D8F8B5002A49D002FB95
:1024B00001F23D4BA3FB02239B095B000133002982
:1024C00043D007EE901ADFED396AF8EE677A86EEB0
:1024D000A77A374902018C18676872B6DFF8F0E016
:1024E0009EF80050854234D0362DDFF8E8C0314DDB
:1024F00004D82E68DCF80040C6F888408E18B5EE87
:10250000C07A8A5805248EF80000F068F1EE10FABF
:10251000294EC2F888005168CCF8000041EA000159
:1025200026482A60516033603C6080ED007A06D90D
:10253000DFED237AB4EEE77AF1EE10FA19DD62B638
:10254000F8BD6FF002030029BBD19FED187AC0E7F8
:1025500070471A4AD2ED007AF4EE477AF1EE10FA9B
:1025600018D115490A6802F00102013A13440B60C0
:10257000E5E7F3EE086AFEEE007AE7EE267AFCEE77
:10258000E77A17EE902A102AD9D90E490E48FFF79C
:1025900047FDD4E708480D4C016882ED007A01F050
:1025A000010123600160CAE7D34D62100024F448A2
:1025B0005C080020A016012090160120A81601201A
:1025C000ABAA2A4DF52B0100E05500208C16012006
:1025D000F95E0020A4160120362807D810B572B67F
:1025E000094C2378834202D062B610BD7047074879
:1025F000FFF776FD064B074AFF211B681268217022
:10260000C3F88820F0E700BFF95E0020E055002005
:10261000A0160120A4160120024A0349034801F034
:10262000AFBE00BF7851002025700000E0550020AB
:10263000F0B5194C23680BB31849DD17DFF868E0D3
:1026400083FB0167164E81FB0321DA191944C5EBA0
:102650002242C5EB214144F2A7150EFB123206FBC4
:1026600001F105FB0213002B0FDA6FF000421A4450
:10267000B2FBF0F3226000FB1320F0BD094AB2FB6D
:10268000F0F3226000FB1320F0BD1A46B2FBF0F31A
:10269000226000FB1320F0BD941601205F0B4E83D7
:1026A000ECF4FFFF42CE0C1F1DF30100884206DA56
:1026B00010B50446081AFFF7BBFF204410BD704751
:1026C00010B50446006802F0C5F8204610BD00BFF2
:1026D00038B543688B4201D3012038BD0D4604460E
:1026E0000131006802F0EEFC0028F6D0A36884E80F
:1026F0002100002BF0D10370EEE700BFF8B50446CF
:10270000154632B9036803B11A700023A36020464E
:10271000F8BD0E461146FFF7DBFF074648B92068B3
:1027200010B102F097F82760002320466360A36091
:10273000F8BDA5603146206803F020F9E7E700BF47
:1027400038B500230446036043608360037341B1DE
:102750000D46084603F074F9024629462046FFF765
:10276000CDFF204638BD00BF38B50C4605460846AB
:1027700003F066F9214602462846BDE83840FFF7D7
:10278000BDBF00BF10B50023044686B008462360D5
:1027900001A96360A360237302F02EF801A920460B
:1027A000FFF7E2FF204606B010BD00BF2DE9F84359
:1027B0000F46036804461546BB4281680AD85A187A
:1027C000974207D2C3EB07094FF0010835B92046FD
:1027D000BDE8F8834FF00008002DF8D04E192046D0
:1027E0003146FFF775FF0028F1D0B8F1000F0ED089
:1027F00023682A46A06803EB09011844FDF75AF93B
:10280000236800229A55A6602046BDE8F883206818
:102810003946A368184403F0B1F8F4E710B504464C
:102820008A680968FFF7C2FF204610BD38B5054623
:1028300041B10C46084603F003F9024621462846FA
:10284000FFF7B4FF284638BDBAB170B5B1FA81F4CC
:1028500064097CB986689E420DD9F61A013A0D4684
:10286000016896422846194428BF1646324603F0AE
:1028700055F9AC5570BD0C7070BD704708B5EFF7D9
:102880004FF9F1F741FD00F019F8FAE701F0DABF6E
:10289000704700BFFEF7CEBEFEF7A0BEFEF704BF36
:1028A000FEF7BEBEFEF75ABFFEF730BF0846114620
:1028B000FEF720BF0846FEF707BF00BF2DE9F8432B
:1028C000324E337893B1324F3A787AB90122D90730
:1028D0003A7037D49A0719D400225B073A7005D5AD
:1028E0002C4B1A6812B1EFF305820AB1BDE8F883E8
:1028F000EFF3108072B61A681AB1274C21780029BC
:102900002FD00028F2D162B6BDE8F883DFF89480BA
:1029100098F80020002ADFD00024DFF88C9005E032
:10292000013498F80030E4B2A34213D959F8245086
:102930002B6828461B6998470028F1D06B699B6873
:102940009847EDE7FEF76CFED0B9144B1B781BB926
:102950003378BFE73378BFE7337803F0FE03337093
:10296000B8E70126556926701D6065B1A96100B9F7
:1029700062B6002593681046557798472570B5E7ED
:1029800000F020FAE1E7064B1D60F0E7005F002051
:10299000EE230120D0160120EC230120FFF7026076
:1029A000DC160120ED230120E0160120F0B44E1EBC
:1029B0000025374600E00135B0FBF2F302FB1300BF
:1029C00000F13704092800F13000E4B298BFC4B226
:1029D000184607F8014F002BEDD14A1953704DB13D
:1029E000013316F8014F1778E81A3770834202F85E
:1029F0000149F5DB0846F0BC704700BFA4484FF022
:102A00000F0CA44B826F42F47F02F0B58267002561
:102A1000D0F880204FF470469F4C4FF4604E29460A
:102A20004FF4806714432A46C0F88040A3F88C61B5
:102A300048F2B826A3F88EC1A3F89051B3F88801E4
:102A400080B240F0F000A3F8880101EB4100914B07
:102A50000131002540011C4604290344A3F804E089
:102A6000DF805A841A865A805A81DE815A82DA823D
:102A70005A83DA83E9D1B4F888014FF00F0C874B01
:102A80004FF4704680B229464FF460472A4640EA28
:102A90000C004FF4806EA4F88801B4F8880180B26D
:102AA00040F47060A4F88801A3F88C6148F2B8265D
:102AB000A3F88EC1A3F89051B3F8880180B240F01A
:102AC000F000A3F8880101EB4100744B01310025AF
:102AD00040011C46042903449F80A3F806E05A8461
:102AE0001A865A805A81DE815A82DA825A83DA83C0
:102AF000E9D1B4F888014FF00F0C694B4FF47046E0
:102B000080B229464FF460472A4640EA0C004FF451
:102B1000806EA4F88801B4F8880180B240F4706037
:102B2000A4F88801A3F88C6148F2B826A3F88EC1F6
:102B3000A3F89051B3F8880180B240F0F000A3F8F8
:102B4000880101EB4100564B0131002540011C4634
:102B5000042903449F80A3F806E05A841A865A8009
:102B60005A81DE815A82DA825A83DA83E9D1B4F853
:102B700088014FF00F0C4B4B4FF4704780B2294641
:102B80004FF460462A4640EA0C004FF4806EA4F8E9
:102B90008801B4F8880180B240F47060A4F888011C
:102BA000A3F88C7148F2B827A3F88EC1A3F890510E
:102BB000B3F8880180B240F0F000A3F8880101EB7F
:102BC0004100384B013140011C46042903449E80DA
:102BD000A3F806E05A841A865A805A81DF815A8205
:102BE000DA825A83DA83EAD1B4F888310F270022D7
:102BF00041F201069BB245F6C05E114643F226053E
:102C00003B43A4F88831B4F888319BB243F4706335
:102C1000A4F888315001244B01320344042A9981DD
:102C20005981DF819E82A3F806E0198019829D8177
:102C3000F0D100220F2741F2010645F6C05511469A
:102C400043F226045001194B01320344042A9981AE
:102C50005981DF819E82DD80198019829C81F1D1AA
:102C600000220F2741F2010645F6C055114643F2F6
:102C7000260450010E4B01320344042A99815981E4
:102C8000DF819E82DD80198019829C81F1D1F0BDA7
:102C900000C00F4000C03D40000003FC00003E406B
:102CA00000403E4000803E4000C01D4000001E40ED
:102CB00000401E400A4B30B4586A1C46996A626A4A
:102CC000A36A994208BF9042104619460CBF0125DD
:102CD0000025002DF3D0D90B30BC41EA42407047AB
:102CE00000400D4008B503684268BBB17AB1104B93
:102CF000A3FB0213DB0803EB4303B2EB830303D014
:102D0000D21A4260F02A02D90123184608BD01F008
:102D100007FD1C2200230260184608BD044BA3FBDC
:102D20000213DB0803EB4303B2EB8303E8D1E9E7CB
:102D3000ABAAAAAA70B5044600283AD019B1B2FAD3
:102D400082F56D09FDB1206808B1626832B901F001
:102D5000E7FC162300220360104670BD1849A1FB52
:102D60000231C90801EB4101B2EB8101EFD1A36847
:102D70000BB102F0DBF800230122236010466360F0
:102D8000A360E36070BD1E46049B80E80600C3603C
:102D9000FFF7A8FF02460028DED016B90122104630
:102DA00070BD94E80500A660294602F0BFF8012234
:102DB000D2E701F0B5FC162322460360CCE700BF42
:102DC000ABAAAAAA704700BF10B52DED048BB0EED8
:102DD000408B254C8AB000F0E3F994F90030B0EE56
:102DE000409B01332ED0B4EE488BF1EE10FA29D679
:102DF000B0EE480B01F07EF9B7EE007BB4EEC70BE6
:102E0000F1EE10FA1EDD0123184A009318480192D2
:102E1000002308938DED048B8DED028B01F07CF97E
:102E200094F90030022B8DED060B11D0684601F0AD
:102E300071F968B1089B93B99DED060B0AB0BDEC22
:102E4000048B10BDB0EE490B0AB0BDEC048B10BD75
:102E500001F066FC21230360089B002BECD001F0FD
:102E60005FFC089B0360E7E7FB5E0020444C00200A
:102E7000581F002000F0C8BAF0B52DED088BB0EE59
:102E800040ABB0EE419B964C8BB000F0ADFB94F99B
:102E90000030B0EE408B5A1C34D0B4EE499BF1EEBA
:102EA00010FA2FD6B4EE4AABF1EE10FA76D69FEDBB
:102EB0008ABBB4EE4BABF1EE10FA29D1B4EE4B9BCA
:102EC000F1EE10FA13D101228649009200228DED15
:102ED00002AB8DED049B8DED06BB01910892002B9A
:102EE0004BD0B7EE000B0BB0BDEC088BF0BDB0EED5
:102EF000490B01F007F928B1B5EEC09BF1EE10FACD
:102F000000F1A080B0EE480B0BB0BDEC088BF0BD1B
:102F100001F0F8F80546002857D0B5EE408BF1EEE9
:102F200010FA4FF000064FF00007EBD1B0EE4A0B5D
:102F300001F0E8F80028E5D0B0EE490B01F0E2F826
:102F40000028DFD0674A01928DED02AB8DED049B26
:102F5000CDE906670421002294F90030009108921F
:102F6000022B03D0684601F0D5F858B901F0D8FB20
:102F70002223036006E08DED06BB684601F0CAF827
:102F8000002873D0089B1BB101F0CAFB089B0360AB
:102F90009DED060B0BB0BDEC088BF0BDB5EE409B74
:102FA000F1EE10FAAED1B7EE000B01224D490092BE
:102FB000022B4FF000028DED02AB8DED049B0191D1
:102FC00008928DED060BD8D19EE7B0EE4A0B01F0CA
:102FD00099F80028A1D0B0EE490B01F093F8002831
:102FE0009BD0B4EE488BF1EE10FA94F900303D4AD4
:102FF00008955ED603218DED02AB8DED049B8DE827
:103000000600002B37D1B5EEC0AB374B4FF0604216
:10301000F1EE10FACDE90623A4D5B6EE007B29EE39
:10302000079BB0EE490B01F07FF8B4EE409BF1EE48
:1030300010FA3BD02D4994F900304FF06040CDE9B3
:1030400006018DE7274A94F9003001920121002200
:103050008DED02AB8DED049B00910892002B8AD080
:1030600023490020022BCDE9060186D101F058FB4F
:103070002123036086E71F49B5EEC0AB0020F1EEC7
:1030800010FACDE906017FF56BAFB6EE007B29EEB5
:10309000079BB0EE490B01F047F8B4EE409BF1EE10
:1030A00010FA03D0124B0022CDE9062394F9003028
:1030B00056E701218DED02AB8DED049B8DE80600F6
:1030C000002B3FF458AF8BEE0B7B022B8DED067B74
:1030D000CCD052E7AFF300800000000000000000F9
:1030E000FB5E00204C4C0020FFFFEF47FFFFEFC7C7
:1030F0000000F0FF0000F07F00B52DED028BB0EE78
:10310000408B8BB000F032FE234B93F900305A1CF9
:103110000BD0B4EE488BF1EE10FA06D69FED1C7B77
:10312000B4EEC78BF1EE10FA04D40BB0BDEC028BF9
:103130005DF804FB01221949009200228DED048BF9
:103140008DED028B0191089293B187EE076B022BF4
:103150008DED066B0ED101F0E3FA21230360089B8D
:1031600073B99DED060B0BB0BDEC028B5DF804FB53
:103170008DED067B684600F0CDFF0028EFD1EAE731
:1031800001F0CEFA089B0360EBE700BFAFF30080CD
:103190000000000000000000FB5E0020504C0020FA
:1031A00030B510EE905A2DED068B934B25F0004470
:1031B0009C4283B010DD04F1404410EE103A04F557
:1031C0008014234300F0888030EE407B87EE070BAD
:1031D00003B0BDEC068B30BD884B9C420EDCB4F1D5
:1031E000795F80F29880B7EE006B9FED657B30EEE3
:1031F000077BB4EEC67BF1EE10FAE9DC00F07AFF53
:10320000B7EE007BB6EE006B37EE400B9FED5E5BDA
:1032100020EE068BB0EE480B9FED5D6B9FED5E4B95
:10322000A8EE056B9FED5E9BA8EE064B9FED5E5BE7
:103230009FED5F6BA8EE045B9FED5F3BA8EE056B17
:10324000A8EE069B9FED5E4B29EE089B9FED5E5B13
:10325000A8EE034B9FED5E6BA8EE045BA8EE056B3A
:10326000A8EE067BB0EE47AB00F080FD644B9C42BD
:103270008DED000B3EDCB0EE005B89EE0A4BDDE924
:1032800000239DED006B9FED547B36EE062B9DEDEC
:10329000001B00229FED520B43EC162BB1EE463B78
:1032A000A3EE068B31EE066BB0EE471BA3EE051BBB
:1032B000B0EE413B88EE061BA1EE450B94EE020BEF
:1032C00030EE430B37EE400B002DD8BFB1EE400B74
:1032D00003B0BDEC068B30BD9FED436B9FED407B93
:1032E00020EE077BA0EE067BB0EE470B03B0BDECF3
:1032F000068B30BD9DED005B89EE0A7BB0EE006B66
:10330000A5EE075B9FED3A0B9FED377BA5EE060B15
:1033100037EE400BD8E79FED1C4B20EE007BB7EE5D
:10332000002B9FED1B5B9FED1C6BA7EE045B9FEDDD
:103330001E4BA7EE056B9FED1E5BA7EE064B9FEDA8
:10334000186BA7EE045B9FED1C1BA7EE056B26EE2A
:10335000076B9FED1B3B9FED1C4BA7EE013B9FEDC9
:103360001C5BA7EE034BA7EE045BA7EE052B86EED6
:10337000025BA0EE050B03B0BDEC068B30BD00BFB9
:103380009C7500883CE4377E09F7FD0DE13D023F66
:1033900088B20175E0EF493F3B8F68B52882A4BF32
:1033A000555555555555C53F5544880E55C1C93FCE
:1033B0007D6FEB0312D6D4BF82922EB1C5B8B33F56
:1033C00059018D1B6C06E6BFC88A599CE52A00404E
:1033D0004B2D8A1C273A03C0182D4454FB21E93F8A
:1033E000075C143326A6913C182D4454FB21F93F69
:1033F000075C143326A691BCFFFFEF3FFFFFDF3FC2
:103400003233EF3F00000000F0B585B08DED021BB8
:10341000029A0398724953428DED000B134320F03A
:10342000004545EAD3738B429DE8900042D8634241
:10343000234327F0004E4EEAD3738B423AD800F173
:10344000404303F58013134353D0861706F002065A
:1034500054EA0E0346EAD77634D052EA05033ED04A
:103460008D4252D08E453AD0C5EB0E052D153C2D20
:1034700044DC00286BDBDDE900239DED020B43EC0F
:10348000172B87EE000B00F035FE00F031FD53ECFA
:10349000102B012E56D0022E49D0002E44D09FED85
:1034A0003A7B9FED3B6B43EC152B35EE477B37EEBC
:1034B000460B05E09DED027B9DED006B37EE060BA4
:1034C00005B0F0BD022E1DD09FED330B9DED007BAE
:1034D000032E08BFB0EE407BB0EE470BF0E79FED48
:1034E000307B9FED310B002FA8BFB0EE470B05B02E
:1034F000F0BD05B0BDE8F04000F0FABC28A3D3E968
:103500000023C6E79FED220BDAE7AE4524D0022E5A
:10351000F8D0032E2DD09FED267B9FED270B012E9B
:1035200008BFB0EE470BCBE743EC102BC8E79FED8D
:10353000167B9FED176B43EC152B35EE477B36EE74
:10354000470BBDE703F1004343EC102BB8E73C35D4
:1035500091DA002200239CE7022E10D0032E0BD01C
:103560009FED177B9FED180B012E08BFB0EE470BA8
:10357000A6E79FED090BA3E79FED150BA0E79FEDD5
:10358000160B9DE7AFF30080075C143326A6A13C21
:10359000182D4454FB210940182D4454FB2109C027
:1035A000182D4454FB21F93F182D4454FB21F9BF39
:1035B000000000000000008000000000000000008B
:1035C000182D4454FB21E9BF182D4454FB21E93F39
:1035D000D221337F7CD902C0D221337F7CD90240F3
:1035E0000000F07F000000002DE9F04F51EC110BBE
:1035F0002DED088B21F0004555EA000487B03AD044
:1036000053EC102B6A4F23F00044BC4210EE10AA7A
:10361000994629DC884611EE106A24D0BD4223DC8D
:10362000634FBD427AD0B9F1000F7ADB4FF0000B47
:10363000A6BB5F4EB54200F090805E4EB54266D0AC
:10364000B8F1804F00F057825B4EB04526D1B9F1FA
:10365000000F23DB43EC102B07B0BDEC088BBDE85B
:10366000F04F00F083BB6AB104F1404404F58014CC
:1036700054EA0A0308D1B7EE000B07B0BDEC088B83
:10368000BDE8F08FA542CBDD4C4807B0BDEC088B00
:10369000BDE8F04F00F040BD4FF0000B16461F464E
:1036A00047EC106BCDE9020100F024FD8DED000B1D
:1036B000BAF1000F1AD04FEAD97909F1FF395BEA64
:1036C00009035ED03E4B9D4240F3808003F10473BA
:1036D0009D4240F39A823B4B9C4259DDB8F1000F6A
:1036E00059DD9FED2F0B20EE000BC6E724B1314BC7
:1036F00029F040429A42DED1B8F1000FC0F27C823C
:10370000B9F1000FC0F2E6819DED000BB5E7B8F10D
:10371000000FC0F2BC8243EC102BAEE7002E82D02B
:10372000A2E7294FBD4229DCA7F15477BD427FF7BC
:103730007DAF2F15A7F2FF37142F40F3B682C7F1E4
:10374000340726FA07FE0EFA07F7BE427FF46EAF83
:103750000EF0010ECEF1020B6AE704F1404303F5CF
:10376000801353EA0A0386D0164B9C4240F33B82F7
:10377000B8F1000F0FDB41EC100B7EE74FF0020BAE
:1037800056E747EC176B37EE477B87EE070B74E77E
:10379000B8F1000FA5DB9FED040B6EE7AFF30080DF
:1037A0009C7500883CE4377E0000000000000000AB
:1037B0000000F07F0000F03F0000E03F581F0020B5
:1037C0000000E041FFFFEF3FFFFF3F43B4F5801FE4
:1037D00080F25B829DED006B9FEDC97B26EE077B3F
:1037E0008DED007B019C6FF03406ED4A2315C4F388
:1037F0001304A3F2FF3344F07F5194421E4441F47A
:10380000401140F33A82E74B9C4240F36C82B7EEA2
:10381000007B9FEDBD3B0136A1F580110025B0EE88
:10382000430BDDE90023B7EE004B0B4643EC112BB5
:103830004C1031EE076B31EE472B84EE065B22EE27
:10384000056B8DED006BDDE9002344F0005404F5B9
:10385000002400220020611943EC142B41EC160BCC
:10386000B1EE44AB36EE477BAAEE062B31EE477B3A
:10387000B0EE426BAAEE076B9DED007B26EE052BAA
:103880009DED006B37EE047B26EE06BB9FEDA09B03
:1038900027EE026B9FEDA08B9FEDA11BABEE098B7A
:1038A0009FEDA17BABEE081B2BEE0B8B9FEDA05B7E
:1038B000ABEE017BABEE075B9FED9F7BABEE057B39
:1038C000B0EE085BA8EE076BB0EE457BA4EE047B80
:1038D00037EE067B8DED047B04929DED049B39EE63
:1038E000455BAAEE045B36EE455B9DED006B25EE75
:1038F000066BA2EE096BB0EE465BA4EE095B8DEDA4
:10390000005B00929DED004B9FED8D2BB0EE445B74
:10391000AAEE095B9FED8C7B36EE456B9FED8C8BA1
:1039200026EE077B01EE906AA4EE087BB8EEE11B61
:1039300037EE007BB0EE476BA4EE026B36EE036B06
:1039400036EE016B8DED006B00929DED005B35EE68
:10395000416B36EE436BA4EE426B37EE466BDDE90E
:103960000234BFEE000B2146002044EC173B41EC33
:10397000140B26EE076B37EE447BA5EE076B25EEA6
:10398000045B36EE057B8DED007BB7EE007B864B4E
:10399000019A0BF1FF3B5BEA090414BFB0EE478BC1
:1039A000B0EE408B9A42009C40F3028102F13F430B
:1039B00003F5E003234340F0718136EE054B34EE0E
:1039C000454B9FED657B36EE077BB4EEC47BF1EE95
:1039D00010FA00F3638113461B154FF48011A3F214
:1039E000FE3341FA03F39918C1F30A506F4EA0F267
:1039F000FF30064121EA06050024C1F3130345EC1C
:103A0000174BC0F1140043F4801343FA00F0002A6E
:103A100035EE475B36EE057B8DED007BB8BF40424F
:103A20000105DDE90023B0EE002BB7EE007B9FED32
:103A30004C1B9FED4D0B00229FED4D4B43EC132B88
:103A40009FED4D9B23EE044B33EE455B36EE455B1D
:103A5000B0EE446BA5EE006B9FED495BB0EE464BBC
:103A6000A3EE014BB0EE440BA3EE410B36EE406BE0
:103A70009FED450B24EE043BA3EE095B9FED441B39
:103A8000A3EE050BA4EE066B9FED435BA3EE001BBC
:103A9000A3EE015BB0EE441BA3EE451B24EE013BFD
:103AA00031EE422B83EE025B35EE466B36EE446B15
:103AB00037EE467B8DED007B019B1944B1F5801FED
:103AC000C0F21A81DDE900230B4643EC102B20EEF7
:103AD000080BD2E504F1404404F5801454EA0B03CA
:103AE00000F0FA80BBF1010F7FF40EAE9DED007B7C
:103AF000B1EE470BC1E543EC172B27EE070BBCE5F6
:103B00000000000000004043000000000000000032
:103B1000EF4E454A287ECA3F65DBC9934A86CD3FB2
:103B200001411DA96074D13F4D268F515555D53F98
:103B3000FFAB6FDBB66DDB3F033333333333E33F30
:103B4000000000E009C7EE3FFD033ADC09C7EE3F85
:103B5000F5015B14E02F3EBEFE822B654715973CB6
:103B600000000000432EE63FEF39FAFE422EE63F0A
:103B7000396CA80C615C20BED0A4BE726937663E69
:103B8000F16BD2C541BDBBBE2CDE25AF6A56113FDD
:103B900093BDBE166CC166BF3E5555555555C53FC4
:103BA0008E98030079B60B00FFFF8F40FFFF0F00D8
:103BB000694D22F00043AB4240F3848067491144D1
:103BC000214309D136EE057B37EE457BB4EEC76B5A
:103BD000F1EE10FA3FF600AF9FED4D0B28EE007BA3
:103BE00027EE000B49E5B8F1000FBFF6D4AD41EC6C
:103BF000170BB1EE470B40E59DED005BB7EE007B88
:103C000087EE056B8DED006B7AE5554B9C427FF797
:103C1000BFAD544B9C423FF761ADB7EE007BB5EEB4
:103C2000008B9DED005B9FED3C2B35EE477BB6EEA8
:103C3000005B9FED3B3BB1EE474B27EE070B9FED43
:103C40003A6BA4EE083BA4EE035B9FED391B25EE17
:103C5000005B26EE456BA7EE016BB0EE465BA7EE70
:103C6000025B53EC152B002243EC152BB0EE457B89
:103C7000A4EE027B36EE476B71E69FED2F3BB7EE6D
:103C8000007BB0EE430B0025CBE50026ADE543EC11
:103C9000162BB7EE007B87EE060BEEE49FED280BAC
:103CA00028EE007B27EE000BE7E4002E7FF4F4AC57
:103CB000C7F1140745FA07FE0EFA07F7BD4220D0F8
:103CC000B346BAE4284CA3423FF786AE36EE057BF6
:103CD00001468DED007BA4E69DED007B37EE477B32
:103CE00087EE070BC9E49FED183BB7EE087B9FED0D
:103CF000180B4FF4802594E5B0EE470B00F0A4FAC2
:103D0000E5E60EF0010ECEF1020B96E4AFF3008073
:103D100059F3F8C21F6EA501000000604715F73F78
:103D2000555555555555D53FFE822B654715F73FDF
:103D300044DF5DF80BAE543E0000000000000000C0
:103D40009C7500883CE4377E0000004003B8E23FE9
:103D500006D0CF43EBFD4C3EFFCB904000346F3F8D
:103D6000FEFFEF3F0000F03F0000E03F2DE9F04193
:103D700082B08DED000B5D49019B00980C46194007
:103D8000A14200F09880002B024677DD1F1500F05D
:103D90008280A7F2FF37C3F31303F90743F48013BC
:103DA00067D403EBD27100260B447F105200B64655
:103DB00016204FF400110EEB01049C424FEAD2751D
:103DC0004FEA420203DC1B1B04EB010E0E440138D8
:103DD00005EB43034FEA5101EDD1844620244FF017
:103DE000004109E020D003EBD275013C4FEA5101BC
:103DF0002B444FEA420220D09E4501EB0C05F1DA3C
:103E0000002D05EB010C09DBF0469542CEEB0303D8
:103E100000D9013B521B0844C646E4E7BCF1000F41
:103E2000F2DB0EF10108F0E795421AD8002D05EB00
:103E3000010C48DB98460023ECE7134313D14008FC
:103E40007110F30701F17F5101F5001148BF40F0F7
:103E5000004001EB0753024643EC102B02B0BDE8D3
:103E6000F0817346BFE7421C31D000F001031844D3
:103E7000E5E75B0003EBD273520092E723F00041C9
:103E800001431DD05BBB1F46D30A153F5205002BD3
:103E9000FAD0DD021ED4002100E001465B00DC0206
:103EA00001F10100F9D5C0F1200422FA04F4234302
:103EB0007F1A82406DE7A0EE000B02B0BDE8F081F2
:103EC0009DED000BCAE7BCF1000FAADAB2E701369C
:103ED0002046B5E720244FF0FF310020E5E79DEDB7
:103EE000007B37EE477B87EE070BB7E70000F07FDC
:103EF00038B5B0EE407B17EE905A774B25F0004472
:103F00009C420EDD754B9C4210EE102A5CDC59D0B1
:103F10009FED557B9FED560B002DC8BFB0EE470BB4
:103F200038BD6F4B9C4260DCA3F1DE739C424EDDDA
:103F30004FF0FF339FED502B27EE074B24EE046B21
:103F40009FED4F3B9FED505BA6EE023B9FED502B4C
:103F5000A6EE035B9FED503BA6EE052B9FED505B5D
:103F6000A6EE023B9FED501BA6EE035B25EE045B25
:103F70009FED4F2B9FED504B9FED513BA6EE014B1C
:103F8000A6EE042B9FED504BA6EE023B5A1CA6EE6C
:103F9000034B24EE066B40D035EE065B514A524986
:103FA000DB001A440B4492ED006B93ED000B97EE8F
:103FB000056B36EE477B002D30EE477B2ADBB0EEFB
:103FC000470B38BD002AA3D037EE070B38BD9FED55
:103FD000406BB7EE005B30EE066BB4EEC56BF1EEF6
:103FE00010FAA5DDB0EE470B38BD00F083F83F4B6B
:103FF0009C4219DCA3F550239C422ADCB0EE007BE6
:10400000BFEE006B30EE075BA0EE076B002386EE81
:10401000057B8FE7B1EE470B38BD35EE066BA7EE9B
:10402000467BB0EE470B38BD314B9C420BDCB7EE04
:10403000087BB7EE006B30EE475BA0EE076B022308
:1040400085EE067B76E7BFEE006B032386EE007BF2
:1040500070E7B7EE007B012330EE476B30EE070BC5
:1040600086EE007B66E700BF182D4454FB21F93F24
:10407000182D4454FB21F9BF11DA22E33AAD903FE9
:10408000EB0D76244B7BA93F513DD0A0660DB13F8F
:104090006E204CC5CD45B73FFF8300922449C23FF7
:1040A0000D5555555555D53F2F6C6A2C44B4A2BFBC
:1040B0006D9A74AFF2B0B3BF9AFDDE522DDEADBF84
:1040C000711623FEC671BCBFC4EB98999999C9BFFC
:1040D0009C7500883CE4377EFFFF0F440000F07FB2
:1040E000FFFFDB3FA003002080030020FFFFF23F23
:1040F000FF7F034053EC102B23F0004343EC102BC5
:10410000704700BF10EE903A43F0004000F5801079
:10411000C00F7047002070479FED010B704700BF34
:10412000000000000000F87FF0B453EC102BC3F344
:104130000A55A5F2FF30132884B019464FEAD37709
:1041400010EE104A2CDC002847DB3C4D054103EA09
:104150000506164329D06D082B401C430CD04FF4A4
:104160008023132821EA050543FA00F141EA0501FD
:104170000CBF4FF000440024314800EBC70797ED17
:10418000000B0B46224643EC172B37EE007B8DEDE0
:10419000027B9DED027B37EE400B04B0F0BC704714
:1041A000332807DDB0F5806F44D043EC102B04B00A
:1041B000F0BC7047A5F213454FF0FF30E8400242D3
:1041C000F3D040080242D7D04FF0804324EA0000E9
:1041D00043FA05F545EA0004CEE723F0004010431A
:1041E00010EE106AE1D0C3F3130006437042064399
:1041F0001348590C360B490406F4002600EBC7009F
:1042000046EA010390ED006B43EC172B37EE067B7B
:104210008DED027B9DED027B37EE467B8DED007BC5
:104220000199DDE9002321F0004141EAC77343EC25
:10423000102BBCE730EE000BB9E700BFFFFF0F000B
:10424000800200200000000010B52DED028B82B02E
:104250008DED000B019B0099C3F30A522ABB23F09A
:1042600000430B432DD09FED367B3D4A20EE077B6C
:1042700090428DED007B019B29DBC3F30A52363A55
:10428000841840F2FE72944230DC002C27DD23F0CB
:10429000FF41DDE9002321F4E00141EA045343EC4E
:1042A000102B02B0BDEC028B10BD40F2FF718A42B0
:1042B000E6D19DED007B37EE070B02B0BDEC028B23
:1042C00010BD9DED000B02B0BDEC028B10BD9FED4B
:1042D0001E0B27EE000B02B0BDEC028B10BD14F1DB
:1042E000350F11DA4CF2503398421DDD9FED188BDB
:1042F0009DED001BB0EE480B00F034F820EE080BEB
:1043000002B0BDEC028B10BD23F0FF41DDE90023BC
:1043100021F4E001363441EA04539FED0F0B43ECE6
:10432000172B27EE000BBCE79FED078B9DED001BC5
:10433000B0EE480B00F016F820EE080BB1E700BF16
:10434000000000000000504359F3F8C21F6EA501A1
:104350009C7500883CE4377E000000000000903C23
:10436000B03CFFFF53EC102B11EE900A23F00041FC
:1043700000F0004041EA000343EC102B704700BFFF
:104380000B460146184600F0C5B900BF53B94AB9FB
:10439000002908BF00281CBF4FF0FF314FF0FF304D
:1043A00000F07EB9ADF1080C6DE904CE00F006F81E
:1043B000DDF804E0DDE9022304B070472DE9F047A1
:1043C0008C460E460446089D002B50D18A42174663
:1043D0006CD9B2FA82FEBEF1000F0BD0CEF12004F0
:1043E00020FA04F401FA0EF644EA060C02FA0EF77B
:1043F00000FA0EF44FEA1749220CBCFBF9F01FFA41
:1044000087F809FB10C642EA064600FB08F3B342F0
:1044100009D9F61900F1FF3280F02281B34240F24F
:104420001F8102383E44F61AA2B2B6FBF9F309FB2B
:10443000136642EA064403FB08F8A04509D9E419CB
:1044400003F1FF3280F00A81A04540F20781023B70
:104450003C44C8EB040443EA00400021002D62D034
:1044600024FA0EF400232C606B60BDE8F0878B42C9
:1044700007D9002D55D0002185E841000846BDE848
:10448000F087B3FA83F1002940F09080B34202D361
:10449000824200F2F880841A66EB03060120B446DB
:1044A000002D40D085E81010BDE8F08712B9012733
:1044B000B7FBF2F7B7FA87FEBEF1000F35D1F31B59
:1044C0004FEA17481FFA87FC0121B3FBF8F0220CD2
:1044D00008FB103642EA06460CFB00F3B34207D94C
:1044E000F61900F1FF3202D2B34200F2CE8010463C
:1044F000F61AA2B2B6FBF8F308FB136642EA0644CA
:104500000CFB03FCA44507D9E41903F1FF3202D2E6
:10451000A44500F2B5801346CCEB040443EA004006
:104520009CE729462846BDE8F087CEF1200106FA2F
:104530000EF307FA0EF720FA01F94FEA1748CE40BA
:1045400049EA0309B6FBF8FA4FEA194408FB1A6670
:104550001FFA87FC44EA06430AFB0CF29A4200FA6F
:104560000EF40AD9DB190AF1FF3180F087809A42F4
:1045700040F28480AAF1020A3B449B1A1FFA89F98F
:10458000B3FBF8F108FB113349EA034301FB0CF6D6
:104590009E4207D9DB1901F1FF326BD29E4269D9E5
:1045A00002393B449B1B41EA0A418EE7C1F1200ED0
:1045B00022FA0EF48B40234320FA0EF706FA01F498
:1045C0004FEA134C26FA0EF63C43B6FBFCF9270CD7
:1045D0000CFB19661FFA83F847EA064609FB08F741
:1045E000B74202FA01F200FA01FA08D9F61809F105
:1045F000FF3041D2B7423FD9A9F102091E44F61B50
:10460000A0B2B6FBFCF40CFB146640EA064704FBC0
:1046100008F8B84507D9FF1804F1FF3028D2B8458B
:1046200026D9023C1F4444EA0940C8EB0707A0FB17
:1046300002894F4544464E4614D329D065B3BAEBA0
:10464000040367EB060707FA0EFECB40CF404EEAA5
:10465000030385E888000021BDE8F0871346F8E6EB
:104660001046E0E6B8EB020469EB03060138E5E723
:104670000446D8E7114695E78146C0E78A467CE7BD
:10468000023B3C4448E708460AE702383E442FE72D
:10469000C245E7D33E46D1E72946BDE8F08700BFD3
:1046A000704700BF024B0A460146186800F002B886
:1046B000D85B002010B502FB01F100F0D3F80446EE
:1046C000D8B150F8042C22F00302043A242A18D856
:1046D000132A14D900231B2A0360436016D9242A05
:1046E0008360C36011BF00F110020361436100F1F8
:1046F00018020023136053609360204610BD0246E9
:10470000F7E7002100F012FC204610BD00F108027E
:10471000EFE700BF13460A460146022004F092BBB1
:10472000014B1868704700BFD85B002070B50F4E72
:104730000F4D761BB61018BF002405D0013455F874
:10474000043B9847A642F9D10A4E0B4D761B06F062
:104750005FFDB61018BF002406D0013455F8043BA5
:104760009847A642F9D170BD70BD00BFD82C026039
:10477000D82C0260E82C0260D82C026010B50446E8
:1047800000F056F82044407800F0070010BD00BF4C
:1047900010B5044600F04CF82044407800F00300C7
:1047A000A0F10200B0FA80F0400910BD10B5044637
:1047B00000F03EF82044407800F00300A0F1010032
:1047C000B0FA80F0400910BD931E222B10D80A2A9F
:1047D00010B506D000230C46194402F0F9FE20461D
:1047E00010BD0028F6DA2D230B7040420123F2E7BA
:1047F00000200870704700BFFFF7E6BF034A044B74
:104800001268506B002808BF18467047D85B00201C
:104810005C560020044B054A1B685B6B002B08BFED
:10482000134693F828017047D85B00205C5600209F
:1048300008B5034B1868FFF7E1FFD0F8EC0008BD9E
:10484000D85B0020024B0146186800F00BB800BF8F
:10485000D85B0020024B0146186805F0ABBB00BFD7
:10486000D85B00202DE9F04F01F10B05162D83B028
:10487000064640F29F8035F0070500F1BF80A9424F
:1048800000F2BC8000F0A0FBB5F5FC7FC0F09C827C
:104890006B0A00F0BA80042B00F28381A80900F1B2
:1048A000390E4FEA4E033830C44F07EB8303A3F1B0
:1048B00008015C68A14207D1ACE0002A80F2AC801C
:1048C000E468A14200F0A680636823F003035A1B4A
:1048D0000F2AF2DDB9493C6901F1080E744500F078
:1048E000B381636823F003035A1B0F2A00F39981F5
:1048F000002AC1F814E0C1F810E080F29E80B3F500
:10490000007F80F06781DB0803F1010C01229B101E
:1049100002FA03F34A6851F83C80C4F8088001EBBE
:10492000CC091A43A9F10803E3604A6041F83C400E
:10493000C8F80C40831001249C40944200F28A8005
:10494000144206D120F003006400144200F1040078
:10495000FAD007EBC009CC468046DCF80C108C4539
:1049600007D173E1002A80F28181C9688C4500F08B
:104970006D814B6823F003035A1B0F2AF2DD0C46AE
:10498000D1F80CC054F8088F4B1945F001054D6063
:1049900042F00101C8F80CC03046CCF808807B61B9
:1049A0003B61C3F80CE0C3F808E059609A5000F08E
:1049B0000DFB1FE0102921D800F006FB102506236F
:1049C00002207E4F07EB8303A3F108025C68944248
:1049D00000F045816368E168A56823F00303234480
:1049E00030465A68E96042F001028D605A6000F07A
:1049F000EDFA0834204603B0BDE8F08F00240C2304
:104A00002046336003B0BDE8F08F80234FF0400EA6
:104A10003F2049E770465DE72344E1685A68A5688E
:104A200042F00102E96030468D605A6000F0CEFA33
:104A30000834204603B0BDE8F08F234430465A685E
:104A400042F001025A6000F0C1FA0834204603B077
:104A5000BDE8F08FBC68636823F00308A84504D361
:104A6000C5EB08030F2B00F38C80554BDFF86091EA
:104A70001A68D9F8003001332A4404EB080A00F020
:104A8000608102F580520F3222F47F6222F00F0221
:104A900011463046019200F00DFDB0F1FF3F834614
:104AA000019A00F05881824500F2FC80454B19685C
:104AB000DA451144196000F05381D9F80000DFF89D
:104AC00010E101301BBFCAEB0B0A5144CEF800B015
:104AD00019601BF0070100F01781C1F10800C1F552
:104AE0008051834408315A44C2F30B02C2EB0109DE
:104AF00049463046019300F0DDFC431C019B00F069
:104B00003F81CBEB00024A4442F001021968C7F82A
:104B100008B04944BC42CBF804201960DFF8A490E7
:104B200016D0B8F10F0F40F2FD806268A8F10C03B7
:104B300023F00703E01802F001024FF0050E1A43BC
:104B40000F2B6260C0F804E0C0F808E000F21C819E
:104B50001D4BBC681A68914288BF19601B4B1A68CC
:104B60009142626888BF196022F003029542A2EB6D
:104B7000050301D80F2B04DC304600F027FA00248F
:104B800038E7621943F0010345F0010565603046DE
:104B9000BA60536000F01AFA0834204603B0BDE84A
:104BA000F08F142B71D9542B00F2A480280B00F144
:104BB0006F0E4FEA4E036E3076E600BFC8570020F6
:104BC0004C1701201C170120441701204817012011
:104BD000D05B00205A0A042A5ED9142A00F2B3805E
:104BE00002F15C0149005B3207EB810C57F82110A0
:104BF000DFF8DC81ACF1080C8C4500F088804A6855
:104C000022F00302934202D289688C45F7D1D1F891
:104C10000CC07A68C4F80CC0A160CCF80840CC6025
:104C200088E6631942F0010745F0010565603046EA
:104C30004B610B61C3F80CE0C3F808E05F609A5069
:104C4000083400F0C3F9D5E64A6873E608F10108B4
:104C500018F0030F0CF1080C7FF47FAE30E0DC6835
:104C6000A34208BF02303FF435AEB3E60B440C4616
:104C70005A68C96854F8085F42F001025A60304629
:104C8000E9608D6000F0A2F9B4E603F15C0E03F177
:104C90005B004FEA4E0307E69A0902F13901490029
:104CA0003832A1E7BC424A4B3FF400AF9C686268CF
:104CB00022F003025AE759F80839994540F08280FA
:104CC00010F0030F00F1FF30F5D17B6823EA0403F5
:104CD0007B6064009C423FF6BDAE002C3FF4BAAE50
:104CE0001C4240467FF435AE64001C4200F10400D3
:104CF000FAD02EE6B3F5AA7F18D8E80B00F1780EAB
:104D00004FEA4E037730CFE54FF48051EBE60121B7
:104D1000D8F80430921001FA02F21A43C8F80420BD
:104D2000614677E70123CBF8043025E740F254527F
:104D3000934220D8A80C00F17D0E4FEA4E037C3040
:104D4000B2E51032A4E6542A26D81A0B02F16F01FC
:104D500049006E3248E7BC68626822F0030205E74A
:104D6000CAF30B0000287FF4A8AE4244BB6842F0AF
:104D700001025A60ECE6FE234FF07F0E7E2093E5A1
:104D800001224FF00009C1E604F10801304605F0A8
:104D900011F9D9F80010DBE6B2F5AA7F05D8DA0BD5
:104DA00002F17801490077321EE740F254518A42FD
:104DB00005D89A0C02F17D0149007C3214E7FE21EE
:104DC0007E2211E77B6884E7E808431C5B00F8E576
:104DD000C857002082B049B15AB16BB113780B604B
:104DE0001278101C18BF012002B0704701A9002AD8
:104DF000F3D1104602B070476FF00100F4E700BF36
:104E0000032A70B426D940EA01039B0711D0047825
:104E10000D78AC4222D10244431C05E013F8014B4B
:104E200011F8015FAC4219D19342F7D1002070BC58
:104E300070470C4603461E682568AE421846214658
:104E400003F1040304F10404E1D1043A032A1846EF
:104E50002146F0D8002ADAD11046E8E7601B70BC82
:104E6000704700BF8842F0B50DD98B1898420AD21E
:104E70008118002A51D09A1A13F8014D01F8014DFA
:104E80009342F9D1F0BD0F2A48D941EA00039B07AC
:104E900046D100F1100401F11003154653F8106CCF
:104EA00044F8106C53F80C6C44F80C6C53F8086C14
:104EB00044F8086C103D53F8046C44F8046C0F2D52
:104EC00003F1100304F11004E8D8A2F1100323F059
:104ED0000F0302F00F0E1033BEF1030F1944034409
:104EE00021D91E1F0D467446043C55F8047B46F834
:104EF000047F032CF8D8AEF1040424F00304043436
:104F00002344214402F0030262B1013B0A4411F838
:104F1000014B03F8014F8A42F9D1F0BD0346F3E794
:104F20000346F2E7F0BD7246EEE700BF70B48407B7
:104F300046D0541E002A41D0CDB2034602E0621E84
:104F4000E4B3144603F8015B9A07F8D1032C2ED979
:104F5000CDB245EA05250F2C45EA054519D903F1DF
:104F600010022646103E0F2E42F8105C42F80C5CF0
:104F700042F8085C42F8045C02F11002F2D8A4F195
:104F8000100222F00F0204F00F041032032C13441D
:104F90000DD91E462246043A032A46F8045BFAD885
:104FA000221F22F003020432134404F003042CB144
:104FB000C9B21C4403F8011BA342FBD170BC70476B
:104FC00014460346C2E700BF704700BF704700BFEA
:104FD0000FB400B5074983B004AB086853F8042B3D
:104FE0008168019302F034FB03B05DF804EB04B078
:104FF000704700BFD85B0020034B1B6801469A68CE
:10500000184605F04FBE00BFD85B0020F0B505463E
:1050100089B008460C4600F013FDAB6B144F0494A6
:105020000126441C04A9022203940590AC6806974B
:10503000079601910292B3B1B4F90C309A0406D4E8
:10504000626E43F4005322F40052A381626621464B
:10505000284601AA05F096F8002814BF4FF0FF304B
:105060000A2009B0F0BD284604F04CFFE4E700BF79
:1050700040240020024B01461868FFF7C7BF00BF5D
:10508000D85B002010B40C4B0C4C19680C4AD1F8BA
:10509000A830D1F8AC0004FB03F402FB0040A3FBF2
:1050A00002230344013243F10003C1E92A2323F020
:1050B00000405DF8044B7047D85B00202DF4515838
:1050C0002D7F954C024B0A460146186800F002B845
:1050D000D85B00202DE9F04F174683B0002900F07F
:1050E000C1800E46814607F10B05FFF76DFF56F8AC
:1050F00004EC162D2EF00304A6F1080840D8102267
:105100001546AF4241D8944275DAC94B996808EB0D
:1051100004008842416800F0D98021F00103034473
:105120005B68DB077DD51EF0010F35D03946484658
:10513000FFF798FB0746E0B156F8043C23F0010363
:105140004344A0F108029A4200F04481221F242A1D
:1051500000F23181132A00F20481034632461168BD
:1051600019605168596092689A603146484604F067
:1051700021FF4846FFF72AFF384603B0BDE8F08F0D
:1051800025F00705002D2A46BBDA0C230020C9F8BC
:10519000003003B0BDE8F08F56F8083CC3EB080AB6
:1051A000DAF8043023F0030C04EB0C039342BDDB6C
:1051B0005746DAF80C1057F8080F221F242AC1604E
:1051C000886000F21781132A40F212813168CAF810
:1051D00008107168CAF80C101B2A00F22B810836DF
:1051E0000AF110023168116071685160B168916014
:1051F0003E461C46D046631B0F2B1DD8D8F8043002
:1052000003F0010323434444C8F80430636843F0C7
:10521000010363604846FFF7D9FE304603B0BDE89E
:10522000F08F21F003012144914221DBC3688268A1
:105230000C46D3609A60DEE7D8F8042008EB05013D
:1052400002F00102154343F001020B44C8F8045078
:105250004A605A6842F0010208315A60484604F038
:10526000A9FED7E7114603B0BDE8F04FFFF7FABA41
:105270001EF0010F7FF45AAF56F8083CC3EB080A42
:10528000DAF8043023F0030C01EB0C0E96458BDBAF
:10529000C36882685746D3609A6057F8081FDAF8E7
:1052A0000C30CB60221F242A996000F29980132AC7
:1052B00062D93368CAF808307368CAF80C301B2A00
:1052C00000F2A08008360AF1100356E021F0030B2B
:1052D000A34405F11000834559DA1EF0010F7FF455
:1052E00025AF56F8081CC1EB080ADAF8041021F0C3
:1052F000030CE34458453FF757AF5746DAF80C1014
:1053000057F8080F221F242AC160886000F2B48079
:10531000132A40F2A5803168CAF808107168CAF8EB
:105320000C101B2A00F2AF8008360AF11002316817
:10533000116071685160B16891600AEB0501C5EBBD
:105340000B0242F0010299604A60DAF8043003F07F
:1053500001031D434846CAF80450FFF737FE38469C
:105360005CE733680360736843601B2A27D800F149
:10537000080306F10802F2E63B4632681A607268DA
:105380005A60B2689A603E467446D04633E708EBEE
:105390000501C5EB0B0B4BF0010299604A6056F812
:1053A000043C03F001031D43484646F8045CFFF744
:1053B0000DFE304632E73146FFF754FDD5E6B368BF
:1053C0008360F368C360242A28D000F1100306F13B
:1053D0001002C4E650F8043C23F003031C440AE71F
:1053E000314638467446D046FFF73CFD3E4602E75C
:1053F0003A46F7E6314638461C46D046FFF732FDBE
:105400003E46F8E6B368CAF81030F368CAF81430BC
:10541000242A1BD010360AF11803AEE73369036162
:105420007369436106F1180200F1180397E600BFA3
:10543000C8570020B168CAF81010F168CAF81410F3
:10544000242A0FD010360AF11802CBE63369CAF8C5
:1054500018307369CAF81C3018360AF120038CE73B
:105460003A4664E73269CAF818207269CAF81C2003
:1054700018360AF12002B5E6314638460193FFF7A7
:10548000F1FC019B59E7B168CAF81010F168CAF83D
:105490001410242A03D010360AF1180247E73269A3
:1054A000CAF818207269CAF81C2018360AF12002BE
:1054B0003DE700BF38B5074C00230546084623608A
:1054C000FBF7DEF8431C00D038BD2368002BFBD06F
:1054D0002B6038BDAC2501200CB4F0B5244B00295D
:1054E0009DB01D683EDB4FF402730C46029006909F
:1054F000ADF8143023AE17D04C1E229A04943346D4
:105500004FF6FF7702A9284607940196ADF816706A
:1055100000F0A6FD421C1BDB029B00221A701DB08E
:10552000BDE8F04002B0704733464FF6FF77229A4D
:10553000049402A9284607940196ADF8167000F06D
:105540008FFD431C07DB1DB0BDE8F04002B0704783
:105550008B232B60E0E78B232B601DB0BDE8F04070
:1055600002B070478B232B604FF0FF30EBE700BF9A
:10557000D85B002041EA00039B0710B414D10B68EC
:10558000A3F1013222EA030212F0803F0CD10C1D7C
:1055900040F8043B214654F8043BA3F1013222EACF
:1055A000030212F0803FF3D0034611F8012B184696
:1055B00003F8012B002AF8D15DF8044B704700BFB7
:1055C00070B411F0FF0434D085070FD00378002B9E
:1055D0005AD09C422BD0431C05E013F8012B002A23
:1055E0004FD0944223D09A071846F6D10E0206F403
:1055F0007F462643036846EA064601E050F8043F2A
:1056000086EA0305A5F10132A3F1013122EA050280
:1056100021EA0303134313F0803FEFD0037823B94B
:1056200032E010F8013F002B2ED09C42F9D170BC23
:10563000704784070BD00378002BF8D0431C03E09D
:1056400002780133002AF2D099071846F8D102688F
:10565000A2F1013323EA020313F0803F08D150F88E
:10566000042FA2F1013323EA020313F0803FF6D0A6
:105670000378002BDBD010F8013F002BFBD170BC6E
:105680007047104670BC7047184670BC704700BF2A
:10569000000000000000000000000000000000000A
:1056A000A2EB0300704700BF02780B78012A28BFE5
:1056B0009A42F5D16DE9044540EA0104CDE902675B
:1056C0006FF0000C4FEA447212B380EA010414F048
:1056D000070F6AD100F0070420F0070004F003056B
:1056E00021F007014FEAC505F0E8042314F0040F88
:1056F000F1E804670CFA05F462EA040266EA0406BB
:105700000AD063EA0403624667EA0407664603E0D8
:10571000F0E80423F1E8046782FA4CF582EA060413
:10572000A4FA8CF46CBB83FA4CF583EA0705A5FA5E
:105730008CF595B950E9022351E9026782FA4CF5DC
:1057400082EA0604A4FA8CF483FA4CF583EA07058E
:10575000A5FA8CF52543DBD09CB92DBAB5FA85F4B2
:1057600024F0070427FA04F1DDE9026723FA04F3C1
:1057700003F0FF0001F0FF01FDE80445A0EB01008C
:10578000704724BAB4FA84F424F0070426FA04F12A
:10579000DDE9026722FA04F202F0FF0001F0FF01E6
:1057A000FDE80445A0EB0100704714F0030F3CD165
:1057B00010F0030428D150F8082B51F8083B82FA66
:1057C0004CF582EA0305A5FA8CF55DB950F8042C76
:1057D00051F8043C82FA4CF582EA0305A5FA8CF5EF
:1057E000002DE8D02DBAB5FA85F424F0070423FA89
:1057F00004F122FA04F202F0FF0001F0FF01FDE8DB
:105800000445A0EB010070474FEAC40420F00300F8
:1058100050F8082B21F0030151F8083B0CFA04F46E
:1058200062EA040263EA0403C9E710F003041AD031
:10583000A1EB040120F00300E40750F8042B06D08C
:105840000FD28B785FFAA2F4E41A06D12BB1CB7891
:105850005FFAB2F4E41A00D11BB920465DF8104B90
:10586000704701F1040150F8042BCC0721F003012B
:1058700051F8043B48D824D222F07F4482FA4CF5F8
:1058800094EA1325A5FA8CF50AD165B951F8043BC1
:1058900084EA0204B4EB036F0ED150F8042BEBE75B
:1058A0004FEA132355E035F07F454DD10878FDE8E8
:1058B0000445C0F1000070474FEA126203F0FF0395
:1058C00047E002EA1C4482FA4CF594EA1345A5FA33
:1058D0008CF50AD165B951F8043B84EA0204B4EBB3
:1058E000034F0CD150F8042BEBE74FEA134330E0A1
:1058F00015EA1C4528D10B884FEA124229E04FEAED
:10590000124203EA1C4324E002F0FF0482FA4CF541
:1059100094EA1365A5FA8CF50AD165B951F8043BF0
:1059200084EA0204B4EB032F09D150F8042BEBE70F
:105930004FEA13630DE015F0FF0F05D10B684FEA36
:10594000122223F07F4304E04FF00000FDE80445FD
:10595000704712BA1BBA82FA4CF482EA0304A4FA22
:105960008CF5B5FA85F402FA04F203FA04F34FEA6F
:105970001260FDE80445A0EB1360704780EA010265
:10598000844612F0030F4FD111F0030F32D14DF8BE
:10599000044D11F0040F51F8043B0BD0A3F1013278
:1059A0009A4312F0803F04BF4CF8043B51F8043B8B
:1059B00016D100BF51F8044BA3F101329A4312F003
:1059C000803FA4F101320BD14CF8043BA24312F00A
:1059D000803F04BF51F8043B4CF8044BEAD0234607
:1059E0000CF8013B13F0FF0F4FEA3323F8D15DF8B9
:1059F000044B704711F0010F06D011F8012B0CF881
:105A0000012B002A08BF704711F0020FBFD031F8F8
:105A1000022B12F0FF0F16BF2CF8022B8CF800207F
:105A200012F47F4FB3D1704711F8012B0CF8012B02
:105A3000002AF9D1704700BF0000000000000000FC
:105A400090F800F06DE9024520F007016FF0000CBE
:105A500010F0070491F820F040F049804FF0000466
:105A60006FF00700D1E9002391F840F000F1080041
:105A700082FA4CF2A4FA8CF283FA4CF3A2FA8CF379
:105A80004BBBD1E9022382FA4CF200F10800A4FAE0
:105A90008CF283FA4CF3A2FA8CF3E3B9D1E9042334
:105AA00082FA4CF200F10800A4FA8CF283FA4CF36B
:105AB000A2FA8CF37BB9D1E9062301F1200182FA25
:105AC0004CF200F10800A4FA8CF283FA4CF3A2FA2B
:105AD0008CF3002BC6D0002A04BF04301A4612BA39
:105AE000B2FA82F2FDE8024500EBD2007047D1E93C
:105AF000002304F00305C4F100004FEAC50514F0CB
:105B0000040F91F840F00CFA05F562EA05021CBF9B
:105B100063EA050362464FF00004A9E740EA010387
:105B20009B0770B42BD1032A29D90C460346214682
:105B300054F8046BA6F1013525EA060515F0803FFF
:105B400006D1043A032A43F8046B2146EFD8A2B1E8
:105B50000C781C70013A013301313CB16AB111F883
:105B6000014B03F8014B013A002CF7D12AB11A443A
:105B7000002103F8011B9A42FBD170BC7047034619
:105B8000E5E700BF2DE9F0414FF0010E7446002516
:105B90004FF0FF362B198B4200EB06070DD23F5D0D
:105BA00010F803C0BC452DD21D460124C6EB030EE0
:105BB0002B198B4200EB0607F1D34FF00108C2F816
:105BC00000E0444600254FF0FF372B19994200EBC7
:105BD000070E0ED91EF804E010F803C0F44518D9DA
:105BE0001D460124C7EB03082B19994200EB070E51
:105BF000F0D80137701C874224BFC2F800803846B5
:105C0000BDE8F0810CD04FF0010E2E46744675446D
:105C1000C0E70CD04FF001082F4644464544D4E776
:105C2000744509BFA64601341D460124B2E7444528
:105C300009BFA04601341D460124C6E72DE9F04FF7
:105C4000ADF2144D164605468B461046194603AA7A
:105C50001C46FFF797FF03AB81460DF20C4243F859
:105C6000044F9342FBD14CB1631E324604A812F894
:105C7000011B40F8213013F1FF33F8D203994A4653
:105C800031443046FFF7BCF8002871D109F1FF33E9
:105C90000093F318824601932346804654465846A3
:105CA0009A4608EB0A073A1A0021284404F098FCA7
:105CB000002858D1002F56D0EB1904AA13F8013C44
:105CC00052F823304BB124B1039A934201D2C2EB74
:105CD0000A03984400243846E3E74C4523460AF17A
:105CE000FF3E38BF4B46734513D208EB030216F84C
:105CF00003C0A85C84452A4406EB030106D02EE0CD
:105D000011F801CF12F8010F844528D101337345F2
:105D1000F6D34C45009980F08B80009B019808EBEE
:105D200003020378A85C83422A4440F08180019BEF
:105D300006EB040B06E013F801ED12F8010D8645A1
:105D400004D161469B4501F1FF3CF4D101348C4202
:105D500070D8039C3846A044C4EB0A04A1E7C9F1FB
:105D600001029044B5E700200DF2144DBDE8F08F1C
:105D7000C9EB04034B4538BF4B46013309F1FF38EB
:105D8000039306EB080358464FF0000ACB469946AA
:105D90000AEB04073A1A0021284404F021FC0028E9
:105DA000E1D1002FDFD0EB1904AA13F8013C52F81F
:105DB0002330A3BB611E8B4515D20AEB0B0216F8EC
:105DC0000B3015F802E09E452A4406EB0B005B46BB
:105DD00006D027E010F801CF12F801EFF44521D1E9
:105DE00001338B42F6D3B8F1FF3F11D00AEB080222
:105DF00099F80010AB5C99422A440FD14B4605E05C
:105E000013F8010D12F8011D884207D1B342F7D1F2
:105E100005EB0A000DF2144DBDE8F08F039B9A4488
:105E20003846B5E7CBF1010292449A443846AFE7D1
:105E300049468BE705EB080096E700BF0378002B87
:105E400000F004812DE9F04F91F8008085B04446C0
:105E5000B8F1000F16D0864601F1010C012703E0CE
:105E600012F8014B6CB194469C4214BF002707F016
:105E700001071EF8013F6246002BF1D19CF800306B
:105E80000BBB17B105B0BDE8F08F0E460546414685
:105E90000130C6EB0C04FFF793FB074698B1012CC9
:105EA000F0D02819874294BFC7EB000B4FF0010BCD
:105EB0001F2C0CD92346324659463846FFF7BEFE02
:105EC00005B0BDE8F08F002005B0BDE8F08F03AA53
:105ED00021463046FFF756FE03998046024631447C
:105EE0003046FEF78DFF002858D108F1FF330193AB
:105EF000F3188146054600935846B2466619321A91
:105F00000021384404F06CFB0028DCD1002EDAD0EC
:105F1000C845434638BF4B469C4212D95A191AF815
:105F20000310B85C88423A440AEB030E06D02DE019
:105F30001EF8010F12F8011F884227D101339C423D
:105F4000F6D8019BC845194640F28380EA180098AC
:105F50000378B85C83423A447BD1009B0AEB090B7F
:105F600006E013F801CD12F801EDF44504D1014625
:105F70005B4501F1FF30F4D109F10109894557D89A
:105F8000039B30461D44C3EB0409B7E7C8F1010287
:105F900015441D444FF000093046AFE7C8EB040339
:105FA000434538BF4346013308F1FF39039306EBFD
:105FB000090358460025BB469A4667193A1A00213C
:105FC000584404F00DFB00287FF47DAF002F3FF410
:105FD0007AAF444515D908EB050216F808301BF8CE
:105FE000020098425A4406EB0801434606D023E0DB
:105FF00011F801EF12F8010F86451DD101339C42C3
:10600000F6D8B9F1FF3F12D005EB09029AF800105B
:106010001BF8023099425A4414D1534605E013F854
:10602000010D12F8011D88420CD1B342F7D15F4631
:10603000781905B0BDE8F08FC8F1010215441D4480
:106040003846BAE7039B38461D44B6E70B7813B9C8
:106050007047414690E70020704700BF00000000F5
:106060002DE9F04F2DED068BB9B00C460391924609
:106070000993059004F032FA036810931846FFF76D
:10608000DFFCA3890F90190603D52369002B01F0CB
:106090007D8000239FEDA48B9FEDA59B0D931D9309
:1060A0001C931193069328AB1B9399469AF80030E2
:1060B0005446EBB1252B02D11AE0252B03D014F85E
:1060C000013F002BF9D1CAEB04058DB11C9B1D9A31
:1060D000C9F800A001332A44072BC9F804501D92C7
:1060E0001C9300F3A38009F10809069B2B44069337
:1060F0002378002B00F0A38000231A468DF84F3040
:10610000194607939B464FF0FF38637804F1010A64
:1061100045460AF1010AA3F12000582800F2F8834D
:10612000DFE810F06303F603F6036B03F603F603F0
:10613000F603F603F603F60370037E03F6035D0031
:10614000DF00F603FB000C010C010C010C010C013B
:106150000C010C010C010C01F603F603F603F60327
:10616000F603F603F603F603F603F6031C015E01DD
:10617000F6035E01F603F603F603F603A102F60347
:10618000F603A602F603F603F603F603F603D802B7
:10619000F603F6030503F603F603F603F603F60328
:1061A000F603F603F603F603F603430356035E0114
:1061B0005E015E015E035603F603F603A403F603D5
:1061C000B103A2006200C303F603C803F60383030E
:1061D000F603F6038B0307980993404207904BF0B0
:1061E000040B9AF8003094E7A84609980021302360
:1061F000782288458DF8503004688DF8512000F1E0
:1062000004074FF000058DF84F104BF00203C0F269
:106210009C832BF0800343F0020B54EA050309979B
:1062200000F069830F460C924348AEE21BAA039923
:10623000059804F09DFD48B90DF1A00955E71D9B97
:1062400023B1059803991BAA04F092FD039B9B8937
:1062500013F0400F069B18BF4FF0FF33184639B0BC
:10626000BDEC068BBDE8F08F0C93A846002A41F0E8
:106270009A811BF0200300F00682099F073727F060
:106280000703002703F10802B8450992D3E9004546
:106290008DF84F70C0F25E8654EA05032BF0800B38
:1062A00000F04B8328AEE20842EA4572E90804F0A8
:1062B00007030D461446303354EA050206F8013D43
:1062C000F1D11BF0010F00F02782302B00F0248267
:1062D0003022731E06F8012C28AAD21A08921E46F4
:1062E0001DE29AF800302A2B0AF1010401F02F81F7
:1062F000A3F13000092898BF002501F2D58014F8D9
:10630000013B05EB850500EB4505A3F130000928AD
:10631000F5D945EAE575A246FDE64BF0800B9AF803
:106320000030F6E6AFF3008000000000000000003F
:10633000FFFFFFFFFFFFEF7F684C0020A3F130005D
:1063400000231C461AF8013B04EB840400EB4404D0
:10635000A3F130000928F5D90794DCE60C93A84690
:10636000002A41F02C814BF0100B1BF0200F00F0A5
:106370000385099F073727F00707D7E9002307F1AF
:106380000801099114461D46002A73F10003C0F26A
:106390003785B8F1000F9DF84F70C0F2B58154EA0F
:1063A00005032BF0800B00F0F683002D08BF0A2CAC
:1063B000C0F0AE8128AE204629460A220023FDF710
:1063C000E5FF303206F8012D2046294600230A2237
:1063D000FDF7DCFF04460D4654EA0503EBD19BE1D3
:1063E0000C93A846002A41F0E680099F1BF0080F95
:1063F00007F1070700F0408627F0070393ED008BB5
:1064000003F108020992B0EEC87BB4EE497BF1EECD
:1064100010FA40F3BC85B5EEC08BF1EE10FA00F136
:10642000CA879DF84F70A74EA74B0C9903224FF0D7
:10643000000804922BF0800B4729D8BF1E46089213
:10644000CDF8388017B1049B013304931BF002038D
:106450000A9302D0049B023304931BF084030B9332
:1064600040F08082079B049A9C1A002C40F37A82A9
:10647000102C1D991C9A954F23DD48461025C146C6
:10648000B046059E04E0103C102C00F1080015DD1C
:1064900001321031072A1D911C9207604560F2DD20
:1064A0001BAA0399304604F063FC00287FF4CEAEAB
:1064B000103C102C1D991C9A28A8E9DC4646C846B9
:1064C000814601326318072A1D931C92C9F8007097
:1064D000C9F8044000F3E2839DF84F7009F1080900
:1064E00077B11C9A013201330DF14F000121072AC7
:1064F0001D931C9289E8030000F35F8309F10809EA
:106500000A9A6AB11C9A0132023314A80221072A9E
:106510001D931C9289E8030000F35B8309F10809CD
:106520000B9A802A00F07E82089AC2EB0804002CA5
:1065300034DD102C1C9A664F23DD49464FF01008BD
:10654000B146059D039E04E0103C102C01F10801AA
:1065500015DD01321033072A1D931C9281E880015A
:10656000F2DD1BAA3146284604F002FC00287FF425
:106570006DAE103C102C1D9B1C9A28A9E9DC4E46E0
:10658000894601322344072A1D931C92C9F80070E2
:10659000C9F8044000F3058309F108091BF4807F62
:1065A00040F0E2811C9A0898C9F800600132034467
:1065B000072A1D93C9F804001C9200F3C28209F156
:1065C00008091BF0040F3ED0079A0499541A002CB6
:1065D00039DD102C1C9A3D4F22DD1025059EDDF87B
:1065E0000C8004E0103C102C09F1080918DD013280
:1065F0001033072A1D931C92C9F80070C9F8045083
:10660000F0DD1BAA4146304604F0B2FB00287FF4BF
:106610001DAE103C102C1D9B1C9A0DF1A009E6DC50
:1066200001322344072A1D931C92C9F80070C9F84F
:10663000044008DD1BAA0399059804F099FB002883
:106640007FF404AE1D9B069A079904988142ACBF63
:10665000521812180692002B40F07F8200231C93E0
:106660000DF1A00922E54BF0080B9AF8003050E537
:106670000C93A846002A40F09A874BF0100B1BF0B1
:1066800020037FF4FAAD1BF0100240F091831BF061
:10669000400300F08D8309998DF84F200B46B8F127
:1066A000000F03F104030C884FF00005C0F2AB8526
:1066B00054EA05012BF0800B099300F03E81174648
:1066C000F0E500BF404C0020604C00203C0800205A
:1066D000284D00200C93A846002A40F059874BF023
:1066E000100B1BF0200300F0E782099F073727F00B
:1066F0000703002703F10802B8450992D3E90045D2
:106700008DF84F70BFF64BAE54EA05037FF44DAEE3
:1067100038AE303406F8414D28AB9B1B0893089BDC
:106720004345B8BF4346049300230E938AE60C9377
:10673000A846002A40F028871BF0200FC24800F02E
:106740008680099F073727F00703D3E9004503F147
:10675000080209921BF0010700F0478254EA050382
:1067600000F0A384002730239DF830208DF85030AE
:10677000B8458DF851208DF84F704BF00203C0F2F0
:1067800017862BF0800343F0020B28AE230904F098
:106790000F0143EA05732A091C461546435C06F8B7
:1067A000013D54EA0503F1D1B6E709990C930A6853
:1067B0008DF8782000230A461F468DF84F300432AA
:1067C00001230493B8460E97099208931EAE3DE646
:1067D0000C93A846002A3FF4C8AD8DF84F10C4E5CD
:1067E0004BF0400B9AF8003093E49AF800300029FF
:1067F0007FF48FAC012220218BE44BF0010B9AF83F
:10680000003086E4099C2368079318460028234635
:1068100003F10403FFF6DFAC09939AF8003078E443
:106820009AF8003001222B2173E40C93A846002A29
:106830003FF457AF8DF84F1053E70C93A846002A4A
:1068400040F0AA861BF0200F80487FF47AAF099AA7
:106850001BF0100F134640F0C1821BF0400F00F0F8
:10686000BD82043314880993002573E79AF8003039
:106870006C2B03BF9AF801304BF0200B0AF1010A90
:106880004BF0100B45E4002A40F06F861BF0200F00
:1068900000F06683099A06991368CD1708460432FA
:1068A00029460992C3E9000100E44BF0200B9AF855
:1068B00000302EE4099A0C93166800248DF84F409E
:1068C000171D002E00F06585002DC0F2A2842A4617
:1068D0002146304603F084FE002800F0CC85831B5F
:1068E0000893A04623EAE37309970493CDF8388010
:1068F0009DF84F70A6E555480C92B8F1000F40F096
:10690000848147464FF00008CDF8208028AE06E786
:106910000C93002A40F02D860C9A002A3FF48FAC8D
:10692000002301211F4604918DF878208DF84F3007
:1069300098460E9308911EAE88E5B8F1000F00F05E
:106940008B85002700240025ACE440480C929B4630
:1069500054EA050309974FF000077FF416AF0024AF
:10696000002512E71D9BBBE50C9A652A40F3A18028
:10697000B5EE408BF1EE10FA40F049811C9A344993
:10698000C9F80010013201330121072A1D931C921E
:10699000C9F8041000F3928309F10809159A0D99BA
:1069A0008A4203DB1BF0010F3FF40BAE1C9A0F98D9
:1069B0001099C9F8001001320344072A1D93C9F841
:1069C00004001C9200F3D68309F108090D9A541EA5
:1069D000002C7FF7F6AD102C1C9A1E4F40F3DC8183
:1069E0001025059EDDF80C8005E009F10809103C32
:1069F000102C40F3D18101321033072A1D931C92D1
:106A0000C9F80070C9F80450EFDD1BAA41463046B2
:106A100004F0AEF900287FF419AC1D9B1C9A0DF10F
:106A2000A009E4E7079A0499541A002C7FF77CAD7B
:106A3000102C1C9A074F2EDD49461025C1461846DA
:106A4000B046059E0DE000BFC4110020684C002038
:106A5000E0110020284D0020103C102C01F108010D
:106A600015DD01321030072A1D901C920F604D6019
:106A7000F2DD1BAA0399304604F07AF900287FF46E
:106A8000E5AB103C102C1D981C9A28A9E9DC464661
:106A90000346C846894601322344072A1D931C92A7
:106AA000C9F80070C9F8044000F3468209F10809EA
:106AB0003AE50D9AC9F80060012A1C9A03F1010316
:106AC00002F101024FF001011D931C92C9F804105C
:106AD00040F31082072A00F3158209F108090F9884
:106AE0001099C9F8001001320344072A1D931C9223
:106AF000C9F8040000F3138209F10809B5EE408BD0
:106B0000F1EE10FA0D9900F0F580013901320136ED
:106B10000B44072AC9F800601C921D93C9F80410A1
:106B200000F31D8109F108091198C9F80400013228
:106B3000034417A9072A1D931C92C9F800107FF778
:106B40003EAD1BAA0399059804F012F900287FF4C2
:106B50007DAB1D9B0DF1A00933E51BAA0399059898
:106B600004F006F900283FF479ADFFF76FBB0999EF
:106B7000B8F1000F0C688DF84F3001F104074FF0A9
:106B80000005C0F2718354EA050209972BF0800BCF
:106B90001F467FF40AACB8F1000F3FF4B3AE0024F7
:106BA000B6E51BAA0399059804F0E2F800287FF4E3
:106BB0004DAB1D9B0DF1A009F0E41BAA03990598AC
:106BC00004F0D6F800287FF441AB1D9B0DF1A0091D
:106BD00096E41BAA0399059804F0CAF800287FF4EC
:106BE00035AB1D9B0DF1A0099AE4B8F1000F8DF8AB
:106BF0004F70C0F26F8254EA05032BF0800B7FF4D4
:106C0000C4ADB8F1000F3FF47CAE0027A7E6159C99
:106C1000002C40F361820E9A0D998A42A8BF0A4661
:106C2000002A14460DDD1C9AC9F800600132234485
:106C3000072A1D93C9F804401C9200F3728309F1DE
:106C400008090E9A002CA8BF121B002A144640F314
:106C5000F180102C1C9AC14F40F31982494610252F
:106C6000B146DDF81480039E04E00831103C102C7E
:106C700040F30B8201321033072A1D931C920F60E0
:106C80004D60F2DD1BAA3146404604F071F8002841
:106C90007FF4DCAA1D9B1C9A28A9E7E71BAA03998D
:106CA000059804F065F800287FF4D0AA9DF84F708D
:106CB0001D9B0DF1A00913E41BF010027FF457AFE8
:106CC0001BF040033FF453AF09998DF84F200B465A
:106CD000B8F1000F03F104030C884FF00005C0F277
:106CE000948254EA05012BF0800B099317467FF438
:106CF0005CAB50E74C1E002C7FF716AF102C974F63
:106D000022DD1025059EDDF80C8004E0103C102CDF
:106D100009F1080918DD01321033072A1D931C926E
:106D2000C9F80070C9F80450F0DD1BAA414630468E
:106D300004F01EF800287FF489AA103C102C1D9B3B
:106D40001C9A0DF1A009E6DC01322344072A1D93A9
:106D50001C92C9F80070C9F804407FF7E3AE1BAA83
:106D60000399059804F004F800287FF46FAA1D9B8E
:106D70001C9A0DF1A009D7E61BF0100F33D11BF0C0
:106D8000400F30D00999B1F900400431E51722468F
:106D90002B460991FFF7F8BA01322344072A1D93C5
:106DA0001C92C9F80070C9F804407FF708ACC8E627
:106DB0000999B8F1000F0C688DF84F3001F1040704
:106DC0004FF00005C0F2C58054EA05022BF0800B9D
:106DD00009973FF4B2AD1F46FFF764BA1C6804334D
:106DE00009930025B6E4099A146813460433E5179D
:106DF00022460993002A2B4673F10003BFF6C9AA65
:106E000064424FF02D0765EB4505B8F1000F8DF892
:106E10004F70FFF6CAAA2BF0800BFFF7C6BA1BAA69
:106E20000399059803F0A4FF00287FF40FAA1D9B87
:106E30000DF1A0090E99159A31440D460D998A421B
:106E400047DB1BF0010F44D10D980644741B821AD6
:106E50009442A8BF1446002C26460DDD1C99C9F8A3
:106E600000500131234407291D93C9F804401C91A7
:106E700000F3808209F10809002EACBF941B144670
:106E8000002C7FF79EAB102C1C9A344F84DD10250C
:106E9000059EDDF80C8005E009F10809103C102C76
:106EA0007FF77AAF01321033072A1D931C92C9F87D
:106EB0000070C9F80450EFDD1BAA4146304603F0CC
:106EC00057FF00287FF4C2A91D9B1C9A0DF1A00951
:106ED000E4E71C990F9C1098C9F800000131234485
:106EE00007291D93C9F804401C9100F3268209F17B
:106EF0000809A9E71BF0010F7FF4ECAD072A7FF723
:106F000011AE2CE71BAA0399059803F031FF002866
:106F10007FF49CA91D9B1C9A0DF1A009DFE51BAA1B
:106F20000399059803F024FF00287FF48FA91D9B87
:106F30001C9A0DF1A009E1E51BAA0399059803F03D
:106F400017FF00287FF482A91D9B0DF1A009FFF710
:106F5000EBBA09970027FFF7A5B900BF284D00201D
:106F60001BF0100F0BD11BF0400F08D0099A1368CB
:106F700004320992BDF818201A80FFF797B8099AD1
:106F8000136804320992069A1A60FFF78FB8B4EEBC
:106F9000488BF1EE10FA80F19E820C9BB8F1FF3F16
:106FA00023F0200500F02582472D00F026814BF4C8
:106FB00080730A9318EE903A002BC0F21D82B0EE57
:106FC00048AB00270C9B662B00F00282462B00F09A
:106FD000EC80B0EE4A0B452D0CBF08F1010444468D
:106FE00019AA16AB01920093224615AB022105980F
:106FF00002F00EF80C9B672B064640F00E821BF049
:10700000010F00F066823119B5EE40ABF1EE10FAD7
:1070100000F08581199B994206D930205A1C19929B
:107020001870199B9942F9D89B1B472D0D9300F0BE
:107030001F810C9B652B40F3FF810C9B662B159BDE
:1070400000F0FC810E930E9A0D998A42C0F2D8810D
:107050001BF0010F40F0348222EAE27308926722AB
:107060000C92002F40F0F680B8460493DDF828B06B
:107070009DF84F70FFF7E6B927F0070707F10803FF
:1070800097ED008B0993FFF7BEB94E468946013252
:107090002344072A1D931C92C9F80070C9F80440C4
:1070A0003FF7BDAE09F10809C4E60027B8458DF8E1
:1070B0004F70FFF654AC2BF0800B1EE41BAA039913
:1070C000059803F055FE00287FF4C0A81D9B0DF124
:1070D000A00963E4099F3BE41C9AB949C9F8001070
:1070E000013201330121072A1D931C92C9F80410B3
:1070F00076DC09F108092CB90D9A1AB91BF0010FB9
:107100003FF45FAA1C9A0F981099C9F80010013239
:107110000344072A1D93C9F804001C9200F3B681AA
:1071200009F108096442002C40F38780102CA54F18
:1071300040F3128149461025B146DDF81480039EC4
:1071400004E00831103C102C40F30481013210336C
:10715000072A1D931C920F604D60F2DD1BAA314679
:10716000404603F005FE00287FF470A81D9B1C9A82
:1071700028A9E7E71BAA0399059803F0F9FD002861
:107180007FF464A81D9B0DF1A0091FE44021059820
:10719000FDF768FB039A10601061002800F0ED8194
:1071A000039A40235361FEF774BF19AA16AB0192EC
:1071B0000093424615AB0321B0EE4A0B059801F04F
:1071C00027FF444606460C9B462B06EB04017FF442
:1071D0001BAF3378302B00F08D81159C214413E7D1
:1071E0001BAA0399059803F0C3FD00287FF42EA87D
:1071F000159C1D9B0DF1A0097DE7B8F1000F08BF9C
:107200004FF00108D3E60993A4E609931746FFF768
:107210007BBA3046FEF714FCA04603460890FFF701
:1072200061BB1BAA0399059803F0A2FD00287FF417
:107230000DA81D9B1C9A0DF1A0090D98C9F80060BE
:1072400001320344072A1D931C92C9F804007FF7FA
:10725000B6A976E42D270493DDF828B08DF84F7099
:107260004FF00008FFF7EFB809971F46FFF74CBA39
:10727000159BDA1C02DB9845BFF6E4AE0C9A023A85
:107280000C92013B002B9DF830201593B8BF5B4258
:107290008DF85C20B4BF2D222B22092B8DF85D20A8
:1072A00040F306810DF16B000446474A82FB03213F
:1072B000DA17C2EBA10202EB8201A3EB410303F157
:1072C0003001092A134604F8011DEEDC2146303353
:1072D000DAB201F8012D884240F262810DF15E01BF
:1072E000234601E013F8012B01F8012B9842F9D154
:1072F000431C1B1B0DF15E02134417AA9B1A0D9A27
:107300001193012A1344089340F3FF80089B0F9ABE
:107310001344002208930E9223EAE373A1E60B467E
:1073200082E61BAA0399059803F022FD00287EF44B
:107330008DAF1D9B0DF1A00983E41BAA039905984D
:1073400003F016FD00287EF481AF159A1D9B0DF108
:10735000A00979E54E46894601322344072A1D9348
:107360001C92C9F80070C9F804403FF75AAF09F100
:10737000080962E71BAA0399059803F0F9FC0028A5
:107380007EF464AF159A0D991D9B8A1A0DF1A00920
:1073900072E5062D2B4628BF0623089323EAE373E4
:1073A000B04609970E9637460493084EFFF74AB841
:1073B0009B46FFF7EAB92D278DF84F70FFF733B8DA
:1073C000E0110020284D0020676666667C4C002096
:1073D00019AA16AB01920093032115AB4246B0EEF9
:1073E0004A0B059801F014FE4446064600EB0801DE
:1073F000EFE64FF00608DAE5B1EE48AB2D27E1E500
:107400000F9A0D9B13440E9A0893002A40F386802E
:10741000672223EAE3730C9223E60C9B472B7FF44D
:10742000F2AD1BF0010F7FF4CEAE199B472DA3EBFD
:1074300006030D933FF41CAF159B22E7002B1A4661
:107440000E9373DDB8F1000F4BD11BF0010F48D143
:1074500023EAE373089204E61BF0010F474605D0C8
:1074600038AE302306F8413DFFF756B9CDF82080FD
:1074700028AEFFF754B925EAE573099704930895F8
:1074800080460E909DF84F70FEF7DCBF1BAA039953
:10749000059803F06DFC00287EF4D8AE159C1D9B6A
:1074A0001C9A0DF1A0093DE6A2460025FEF733BE69
:1074B000303330228DF85F308DF85E2018AB1CE73A
:1074C0000F9A0E9B1344672208930C9223EAE373EE
:1074D000C7E5199BA8E53C4E3C4B9DF84F70FEF765
:1074E000A4BF0E9B0F9A9D1805EB0803089323EA8F
:1074F000E373B6E5B5EE40ABF1EE10FA3FF46DAED6
:10750000C4F10104159421447EE51BF001037FF4CE
:10751000FDAE0E93089B23EAE373A2E50E9B089A47
:10752000C3F101031A441346089271E7B8F1000F42
:1075300002D11BF0010F07D00F9B5D1C05EB080368
:10754000089323EAE3738CE50123089389E50998FE
:107550009AF8013005680430002D0990A246BEF665
:10756000D8AD4FF0FF35FEF7D4BD8DF84F10FFF7C3
:107570008DB98DF84F10FFF7CFB9059A0C23136022
:107580004FF0FF30FEF76BBE8DF84F10FFF7D4B809
:107590008DF84F10FFF7A3B88DF84F10FFF752B9D1
:1075A0000DF15E03A9E68DF84F10FEF762BE8DF86F
:1075B0004F10FFF762B88DF84F10FEF716BF8DF829
:1075C0004F10FEF7D0BE00BF384C0020644C0020A6
:1075D000F0B5DFF878E0164604460F46BEE80F0027
:1075E0008BB06D460FC5BEE80F000FC59EE80300C7
:1075F000B31E45F8040B222B297022D87D1E284685
:10760000002200E01A46B4FBF6F10AAB06FB114477
:1076100023440C4613F8283C00F8013F531C002972
:10762000F0D1F954BB184AB1197815F8010F297037
:107630000134111B8C4203F80109F5DB38460BB00D
:10764000F0BD002038700BB0F0BD00BF844C0020AE
:107650002DE9F04F2DED068BB9B01C468A46164633
:107660000546059002F03AFF036810931846FEF7AE
:10767000E7F909940F901DB1AB6B002B00F0278147
:10768000BAF90C2093B29F040AD4DAF8641042F4D9
:10769000005321F40051AAF80C30CAF864109BB2D0
:1076A0001D0740F1DB80DAF81020002A00F0D680B8
:1076B00003F01A030A2B00F0DF8000239FEDA68B56
:1076C0009FEDA79B0D931D931C931193069328ABDD
:1076D0001B939946B3469BF800305C46EBB1252BD3
:1076E00002D11AE0252B03D014F8013F002BF9D169
:1076F000CBEB04058DB11C9B1D9AC9F800B001337A
:107700002A44072BC9F804501D921C9300F3C4802F
:1077100009F10809069B2B4406932378002B00F0FF
:10772000C48000231A468DF84F30194607930393FF
:107730004FF0FF38637804F1010B45460BF1010B64
:10774000A3F12000582800F23A84DFE810F0F0039B
:1077500038043804F9033804380438043804380489
:1077600038045C032A0438045D000F0138042B013F
:107770006A036A036A036A036A036A036A036A03A1
:107780006A033804380438043804380438043804E8
:107790003804380438047A0397033804970338040C
:1077A000380438043804CC0338043804320138046F
:1077B00038043804380438045B0138043804AE0255
:1077C00038043804380438043804380438043804D9
:1077D00038043804EF020203970397039703390331
:1077E000020338043804400338044A03C400640028
:1077F0000104380409043804D30338043804DB03D3
:107800000798099340420790039B43F004030393B6
:107810009BF8003092E70998A846002104688DF88B
:107820004F10071D03983023782288458DF850307B
:107830004FF000058DF8512040F00203C0F2DC83C8
:1078400020F0800343F00203039354EA05030997F1
:1078500000F0AD830F460C92434857E2514605981D
:1078600001F08CFA002840F0EB87BAF80C3003F0F6
:107870001A030A2B7FF421AFBAF90E30002BFFF662
:107880001CAF234632465146059801F01DFA39B027
:10789000BDEC068BBDE8F08F1BAA5146059803F09E
:1078A00023FB48B90DF1A00934E71D9B23B10598CE
:1078B0001BAA514603F018FBBAF80C30590600F128
:1078C000BF87069839B0BDEC068BBDE8F08F0598F0
:1078D00002F018FBD4E60C93A846002A41F0CC81B4
:1078E000039A12F0200371D0099F073727F007038E
:1078F000002703F10801B8450991D3E900458DF847
:107900004F70C0F2168722F08003039354EA0503F8
:1079100000F06A8328AEE20842EA4572E90804F002
:1079200007030D461446303354EA050206F8013DBC
:10793000F1D1039AD40740F1A380302B00F0A0804E
:107940003022731E06F8012C28AAD21A08921E466D
:1079500099E000BFAFF300800000000000000000CD
:10796000FFFFFFFFFFFFEF7F684C00209BF8003018
:107970002A2B0BF1010401F05881A3F130000928F2
:1079800098BF002501F2FB8014F8013B05EB85054B
:1079900000EB4505A3F130000928F5D945EAE57566
:1079A000A346CDE6039B43F0800303939BF800308E
:1079B000C4E60C93A846002A41F07581039B43F06E
:1079C00010030393039A12F020038DD1039911F051
:1079D000100200F0838609988DF84F30B8F1000F3F
:1079E000046800F104074FF00005C0F2A1860A46C2
:1079F00022F08002039254EA0502099700F0F48213
:107A00001F4687E70C93A846002A41F04481039B58
:107A100043F010030393039A12F0200300F0B5849F
:107A2000099F073727F00703002703F10801B8452E
:107A30000991D3E900458DF84F70C0F2DF8422F040
:107A40008003039354EA050300F0A981002D08BFC9
:107A50000A2CC0F0D78428AE204629460A220023EB
:107A6000FCF794FC303206F8012D2046294600230D
:107A70000A22FCF78BFC04460D4654EA0503EBD1C1
:107A800028AB9B1B0893089B4345B8BF4346049310
:107A900000230E9317B1049B01330493039B13F04F
:107AA00002030A9302D0049B02330493039B13F056
:107AB00084030B9340F0AD82079B049A9C1A002C20
:107AC00040F3A782102C1D991C9ABA4F21DD4B461A
:107AD0001025B146059E04E0103C102C03F108036C
:107AE00015DD01321031072A1D911C921F605D6067
:107AF000F2DD1BAA5146304603F0F6F900287FF468
:107B0000DBAE103C102C1D991C9A28ABE9DC4E46CC
:107B1000994601326318072A1D931C92C9F8007018
:107B2000C9F8044000F3F2839DF84F7009F1080989
:107B300077B11C9A013201330DF14F000121072A60
:107B40001D931C9289E8030000F36D8309F1080975
:107B50000A9A6AB11C9A0132023314A80221072A38
:107B60001D931C9289E8030000F3698309F1080959
:107B70000B9A802A00F0AB82089AC2EB0804002C12
:107B800030DD102C1C9A8C4F1FDD4FF01008059D26
:107B900004E0103C102C09F1080916DD0132103305
:107BA000072A1D931C9289E88001F2DD1BAA514629
:107BB000284603F099F900287FF47EAE103C102C83
:107BC0001D9B1C9A0DF1A009E8DC01322344072A11
:107BD0001D931C92C9F80070C9F8044000F3178384
:107BE00009F10809039AD00500F115821C9A08983A
:107BF000C9F8006001320344072A1D93C9F8040044
:107C00001C9200F3EE8209F10809039A50073CD553
:107C1000079A0499541A002C37DD102C1C9A654FD2
:107C200020DD1025059E04E0103C102C09F1080908
:107C300018DD01321033072A1D931C92C9F8007019
:107C4000C9F80450F0DD1BAA5146304603F04CF948
:107C500000287FF431AE103C102C1D9B1C9A0DF1B6
:107C6000A009E6DC01322344072A1D931C92C9F8BF
:107C70000070C9F8044008DD1BAA5146059803F0BE
:107C800033F900287FF418AE1D9B069A07990498D3
:107C90008142ACBF521812180692002B40F0AD8200
:107CA00000231C930DF1A00915E50C93A846002AAA
:107CB00040F0ED87039B41489E0640F12D81099FCE
:107CC000073727F00703D3E9004503F108020992BB
:107CD000039A12F0010700F0BE8254EA050300F097
:107CE00046859DF830208DF851200027039A8DF8A5
:107CF0004F703023B8458DF8503042F00203C0F287
:107D0000EC8622F0800343F00203039328AE23099C
:107D100004F00F0143EA05732A091C461546435C2B
:107D200006F8013D54EA0503F1D1A9E609990C933F
:107D30000A688DF8782000230A461F468DF84F30D8
:107D4000043201230493B8460E97099208931EAE9D
:107D5000A4E60C93A846002A40F0A187039B9C064A
:107D60007BD5099F073727F00707D7E9002307F1DD
:107D70000801099114461D46002A73F10003C0F260
:107D80000284B8F1000F9DF84F70C0F23783039B57
:107D900023F08003039354EA05037FF457AEB8F150
:107DA000000F40F0D5834FF00008CDF8208028AEBA
:107DB00069E600BF4C080020384D0020C4110020A7
:107DC000039B43F0400303939BF80030B6E49BF819
:107DD00000306C2B00F08485039840F01000039075
:107DE000ACE4002A40F04087039B9A0640F15D8492
:107DF000099A06991368CD17084604322946099254
:107E0000C3E9000167E4099C23680793184600282A
:107E1000234603F10403FFF6F3AC09939BF800300B
:107E20008CE4A3F1300000231C461BF8013B04EB5B
:107E3000840400EB4404A3F130000928F5D9079429
:107E40007EE40C93A846002A40F01D87039B43F074
:107E500010030393039B9C0683D4039BD80600F175
:107E60006382039B590640F15F820999B1F9004092
:107E70000431E51722462B4609917DE70C93A8466D
:107E8000002A40F01887039B099F1A0707F107078C
:107E900040F1028427F0070393ED008B03F1080201
:107EA0000992B0EEC87BB4EE497BF1EE10FA40F3D4
:107EB0007D83B5EEC08BF1EE10FA00F111869DF8CE
:107EC0004F70A04EA04B039921F0800103910C99B3
:107ED00003224FF0000804924729D8BF1E4608929B
:107EE000CDF83880D6E5039B43F0080303939BF855
:107EF000003023E40C93A846002A3FF48CAD8DF8A3
:107F00004F1088E50C93A846002A40F0D086039BCA
:107F10008E489E063FF5D3AE039BDD0640F10C84F0
:107F2000099A13460433146809930025D0E69BF898
:107F3000003000297FF402AC01222021FFF7FEBBB4
:107F4000039B43F0010303939BF80030FFF7F6BB5C
:107F5000039B43F0200303939BF80030FFF7EEBB35
:107F6000099A0C93166800248DF84F40171D002EB7
:107F700000F07885002DC0F2CA842A46214630469A
:107F800002F02EFB002800F0CF85831B0893A0464B
:107F900023EAE37309970493CDF838809DF84F7076
:107FA00078E59BF8003001222B21FFF7C7BB67481B
:107FB0000C92B8F1000F40F05F814746F3E60C9356
:107FC000002A40F055860C9A002A3FF46EAC00233C
:107FD00001211F4604918DF878208DF84F30984686
:107FE0000E9308911EAE59E5B8F1000F00F0A78579
:107FF0000027002400258DE4544803930C9254EA92
:10800000050309974FF000077FF480AE0024002598
:108010007CE61D9B8CE50C9A652A40F39D80B5EEAD
:10802000408BF1EE10FA40F029811C9A4849C9F8BA
:108030000010013201330121072A1D931C92C9F857
:10804000041000F39F8309F10809159A0D998A42DB
:1080500003DB039AD1077FF5D8AD1C9A0F981099CE
:10806000C9F8001001320344072A1D93C9F804001F
:108070001C9200F33F8409F108090D9A541E002C4C
:108080007FF7C3AD102C1C9A324F40F39881102516
:10809000059E05E009F10809103C102C40F38F8182
:1080A00001321033072A1D931C92C9F80070C9F8D9
:1080B0000450EFDD1BAA5146304602F015FF0028A0
:1080C0007FF4FAAB1D9B1C9A0DF1A009E4E7079A17
:1080D0000499541A002C7FF74FAD102C1C9A1D4F99
:1080E00021DD49461025B146059E04E0103C102CC8
:1080F00001F1080115DD01321033072A1D931C928E
:108100000F604D60F2DD1BAA5146304602F0ECFED6
:1081100000287FF4D1AB103C102C1D9B1C9A28A981
:10812000E9DC4E46894601322344072A1D931C92FE
:10813000C9F80070C9F8044000F3188209F1080971
:108140001AE500BF404C0020604C0020684C002025
:10815000E0110020384D00200D9A012A40F3C08123
:108160001C9AC9F80060013201330121072A1D93CE
:108170001C92C9F8041000F3D18109F108090F9885
:108180001099C9F8001001320344072A1D931C926C
:10819000C9F8040000F3CF8109F10809B5EE408B5E
:1081A000F1EE10FA0D9900F0C88001390132013664
:1081B0000B44072A1C921D93C9F80060C9F80410EB
:1081C00000F39F8109F108091198C9F804000132F0
:1081D000034417A9072A1D931C92C9F800107FF7C2
:1081E00012AD1BAA5146059802F07EFE00287FF4CE
:1081F00063AB1D9B0DF1A00907E51BAA514605982D
:1082000002F072FE00283FF44BADFFF755BB1BAAEE
:108210005146059802F068FE00287FF44DAB1D9B87
:108220000DF1A009DEE41BAA5146059802F05CFEA0
:1082300000287FF441AB1D9B0DF1A00988E41BAA27
:108240005146059802F050FE00287FF435AB1D9B87
:108250000DF1A0098CE4B8F1000F8DF84F70C0F259
:10826000EC8222F08003039354EA05037FF44EADC1
:10827000B8F1000F3FF4A1AE0027C7E6159C002C13
:1082800040F38C820E9A0D998A42A8BF0A46002AB2
:1082900014460DDD1C9AC9F8006001322344072AF8
:1082A0001D93C9F804401C9200F3658309F1080985
:1082B0000E9A002CA8BF121B002A144640F3B3806C
:1082C000102C1C9AB84F40F344821025DDF814801E
:1082D00005E009F10809103C102C40F33A82013204
:1082E0001033072A1D931C92C9F80070C9F8045076
:1082F000EFDD1BAA5146404602F0F6FD00287FF450
:10830000DBAA1D9B1C9A0DF1A009E4E71BAA5146AC
:10831000059802F0E9FD00287FF4CEAA9DF84F7081
:108320001D9B0DF1A00903E4099A14681346043358
:10833000E517099322462B461EE54C1E002C7FF7BD
:1083400043AF102C984F40F305811025059E05E0A2
:1083500009F10809103C102C40F3FC800132103365
:10836000072A1D931C92C9F80070C9F80450EFDD6C
:108370001BAA5146304602F0B7FD00287FF49CAAA4
:108380001D9B1C9A0DF1A009E4E7039911F010025E
:1083900021D009988DF84F30B8F1000F046800F132
:1083A00004074FF0000527DB0A4622F08002039203
:1083B00054EA050209971F467FF448ABEFE4013207
:1083C0002344072A1D931C92C9F80070C9F8044081
:1083D0007FF719AC05E7039911F0400340F03A82AA
:1083E00009998DF84F30B8F1000F0C6801F10407BE
:1083F0004FF0000580F2708109971F4654EA05038B
:108400007FF424AB38AE303406F8414DFFF738BB6B
:108410001BAA5146059802F067FD00287FF44CAA7C
:108420001D9B0DF1A0090E99159A31440D460D9929
:108430008A4244DB0399CF0741D40D980644741B4C
:10844000821A9442A8BF1446002C26460DDD1C99C2
:10845000C9F800500131234407291D93C9F804408D
:108460001C9100F3178309F10809002EACBF941B7F
:108470001446002C7FF7C9AB102C1C9A4A4F9EDD86
:108480001025059E04E009F10809103C102C96DD2A
:1084900001321033072A1D931C92C9F80070C9F8E5
:1084A0000450F0DD1BAA5146304602F01DFD0028A5
:1084B0007FF402AA1D9B1C9A0DF1A009E5E71C9907
:1084C0000F9C1098C9F800000131234407291D931F
:1084D000C9F804401C9100F3678209F10809ACE770
:1084E000039AD4073FF53CAE1C9AC9F800600132EC
:1084F00001330121072A1D931C92C9F804107FF74C
:1085000061AE1BAA5146059802F0EEFC00287FF4EC
:10851000D3A91D9B1C9A0DF1A00955E61BAA514633
:10852000059802F0E1FC00287FF4C6A91D9B1C9A67
:108530000DF1A00923E61BAA5146059802F0D4FCD0
:1085400000287FF4B9A91D9B1C9A0DF1A00925E60E
:10855000002457E701322344072A1D931C92C9F8CF
:108560000070C9F804407FF72DAECAE71BAA514638
:10857000059802F0B9FC00287FF49EA91D9B0DF11F
:10858000A009FFF7F9BA64424FF02D0765EB4505E6
:10859000B8F1000F8DF84F70FFF658AA039B23F037
:1085A00080030393FFF752BA384D0020B4EE488B96
:1085B000F1EE10FA80F116830C9BB8F1FF3F23F027
:1085C000200500F08782472D00F08481039B43F44F
:1085D00080730A9318EE903A002BC0F28682B0EEB8
:1085E00048AB00270C9B662B00F06382462B00F003
:1085F0005681B0EE4A0B452D0CBF08F101044446EC
:1086000019AA16AB01920093224615AB02210598D8
:1086100000F0FEFC0C9B672B064640F09F82039BFC
:10862000DA0740F1D4823119B5EE40ABF1EE10FA21
:1086300000F09F81199B994206D930205A1C19924B
:108640001870199B9942F9D89B1B472D0D9300F088
:1086500089810C9B652B40F390820C9B662B159BAC
:108660000E9300F053820E9A0D998A42C0F2418215
:10867000039BD90700F1978222EAE27308926722EE
:108680000C92002F40F0648104930A9B0393B84638
:108690009DF84F70FFF7FEB927F0070707F10803B1
:1086A00097ED008B0993FFF7FCBB039BDB060BD414
:1086B000039B5F0608D5099A136804320992BDF836
:1086C00018201A80FFF707B8099A13680432099234
:1086D000069A1A60FEF7FFBF039A66E6039911F047
:1086E000400317D009988DF84F200346B8F1000FCA
:1086F00003F1040304884FF00005C0F2528221F018
:108700008001039154EA050109933FF46DAC1746CB
:10871000FFF700B909998DF84F30B8F1000F0C68D8
:1087200001F104074FF0000502DB039AFFF760B97F
:1087300009970027FFF7EEB8039B099A13F0400F43
:10874000134600F081800433148809930025FFF755
:10875000BFBA01322344072A1D931C92C9F8007046
:10876000C9F804403FF754AE09F108095BE6002759
:10877000B8458DF84F70FFF649AC039B23F080039A
:10878000039316E41BAA5146059802F0ADFB00289E
:108790007FF492A81D9B0DF1A00956E41C9AB949DB
:1087A000C9F80010013201330121072A1D931C92E0
:1087B000C9F8041066DC09F108092CB90D9A1AB938
:1087C000039AD2077FF521AA1C9A0F981099C9F82D
:1087D000001001320344072A1D93C9F804001C92BB
:1087E00000F3D18109F108096442002C40F3A38011
:1087F000102CA54F40F3CB801025DDF8148005E048
:1088000009F10809103C102C40F3C18001321033EB
:10881000072A1D931C92C9F80070C9F80450EFDDB7
:108820001BAA5146404602F05FFB00287FF444A893
:108830001D9B1C9A0DF1A009E4E7099FFFF7DFBB20
:108840004FF0FF30FFF73EB804331468099300255A
:10885000FFF73EBA09988DF84F200346B8F1000F94
:1088600003F1040304884FF00005C0F2A58121F054
:108870008001039154EA0501099317467FF4E6A8A5
:10888000FFF78DBA1BAA5146059802F02DFB002870
:108890007FF412A8159C1D9B0DF1A0098DE719AA64
:1088A00016AB01920093424615AB0321B0EE4A0B82
:1088B000059800F0ADFB444606460C9B462B06EBA4
:1088C00004017FF4B1AE3378302B00F09181159C18
:1088D0002144A9E6B8F1000F08BF4FF0010875E682
:1088E000039B43F0200303930BF1010B9BF8003033
:1088F000FEF724BF1BAA5146059802F0F5FA00289E
:108900007EF4DAAF1D9B0DF1A009FFF7B6BB304630
:10891000FDF796F8A04603460890FFF739BB1BAA5F
:108920005146059802F0E0FA00287EF4C5AF1D9B81
:108930001C9A0DF1A0090D98C9F80060013203449A
:10894000072A1D931C92C9F804007FF75CA948E42C
:108950002D2704930A9B03938DF84F704FF0000866
:10896000FFF799B8159BDD1C2BDB984529DB0E938F
:1089700079E60B4668E61BAA5146059802F0B4FA60
:1089800000287EF499AF1D9B0DF1A00990E40132FF
:108990002344072A1D931C92C9F80070C9F80440AB
:1089A000BDDC09F10809C6E71BAA5146059802F08B
:1089B0009BFA00287EF480AF159A1D9B0DF1A0094B
:1089C0003BE50C9A023A0C92013B002B9DF83020BB
:1089D0001593B8BF5B428DF85C20B4BF2D222B22CB
:1089E000092B8DF85D2040F3EA800DF16B00044601
:1089F000264A82FB0321DA17C2EBA10202EB8201B5
:108A0000A3EB410303F13001092A134604F8011DC9
:108A1000EEDC21463033DAB201F8012D884240F213
:108A20002F810DF15E01234601E013F8012B01F8BF
:108A3000012B9842F9D1431C1B1B0DF15E0213441C
:108A400017AA9B1A0D9A1193012A1344089340F315
:108A5000DA80089B0F9A1344002208930E9223EAAF
:108A6000E3730EE6062D2B4628BF0623089323EA60
:108A7000E373B04609970E9637460493044EFFF70A
:108A800009B800BFE0110020384D00206766666617
:108A90007C4C00201BAA5146059802F025FA0028BC
:108AA0007EF40AAF159A0D991D9B8A1A0DF1A00943
:108AB000DBE419AA16AB01920093032115AB4246E1
:108AC000B0EE4A0B059800F0A3FA4446064600EBC8
:108AD0000801F8E64FF0060878E50393FFF716B9AA
:108AE0002D278DF84F70FFF7ECB9B1EE48AB2D276D
:108AF00078E50F9A0D9B13440E9A0893002A40F3D1
:108B00008C80672223EAE3730C92BAE5002B40F3D2
:108B10009A80B8F1000F5CD1039AD40759D41A4651
:108B2000089223EAE373ACE525EAE5730997049319
:108B3000089580460E909DF84F70FEF7ABBF039BE3
:108B4000DB07474605D538AE302306F8413DFEF732
:108B500097BFCDF8208028AEFEF795BF0C9B472B22
:108B60007FF461AD039BDB073FF5A7AE199B472D53
:108B7000A3EB06030D933FF4F5AE159B24E7A34644
:108B80000025FEF7DDBD1BAA5146059802F0ACF9A1
:108B900000287EF491AE159C1D9B1C9A0DF1A00936
:108BA00022E60993C5E50F9A0E9B134467220893AA
:108BB0000C9223EAE37364E5099317461EE430330D
:108BC00030228DF85F308DF85E2018AB38E7199BA6
:108BD0003AE50E9B0F9A9D1805EB0803089323EACC
:108BE000E3734EE5364E374B9DF84F70FFF76BB988
:108BF000B5EE40ABF1EE10FA3FF469AEC4F10104FA
:108C00001594214410E5039B13F001037FF421AF79
:108C10000E93089B23EAE37333E50E9B089AC3F196
:108C200001031A44134608926BE709989BF8013038
:108C300005680430002D0990A346BEF67FAD4FF0C5
:108C4000FF35FEF77BBDB8F1000F02D1039BD807BB
:108C500007D50F9B5D1C05EB0803089323EAE3731C
:108C60000FE5012308930CE58DF84F10FFF7BCB812
:108C70008DF84F10FFF7A7B98DF84F10FEF730BEF3
:108C80000DF15E03DCE68DF84F10FFF7DFB88DF8CD
:108C90004F10FFF70FB88DF84F10FEF7B8BE8DF8E4
:108CA0004F10FFF75BB88DF84F10FEF787BE8DF8B9
:108CB0004F10FFF72CB98DF84F10FFF7E4B800BF45
:108CC000384C0020644C0020F0B50C46ADF26C4DE1
:108CD0008989666EE589199621F00201666AADF808
:108CE0000E500025E769ADF80C10099606951AAEEE
:108CF0004FF480656946009604960295059507979E
:108D00000646FEF7A5FC051E07DB3046694601F066
:108D100065F8002818BF4FF0FF35BDF80C305B0632
:108D200003D5A38943F04003A38128460DF26C4D7F
:108D3000F0BD00BF21B1FF2A04D80A70012070479E
:108D4000084670478A2303604FF0FF30704700BF2A
:108D500070B50D46084C114606461A4628460023B3
:108D60002360F9F737FA431C00D070BD2368002B4D
:108D7000FBD0336070BD00BFAC25012038B5304B4F
:108D80001B6805460C4613B19A6B002A38D0B4F91B
:108D90000C2093B218070CD52069A8B113F001027A
:108DA0001ED0636900225B42A361A260F0B1002083
:108DB00038BDD9063CD5580726D4206942F00803AF
:108DC000A3819BB20028E9D103F42072B2F5007FA1
:108DD000E4D02846214601F0BFFBA3892069DDE7E6
:108DE000990758BF6269A2600028E0D1B4F90C303D
:108DF0001A06DDD543F04003A3814FF0FF3038BDA4
:108E0000184601F07FF8C2E7216B51B104F140032D
:108E1000994204D0284601F0CDF8B4F90C20002383
:108E2000236300232069636022F024022060C5E7E9
:108E300042F0400209232B604FF0FF30A28138BD81
:108E4000D85B00202DE9F047254C2568D5F848412E
:108E50000646884692469946C4B360681F2817DCC8
:108E6000431C76B104EB80050122C5F888A0D4F834
:108E7000881182401143022EC4F88811C5F8089168
:108E80001ED00230636044F820800020BDE8F087E7
:108E9000144B03B34FF4C870FBF7D4FC0446D0B1B5
:108EA000D5F84831002780E88800C5F848413846A1
:108EB0000123C4F88871C4F88C71002EE1D0D1E789
:108EC000D4F88C110A43C4F88C21DAE705F5A674AE
:108ED000C5F84841C1E74FF0FF30BDE8F08700BF5B
:108EE000380800204550010002690B69934200F3E5
:108EF0008D802DE9F04F03F1FF3801F1140700F1E7
:108F0000140B57F828205BF828304FEA880483B008
:108F10000132B3FBF2F90BEB0403009407EB040AF4
:108F20000193B9F1000F39D00025BC46DE462B462F
:108F30005CF8046BDEF80020B4B209FB0455360C73
:108F40002C0C09FB0644ADB25B1BA6B213FA82F3EC
:108F5000C6EB124606EB23469BB243EA0643E245C4
:108F60004EF8043B4FEA14454FEA2643E0D2009BFB
:108F70005BF8033093B9019C231F9B450CD254F836
:108F8000043C4BB9A4F1080302E01A68043B1AB987
:108F90009B4508F1FF38F8D3C0F81080044601F073
:108FA00077FD00282EDB09F101095D46002357F803
:108FB000041B28688AB29A1A090C12FA80F2C1EBD3
:108FC000104303EB224391B241EA0341BA4545F80D
:108FD000041B4FEA2343EAD25BF828200BEB8803FB
:108FE00082B91A1F93450BD253F8042C42B9083B9F
:108FF00002E01A68043B1AB99B4508F1FF38F8D320
:10900000C4F81080484603B0BDE8F08F00207047D8
:109010002DE9F04F57EC106B93B0056C01910446AD
:109020009046049310EE10AABB464DB1426C6A60A4
:1090300001239340AB60294601F048FB00232364E1
:10904000BBF1000F5E4634DB1C9A00231360C44B57
:109050001A463340934215D04BEC17ABB5EE407B2C
:10906000F1EE10FACDE902AB2AD1049A0123136084
:109070001D9B002B00F0B780BA481860013813B070
:10908000BDE8F08F049A42F20F731360BAF1000F3B
:1090900000F09280B4481D9B002BF0D0C378002BC9
:1090A00000F0A38000F108031D9A136013B0BDE81F
:1090B000F08F1C9A01232BF000461360B346C6E7DD
:1090C00011A910AA9DED020B204601F08DFD310D76
:1090D00007907AD110981199014401F23243202B64
:1090E00040F34182C3F1400301F212429E402AFA4A
:1090F00002F3334307EE903AB8EE677B012553EC59
:10910000172B0139A3F1F8730A9543EC172BB7EE2F
:10911000086B9FED8D4B37EE466B9FED8D7B9FED82
:109120008E5BA6EE047B06EE901AB8EEE66BA6EE1A
:10913000057BFDEEC76BB5EEC07BF1EE10FACDED11
:10914000026A00F11C81029D162D00F21581874BE9
:1091500003EBC50393ED007B4BEC16ABB4EEC67B83
:10916000F1EE10FA40F306826B1E029300230C937B
:10917000411AB1F1010900F1178100230693029B06
:10918000002BC0F2088199440B9300230593019BA7
:10919000092B2CD8052B40F35F85043B019300235A
:1091A0000E93019B023B032B00F25F85DFE813F077
:1091B000A902E501B502C8036B4B6D4AC6F3130063
:1091C000002814BF1846104665E7DDE90223C3F303
:1091D000130040F07F530025A1F2FF3143F4401308
:1091E00010980A9591E7634849E7C31C5CE70021A2
:1091F000616420468846019101F042FA4FF0FF3742
:109200000123089020640D970993119B002B7ADBB2
:10921000029A0E2A77DC554BB8F1000F03EBC2031C
:1092200093ED004BC0F28482B1EE442B4BEC17ABB4
:1092300087EE046BBDEEC66B089A16EE103A012F4E
:1092400003F13003B8EEC65B02F1010B1370A2EE1E
:10925000057B22D0B2EE043B27EE037BB5EE407BCC
:10926000F1EE10FA3AD0089A06E027EE037BB5EE4D
:10927000407BF1EE10FA31D087EE046BBDEEC66B89
:1092800016EE103A30330BF8013BC2EB0B03BB4236
:10929000B8EEC65BA2EE057BE7D137EE077BB4EEF6
:1092A000C74BF1EE10FA08D4B4EE474BF1EE10FACA
:1092B00014D116EE103ADB0710D51BF8010C089AF2
:1092C0000BF1FF3304E09A4200F0E58313F8010D3F
:1092D000392803F1010BF6D00130187007992046A8
:1092E00001F0F4F90022029B8BF80020049A01336C
:1092F00013601D9B002B00F066830898C3F800B034
:1093000013B0BDE8F08F099A002A53D0019A012AC0
:1093100040F32E8205997A1E9142C0F257838B1A30
:109320000E93002F069BC0F224840A933B46069AB4
:1093300001211A4420460692994401F05FFA06463C
:109340003DE000BFAFF3008061436F63A787D23F6A
:10935000B3C8608B288AC63FFB799F501344D33F24
:109360000000F07FE1110020B84C0020B80200207E
:10937000AC4C0020E011002001230C93F8E6B8EE7D
:10938000E66BB4EE467BF1EE10FA3FF4DCAE029BE6
:10939000013B0293D7E6069A029BD21A5B420593E1
:1093A000002306920B93F2E6C9F1000306934FF0F7
:1093B0000009E4E6059B0E93099E069B0A930A9911
:1093C0000B4661B1B9F1000F09DD4945069AA8BF06
:1093D0004B46D21A0692CA1A0A92C3EB0909059B98
:1093E000002B40F38082099A002A00F09A810E9A9D
:1093F000002A00F096813146204601F0A1FA079A32
:1094000001460646204601F003FA07990546204624
:1094100001F05CF9059B0E9A9B1A059340F0808140
:109420000121204601F0EAF90B9B0590002B00F08A
:10943000AC8101461A46204601F082FA019B059054
:10944000012B40F3808200230793059A136902EBF6
:109450008303186901F084F9C0F12000484410F03A
:109460001F0000F09081C0F12003042B40F3F8832B
:10947000C0F11C00069B034406930A9B03440A9315
:109480008144069B002B05DD29461A46204601F043
:10949000A7FA0546B9F1000F05DD4A4605992046B1
:1094A00001F09EFA05900C9B002B40F00182002FEA
:1094B00040F32082099B002B40F07B81DDF820B037
:1094C000DDF814A0D84602E001F00AF9054651463D
:1094D0002846FFF709FD00F1300908F8019BCBEBA6
:1094E0000803BB424FF00A024FF000032946204612
:1094F000EADB089B012FACBFDB1901339B464FF021
:10950000000A29460122204601F06AFA05990790CF
:1095100001F0BEFA002840F38C821BF8012C089958
:109520000BF1FF3304E08B4200F0038213F8012DAE
:10953000392A03F1010BF6D001321A700599204641
:1095400001F0C4F8002E3FF4C9AEBAF1000F05D007
:10955000B24503D05146204601F0B8F831462046C6
:1095600001F0B4F8BAE6C3F120030AFA03F307EEF8
:10957000903AC1E500230C93FAE500230993029B7E
:1095800043445F1C002F0D9340F32D823E463D4621
:109590000021172E61640AD9012204235B0003F124
:1095A0001400B042114602F10102F7D9616420466D
:1095B00001F066F80E2D089020643FF626AE0E9B53
:1095C000002B3FF422AE02990029CDE90EAB40F307
:1095D0004182C64B01F00F0203EBC2020B11DE0603
:1095E00092ED006B40F1FB81C14A92ED087B4BECA0
:1095F00014AB03F00F03032184EE075B5BB1BC4A9D
:10960000DD0704D592ED007B013126EE076B5B1080
:1096100002F10802F4D185EE064B0C9B3BB1B7EE8C
:10962000007BB4EEC74BF1EE10FA00F1B78207EE03
:10963000901AB8EEE76BB1EE0C7BA6EE047B53EC10
:10964000172BA3F15073002F00F0A681029E39461C
:109650000998002800F04D82B6EE003BA348089D13
:1096600000EBC10010ED026BBDEEC47B83EE065B28
:1096700017EE100A43EC162B3030C0B235EE465BC5
:10968000B8EEC77B34EE477BB4EEC75BF1EE10FA61
:10969000287005F1010B32DCB7EE003B33EE476B6F
:1096A000B4EEC65BF1EE10FA00F3AE82012940F38E
:1096B000CD81B2EE044B089B19440AE033EE476BB0
:1096C000B4EEC56BF1EE10FA00F19E828B4500F00E
:1096D000BD8127EE047B25EE045BBDEEC76B16EE65
:1096E000103A03F13000C0B2B8EEC66B37EE467BDD
:1096F000B4EEC57BF1EE10FA0BF8010BDED5029645
:10970000ECE500230993B8F1000F40F37081464661
:109710004546CDF8348047463AE701230993F2E7FE
:109720000795059A0799204601F00AF9054677E65C
:10973000002F3FF779AD40F04281B1EE047B24EE7B
:10974000074B4BEC17ABB4EEC74BF1EE10FA3E46AD
:109750000597C0F2E5806FEA0803DDF820B00293B8
:109760000599204600F0B2FF002E3FF4B7ADF5E6B4
:109770000A9A002A00F00282059A0E92069A0A922C
:1097800003F23343D3E51C2074E6019B012B40F325
:1097900040820B9B0793012060E6314600230A229A
:1097A000204600F09DFF0D9B002B064640F34D82A6
:1097B0001F460A9B002B05DD31461A46204601F064
:1097C0000FF90646079B002B40F06E81B046089BC0
:1097D000013FDA1909920AF001020A921F46DDF8E8
:1097E00014B028465946FFF77FFB3146824628468B
:1097F00001F04EF9424659468146204601F06AF989
:10980000C36883460AF13002002B49D1014628463D
:10981000079201F03DF959460690204600F056FFA8
:10982000069B079A2BB9019919B90A99002900F0EA
:10983000F581B9F1000FC0F2DF8005D1019919B9A6
:109840000A99002900F0D880002B00F34181099B80
:109850003A7007F101099F42CB4600F04681294644
:1098600000230A22204600F03BFF464505463146CC
:109870004FF000034FF00A0220460BD000F030FFFB
:109880004146064600230A22204600F029FF4F46A3
:109890008046A4E700F024FF4F46064680469EE738
:1098A00001462046069200F011FF0123069AC0E708
:1098B0000599284601F0ECF80028BFF6F8AD2946D6
:1098C000029D0023013D0A222046029500F008FF78
:1098D000099B0546002B7FF460AF0D9B002B40F3E6
:1098E000AD811F46EAE5079D9AE500BFB80200205A
:1098F00090020020019B022B7FF7DCAD002F40F08F
:1099000069813B4605990522204600F0E9FE0146A3
:109910000590284601F0BCF8002807957FF71BAF9B
:10992000029A08993123013202920B7001F1010B66
:1099300016E7029A01320292089A31231370FDE56C
:10994000012309931BE6BAF1000F7FF47CADCBF342
:109950001303002B40F01B812BF000431B0D1B0554
:10996000002B00F05481069B01330693012309F17B
:10997000010907930B9B0120002B3FF46FAD64E5B9
:1099800007EE901AB8EEE76BB1EE0C7BA4EE067B07
:1099900053EC172BA3F1507343EC162BB1EE047B61
:1099A00034EE477BB4EEC67BF1EE10FA00F3DD80B7
:1099B000B1EE466BB4EEC67BF1EE10FA46D500234D
:1099C00005931E46C7E60898FFF759BB059B0B9900
:1099D0000592D31A194400230B910E93A1E49DED37
:1099E0000E5B02210AE63D4600216164DFE50125A8
:1099F0000D952F46A846F7E7002B914611DD294625
:109A00000122204600F0ECFF0599054601F040F8E0
:109A1000002840F30C81B9F1390F00F0DD800AF124
:109A20003109B24687F8009007F1010B46460795C9
:109A300084E504D119F0010F01D06EE593461BF8BF
:109A4000013C302B0BF1FF32F8D077E5DDE90EABAE
:109A5000FFF7DBBB029B5B42002B00F09B808B4A35
:109A600003F00F0102EBC10292ED007B9DED0E6B46
:109A70001B1126EE074B00F0E680854A0221D8072D
:109A800004D592ED007B013124EE074B5B1002F10F
:109A90000802F4D1C1E5089930220A70029A1BF835
:109AA000010C0132029217E47168204600F0E8FDD3
:109AB00033699A1C8046920006F10C010C30F5F7D0
:109AC000F9FF41460122204600F08AFF80467EE6EB
:109AD000392A00F0818002F10109B24687F800902E
:109AE00007F1010B4646079528E5B24691464646E2
:109AF00007E56648BDEEC46B4D1E00EBC50043ECA8
:109B0000172B90ED003B16EE103A23EE073B08981A
:109B100030330129B8EEC66B037000F1010B34EE4F
:109B2000467B14D0B2EE045B089B19445B4627EEDB
:109B3000057BBDEEC76B16EE102A303203F8012B01
:109B40009942B8EEC66B37EE467BF0D1AB44B6EE29
:109B5000006B33EE065BB4EEC75BF1EE10FA43D553
:109B600002961BF8010CFFF7AABB002305931E46C3
:109B7000D6E6DB1B0A930023FFF7D9BB059A109B9F
:109B80000E92069A0A92C3F13603FFF7D0BB002368
:109B90000793EFE69DED0E4B02213EE5002F3FF4CB
:109BA000EFAE0D9800287FF751AFB2EE045BB1EE37
:109BB0000C7B013106EE901A24EE054B029BB8EEA9
:109BC000E66B5E1EA4EE067B53EC172B0146A3F159
:109BD00050733DE50795BEE53922B24607954646E6
:109BE0003A7007F1010B9AE436EE436BB4EEC76BA3
:109BF000F1EE10FA01DC29E793461BF8013C302B0B
:109C00000BF1FF32F8D07AE50296FFF758BB0793C5
:109C1000B0E6BAF1000F7FF4BCAD98E6392ACB4626
:109C20009146D9D0BBF1000F3FF7F9AEF9E67FF4CA
:109C3000F8AE19F0010F3FF4F4AEECE6019B022BF5
:109C400008DC0D9F3AE40221E7E4019B022B01DCD2
:109C50000D9FAEE50D9F51E601230E93FFF7A1BACC
:109C60003FF40FACC0F13C0004E4002565642946D4
:109C7000204600F005FD4FF0FF3701230890A8466D
:109C800020640D970993FFF7C0BA00BFB802002007
:109C900090020020B1F90C309AB22DE9F0410D4646
:109CA000110780463CD46A6843F40063002AAB8104
:109CB00073DDAC6A002C4BD09BB203F480520021C0
:109CC00092B2D8F80060C8F80010002A69D02A6D56
:109CD0005F0705D569682B6B521A0BB1EB6BD21A73
:109CE0000023E9694046A047441C3CD0B5F90C303C
:109CF0002A692A6023F400630022AB81DB046A60D6
:109D000049D4296BC8F8006011B305F140039942AA
:109D100002D0404600F04EF900202863BDE8F081F3
:109D20002E69AEB12C682E6090070CBF6B690023C2
:109D3000A41BAB600AE0234632466F6AE9694046DD
:109D4000B8470028A4EB0004064404DD002CF2DC34
:109D50000020BDE8F081AB8943F04003AB814FF0B8
:109D6000FF30BDE8F081D8F800201D2AF3D81A4B47
:109D7000D34003F0010383F00104002BEBD0B5F9CD
:109D80000C302969296023F40063D9046C60AB812D
:109D9000B7D5002AB5D12865B3E7EA6B002A88DC7D
:109DA000D6E70123E9694046A047431C024602D09A
:109DB000AB89AC6A8CE7D8F80030002BF8D01D2BAB
:109DC00001D0162B02D1C8F80060C1E7AB8943F07F
:109DD0004003AB81BDE8F0810100402010B504468E
:109DE00082B008B1836B53B1B1F90C0008B902B06D
:109DF00010BD204602B0BDE81040FFF74BBF0191F7
:109E000000F080F80199EFE7014900F03DBB00BF89
:109E1000CDB701002DE9F04F354B4568C3630024F1
:109E2000074600F53B7204230321C0F8E412C0F892
:109E3000E822C0F8E04283B02C606C60AC606C66D5
:109E4000EC812C616C61AC61AB81214605F15C0059
:109E50000822FBF76BF8BE68DFF898B0DFF898A02F
:109E6000DFF89890DFF89880C5F820B00123092228
:109E7000C5F824A0C5F82890C5F82C80ED612146CE
:109E8000F381B28106F15C0034607460B460746682
:109E900034617461B46108220193FBF747F8FD68EF
:109EA000F66112200222C6F820B0C6F824A0C6F837
:109EB0002890C6F82C802146A881EA812C606C602D
:109EC000AC606C662C616C61AC6105F15C000822D1
:109ED000FBF72CF8019BED61C5F820B0C5F824A074
:109EE000C5F82890C5F82C80BB6303B0BDE8F08F9F
:109EF00009A60100E9B401000DB5010049B5010052
:109F000069B50100836B03B17047FFF783BF00BFE2
:109F1000704700BF704700BFF8B5234F0C46064698
:109F2000FBF752F8BB685D6825F00305291B01F6B5
:109F3000EF7121F47F6121F00F01A1F58054B4F598
:109F4000805F07DB00213046FBF7B4FABB682B4487
:109F5000984204D03046FBF739F80020F8BD614242
:109F60003046FBF7A7FA01300DD0104BBA681968DC
:109F70002D1B45F001053046091B55601960FBF7A4
:109F800025F80120F8BD00213046FBF793FABA68A6
:109F9000831A0F2BDEDD064C0449246843F00103CD
:109FA000001B53600860D5E7C85700201C1701202C
:109FB000D05B0020002945D02DE9F0410D468046B8
:109FC000FBF702F855F8047C6A4927F00103A5F174
:109FD0000804E2188E685068B24220F0030062D094
:109FE000FE0750600BD455F8087CE41B01F1080E05
:109FF000A56875453B446FD0E768EF60BD601518F4
:10A000006D68ED0742D543F001026260E350B3F59D
:10A01000007F18D2DB085A1C4D6851F83270A760D7
:10A0200001209B1000FA03F301EBC2001D43083826
:10A03000E0604D6041F83240FC604046BDE8F041D0
:10A04000FAF7C4BF70475A0A042A53D89A0902F192
:10A0500039077F0002F1380501EB870051F827200E
:10A060004449083890424DD0516821F003018B4299
:10A0700002D292689042F7D1D068E060A26084601A
:10A08000D4604046BDE8F041FAF7A0BF95683A4F6A
:10A09000BD4203443FD0D068E86043F001028560D0
:10A0A0006260E350B3E7FF07034407D455F8082C78
:10A0B000A41A1344A068E268C26090602F4A126834
:10A0C00043F00100934260608C60B6D32C4B404655
:10A0D0001968FFF721FFB0E711184968C90744D490
:10A0E0009168D268CA60034443F0010091606060E7
:10A0F000E350A2E7142A17D802F15C077F0002F1AF
:10A100005B05A9E7AA104B68012505FA02F2134383
:10A110004B600246B1E743F001024C610C61E5601F
:10A12000A5606260E35088E7542A06D81A0B02F152
:10A130006F077F0002F16E058EE7B2F5AA7F06D8A1
:10A14000DA0B02F178077F0002F1770584E740F22D
:10A150005450824206D89A0C02F17D077F0002F12A
:10A160007C0579E7FE277E2576E743F001026260F1
:10A17000E35062E7C8570020D0570020D45B00208E
:10A180004C1701209368002B76D02DE9F04F8B8976
:10A1900085B00C4619070190164629D522693AB3B5
:10A1A00003F002081FFA88F0356800282FD04FF01E
:10A1B0000009B44FC846B246B84543464A4628BF90
:10A1C0003B460198B8F1000F50D0E169666AB0478C
:10A1D000002871DDDAF808301B1A8144C0EB08084A
:10A1E000CAF80830002BE7D1002005B0BDE8F08F99
:10A1F00021460198FEF7C2FD002840F03A81A3896C
:10A20000356803F002081FFA88F00028CFD113F058
:10A2100001095BD14F4602961FB39A05D4F8088016
:10A220002CD54745C246C0F0A48013F4906F40F08F
:10A23000B180206852464946FAF714FEA0682368A8
:10A24000C8EB00005344A06023603846029A93682C
:10A250001B1A81443F1A9360002BC5D0A389002F9D
:10A26000DBD1D5F800906F680835D5E7D5F80090B8
:10A27000D5F8048008359FE70020704720682369DF
:10A28000984203D861698F4280F0B780B84528BFF3
:10A29000B84642464946FAF7E5FDA3682268C8EB8E
:10A2A00003034244A3602260002B49D12146019858
:10A2B000FFF794FD002843D0B4F90C3043F040037D
:10A2C0004FF0FF30A38105B0BDE8F08F80460290CB
:10A2D00082468146B9F1000F2AD0029B002B4CD058
:10A2E000206823696269C845C34628BFCB469842A7
:10A2F0005F4604D9A36813449B4500F390809345BF
:10A3000020DB1346676AE16901985246B847071E89
:10A31000D2DDB8EB070823D0B368DB1BBA44C7EB28
:10A320000909B360002B3FF45FAFB9F1000FD4D13E
:10A330000023D5F800A0D5F8049002930835C9E7AA
:10A34000404683E75A465146FAF78CFDA2682368D7
:10A35000CBEB02025B44B8EB0708A2602360DBD1C1
:10A3600021460198FFF73AFD0028A5D1CDF80880D5
:10A37000D2E72068B846BA465CE74A460A2150460A
:10A3800000F02EF900286FD001300123CAEB00083D
:10A390000293A5E762692068216902EB4208C1EBDC
:10A3A000000A08EBD8780AF101004FEA680838443F
:10A3B0004045424684BF804642465B0542D5114631
:10A3C0000198FAF74FFA8346002855D05246216982
:10A3D000F5F770FBA38923F4906343F08003A38116
:10A3E000CAEB08030BEB0A00C4F81480C4F810B0E1
:10A3F0002060A360B846BA461CE76FF00043BB423A
:10A4000028BF3B464A4693FBF1F30198666A01FB7D
:10A4100003F3E169B04700283FF718AF4CE71A464D
:10A4200051460393FAF71EFD2268039B01981A44D4
:10A4300022602146FFF7D2FC039B00287FF43CAF4B
:10A440001F4666E70198FAF745FE83460028C7D104
:10A45000019D21692846FFF7ADFDB4F90C300C22AF
:10A4600023F080032A6029E7012309F10108029300
:10A4700036E74FF0FF30B8E6019A0C231360B4F9C9
:10A480000C301BE700FCFF7F2DE9F84310F538770F
:10A490001FD0884606464FF000097D68BC68013D24
:10A4A00011D4A389012B05F1FF3508D9B4F90E3079
:10A4B00001332146304602D0C04749EA00096B1CEF
:10A4C00004F16804EDD13F68002FE6D14846BDE8AD
:10A4D000F883B9464846BDE8F88300BF044A054BF7
:10A4E0001268506B002808BF1846F030704700BF54
:10A4F000D85B00205C56002070B50D46B1F90E10F7
:10A50000002990B014461E4614DB01AA00F000FE9C
:10A5100000280FDB029A02F47042A2F50052B2FA50
:10A5200082F252094FF480634FF40060326023607E
:10A5300010B070BDA88900F0800082B200203060A9
:10A540001AB14023236010B070BD4FF480631046F1
:10A55000236010B070BD00BF8A8992070B4606D5F4
:10A5600001F1430201211A601A6159617047F0B587
:10A5700083B001AB6A460C460546FFF7BDFF009964
:10A5800006462846FAF76EF9B4F90C30D0B1019AB4
:10A59000124F0099EF6343F08003A3812060206194
:10A5A00061611AB93343A38103B0F0BD2846B4F901
:10A5B0000E1000F0C1FDB4F90C300028F2D043F0C9
:10A5C0000103EFE79A05EFD404F1430243F00203DD
:10A5D0000121A381226022616161E5E709A60100F2
:10A5E00001F0FF01102A2BDB10F0070F08D010F844
:10A5F000013B013A8B422DD010F0070F42B3F6D148
:10A60000F0B441EA012141EA014122F007047FF060
:10A6100000070023F0E80256083C85EA010586EAB7
:10A62000010685FA47F5A3FA87F586FA47F6A5FAF3
:10A6300087F68EB9EED1F0BC01F0FF0102F00702FF
:10A6400032B110F8013B013A83EA010313B1F8D1AA
:10A650000020704701387047002D06BF354603388B
:10A66000073815F0010F07D1013015F4807F02BFC4
:10A67000013015F4C03F0130F0BC0138704700BF15
:10A68000C36C70B505460C464BB153F8240080B13D
:10A69000026843F8242000230361C36070BD2122B7
:10A6A0000421FAF707F8E86403460028EDD10020FA
:10A6B00070BD012101FA04F6721D28469200F9F7D7
:10A6C000F9FF0028F3D044608660E4E731B1C36C41
:10A6D0004A6853F82200086043F82210704700BF10
:10A6E000F0B50C6983B00D46064601F1140E002743
:10A6F000DEF8000081B202FB01310B0C000C02FB02
:10A70000003389B2013701EB0341BC424EF8041B10
:10A710004FEA1343ECDC3BB1AA68944207DA05EB3D
:10A720008402013453612C61284603B0F0BD69688E
:10A73000019301313046FFF7A3FF2A69023205F188
:10A740000C01074692000C30F5F7B4F9F26C696819
:10A75000019B52F82100286042F821503D46DEE777
:10A76000030C1B04B3B90004102310F07F4F04BF87
:10A770000002083310F0704F04BF0001043310F0E2
:10A78000404F04BF80000233002807DB420003D49F
:10A79000202070470023E8E7581C70471846704790
:10A7A000036813F0070207D0D90720D49A0720D4F2
:10A7B0009B0803600220704799B209B91B0C102254
:10A7C00013F0FF0F04BF1B0A0832190704BF1B094F
:10A7D0000432990704BF9B080232D90704D45B08EE
:10A7E00001D12020704701320360104670470020DD
:10A7F00070475B0803600120704700BF10B50C462E
:10A800000121FFF73DFF01224461026110BD00BF3D
:10A810002DE9F04F0D691769BD4283B00C4616460D
:10A8200004DA2A4634463D460E461746A368616858
:10A8300005EB07089845C8BF0131FFF721FF00F17C
:10A84000140C0CEB8809CC45009005D2634600211E
:10A8500043F8041B9945FBD806F1140202EB870A62
:10A8600004F11403524503EB850E54D2CDF8049045
:10A87000994652F8043B1FFA83FBBBF1000F20D02E
:10A8800000204F466646054600E01E4657F8044B3A
:10A890003068A1B283B20BFB0131240C000C4B19C0
:10A8A0000BFB040000EB134099B2334641EA004130
:10A8B000BE454FEA104543F8041BE6D8756052F8D0
:10A8C000043C5FEA134B20D0DCF8003067461846A2
:10A8D0004D46002100E037462C88000C0BFB04009D
:10A8E00001449CB23E4644EA014346F8043B786882
:10A8F00055F8044B83B2240C0BFB043404EB1143D6
:10A90000AE454FEA1341E6D87B6092450CF1040C4A
:10A91000AFD8DDF80490B8F1000F0BDD59F8043C16
:10A92000A9F104091BB105E059F8043D13B9B8F1C8
:10A930000108F9D10098C0F8108003B0BDE8F08F8D
:10A9400012F003032DE9F041144607462ED10E46BE
:10A95000A4101CD0BD6C95B3E3074FF0000806D4DB
:10A96000641014D02868A8B10546E307F8D52A4634
:10A9700031463846FFF74CFFB6B17268FB6C641085
:10A9800053F82210316043F822600646EAD130467F
:10A99000BDE8F0812A4629463846FFF739FF28608E
:10A9A000C0F800800546E0E70646D9E75A1E0B4D81
:10A9B000002355F82220FFF793FE0646C8E7012141
:10A9C0003846FFF75DFE40F271210122002341610C
:10A9D00002610546B8640360BEE700BFBC0C0020FE
:10A9E0002DE9F04791460A698B684FEA691404EB38
:10A9F000020808F101059D420E468246496804DDC1
:10AA00005B009D4201F10101FADC5046FFF738FE80
:10AA1000002C00F1140238DD02EB8403002142F81F
:10AA2000041B9342FBD1346906F1140119F01F098C
:10AA300001EB840E21D0C9F1200200240F6807FA2F
:10AA400009FC4CEA04049C4643F8044B51F8044BBF
:10AA50008E4524FA02F4F1D8CCF804400CB108F188
:10AA60000205DAF84C307268013D53F82210056196
:10AA7000316043F82260BDE8F087043B51F8042BB5
:10AA800043F8042F8E45F9D8EBE71346CBE700BF18
:10AA900002690B69D21A13D19B0014301431194486
:10AAA00010B4034401E098420CD253F8044D51F81D
:10AAB000042D9442F7D009D301205DF8044B704770
:10AAC0001046704700205DF8044B70474FF0FF3090
:10AAD000F3E700BF2DE9F8430B690F4611695B1AD4
:10AAE000002B904617D1890007F1140208F11405D4
:10AAF0005318294401E09A425ED253F8046D51F88C
:10AB0000044DA642F7D060D23B46144647464FF06C
:10AB10000109984606E05DDB07F1140502F1140413
:10AB20004FF000097968FFF7ABFDD8F810303E69A7
:10AB3000C0F80C9004EB830CA64605EB860700F1E9
:10AB4000140400235EF8041B55F8048B8AB213FA30
:10AB500088F3090C9A1AC1EB184303EB224392B213
:10AB600042EA0342F44544F8042B4FEA2343E9D870
:10AB7000AF4217D9A446294651F804EB13FA8EF2D6
:10AB8000131403EB1E4392B242EA03428F424CF885
:10AB9000042B4FEA2343EFD8ED433D4425F0030552
:10ABA00004352C44043C22B954F8043D013E002BEA
:10ABB000FAD00661BDE8F8830021FFF761FD0122AC
:10ABC000002302614361BDE8F8832C464FF0000981
:10ABD0001546A7E73B4607F1140408F1140547465C
:10ABE0004FF0010998469DE72DE9F04357EC106BB3
:10ABF00083B0884601213C46C7F30A551746FFF744
:10AC00003FFDC4F3130481460DB144F48014019454
:10AC10001EB302A840F8086DFFF7C2FD002834D12A
:10AC20009DE80C00C9F81420002B0CBF0121022163
:10AC3000C9F81830C9F81010DDB909EB8103A0F28A
:10AC40003240C8F800001869FFF78AFDC0EB4110D8
:10AC50003860484603B0BDE8F08301A8FFF7A0FDC7
:10AC6000019BC9F8143001212030C9F81010002DC3
:10AC7000E3D0A5F233450544C0F13500C8F80050D3
:10AC80003860484603B0BDE8F0839DE80C00C0F191
:10AC9000200103FA01F10A43C3400193C9F81420CB
:10ACA000C2E700BF70B50D461446064618B1836B67
:10ACB0000BB9FFF727F9A368013B002BA36005DB65
:10ACC000E8B223685A1C22601D7070BDA2699342CD
:10ACD00002DBE8B20A28F4D1224629463046BDE814
:10ACE000704000F00BB900BF10B50C46B1F90E1062
:10ACF00000F04AFA002803DB236D0344236510BDEE
:10AD0000A38923F48053A38110BD00BF2DE9F04136
:10AD10001646B1F90C201F46D3050C46054607D54B
:10AD200000220223B1F90E1000F018FAB4F90C2039
:10AD3000B4F90E1022F48052A2813B4632462846D6
:10AD4000BDE8F041FEF704B810B50C46B1F90E109D
:10AD500000F004FAA389421C0EBF23F4805343F48D
:10AD600080532065A38110BDB1F90E1000F01CB90D
:10AD70002DE9F04F936883B09046002B72D0834644
:10AD80004FF00009166808688B680D464C46002C89
:10AD900045D09C421F469A4646D3AB8913F4906F28
:10ADA0002DD06F69296907EB4707C1EB000A07EB54
:10ADB000D777601C7F105044B8423A4684BF07469C
:10ADC0003A465B0533D511465846F9F74BFD002846
:10ADD00037D0524629690190F4F76CFEAA89019B8D
:10ADE00022F4906242F08002AA81CAEB070203EBD0
:10ADF0000A006F612B612860AA602746A24652466E
:10AE00004946FAF72FF8D8F80820AB682868DB1B0A
:10AE10005044141BAB602860C8F8084014B3D6F83F
:10AE2000009074680836B2E72746A246E7E758461E
:10AE3000FAF750F903460028D7D129695846FFF799
:10AE4000B9F80C23CBF80030AB89002243F0400363
:10AE50004FF0FF30AB81C8F80820C8F8042003B0D9
:10AE6000BDE8F08F0020C8F8040003B0BDE8F08F03
:10AE70004B6E2DE9F0479C0492462CD593681268DE
:10AE80003BB30F46804602F1080919E96000B60895
:10AE900017D0043D002401E0A64210D03A4655F8F0
:10AEA000041F404600F020F9431C04F10104F3D1D3
:10AEB0000023CAF80830CAF80430BDE8F087DAF891
:10AEC0000830A3EB8603CAF8083009F10809002B03
:10AED000DBD10020ECE7FFF755F90023CAF8083072
:10AEE000CAF80430BDE8F08793680BB1FFF7C0BF24
:10AEF00010B4184653605DF8044B7047F8B50D4622
:10AF00001446064610B1836B002B4AD0B4F90C20CE
:10AF1000A369A36091B2080738D52369002B35D007
:10AF20008904EFB215D522686169D31A8B421CDA05
:10AF30000133A168501C0139A1602060157062695D
:10AF40009A421AD0A389DB0701D50A2F15D03846BB
:10AF5000F8BD616E42F4005221F40051A2812268D2
:10AF600061666169D31A8B42E2DB21463046FEF707
:10AF700035FF40B922680123DBE721463046FEF762
:10AF80002DFF0028E3D04FF0FF37E0E721463046A1
:10AF9000FDF7F4FE0028F6D1B4F90C20236991B234
:10AFA000BEE7FEF7AFFFB1E738B5074C0023054613
:10AFB00008462360F5F77EFB431C00D038BD2368AC
:10AFC000002BFBD02B6038BDAC25012000293DD0E3
:10AFD00070B505460C4608B1836B7BB3B4F90C30F1
:10AFE0000BB9002070BD21462846FEF753FEE36AE8
:10AFF000064633B1E169284698470028B8BF4FF0AC
:10B00000FF36A3891B061CD4216B41B104F1400318
:10B01000994202D02846FEF7CDFF00232363616CDE
:10B0200021B12846FEF7C6FF00236364FEF770FFD8
:10B030000023A381FEF76EFF304670BDFEF762FF6E
:10B04000CCE721692846FEF7B5FFDDE70020704711
:10B050002DE9F04782B0804689461446F9F7DAFBBD
:10B06000012833D004F15C034A4601A9404600F0B0
:10B07000A1F8B0F1FF3F824621D088B39DF804606B
:10B08000002508E023685A1C22601E7001355545D2
:10B0900026D201AB5E5DA368013B002BA360F1DA11
:10B0A000A769BB4231462246404601DB0A2EE9D160
:10B0B000FFF724FF431CE9D102B0BDE8F087A38964
:10B0C00043F04003A38102B0BDE8F08709F1FF33EC
:10B0D000FE2BC7D85FFA89F682468DF80460CFE769
:10B0E000484602B0BDE8F087B2F90C3013F4005FB7
:10B0F0000BD110B4546E43F4005344F4005454661E
:10B1000093815DF8044BFFF7A3BFFFF7A1BF00BF1A
:10B1100038B50B46074C05461146184600232360F8
:10B12000F5F7CCFA431C00D038BD2368002BFBD0C8
:10B130002B6038BDAC25012038B5074C00230546EF
:10B1400008462360F5F7C0FA431C00D038BD2368D9
:10B15000002BFBD02B6038BDAC25012070B50D460F
:10B16000084C114606461A46284600232360F5F788
:10B17000ADFA431C00D070BD2368002BFBD03360B8
:10B1800070BD00BFAC25012070B50D46084C1146BE
:10B1900006461A46284600232360F5F789FA431C21
:10B1A00000D070BD2368002BFBD0336070BD00BFA2
:10B1B000AC250120F0B5064685B01F4689B1104C7C
:10B1C000104D2468646B002C08BF2C46D4F8E04076
:10B1D000A047431C03D100228A233A60336005B0A4
:10B1E000F0BD0C460649074A0968496B002908BFAB
:10B1F00011462246D1F8E04001A9A047E9E700BF87
:10B20000D85B00205C5600205FF800F0212202602D
:10B210005FF800F0192C02605FF800F0C52B0260A7
:10B220005FF800F0A9CE01605FF800F075DD016005
:04B23000F8B500BFAE
:08B234004C91FF7F01000000B6
:10B23C000000000000000000000000000000000002
:10B24C0000000000000000000000000000000000F2
:10B25C0000000000000000000000000000000000E2
:10B26C0000000000000000000000000000000000D2
:10B27C0000000000000000000000000000000000C2
:10B28C0000000000000000000000000000000000B2
:10B29C0000000000000000000000000000000000A2
:10B2AC000000000000000000000000000000000092
:10B2BC000000000000000000000000000000000082
:10B2CC000000000000000000000000000000000072
:10B2DC000000000000000000000000000000000062
:10B2EC000000000000000000000000000000000052
:10B2FC000000000000000000000000000000000042
:10B30C000000000000000000000000000000000031
:10B31C000000000000000000000000000000000021
:10B32C000000000000000000000000000000000011
:10B33C000000000000000000000000000000000001
:10B34C0000000000000000000000000000000000F1
:10B35C0000000000000000000000000000000000E1
:10B36C0000000000000000000000000000000000D1
:10B37C0000000000000000000000000000000000C1
:10B38C0000000000000000000000000000000000B1
:10B39C0000000000000000000000000000000000A1
:10B3AC000000000000000000000000000000000091
:10B3BC000000000000000000000000000000000081
:10B3CC000000000000000000000000000000000071
:10B3DC000000000000000000000000000000000061
:10B3EC000000000000000000000000000000000051
:10B3FC000000000000000000000000000000000041
:10B40C000000000000000000000000000000000030
:10B41C000000000000000000000000000000000020
:10B42C000000000000000000000000000000000010
:10B43C000000000000000000000000000000000000
:10B44C0000000000000000000000000000000000F0
:10B45C0000000000000000000000000000000000E0
:10B46C0000000000000000000000000000000000D0
:10B47C0000000000000000000000000000000000C0
:10B48C0000000000000000000000000000000000B0
:10B49C0000000000000000000000000000000000A0
:10B4AC000000000000000000000000000000000090
:10B4BC00000000000000304300000000000030C31A
:10B4CC000080E03779C34143176E05B5B5B8934694
:10B4DC00F5F93FE9034F384D321D30F94877825A60
:10B4EC003CBF737FDD4F1575000000000000F03F7E
:10B4FC000000000000002440000000000000594043
:10B50C000000000000408F40000000000088C34095
:10B51C0000000000006AF8400000000080842E410A
:10B52C0000000000D01263410000000084D7974156
:10B53C000000000065CDCD41000000205FA002425C
:10B54C00000000E876483742000000A2941A6D42D1
:10B55C00000040E59C30A2420000901EC4BCD642C4
:10B56C0000003426F56B0C430080E03779C341436F
:10B57C0000A0D8855734764300C84E676DC1AB43E5
:10B58C00003D9160E458E143408CB5781DAF154403
:10B59C0050EFE2D6E41A4B4492D54D06CFF08044DE
:10B5AC00F64AE1C7022DB544B49DD9794378EA44F3
:10B5BC004FBB610567ACDD3F182D4454FB21E93FBF
:10B5CC009BF681D20B73EF3F182D4454FB21F93FAE
:10B5DC00E2652F227F2B7A3C075C143326A6813C34
:10B5EC00BDCBF07A8807703C075C143326A6913CDF
:10B5FC003C18500000000101000101010102010191
:10B60C000202010203010203020204020205020209
:10B61C0005030206030207030207040307040307DA
:10B62C0005040705040706050706060706060707AF
:10B63C000707070001000400F01C0020681D002013
:10B64C009C1D0020D01D0020041E0020381E002050
:10B65C002B810400210000002B810400220000003B
:10B66C00AABBCC03020100FFFFFFFFFF1122330A2C
:10B67C000B0CCCDDDDDDDDDD000000000203050779
:10B68C000B0D1113171D1F25292B2F353B3D434740
:10B69C00494F53596165676B6D717F83898B9597A2
:10B6AC009DA3A7ADB3B5BFC1C5C7D3DFE3E5E9EF34
:10B6BC00F1FB0000FFFFFFFFFFFFFFFFC90FDAA246
:10B6CC002168C234C4C6628B80DC1CD129024E08AE
:10B6DC008A67CC74020BBEA63B139B22514A087995
:10B6EC008E3404DDEF9519B3CD3A431B302B0A6D24
:10B6FC00F25F14374FE1356D6D51C245E485B57677
:10B70C00625E7EC6F44C42E9A637ED6B0BFF5CB66D
:10B71C00F406B7EDEE386BFB5A899FA5AE9F24114A
:10B72C007C4B1FE649286651ECE45B3DC2007CB8BB
:10B73C00A163BF0598DA48361C55D39A69163FA801
:10B74C00FD24CF5F83655D23DCA3AD961C62F356AD
:10B75C00208552BB9ED529077096966D670C354E89
:10B76C004ABC9804F1746C08CA18217C32905E466D
:10B77C002E36CE3BE39E772C180E86039B2783A296
:10B78C00EC07A28FB5C55DF06F4C52C9DE2BCBF622
:10B79C00955817183995497CEA956AE515D22618FB
:10B7AC0098FA051015728E5A8AACAA68FFFFFFFF33
:10B7BC00FFFFFFFF00000000551D250000000000EA
:10B7CC000D0A0000344400203C4400204444002076
:10B7DC004C44002040CF026010CF0260E0CE0260EB
:10B7EC00B0CE026080CE026050CE0260030405062B
:10B7FC00070800000102030405060000F0D50260F2
:10B80C00C0D5026090D5026060D5026000020000D5
:10B81C000004000000080000001000004A4B00006B
:10B82C000000000000000000F54E0000490200007E
:10B83C00A5570000ED03000041560000F103000085
:10B84C00F50300000000000000000000193A0000A1
:10B85C00B10000004D590000E1030000492B00002D
:10B86C00E5030000E90300000000000000000000F8
:10B87C00C1730000D17400007D000000D97300007A
:10B88C00B9730000E974000069750000FD730000D5
:10B89C008D750000DD730000A97400004974000070
:10B8AC00B9740000DD75000021750000997300006B
:10B8BC00A1730000B1730000C5740000B5730000E3
:10B8CC000000000000000000092601003D290100D5
:10B8DC00692001004121010089200100B1200100F3
:10B8EC005D2101000000000000000000B5300100E7
:10B8FC00AD300100A9300100A5300100A1300100DC
:10B90C009D300100993001009530010000000000CD
:10B91C0000000000A1FD0000D1FD00007D00000032
:10B92C009DFD0000355D0000415D000085FD0000BF
:10B93C0000000000000000008127010011700000D1
:10B94C00A5700000A17000001570000019700000B7
:10B95C0000000000D8399D270054EA2A00A4781F63
:10B96C00007B9A170020202020202020202028282F
:10B97C0028282820202020202020202020202020A3
:10B98C0020202020208810101010101010101010E3
:10B99C001010101010040404040404040404041013
:10B9AC0010101010101041414141414101010101A1
:10B9BC00010101010101010101010101010101016B
:10B9CC001010101010104242424242420202020277
:10B9DC00020202020202020202020202020202023B
:10B9EC0010101010200000000000000000000000EB
:10B9FC00000000000000000000000000000000003B
:10BA0C00000000000000000000000000000000002A
:10BA1C00000000000000000000000000000000001A
:10BA2C00000000000000000000000000000000000A
:10BA3C0000000000000000000000000000000000FA
:10BA4C0000000000000000000000000000000000EA
:10BA5C0000000000000000000000000000000000DA
:10BA6C000000000000000000504D0020202020208D
:10BA7C0020202020202020202020202020202020BA
:10BA8C0020202020202020202020202000000042E8
:10BA9C00C8801F40B8821F40080000000000004210
:10BAAC00C4801F40B4821F400400000000C000424C
:10BABC0024801F4014821F401000000000C0004270
:10BACC0028801F4018821F402000000000C0004248
:10BADC002C801F401C821F404000000000C0004210
:10BAEC0034801F4024821F400001000000400042AF
:10BAFC0064811F4054831F4000040000004000423A
:10BB0C0080811F4070831F400000020000400042F3
:10BB1C007C811F406C831F400000010000400042EC
:10BB2C0068811F4058831F400008000000400042FD
:10BB3C003C811F402C831F4001000000004000424C
:10BB4C0044811F4034831F40040000000040004229
:10BB5C0040811F4030831F40020000000040004223
:10BB6C0048811F4038831F4008000000000000423D
:10BB7C0004811F40F4821F400000040000000042BA
:10BB8C0008811F40F8821F4000000800000000429E
:10BB9C0018811F4008831F400000800000000042F5
:10BBAC0014811F4004831F4000004000000000422D
:10BBBC0000811F40F0821F40000002000000004284
:10BBCC00FC801F40EC821F4000000100000000427E
:10BBDC0024811F4014831F40000000040000004219
:10BBEC0028811F4018831F400000000800000042FD
:10BBFC001C811F400C831F4000000001000000420C
:10BC0C0020811F4010831F400000000200000042F2
:10BC1C00EC801F40DC821F4000100000000000423E
:10BC2C00F0801F40E0821F40002000000000004216
:10BC3C0034811F4024831F4000000040000000425C
:10BC4C0038811F4028831F40000000800080004284
:10BC5C0094801F4084821F400000040000C00042FA
:10BC6C0090801F4080821F400000008000800042B6
:10BC7C00A8801F4098821F40000080000080004276
:10BC8C00A4801F4094821F400000400000400042EE
:10BC9C006C811F405C831F400010000000C00042FC
:10BCAC0030801F4020821F40800000000040004276
:10BCBC00B0811F40A0831F400000002000400042C4
:10BCCC00AC811F409C831F400000001000400042CC
:10BCDC0084811F4074831F40000004000040004218
:10BCEC0088811F4078831F4000000800000000423C
:10BCFC002C811F401C831F400000001000000042DC
:10BD0C0030811F4020831F400000002000000042B3
:10BD1C000C811F40FC821F400000100000000042FC
:10BD2C0010811F4000831F40000020000080004253
:10BD3C00C8811F40B8831F40008000000080004273
:10BD4C00C4811F40B4831F400040000000800042AB
:10BD5C00C0811F40B0831F400020000000800042C3
:10BD6C00BC811F40AC831F400010000000800042CB
:10BD7C00D0811F40C0831F400000020000800042A1
:10BD8C00CC811F40BC831F400000010000C000425A
:10BD9C0074801F4064821F400000000100C00042FC
:10BDAC0080801F4070821F400000000800C00042CD
:10BDBC0084801F4074821F400000001000C00042AD
:10BDCC006C801F405C821F400000400000C000429D
:10BDDC007C801F406C821F400000000400C00042A9
:10BDEC0078801F4068821F400000000200C00042A3
:10BDFC0088801F4078821F400000002063825363BC
:10BE0C00FFFFFFFFFFFF000000000000000000002C
:10BE1C000100000006000000C97F0000A17F0000A7
:10BE2C00919C00005D9C0000599C0000CD7D0000A1
:10BE3C00217F0000099E0000117E00006D9D000016
:10BE4C00299D0000180C0020597E0000BD7E0000CA
:10BE5C00A05C0020045E0020285E0020E05D002035
:10BE6C0000000000ADC0000085C2000051C20000FF
:10BE7C0000000000EDC10000F5C00000C5C00000CE
:10BE8C007DA30000BDA30000000000000100000025
:10BE9C0059D7000019F30000FDE9000025D7000078
:10BEAC0015E1000099E8000025E3000011DA00001C
:10BEBC00A5D600005DF200000000000059F800005B
:10BECC00D5FA0000A9FA00000000000049FA0000B1
:10BEDC00B1F8000081F800007DA30000BDA30000B4
:10BEEC00000000001B050000170500000500000005
:10BEFC00190000007D00000007080C0B06050F0060
:10BF0C000D0E0102838407080C0B06050F000D0EA5
:10BF1C0001028384FFFFFFFFFFFFFFFFFFFF818212
:10BF2C00090A000041444320436F6E6E65637469D7
:10BF3C006F6E204F4B00000041444320436F6E6EE8
:10BF4C006563746F6E204641494C454421000000E6
:10BF5C004175746F73746565722072756E6E696E5F
:10BF6C00672C2077616974696E6720666F72204157
:10BF7C00674F70656E475053000000004175746F39
:10BF8C0073746565722064697361626C65642C20DE
:10BF9C00475053206F6E6C79206D6F646500000004
:10BFAC00496E697469616C697A696E672065746839
:10BFBC0065726E6574207769746820737461746936
:10BFCC006320495020616464726573730000000043
:10BFDC0045746865726E657420736869656C64205D
:10BFEC00776173206E6F7420666F756E642E2047B8
:10BFFC0050532076696120555342206F6E6C792E18
:10C00C000000000045746865726E6574206361629F
:10C01C006C65206973206E6F7420636F6E6E656340
:10C02C00746564202D2057686F20636172657320DE
:10C03C0077652077696C6C207374617274206574F9
:10C04C006865726E657420616E797761792E000077
:10C05C000D0A45746865726E65742073746174752D
:10C06C0073204F4B00000000495020736574204D25
:10C07C00616E75616C6C793A200000000D0A457494
:10C08C006865726E6574204950206F66206D6F6410
:10C09C00756C653A2000000045746865726E6574B5
:10C0AC002073656E64696E6720746F2049503A2066
:10C0BC0000000000416C6C20646174612073656E3B
:10C0CC0064696E6720746F20706F72743A20000080
:10C0DC0045746865726E6574204750532055445002
:10C0EC002073656E64696E672066726F6D20706F69
:10C0FC0072743A200000000045746865726E6574B5
:10C10C00204E5452495020554450206C697374652C
:10C11C006E696E6720746F20706F72743A20000025
:10C12C0045746865726E6574204175746F537465DF
:10C13C00657220554450206C697374656E696E6726
:10C14C0020746F20262073656E642066726F6D20DC
:10C15C00706F72743A2000002450414E44412C0000
:10C16C002A0000000D0A00004E6F206272616E649E
:10C17C002073656C6563746564000000496E6974B6
:10C18C0069616C69736564204B6579612043414E2C
:10C19C0042555300472D565447000000472D474742
:10C1AC00410000004669726D77617265203A20414A
:10C1BC0075746F53746565722047505320546565D0
:10C1CC006E737920456E676167652043414E20414F
:10C1DC006E64204B65796120666F72204543552053
:10C1EC00504342202100000056657273696F6E2027
:10C1FC003A2000005374617274207365747570007A
:10C20C0053657269616C414F472C205365726961AB
:10C21C006C52544B2C2053657269616C47505320FF
:10C22C00696E697469616C697A6564000D0A53748E
:10C23C00617274696E67204175746F5374656572B1
:10C24C002E2E2E000D0A5374617274696E67204590
:10C25C00746865726E65742E2E2E00000D0A537470
:10C26C00617274696E6720494D552E2E2E000000A8
:10C27C003078000020424E4F303858204F6B2E0043
:10C28C00424E4F303830206E6F7420646574656395
:10C29C0074656420617420676976656E2049324349
:10C2AC0020616464726573732E00000020424E4F4F
:10C2BC00303858206E6F7420436F6E6E65637465F2
:10C2CC0064206F7220466F756E6400007573654252
:10C2DC004E4F303878203D200000000052696768CE
:10C2EC00742E2E2E2074696D6520666F7220736F0C
:10C2FC006D652043414E4255532120416E642C20E4
:10C30C007765277265206465646963617465642070
:10C31C00746F204B657961206865726500000000C0
:10C32C000D0A456E642073657475702C20776169F5
:10C33C0074696E6720666F72204750532E2E2E0D37
:10C34C000A000000456E61626C6564204B65796182
:10C35C00206D6F746F720000746F6C6420746F20AA
:10C36C0073746565722C2077697468200000000076
:10C37C0020736F2E2E2E2E004920636F6E76657201
:10C38C00746564207468617420746F2073706565C3
:10C39C006420000070776D4472697665203C207AC9
:10C3AC0065726F202D20636C6F636B7769736520EA
:10C3BC002D207374656572537065656420000000F0
:10C3CC0070776D4472697665203E207A65726F20B5
:10C3DC002D20616E7469636C6F636B2D636C6F637E
:10C3EC006B77697365202D20737465657253706566
:10C3FC0065642000303132333435363738394142B8
:10C40C0043444546000000004865616465723A008B
:10C41C003000000020426F64793A0000205B436FCB
:10C42C006E74696E756564207061636B65745D20F4
:10C43C0000000000204C656E6774683A0000000034
:10C44C00204368616E6E656C3A000000436F6D6D41
:10C45C00616E640045786563757461626C6500009B
:10C46C00436F6E74726F6C0053656E736F722D72C6
:10C47C0065706F727400000057616B652D7265708A
:10C48C006F7274004779726F2D766563746F7200EA
:10C49C004D452043616C207265706F727420666F1D
:10C4AC00756E6421000000006765745175617449F4
:10C4BC003A20717561743A20000000002072617797
:10C4CC0051756174493A200020726F746174696F00
:10C4DC006E566563746F725F51313A200000000034
:10C4EC00676574517561744A3A20717561743A20AC
:10C4FC000000000020726177517561744A3A200087
:10C50C00676574517561744B3A20717561743A208A
:10C51C000000000020726177517561744B3A200065
:10C52C004932432074696D656F757400535049200E
:10C53C00576169740000000053504920494E542043
:10C54C0074696D656F75740073656E645061636BAF
:10C55C00657428493243293A20656E645472616EC1
:10C56C00736D697373696F6E2072657475726E6525
:10C57C00643A200053572056657273696F6E204DD4
:10C58C00616A6F723A203078000000002053572007
:10C59C0056657273696F6E204D696E6F723A2030FA
:10C5AC00780000002053572050617274204E756D36
:10C5BC006265723A20307800205357204275696CBE
:10C5CC0064204E756D6265723A2030780000000070
:10C5DC002053572056657273696F6E2050617463D7
:10C5EC00683A2030780000006D65746144617461B4
:10C5FC00206172726179206F7665722072756E2E71
:10C60C002052657475726E696E672E005374617476
:10C61C00654572723A200000436F6E6E656374203C
:10C62C004572723A2000000053656E644572723A8E
:10C63C00200000002563000064656300656E6300E4
:10C64C0020204145532D4543422D25336420282578
:10C65C0073293A2000000000736B697070656400E8
:10C66C00706173736564000020204145532D434273
:10C67C00432D25336420282573293A20000000001F
:10C68C0020204145532D4346423132382D25336409
:10C69C0020282573293A200020204145532D43544E
:10C6AC00522D31323820282573293A200000000001
:10C6BC006661696C656400002020426173653634E4
:10C6CC0020656E636F64696E6720746573743A20BD
:10C6DC00000000007061737365640A20204261736E
:10C6EC00653634206465636F64696E6720746573A6
:10C6FC00743A20007061737365640A0045464530D6
:10C70C00323143323634354644314443353836457C
:10C71C003639313834414634413331454435463568
:10C72C00334539334235463132334641343136386C
:10C73C003038363742413131303133313934344687
:10C74C004537393532453235313733333737383071
:10C75C004342304442383045363141414537433805
:10C76C0044444336433543364141444542333445D2
:10C77C0042333841324634304435453600000000EF
:10C78C0042324537454644333730373542394630E7
:10C79C0033464639383943374335303531433230F7
:10C7AC003334443241333233383130323531313233
:10C7BC0037453742463836323541344634394135BF
:10C7CC004633453237463444413842443539433494
:10C7DC003744364441414241344338313237424484
:10C7EC00354235433235373633323232464546439D
:10C7FC004346433338423833323336364332394585
:10C80C00000000003030363641313938313836438B
:10C81C003138433130423246354544394235323273
:10C82C00373532413938333042363939313645357E
:10C83C00333543384630343735313841383839415F
:10C84C00343341353934423642454432374131363E
:10C85C003844333144344135324638383932354135
:10C86C0041384635000000003630324142374543EE
:10C87C0041353937413344364235364646393832FC
:10C88C0039413545384238353945383537454139E0
:10C89C003541303335313245324241453733393108
:10C8AC0036383844323634414135363633423033FB
:10C8BC00343144423943434644324334433546349D
:10C8CC0032314645433831343830303142373245D5
:10C8DC00383438413338434145314336354637389F
:10C8EC004535364142444546453132443343303375
:10C8FC00394238413032443642453539334630427C
:10C90C004242444135364631454346363737313558
:10C91C003245463830343337304331413330354388
:10C92C004146334235424631333038373942353659
:10C93C004336314445353834413046353341323451
:10C94C00343741353145000020204D504920746565
:10C95C00737420233120286D756C5F6D7069293AD2
:10C96C002000000032353635363733333630353922
:10C97C00453532434145323239323534373437302C
:10C98C003546333941393400363631334632363157
:10C99C0036323232334446343838453943443438ED
:10C9AC0043433133324337413041433933433730DA
:10C9BC0031423030314230393245344535423946D6
:10C9CC0037334243443237423945453530443036AB
:10C9DC00353743373746333734453930334344469C
:10C9EC00413443363432000020204D5049207465C8
:10C9FC00737420233220286469765F6D7069293A3C
:10CA0C002000000020204D504920746573742023B1
:10CA1C003320286578705F6D6F64293A2000000020
:10CA2C0020204D50492074657374202334202869CC
:10CA3C006E765F6D6F64293A200000006661696C48
:10CA4C0065642061742025640A000000556E6578C9
:10CA5C00706563746564206572726F722C207265E8
:10CA6C007475726E20636F6465203D2025303858D4
:10CA7C000A000000333645313339414541353532F2
:10CA8C00313536303944323831363939384544301D
:10CA9C0032304242424439364333373839304636E5
:10CAAC0035313731443934384539424337434241C3
:10CABC0041344439333235443234443641334331D2
:10CACC0032373130463130413039464130384142CD
:10CADC00383700003030334130414145444437450C
:10CAEC003738344643303744384639454336453376
:10CAFC004246443543334442413736343536333677
:10CB0C003341313038363936323245414332444480
:10CB1C003834454343354238413734444143344437
:10CB2C003039453033423545304245373739463256
:10CB3C00444636310000000020204D5049207465D9
:10CB4C007374202335202873696D706C65206763BE
:10CB5C0064293A2000000000202043414D454C4CF4
:10CB6C0049412D4543422D25336420282573293A0C
:10CB7C0020000000202043414D454C4C49412D43A1
:10CB8C0042432D25336420282573293A20000000C8
:10CB9C00202043414D454C4C49412D4354522D319D
:10CBAC00323820282573293A2000000020204343E6
:10CBBC004D3A207365747570206661696C6564000C
:10CBCC00202043434D2D414553202325753A200009
:10CBDC004445532D454445332D434243000000004A
:10CBEC004445532D454445332D4543420000000038
:10CBFC004445532D4544452D434243004445532D54
:10CC0C004544452D454342004445532D4543420080
:10CC1C0043414D454C4C49412D3235362D43434D06
:10CC2C000000000043414D454C4C49412D313932F7
:10CC3C002D43434D0000000043414D454C4C4941B0
:10CC4C002D3132382D43434D0000000043414D45FA
:10CC5C004C4C49412D3235362D47434D00000000D8
:10CC6C0043414D454C4C49412D3139322D47434DB3
:10CC7C000000000043414D454C4C49412D313238A8
:10CC8C002D47434D0000000043414D454C4C49415C
:10CC9C002D3235362D4354520000000043414D4592
:10CCAC004C4C49412D3139322D4354520000000077
:10CCBC0043414D454C4C49412D3132382D43545252
:10CCCC000000000043414D454C4C49412D32353656
:10CCDC002D4346423132380043414D454C4C49417D
:10CCEC002D3139322D4346423132380043414D45C6
:10CCFC004C4C49412D3132382D43464231323800AB
:10CD0C0043414D454C4C49412D3235362D43424320
:10CD1C000000000043414D454C4C49412D31393206
:10CD2C002D4342430000000043414D454C4C4941CA
:10CD3C002D3132382D4342430000000043414D4514
:10CD4C004C4C49412D3235362D45434200000000F4
:10CD5C0043414D454C4C49412D3139322D454342CF
:10CD6C000000000043414D454C4C49412D313238B7
:10CD7C002D454342000000004145532D3235362DE0
:10CD8C0043434D004145532D3139322D43434D0022
:10CD9C004145532D3132382D43434D004145532DE0
:10CDAC003235362D47434D004145532D3139322D07
:10CDBC0047434D004145532D3132382D47434D00EB
:10CDCC004145532D3235362D435452004145532D98
:10CDDC003139322D435452004145532D3132382DC7
:10CDEC00435452004145532D3235362D4346423182
:10CDFC00323800004145532D3139322D43464231F2
:10CE0C00323800004145532D3132382D43464231E2
:10CE1C00323800004145532D3235362D4342430004
:10CE2C004145532D3139322D434243004145532D59
:10CE3C003132382D434243004145532D3235362D86
:10CE4C00454342004145532D3139322D4543420073
:10CE5C004145532D3132382D454342002020444565
:10CE6C005325632D4543422D2533642028257329F2
:10CE7C003A200000202044455325632D4342432D86
:10CE8C0025336420282573293A2000002D2D2D2DC3
:10CE9C002D454E4420444820504152414D45544567
:10CEAC0052532D2D2D2D2D002D2D2D2D2D42454741
:10CEBC00494E20444820504152414D45544552530F
:10CECC002D2D2D2D2D000000202044484D2070616B
:10CEDC0072616D65746572206C6F61643A2000003C
:10CEEC007365637033383472310000002020454381
:10CEFC005020746573742023312028636F6E737413
:10CF0C00616E74206F705F636F756E742C2062613C
:10CF1C00736520706F696E742047293A20000000F9
:10CF2C0030303030303030303030303030303030F5
:10CF3C0030303030303030303030303030303030E5
:10CF4C0030303030303030303030303030303031D4
:10CF5C00000000006661696C656420282575290A4B
:10CF6C00000000002020454350207465737420237A
:10CF7C00322028636F6E7374616E74206F705F6300
:10CF8C006F756E742C206F7468657220706F696E8B
:10CF9C0074293A200000000046464646464646465E
:10CFAC004646464646464646464646464646464615
:10CFBC0039394445463833363134364243394231B7
:10CFCC0042344432323833300000000035454136AB
:10CFDC004633383941333842384243383145373695
:10CFEC0037373533423135414135353639453137AF
:10CFFC003832453330414245374432350000000069
:10D00C003430303030303030303030303030303010
:10D01C003030303030303030303030303030303004
:10D02C0030303030303030303030303030303030F4
:10D03C0000000000374646464646464646464646AB
:10D04C004646464646464646464646464646464674
:10D05C004646464646464646464646464646464664
:10D06C0046464646000000003535353535353535F4
:10D07C003535353535353535353535353535353554
:10D08C003535353535353535353535353535353544
:10D09C003535353535353535000000007365637031
:10D0AC00323536723100000073656370323234727F
:10D0BC003100000073656370313932723100000049
:10D0CC0020204145532D47434D2D253364202325E6
:10D0DC006420282573293A200000000020204145B7
:10D0EC00532D47434D2D2533642023256420737025
:10D0FC006C697420282573293A2000002020484DA3
:10D10C0041435F4452424720285052203D205472E4
:10D11C00756529203A2000002020484D41435F448A
:10D12C0052424720285052203D2046616C7365299D
:10D13C00203A20004D44350020204D4435207465A4
:10D14C007374202325643A20000000002A86488648
:10D15C00F70D01010400000025642E256400000079
:10D16C002E256400551D1300550403002A8648869D
:10D17C00F70D0101010000002A8648CE3D02010096
:10D18C002A8648CE3D030101000000002A8648860D
:10D19C00F70D0205000000002A864886F70D0207ED
:10D1AC00000000002B06010505070301000000002C
:10D1BC002B0E03021A0000002B0E030207000000C6
:10D1CC002A864886F70D010C010300007062655732
:10D1DC00697468534841416E64332D4B65795472C0
:10D1EC0069706C654445532D4342430050424520C1
:10D1FC0077697468205348413120616E6420332D67
:10D20C004B65792033444553000000002A8648863C
:10D21C00F70D010C010400007062655769746853C6
:10D22C004841416E64322D4B6579547269706C655E
:10D23C004445532D4342430050424520776974685E
:10D24C00205348413120616E6420322D4B6579208A
:10D25C003344455300000000686D6163534841310D
:10D26C0000000000484D41432D5348412D31000032
:10D27C002A864886F70D020800000000686D61637D
:10D28C005348413232340000484D41432D534841FC
:10D29C002D323234000000002A864886F70D020930
:10D2AC0000000000686D6163534841323536000060
:10D2BC00484D41432D5348412D3235360000000076
:10D2CC002A864886F70D020A00000000686D61632B
:10D2DC005348413338340000484D41432D534841A5
:10D2EC002D333834000000002A864886F70D020BD7
:10D2FC0000000000686D6163534841353132000015
:10D30C00484D41432D5348412D353132000000002A
:10D31C0069642D6D6435000069642D73686131009A
:10D32C005348412D3100000060864801650304021A
:10D33C000400000069642D7368613232340000000F
:10D34C005348412D32323400608648016503040293
:10D35C000100000069642D736861323536000000ED
:10D36C005348412D3235360060864801650304026E
:10D37C000200000069642D736861333834000000CA
:10D38C005348412D3338340060864801650304024C
:10D39C000300000069642D736861353132000000B0
:10D3AC005348412D353132006465734342430000CC
:10D3BC002A864886F70D0307000000006465732D6C
:10D3CC00656465332D636263000000002A8648CED5
:10D3DC003D03010700000000727361456E637279B2
:10D3EC007074696F6E0000005253410069642D65C2
:10D3FC00635075626C69634B6579000047656E65B7
:10D40C00726963204543206B657900002B81040110
:10D41C000C00000069642D65634448004543206B93
:10D42C00657920666F722045434448006D6435571A
:10D43C00697468525341456E6372797074696F6E8A
:10D44C00000000005253412077697468204D443528
:10D45C00000000002A864886F70D01010500000037
:10D46C007368612D3157697468525341456E63720C
:10D47C00797074696F6E000052534120776974683B
:10D48C0020534841310000002A864886F70D0101DF
:10D49C000E0000007368613232345769746852535D
:10D4AC0041456E6372797074696F6E0052534120FE
:10D4BC0077697468205348412D32323400000000E3
:10D4CC002A864886F70D01010B0000007368613253
:10D4DC00353657697468525341456E63727970746E
:10D4EC00696F6E005253412077697468205348412C
:10D4FC002D323536000000002A864886F70D0101D2
:10D50C000C000000736861333834576974685253E7
:10D51C0041456E6372797074696F6E00525341208D
:10D52C0077697468205348412D333834000000006B
:10D53C002A864886F70D01010D00000073686135DD
:10D54C00313257697468525341456E637279707405
:10D55C00696F6E00525341207769746820534841BB
:10D56C002D353132000000002B0E03021D0000008F
:10D57C002A8648CE3D04010065636473612D77698A
:10D58C0074682D5348413100454344534120776919
:10D59C0074682053484131002A8648CE3D0403016B
:10D5AC000000000065636473612D776974682D5306
:10D5BC0048413232340000004543445341207769DE
:10D5CC007468205348413232340000002A8648CE19
:10D5DC003D0403020000000065636473612D7769EC
:10D5EC0074682D534841323536000000454344538E
:10D5FC004120776974682053484132353600000069
:10D60C002A8648CE3D040303000000006563647362
:10D61C00612D776974682D5348413338340000000C
:10D62C00454344534120776974682053484133384B
:10D63C00340000002A8648CE3D040304000000009C
:10D64C0065636473612D776974682D534841353176
:10D65C0032000000454344534120776974682053DD
:10D66C0048413531320000002A864886F70D010109
:10D67C000A0000005253415353412D5053530000A4
:10D68C0069642D6B702D7365727665724175746863
:10D69C0000000000544C532057656220536572768D
:10D6AC0065722041757468656E7469636174696F25
:10D6BC006E0000002B0601050507030200000000A8
:10D6CC0069642D6B702D636C69656E74417574683B
:10D6DC0000000000544C532057656220436C696570
:10D6EC006E742041757468656E7469636174696FDA
:10D6FC006E0000002B060105050703030000000067
:10D70C0069642D6B702D636F64655369676E696E08
:10D71C0067000000436F6465205369676E696E672C
:10D72C00000000002B0601050507030400000000A3
:10D73C0069642D6B702D656D61696C50726F7465C9
:10D74C006374696F6E000000452D6D61696C20502B
:10D75C00726F74656374696F6E0000002B060105AF
:10D76C00050703080000000069642D6B702D7469B7
:10D77C006D655374616D70696E67000054696D65F9
:10D78C00205374616D70696E670000002B060105F3
:10D79C00050703090000000069642D6B702D4F43D1
:10D7AC0053505369676E696E670000004F435350C6
:10D7BC00205369676E696E670000000069642D6311
:10D7CC00652D6261736963436F6E73747261696E08
:10D7DC0074730000426173696320436F6E737472DB
:10D7EC0061696E7473000000551D0F0069642D6330
:10D7FC00652D6B6579557361676500004B65792004
:10D80C005573616765000000551D250069642D6323
:10D81C00652D6578744B65795573616765000000FB
:10D82C00457874656E646564204B65792055736129
:10D83C0067650000551D110069642D63652D7375B6
:10D84C00626A656374416C744E616D650000000022
:10D85C005375626A65637420416C74204E616D650A
:10D86C00000000006086480186F8420101000000BB
:10D87C0069642D6E657473636170652D6365727474
:10D88C0074797065000000004E6574736361706597
:10D89C00204365727469666963617465205479709C
:10D8AC006500000069642D61742D636F6D6D6F6E82
:10D8BC004E616D6500000000436F6D6D6F6E204E04
:10D8CC00616D6500434E00005504060069642D61CE
:10D8DC00742D636F756E7472794E616D6500000006
:10D8EC00436F756E74727900430000005504070095
:10D8FC0069642D61742D6C6F63616C6974790000BF
:10D90C004C6F63616C697479000000004C0000007E
:10D91C005504080069642D61742D7374617465007D
:10D92C0053746174650000005354000055040A00E0
:10D93C0069642D61742D6F7267616E697A617469A7
:10D94C006F6E4E616D6500004F7267616E697A6132
:10D95C0074696F6E000000004F00000055040B004E
:10D96C0069642D61742D6F7267616E697A61746977
:10D97C006F6E616C556E69744E616D6500000000D0
:10D98C004F726720556E6974000000004F550000FF
:10D99C002A864886F70D010901000000656D616952
:10D9AC006C4164647265737300000000452D6D61F9
:10D9BC00696C206164647265737300005504050022
:10D9CC0069642D61742D73657269616C4E756D623D
:10D9DC006572000053657269616C206E756D6265CD
:10D9EC007200000073657269616C4E756D626572D0
:10D9FC00000000005504100069642D61742D706FD7
:10DA0C007374616C4164647265737300506F7374EA
:10DA1C00616C20616464726573730000706F737461
:10DA2C00616C4164647265737300000055041100ED
:10DA3C0069642D61742D706F7374616C436F6465D0
:10DA4C0000000000506F7374616C20636F6465009C
:10DA5C00706F7374616C436F64650000550404004F
:10DA6C0069642D61742D7375724E616D65000000D3
:10DA7C005375726E616D6500534E000055042A009B
:10DA8C0069642D61742D676976656E4E616D6500F4
:10DA9C00476976656E206E616D650000474E00002B
:10DAAC0055042B0069642D61742D696E697469616C
:10DABC006C730000496E697469616C73000000003E
:10DACC00696E697469616C730000000055042C0068
:10DADC0069642D61742D67656E65726174696F6E12
:10DAEC005175616C696669657200000047656E6509
:10DAFC00726174696F6E207175616C6966696572AB
:10DB0C000000000067656E65726174696F6E517517
:10DB1C00616C69666965720055040C0069642D615D
:10DB2C00742D7469746C65005469746C6500000024
:10DB3C007469746C6500000055042E0069642D61D5
:10DB4C00742D646E5175616C6966696572000000B4
:10DB5C0044697374696E67756973686564204E6196
:10DB6C006D65207175616C696669657200000000F5
:10DB7C00646E5175616C696669657200550441008B
:10DB8C0069642D61742D70736575646F6E796D00A9
:10DB9C0050736575646F6E796D00000070736575F8
:10DBAC00646F6E796D0000000992268993F22C64E3
:10DBBC000119000069642D646F6D61696E436F6DAE
:10DBCC00706F6E656E740000446F6D61696E2063DA
:10DBDC006F6D706F6E656E74000000004443000042
:10DBEC0055042D0069642D61742D756E6971756510
:10DBFC004964656E7469666965720000556E697179
:10DC0C007565204964656E7469666965720000000B
:10DC1C00756E697175654964656E7469666965725E
:10DC2C000000000050726F632D547970653A2034F7
:10DC3C002C454E43525950544544000044454B2DFD
:10DC4C00496E666F3A204445532D454445332D4368
:10DC5C0042432C0044454B2D496E666F3A20444597
:10DC6C00532D4342432C000044454B2D496E666FA7
:10DC7C003A204145532D000044454B2D496E666FAB
:10DC8C003A204145532D3132382D4342432C00006C
:10DC9C0044454B2D496E666F3A204145532D313921
:10DCAC00322D4342432C000044454B2D496E666F88
:10DCBC003A204145532D3235362D4342432C00003A
:10DCCC00696E76616C696420504B00007273612E32
:10DCDC004E0000007273612E4500000065636B6599
:10DCEC00792E51005253412D616C740045434453BD
:10DCFC004100000045435F444800000045430000DC
:10DD0C002A864886F70D01050C00000020205042A1
:10DD1C004B44463220285348413129202325643A6C
:10DD2C00200000002A8648CE3D0101002A86488644
:10DD3C00F70D010C010100002A864886F70D01053C
:10DD4C000D0000002D2D2D2D2D454E4420525341FC
:10DD5C002050524956415445204B45592D2D2D2DBF
:10DD6C002D0000002D2D2D2D2D424547494E2052C2
:10DD7C0053412050524956415445204B45592D2D65
:10DD8C002D2D2D002D2D2D2D2D454E442045432080
:10DD9C0050524956415445204B45592D2D2D2D2D72
:10DDAC00000000002D2D2D2D2D424547494E2045BC
:10DDBC00432050524956415445204B45592D2D2D49
:10DDCC002D2D00002D2D2D2D2D454E44205052492A
:10DDDC0056415445204B45592D2D2D2D2D0000001D
:10DDEC002D2D2D2D2D424547494E2050524956413F
:10DDFC005445204B45592D2D2D2D2D002D2D2D2DE0
:10DE0C002D454E4420454E435259505445442050C4
:10DE1C00524956415445204B45592D2D2D2D2D0041
:10DE2C002D2D2D2D2D424547494E20454E435259FF
:10DE3C00505445442050524956415445204B455965
:10DE4C002D2D2D2D2D0000002D2D2D2D2D454E442D
:10DE5C0020525341205055424C4943204B45592D9B
:10DE6C002D2D2D2D000000002D2D2D2D2D42454743
:10DE7C00494E20525341205055424C4943204B456A
:10DE8C00592D2D2D2D2D00002D2D2D2D2D454E4494
:10DE9C00205055424C4943204B45592D2D2D2D2DAD
:10DEAC00000000002D2D2D2D2D424547494E2050B0
:10DEBC0055424C4943204B45592D2D2D2D2D0000FD
:10DECC0039323932373538343533303633443830EB
:10DEDC003344443630334435453737374437383894
:10DEEC00384544314435424633353738363139308C
:10DEFC00464132463233454243303834384145414D
:10DF0C00444441393243413643334438304233324E
:10DF1C00433444313039424530463336443641453A
:10DF2C003731333042394345443741434446353425
:10DF3C0043464337353535414331344545424142FB
:10DF4C003933413839383133464246334334463815
:10DF5C003036364432443830304637433338413823
:10DF6C003141453331393432393137343033464627
:10DF7C003439343642304138334433443345303508
:10DF8C0045453537433646354635363036464235C7
:10DF9C0044344243364344333445453038303141C0
:10DFAC0035453934424237374230373530373233E2
:10DFBC003341304243374241433846393046373992
:10DFCC000000000043333644304542374643443268
:10DFDC003835323233434642354141424135424471
:10DFEC004133443832433031434144313945413473
:10DFFC003834413837454134333737363337453782
:10E00C003535303046434232303035433543374472
:10E01C00443645433441433032334344413238353E
:10E02C004437393643334439453735453145464312
:10E03C00343234383842423446314431334143333C
:10E04C003041353700000000433030304446353124
:10E05C0041374337374145384437433733373043FB
:10E06C003146463535423639453231314332423903
:10E07C0045354442314544304246363144304439CA
:10E08C003839393632304634393130453431363816
:10E09C0033383745334333304141314530304333E6
:10E0AC0033394137393530383834353244443936E0
:10E0BC004139413545413544394443413638444171
:10E0CC00363336303332414600000000323442469B
:10E0DC0036313835343638373836464444333033B5
:10E0EC003038334432354536344546433636434171
:10E0FC00343732424334344432353331303246389B
:10E10C004234413944334246413735303931333862
:10E11C00364330303737393337464533334641335E
:10E12C00323532443238383535383337414531425F
:10E13C003438344138413941343546374545384314
:10E14C0030433633344639394538434444463739FD
:10E15C004335434530374545373243374631323303
:10E16C00313432313938313634323334434142422E
:10E17C0037323443463738423831373342394638F0
:10E18C0038304643383633323234303741463146F4
:10E19C004544464444453242454236373443413186
:10E1AC0035463345383141313532314530373135EB
:10E1BC0031334131453835423544464130333146AF
:10E1CC00323145434145393141333444000000007C
:10E1DC0031303030310000002020525341206B652B
:10E1EC00792076616C69646174696F6E3A20000005
:10E1FC007061737365640A2020504B4353233120A4
:10E20C0064656372797074696F6E203A2000000047
:10E21C007061737365640A2020504B435323312083
:10E22C00656E6372797074696F6E203A200000001D
:10E23C002020504B43532331206461746120736957
:10E24C00676E20203A2000007061737365640A20A9
:10E25C0020504B43532331207369672E207665720F
:10E26C006966793A2000000020205348412D312066
:10E27C0074657374202325643A2000004275666629
:10E28C00657220616C6C6F636174696F6E2066617E
:10E29C00696C65640000000020205348412D256402
:10E2AC002074657374202325643A2000544C532D3C
:10E2BC0045434448452D45434453412D5749544803
:10E2CC002D4145532D3132382D4342432D53484176
:10E2DC0000000000756E6B6E6F776E00544C532D02
:10E2EC0045434448452D45434453412D57495448D3
:10E2FC002D4145532D3235362D4342432D53484144
:10E30C0000000000544C532D45434448452D4543D3
:10E31C004453412D574954482D4145532D313238E2
:10E32C002D4342432D53484132353600544C532D26
:10E33C0045434448452D45434453412D5749544882
:10E34C002D4145532D3132382D47434D2D534841E6
:10E35C0032353600544C532D45434448452D4543E6
:10E36C004453412D574954482D4145532D32353690
:10E37C002D4342432D53484133383400544C532DD4
:10E38C0045434448452D45434453412D5749544832
:10E39C002D4145532D3235362D47434D2D53484194
:10E3AC0033383400544C532D45434448452D454394
:10E3BC004453412D574954482D4145532D32353640
:10E3CC002D43434D00000000544C532D454344480D
:10E3DC00452D45434453412D574954482D414553F0
:10E3EC002D3235362D43434D2D380000544C532DD2
:10E3FC0045434448452D45434453412D57495448C2
:10E40C002D4145532D3132382D43434D0000000032
:10E41C00544C532D45434448452D45434453412DBD
:10E42C00574954482D4145532D3132382D43434DD6
:10E43C002D380000544C532D45434448452D45433D
:10E44C004453412D574954482D43414D454C4C495B
:10E45C00412D3132382D4342432D5348413235360C
:10E46C0000000000544C532D45434448452D454372
:10E47C004453412D574954482D43414D454C4C492B
:10E48C00412D3235362D4342432D534841333834D8
:10E49C0000000000544C532D45434448452D454342
:10E4AC004453412D574954482D43414D454C4C49FB
:10E4BC00412D3132382D47434D2D5348413235369D
:10E4CC0000000000544C532D45434448452D454312
:10E4DC004453412D574954482D43414D454C4C49CB
:10E4EC00412D3235362D47434D2D53484133383469
:10E4FC0000000000544C532D45434448452D4543E2
:10E50C004453412D574954482D334445532D4544CC
:10E51C00452D4342432D534841000000544C532D8C
:10E52C0045434448452D5253412D574954482D419C
:10E53C0045532D3132382D4342432D534841000071
:10E54C00544C532D45434448452D5253412D574966
:10E55C0054482D4145532D3235362D4342432D53CE
:10E56C0048410000544C532D45434448452D5253CB
:10E57C00412D574954482D4145532D3132382D43A7
:10E58C0042432D534841323536000000544C532D34
:10E59C0045434448452D5253412D574954482D412C
:10E5AC0045532D3132382D47434D2D53484132358B
:10E5BC0036000000544C532D45434448452D5253CE
:10E5CC00412D574954482D4145532D3235362D4355
:10E5DC0042432D534841333834000000544C532DE2
:10E5EC0045434448452D5253412D574954482D41DC
:10E5FC0045532D3235362D47434D2D534841333835
:10E60C0034000000544C532D45434448452D52537F
:10E61C00412D574954482D43414D454C4C49412DB2
:10E62C003132382D4342432D5348413235360000A8
:10E63C00544C532D45434448452D5253412D574975
:10E64C0054482D43414D454C4C49412D3235362DC6
:10E65C004342432D5348413338340000544C532D1E
:10E66C0045434448452D5253412D574954482D4359
:10E67C00414D454C4C49412D3132382D47434D2DA0
:10E68C005348413235360000544C532D45434448D1
:10E69C00452D5253412D574954482D43414D454C1E
:10E6AC004C49412D3235362D47434D2D534841337E
:10E6BC0038340000544C532D45434448452D525397
:10E6CC00412D574954482D334445532D4544452D30
:10E6DC004342432D53484100544C532D4448452D3F
:10E6EC005253412D574954482D4145532D323536FF
:10E6FC002D47434D2D53484133383400544C532D42
:10E70C004448452D5253412D574954482D414553AA
:10E71C002D3132382D47434D2D534841323536007B
:10E72C00544C532D4448452D5253412D5749544870
:10E73C002D4145532D3132382D4342432D53484101
:10E74C0032353600544C532D4448452D5253412DEF
:10E75C00574954482D4145532D3235362D434243AC
:10E76C002D53484132353600544C532D4448452DD9
:10E77C005253412D574954482D4145532D31323870
:10E78C002D4342432D53484100000000544C532D5F
:10E79C004448452D5253412D574954482D4145531A
:10E7AC002D3235362D4342432D5348410000000095
:10E7BC00544C532D4448452D5253412D57495448E0
:10E7CC002D4145532D3235362D43434D000000006D
:10E7DC00544C532D4448452D5253412D57495448C0
:10E7EC002D4145532D3235362D43434D2D380000E8
:10E7FC00544C532D4448452D5253412D57495448A0
:10E80C002D4145532D3132382D43434D000000002E
:10E81C00544C532D4448452D5253412D574954487F
:10E82C002D4145532D3132382D43434D2D380000A9
:10E83C00544C532D4448452D5253412D574954485F
:10E84C002D43414D454C4C49412D3132382D4342DD
:10E85C00432D53484132353600000000544C532DA3
:10E86C004448452D5253412D574954482D43414D51
:10E87C00454C4C49412D3235362D4342432D53489E
:10E88C004132353600000000544C532D4448452D80
:10E89C005253412D574954482D43414D454C4C49F9
:10E8AC00412D3132382D4342432D53484100000055
:10E8BC00544C532D4448452D5253412D57495448DF
:10E8CC002D43414D454C4C49412D3235362D43425B
:10E8DC00432D534841000000544C532D4448452DC2
:10E8EC005253412D574954482D43414D454C4C49A9
:10E8FC00412D3132382D47434D2D53484132353659
:10E90C0000000000544C532D4448452D5253412DCA
:10E91C00574954482D43414D454C4C49412D3235B6
:10E92C00362D47434D2D53484133383400000000F9
:10E93C00544C532D4448452D5253412D574954485E
:10E94C002D334445532D4544452D4342432D5348C7
:10E95C0041000000544C532D5253412D57495448FB
:10E96C002D4145532D3235362D47434D2D534841BE
:10E97C0033383400544C532D5253412D574954487D
:10E98C002D4145532D3132382D47434D2D534841A0
:10E99C0032353600544C532D5253412D574954485F
:10E9AC002D4145532D3132382D4342432D5348418F
:10E9BC0032353600544C532D5253412D574954483F
:10E9CC002D4145532D3235362D4342432D5348416D
:10E9DC0032353600544C532D5253412D574954481F
:10E9EC002D4145532D3132382D4342432D5348414F
:10E9FC0000000000544C532D5253412D574954489C
:10EA0C002D4145532D3235362D4342432D5348412C
:10EA1C0000000000544C532D5253412D574954487B
:10EA2C002D4145532D3235362D43434D000000000A
:10EA3C00544C532D5253412D574954482D41455355
:10EA4C002D3235362D43434D2D380000544C532D6B
:10EA5C005253412D574954482D4145532D3132388D
:10EA6C002D43434D00000000544C532D5253412D67
:10EA7C00574954482D4145532D3132382D43434D80
:10EA8C002D380000544C532D5253412D57495448A6
:10EA9C002D43414D454C4C49412D3132382D43428B
:10EAAC00432D53484132353600000000544C532D51
:10EABC005253412D574954482D43414D454C4C49D7
:10EACC00412D3235362D4342432D53484132353694
:10EADC0000000000544C532D5253412D57495448BB
:10EAEC002D43414D454C4C49412D3132382D43423B
:10EAFC00432D534841000000544C532D5253412D8B
:10EB0C00574954482D43414D454C4C49412D3235C4
:10EB1C00362D4342432D534841000000544C532D95
:10EB2C005253412D574954482D43414D454C4C4966
:10EB3C00412D3132382D47434D2D53484132353616
:10EB4C0000000000544C532D5253412D574954484A
:10EB5C002D43414D454C4C49412D3235362D4743C3
:10EB6C004D2D53484133383400000000544C532D84
:10EB7C005253412D574954482D334445532D454448
:10EB8C00452D4342432D534841000000544C532D16
:10EB9C00454344482D5253412D574954482D414526
:10EBAC00532D3132382D4342432D53484100000040
:10EBBC00544C532D454344482D5253412D574954E1
:10EBCC00482D4145532D3235362D4342432D534864
:10EBDC0041000000544C532D454344482D525341A1
:10EBEC002D574954482D4145532D3132382D434230
:10EBFC00432D53484132353600000000544C532D00
:10EC0C00454344482D5253412D574954482D4145B5
:10EC1C00532D3132382D47434D2D53484132353623
:10EC2C0000000000544C532D454344482D52534191
:10EC3C002D574954482D4145532D3235362D4342DD
:10EC4C00432D53484133383400000000544C532DAD
:10EC5C00454344482D5253412D574954482D414565
:10EC6C00532D3235362D47434D2D534841333834CF
:10EC7C0000000000544C532D454344482D52534141
:10EC8C002D574954482D43414D454C4C49412D314C
:10EC9C0032382D4342432D53484132353600000063
:10ECAC00544C532D454344482D5253412D574954F0
:10ECBC00482D43414D454C4C49412D3235362D4361
:10ECCC0042432D534841333834000000544C532DEB
:10ECDC00454344482D5253412D574954482D4341E7
:10ECEC004D454C4C49412D3132382D47434D2D5318
:10ECFC004841323536000000544C532D45434448AE
:10ED0C002D5253412D574954482D43414D454C4CA0
:10ED1C0049412D3235362D47434D2D53484133381B
:10ED2C0034000000544C532D454344482D5253415C
:10ED3C002D574954482D334445532D4544452D43B7
:10ED4C0042432D5348410000544C532D45434448F5
:10ED5C002D45434453412D574954482D4145532D7E
:10ED6C003132382D4342432D53484100544C532DDE
:10ED7C00454344482D45434453412D574954482D50
:10ED8C004145532D3235362D4342432D53484100D6
:10ED9C00544C532D454344482D45434453412D5722
:10EDAC004954482D4145532D3132382D4342432D82
:10EDBC005348413235360000544C532D454344489A
:10EDCC002D45434453412D574954482D4145532D0E
:10EDDC003132382D47434D2D5348413235360000E2
:10EDEC00544C532D454344482D45434453412D57D2
:10EDFC004954482D4145532D3235362D4342432D30
:10EE0C005348413338340000544C532D4543444847
:10EE1C002D45434453412D574954482D4145532DBD
:10EE2C003235362D47434D2D53484133383400008D
:10EE3C00544C532D454344482D45434453412D5781
:10EE4C004954482D43414D454C4C49412D313238A4
:10EE5C002D4342432D53484132353600544C532DEB
:10EE6C00454344482D45434453412D574954482D5F
:10EE7C0043414D454C4C49412D3235362D4342438F
:10EE8C002D53484133383400544C532D454344489A
:10EE9C002D45434453412D574954482D43414D452D
:10EEAC004C4C49412D3132382D47434D2D5348415F
:10EEBC0032353600544C532D454344482D4543447C
:10EECC0053412D574954482D43414D454C4C4941D4
:10EEDC002D3235362D47434D2D53484133383400B0
:10EEEC00544C532D454344482D45434453412D57D1
:10EEFC004954482D334445532D4544452D434243F5
:10EF0C002D53484100000000544C532D50534B2DB1
:10EF1C00574954482D4145532D3132382D47434DD7
:10EF2C002D53484132353600544C532D50534B2DF4
:10EF3C00574954482D4145532D3235362D47434DB5
:10EF4C002D53484133383400544C532D50534B2DD2
:10EF5C00574954482D4145532D3132382D434243A6
:10EF6C002D53484132353600544C532D50534B2DB4
:10EF7C00574954482D4145532D3235362D43424384
:10EF8C002D53484133383400544C532D50534B2D92
:10EF9C00574954482D4145532D3132382D43424366
:10EFAC002D53484100000000544C532D50534B2D11
:10EFBC00574954482D4145532D3235362D43424344
:10EFCC002D53484100000000544C532D50534B2DF1
:10EFDC00574954482D4145532D3235362D43434D19
:10EFEC0000000000544C532D50534B2D574954489E
:10EFFC002D4145532D3235362D43434D2D380000D0
:10F00C00544C532D50534B2D574954482D41455377
:10F01C002D3132382D43434D00000000544C532DFC
:10F02C0050534B2D574954482D4145532D313238AF
:10F03C002D43434D2D380000544C532D50534B2D24
:10F04C00574954482D43414D454C4C49412D313283
:10F05C00382D4342432D53484132353600000000D1
:10F06C00544C532D50534B2D574954482D43414D1F
:10F07C00454C4C49412D3235362D4342432D534896
:10F08C004133383400000000544C532D50534B2D59
:10F09C00574954482D43414D454C4C49412D313233
:10F0AC00382D47434D2D5348413235360000000072
:10F0BC00544C532D50534B2D574954482D43414DCF
:10F0CC00454C4C49412D3235362D47434D2D534837
:10F0DC004133383400000000544C532D50534B2D09
:10F0EC00574954482D334445532D4544452D4342EF
:10F0FC00432D534841000000544C532D4448452D9A
:10F10C0050534B2D574954482D4145532D313238CE
:10F11C002D47434D2D53484132353600544C532D19
:10F12C004448452D50534B2D574954482D41455378
:10F13C002D3235362D47434D2D534841333834004D
:10F14C00544C532D4448452D50534B2D574954483E
:10F15C002D4145532D3132382D4342432D534841D7
:10F16C0032353600544C532D4448452D50534B2DBD
:10F17C00574954482D4145532D3235362D43424382
:10F18C002D53484133383400544C532D4448452DAD
:10F19C0050534B2D574954482D4145532D3132383E
:10F1AC002D4342432D53484100000000544C532D35
:10F1BC004448452D50534B2D574954482D414553E8
:10F1CC002D3235362D4342432D534841000000006B
:10F1DC00544C532D4448452D50534B2D57495448AE
:10F1EC002D4145532D3235362D43434D0000000043
:10F1FC00544C532D4448452D50534B2D574954488E
:10F20C002D4145532D3235362D43434D2D380000BD
:10F21C00544C532D4448452D50534B2D574954486D
:10F22C002D4145532D3132382D43434D0000000004
:10F23C00544C532D4448452D50534B2D574954484D
:10F24C002D4145532D3132382D43434D2D3800007F
:10F25C00544C532D4448452D50534B2D574954482D
:10F26C002D43414D454C4C49412D3132382D4342B3
:10F27C00432D53484132353600000000544C532D79
:10F28C004448452D50534B2D574954482D43414D1F
:10F29C00454C4C49412D3235362D4342432D534874
:10F2AC004133383400000000544C532D4448452D54
:10F2BC0050534B2D574954482D43414D454C4C49C7
:10F2CC00412D3132382D47434D2D5348413235367F
:10F2DC0000000000544C532D4448452D50534B2DE9
:10F2EC00574954482D43414D454C4C49412D3235DD
:10F2FC00362D47434D2D5348413338340000000020
:10F30C00544C532D4448452D50534B2D574954487C
:10F31C002D334445532D4544452D4342432D5348ED
:10F32C0041000000544C532D45434448452D505347
:10F33C004B2D574954482D4145532D3132382D43CF
:10F34C0042432D534841323536000000544C532D66
:10F35C0045434448452D50534B2D574954482D4156
:10F36C0045532D3235362D4342432D5348413338C6
:10F37C0034000000544C532D45434448452D505304
:10F38C004B2D574954482D4145532D3132382D437F
:10F39C0042432D5348410000544C532D454344489F
:10F3AC00452D50534B2D574954482D4145532D3223
:10F3BC0035362D4342432D5348410000544C532DB8
:10F3CC0045434448452D50534B2D574954482D43E4
:10F3DC00414D454C4C49412D3132382D4342432D42
:10F3EC005348413235360000544C532D4543444864
:10F3FC00452D50534B2D574954482D43414D454CA9
:10F40C004C49412D3235362D4342432D534841331F
:10F41C0038340000544C532D45434448452D50532B
:10F42C004B2D574954482D334445532D4544452DB8
:10F43C004342432D53484100544C532D5253412DBC
:10F44C0050534B2D574954482D4145532D3132388B
:10F45C002D47434D2D53484132353600544C532DD6
:10F46C005253412D50534B2D574954482D41455320
:10F47C002D3235362D47434D2D534841333834000A
:10F48C00544C532D5253412D50534B2D57495448E6
:10F49C002D4145532D3132382D4342432D53484194
:10F4AC0032353600544C532D5253412D50534B2D65
:10F4BC00574954482D4145532D3235362D4342433F
:10F4CC002D53484133383400544C532D5253412D55
:10F4DC0050534B2D574954482D4145532D313238FB
:10F4EC002D4342432D53484100000000544C532DF2
:10F4FC005253412D50534B2D574954482D41455390
:10F50C002D3235362D4342432D5348410000000027
:10F51C00544C532D5253412D50534B2D5749544855
:10F52C002D43414D454C4C49412D3132382D4342F0
:10F53C00432D53484132353600000000544C532DB6
:10F54C005253412D50534B2D574954482D43414D47
:10F55C00454C4C49412D3235362D4342432D5348B1
:10F56C004133383400000000544C532D5253412D7C
:10F57C0050534B2D574954482D43414D454C4C4904
:10F58C00412D3132382D47434D2D534841323536BC
:10F59C0000000000544C532D5253412D50534B2D11
:10F5AC00574954482D43414D454C4C49412D32351A
:10F5BC00362D47434D2D534841333834000000005D
:10F5CC00544C532D5253412D50534B2D57495448A5
:10F5DC002D334445532D4544452D4342432D53482B
:10F5EC0041000000636C69656E742066696E697316
:10F5FC00686564007365727665722066696E6973FE
:10F60C006865640044544C5376312E300000000081
:10F61C0044544C5376312E3200000000756E6B6EE4
:10F62C006F776E202844544C53290000657874651C
:10F63C006E646564206D61737465722073656372AA
:10F64C00657400006D617374657220736563726517
:10F65C00740000006B657920657870616E73696F5A
:10F66C006E00000053534C76332E3000544C5376BE
:10F67C00312E3000544C5376312E3100544C53768D
:10F68C00312E3200202B20002C20000025733D0051
:10F69C003F3F3D0025303258257300002E2E2E2E74
:10F6AC00000000002020582E35303920636572741C
:10F6BC0069666963617465206C6F61643A2000004F
:10F6CC007061737365640A2020582E3530392073AD
:10F6DC0069676E6174757265207665726966793AD0
:10F6EC00200000002A864886F70D01010800000062
:10F6FC003F3F3F00202825732C204D4746312D25B8
:10F70C00732C203078253032582900002573206B5B
:10F71C0065792073697A6500747275650000000064
:10F72C0066616C73650000000A43657274696669F2
:10F73C006361746520697320756E696E69746961A3
:10F74C006C69736564210A002573636572742E20DD
:10F75C0076657273696F6E20202020203A20256414
:10F76C000A000000257373657269616C206E756DFB
:10F77C0062657220202020203A2000000A2573693F
:10F78C007373756572206E616D65202020202020BA
:10F79C00203A20000A25737375626A656374206EC3
:10F7AC00616D652020202020203A20000A257369F5
:10F7BC00737375656420206F6E202020202020201C
:10F7CC00203A20253034642D253032642D253032FA
:10F7DC006420253032643A253032643A2530326464
:10F7EC00000000000A257365787069726573206FDC
:10F7FC006E20202020202020203A20253034642D1B
:10F80C00253032642D2530326420253032643A257F
:10F81C003032643A25303264000000000A257373DC
:10F82C0069676E6564207573696E672020202020DF
:10F83C00203A20000A2573252D3138733A2025648F
:10F84C0020626974730000000A2573626173696336
:10F85C0020636F6E73747261696E7473203A204307
:10F86C00413D2573000000002C206D61785F7061B4
:10F87C0074686C656E3D2564000000000A25737386
:10F88C0075626A65637420616C74206E616D6520AD
:10F89C00203A20000A2573636572742E20747970E7
:10F8AC006520202020202020203A2000257353534F
:10F8BC004C20436C69656E74000000002573535333
:10F8CC004C20536572766572000000002573456DFF
:10F8DC0061696C0025734F626A65637420536967B4
:10F8EC006E696E6700000000257352657365727651
:10F8FC0065640000257353534C2043410000000005
:10F90C002573456D61696C204341000025734F627E
:10F91C006A656374205369676E696E6720434100A2
:10F92C000A25736B6579207573616765202020202B
:10F93C0020202020203A20002573446967697461D7
:10F94C006C205369676E61747572650025734E6F18
:10F95C006E205265707564696174696F6E00000089
:10F96C0025734B657920456E6369706865726D65AA
:10F97C006E74000025734461746120456E63697078
:10F98C006865726D656E740025734B6579204167EF
:10F99C007265656D656E740025734B6579204365E2
:10F9AC007274205369676E00257343524C2053695F
:10F9BC00676E00002573456E636970686572204F31
:10F9CC006E6C790025734465636970686572204FAD
:10F9DC006E6C79000A2573657874206B65792075D7
:10F9EC007361676520202020203A20002573257341
:10F9FC000000000054686520636572746966696371
:10FA0C006174652076616C696469747920686173CE
:10FA1C002065787069726564000000002573257399
:10FA2C000A0000002573556E6B6E6F776E20726541
:10FA3C0061736F6E2028746869732073686F756CBE
:10FA4C0064206E6F742068617070656E290A000006
:10FA5C002D2D2D2D2D424547494E204345525449BD
:10FA6C004649434154452D2D2D2D2D002D2D2D2D49
:10FA7C002D454E4420434552544946494341544533
:10FA8C002D2D2D2D2D00000054686520636572749A
:10FA9C006966696361746520686173206265656E6F
:10FAAC00207265766F6B656420286973206F6E20F9
:10FABC00612043524C2900005468652063657274C0
:10FACC006966696361746520436F6D6D6F6E204E5E
:10FADC00616D652028434E2920646F6573206E6F1D
:10FAEC0074206D617463682077697468207468652C
:10FAFC0020657870656374656420434E00000000D7
:10FB0C005468652063657274696669636174652005
:10FB1C006973206E6F7420636F72726563746C7995
:10FB2C00207369676E65642062792074686520743F
:10FB3C00727573746564204341000000546865203D
:10FB4C0043524C206973206E6F7420636F72726520
:10FB5C0063746C79207369676E65642062792074B4
:10FB6C0068652074727573746564204341000000ED
:10FB7C005468652043524C20697320657870697213
:10FB8C00656400004365727469666963617465201D
:10FB9C00776173206D697373696E67004365727466
:10FBAC00696669636174652076657269666963610B
:10FBBC0074696F6E2077617320736B697070656404
:10FBCC00000000004F7468657220726561736F6E7F
:10FBDC00202863616E2062652075736564206279EC
:10FBEC00207665726966792063616C6C6261636B07
:10FBFC002900000054686520636572746966696346
:10FC0C006174652076616C696469747920737461C0
:10FC1C0072747320696E20746865206675747572D1
:10FC2C00650000005468652043524C2069732066BF
:10FC3C00726F6D207468652066757475726500004E
:10FC4C00557361676520646F6573206E6F74206DEA
:10FC5C006174636820746865206B6579557361679E
:10FC6C006520657874656E73696F6E005573616796
:10FC7C006520646F6573206E6F74206D61746368AA
:10FC8C002074686520657874656E6465644B65796D
:10FC9C00557361676520657874656E73696F6E0066
:10FCAC00557361676520646F6573206E6F74206D8A
:10FCBC006174636820746865206E73436572745454
:10FCCC0079706520657874656E73696F6E000000DD
:10FCDC005468652063657274696669636174652034
:10FCEC006973207369676E65642077697468206135
:10FCFC006E20756E61636365707461626C652068FB
:10FD0C006173682E0000000054686520636572748E
:10FD1C0069666963617465206973207369676E65D0
:10FD2C0064207769746820616E20756E6163636509
:10FD3C00707461626C6520504B20616C6720286583
:10FD4C006720525341207673204543445341292E5A
:10FD5C00000000005468652063657274696669630D
:10FD6C00617465206973207369676E6564207769B7
:10FD7C00746820616E20756E616363657074616276
:10FD8C006C65206B6579202865672062616420634F
:10FD9C00757276652C2052534120746F6F207368F6
:10FDAC006F7274292E0000005468652043524C2059
:10FDBC006973207369676E65642077697468206164
:10FDCC006E20756E61636365707461626C6520682A
:10FDDC006173682E000000005468652043524C206B
:10FDEC006973207369676E65642077697468206134
:10FDFC006E20756E61636365707461626C65205012
:10FE0C004B20616C67202865672052534120767324
:10FE1C00204543445341292E0000000054686520BE
:10FE2C0043524C206973207369676E65642077694F
:10FE3C00746820616E20756E6163636570746162B5
:10FE4C006C65206B6579202865672062616420638E
:10FE5C00757276652C2052534120746F6F20736835
:10FE6C006F7274292E0000006E616E006F76660052
:10FE7C00696E66006173696E00000000706F770038
:10FE8C007371727400000000504F53495800000009
:10FE9C00494E46004E414E00303132333435363700
:10FEAC00383961626364656600000000286E756C09
:10FEBC006C290000303132333435363738396162D1
:10FECC00636465666768696A6B6C6D6E6F7071727E
:10FEDC00737475767778797A00000000496E6669DC
:10FEEC006E697479000000004E614E000001000044
:10FEFC00F05B00201200000000060000F4F7026026
:10FF0C000A00000000020000A8F702604B0000008D
:10FF1C00000700005CF702604B00000000030000CB
:10FF2C0058F70260000000000103090440F702606A
:10FF3C00000000000203090428F702600000000022
:10FF4C0003030904DC5E0020000000000000000038
:10FF5C000000000000000000303030303030303015
:10FF6C003030303030303030303030303030303085
:10FF7C0030303030303030300100000600000000EE
:10FF8C00000000003C500020A45000200C51002028
:10FF9C000000000000000000000000000000000055
:10FFAC000000000000000000000000000000000045
:10FFBC000000000000000000000000000000000035
:10FFCC000000000000000000000000000000000025
:10FFDC000000000000000000000000000000000015
:10FFEC000000000000000000000000000000000005
:04FFFC000000000001
:02000004600595
:1000000000000000000000000000000000000000F0
:1000100000000000000000000000000000000000E0
:1000200000000000000000000000000000000000D0
:100030000000000001000000000000000E33CDAB06
:1000400034126DE6ECDE05000B000000000000003D
:1000500000000000000000000000000000000000A0
:100060000000000000000000000000000000000090
:100070000000000000000000000000000000000080
:100080000000000000000000000000000000000070
:100090000000000000000000000000000000000060
:1000A0000000000000000000000000000000000050
:1000B0000000000000000000000000000000000040
:1000C0000000000000000000000000000000000030
:1000D0000000000000000000000000000000000020
:1000E0000000000000000000000000000000000010
:1000F0000000000000000000000000000000000000
:1001000000000000000000000000000000000000EF
:1001100000000000000000000000000000000000DF
:1001200000000000000000000000000000000000CF
:1001300000000000000000000000000000000000BF
:1001400000000000000000000000000000000000AF
:10015000000000000000000000000000000000009F
:10016000000000000000000000000000000000008F
:10017000000000000000000000000000000000007F
:10018000000000000000000000000000000000006F
:10019000000000000000000000000000000000005F
:1001A000000000000000000000000000000000004F
:1001B000000000000000000000000000000000003F
:1001C000000000000000000000000000000000002F
:1001D000000000000000000000000000000000001F
:1001E000000000000000000000000000000000000F
:1001F00000000000000000000000000000000000FF
:1002000000000000000000000000000000000000EE
:1002100000000000000000000000000000000000DE
:1002200000000000000000000000000000000000CE
:1002300000000000000000000000000000000000BE
:1002400000000000000000000000000000000000AE
:10025000000000000000000000000000000000009E
:10026000000000000000000000000000000000008E
:10027000000000000000000000000000000000007E
:10028000000000000000000000000000000000006E
:10029000000000000000000000000000000000005E
:1002A000000000000000000000000000000000004E
:1002B000000000000000000000000000000000003E
:1002C000000000000000000000000000000000002E
:1002D000000000000000000000000000000000001E
:1002E000000000000000000000000000000000000E
:1002F00000000000000000000000000000000000FE
:1003000000000000000000000000000000000000ED
:1003100000000000000000000000000000000000DD
:1003200000000000000000000000000000000000CD
:1003300000000000000000000000000000000000BD
:1003400000000000000000000000000000000000AD
:10035000000000000000000000000000000000009D
:10036000000000000000000000000000000000008D
:10037000000000000000000000000000000000007D
:10038000000000000000000000000000000000006D
:10039000000000000000000000000000000000005D
:1003A000000000000000000000000000000000004D
:1003B0000000000000000000B8220000B9080000A2
:1003C0000029DE07007B9A1780817EFA0800000072
:1003D0000000000000CC000080817EFD08000000CD
:1003E0000000000000CC0000BC060020000000005F
:1003F000E803000000000000980600200000000054
:10040000E80300000000000000801840E8550020CC
:1004100000000000641601202416012000000000E6
:10042000000000002800000040000000280000003C
:10043000400000000000000000000000000000007C
:1004400000000000000000000000000000000000AC
:100450000000000000000000BC510020E406002065
:1004600000000000E80300000000000000003F4022
:10047000D8F602600000000000000000000000004C
:10048000000000000000000000000000000000006C
:10049000000000000000000000000000000000005C
:1004A000000000000000000000000000000000004C
:1004B000000000000000000000000000000000003C
:1004C000000000000000000000000000000000002C
:1004D000000000000000000000000000000000001C
:1004E000000000000000000000000000000000000C
:1004F00000000000000000000000000000000000FC
:1005000000000000000000000000000000000000EB
:1005100000000000000000000000000000000000DB
:1005200000000000000000000000000000000000CB
:1005300000000000000000000000000000000000BB
:1005400000000000000000000000000000000000AB
:10055000000000000000000000000000000000009B
:10056000000000000000000000000000000000008B
:10057000000000000000000000000000000000007B
:10058000000000000000000000000000000000006B
:10059000000000000000000000000000E406002051
:1005A00000000000E80300000000000000803F4061
:1005B00088F602600000000000000000000000005B
:1005C000000000000000000000000000000000002B
:1005D000000000000000000000000000000000001B
:1005E000000000000000000000000000000000000B
:1005F00000000000000000000000000000000000FB
:1006000000000000000000000000000000000000EA
:1006100000000000000000000000000000000000DA
:1006200000000000000000000000000000000000CA
:1006300000000000000000000000000000000000BA
:1006400000000000000000000000000000000000AA
:10065000000000000000000000000000000000009A
:10066000000000000000000000000000000000008A
:10067000000000000000000000000000000000007A
:10068000000000000000000000000000000000006A
:10069000000000000000000000000000000000005A
:1006A000000000000000000000000000000000004A
:1006B000000000000000000000000000000000003A
:1006C000000000000000000000000000000000002A
:1006D000000000000000000000000000E406002010
:1006E00000000000E80300000000000000C03F40E0
:1006F00038F602600000000000000000000000006A
:1007000000000000000000000000000000000000E9
:1007100000000000000000000000000000000000D9
:1007200000000000000000000000000000000000C9
:1007300000000000000000000000000000000000B9
:1007400000000000000000000000000000000000A9
:100750000000000000000000000000000000000099
:100760000000000000000000000000000000000089
:100770000000000000000000000000000000000079
:100780000000000000000000000000000000000069
:100790000000000000000000000000000000000059
:1007A0000000000000000000000000000000000049
:1007B0000000000000000000000000000000000039
:1007C0000000000000000000000000000000000029
:1007D0000000000000000000000000000000000019
:1007E0000000000000000000000000000000000009
:1007F00000000000000000000000000000000000F9
:1008000000000000000000000000000000000000E8
:1008100000000000000000000000000000000000D8
:1008200080000000021500007527010091300100D2
:10083000FEF7026068C00F40000000300F000000AB
:10084000020000002C851F4001000000FF00000096
:10085000FF00000000000000000000000E0000008B
:100860000200000030851F4001000000FF00000072
:10087000FF00000000000000000000001302400024
:100880002600180078000000000000008000000032
:10089000FFFFFFFF80302020430000000000000029
:1008A0000000000000000000000000000000000048
:1008B00000000000000000004300000000000000F5
:1008C0000000000000000000000000000000000028
:1008D00000000000000000004300000000000000D5
:1008E0000000000000000000000000000000000008
:1008F00000000000000000004300000000000000B5
:1009000000000000000000000000000000000000E7
:100910000000000000000000430000000000000094
:1009200000000000000000000000000000000000C7
:100930000000000000000000430000000000000074
:1009400000000000000000000000000000000000A7
:100950000000000000000000430000000000000054
:100960000000000000000000000000000000000087
:10097000000000000000000035950100D555010081
:100980000000000034070020344C0020581F0020D5
:10099000581F0020581F0020581F0020581F0020FB
:1009A000581F0020581F0020581F0020581F0020EB
:1009B000FFFFFFFFFFFFFFFFFFFFFFFFFFFF000045
:1009C00001004153434949000000000000000000BD
:1009D0000000000000000000000000000000000017
:1009E000000041534349490000000000000000009E
:1009F00000000000000000000000000000000000F7
:100A0000000000000000000000000000C8570020A7
:100A1000C8570020D0570020D0570020D8570020BA
:100A2000D8570020E0570020E0570020E85700206A
:100A3000E8570020F0570020F0570020F85700201A
:100A4000F8570020005800200058002008580020C7
:100A50000858002010580020105800201858002076
:100A60001858002020580020205800202858002026
:100A700028580020305800203058002038580020D6
:100A80003858002040580020405800204858002086
:100A90004858002050580020505800205858002036
:100AA00058580020605800206058002068580020E6
:100AB0006858002070580020705800207858002096
:100AC0007858002080580020805800208858002046
:100AD00088580020905800209058002098580020F6
:100AE00098580020A0580020A0580020A8580020A6
:100AF000A8580020B0580020B0580020B858002056
:100B0000B8580020C0580020C0580020C858002005
:100B1000C8580020D0580020D0580020D8580020B5
:100B2000D8580020E0580020E0580020E858002065
:100B3000E8580020F0580020F0580020F858002015
:100B4000F8580020005900200059002008590020C2
:100B50000859002010590020105900201859002071
:100B60001859002020590020205900202859002021
:100B700028590020305900203059002038590020D1
:100B80003859002040590020405900204859002081
:100B90004859002050590020505900205859002031
:100BA00058590020605900206059002068590020E1
:100BB0006859002070590020705900207859002091
:100BC0007859002080590020805900208859002041
:100BD00088590020905900209059002098590020F1
:100BE00098590020A0590020A0590020A8590020A1
:100BF000A8590020B0590020B0590020B859002051
:100C0000B8590020C0590020C0590020C859002000
:100C1000C8590020D0590020D0590020D8590020B0
:100C2000D8590020E0590020E0590020E859002060
:100C3000E8590020F0590020F0590020F859002010
:100C4000F8590020005A0020005A0020085A0020BD
:100C5000085A0020105A0020105A0020185A00206C
:100C6000185A0020205A0020205A0020285A00201C
:100C7000285A0020305A0020305A0020385A0020CC
:100C8000385A0020405A0020405A0020485A00207C
:100C9000485A0020505A0020505A0020585A00202C
:100CA000585A0020605A0020605A0020685A0020DC
:100CB000685A0020705A0020705A0020785A00208C
:100CC000785A0020805A0020805A0020885A00203C
:100CD000885A0020905A0020905A0020985A0020EC
:100CE000985A0020A05A0020A05A0020A85A00209C
:100CF000A85A0020B05A0020B05A0020B85A00204C
:100D0000B85A0020C05A0020C05A0020C85A0020FB
:100D1000C85A0020D05A0020D05A0020D85A0020AB
:100D2000D85A0020E05A0020E05A0020E85A00205B
:100D3000E85A0020F05A0020F05A0020F85A00200B
:100D4000F85A0020005B0020005B0020085B0020B8
:100D5000085B0020105B0020105B0020185B002067
:100D6000185B0020205B0020205B0020285B002017
:100D7000285B0020305B0020305B0020385B0020C7
:100D8000385B0020405B0020405B0020485B002077
:100D9000485B0020505B0020505B0020585B002027
:100DA000585B0020605B0020605B0020685B0020D7
:100DB000685B0020705B0020705B0020785B002087
:100DC000785B0020805B0020805B0020885B002037
:100DD000885B0020905B0020905B0020985B0020E7
:100DE000985B0020A05B0020A05B0020A85B002097
:100DF000A85B0020B05B0020B05B0020B85B002047
:100E0000B85B0020C05B0020C05B0020FFFFFFFF3D
:100E100000000200504D002002040000000000000D
:100E2000C411002019000000190000001201000286
:100E3000EF020140C016830480020102030100009A
:100E40006574683000000000DC050000C45C002010
:100E5000E00B002000000000000000000000000087
:100E60000000000000000000000000000000000082
:100E70000000000000000000000000000000000072
:100E80000000000000000000000000000000000062
:100E90000000000000000000000000000103063315
:100EA0003A3B00000104000000802D4000802D40EE
:100EB00082000000000000000000000000000000B0
:100EC0000000000000000000000000000000000022
:100ED0000000000000000000C062002000000000D0
:100EE0000100000001000000000000000000000000
:100EF0002DA0000000000000000000000000000025
:100F00006C5C002000000000000000005182000026
:100F10003D830000D1830000C17B0000BD7B000049
:100F200000000000000000000000000000000000C1
:100F300000000000000000000000000000000000B1
:100F400000000000000000000000000000000000A1
:100F50000000000000000000000000000000000091
:100F60000000000000000000000000000000000081
:100F70000000000000000000000000000000000071
:100F80000000000000000000000000000000000061
:100F90000000000000000000000000000000000051
:100FA0000000000000000000000000000000000041
:100FB0000000000000000000000000000000000031
:100FC0000000000000000000000000000000000021
:100FD0000000000000000000000000000000000011
:100FE0000000000000000000000000000000000001
:100FF00000000000000000000000000000000000F1
:1010000000000000000000000000000000000000E0
:1010100000000000000000000000000000000000D0
:10102000010003000000000000000000A1C2000059
:10103000BDC200000000000000000000300C0020D5
:101040000000000001000100060000002DDB000090
:10105000F5F60000B5EA0000B5DA0000B9F20000CC
:101060005C0C0020000000000100020011000000E4
:1010700000000000F1FA00000DFB0000F1FC000090
:1010800000000000880C002080817E7E05000000AA
:1010900000004700808179790500000000004700CA
:1010A000000056000078000000970260387502606A
:1010B0002D570100C0A80100010000000F2700000B
:1010C00000140000080000000700000006000000F7
:1010D0000500000004000000000000002BC000001C
:1010E0002CC0000000000000030400000600000007
:1010F00007000000000000000000000101000000E7
:101100000000050000000000280A0000093C000063
:101110000000F0410000803F0C03000000000000D0
:10112000000000000000000000000000000000C0FF
:101130000103FA0D0DFF0101010124660100000009
:10114000000000000000000000000000000000009F
:10115000000000000000000000000000000000008F
:10116000000000000000000000000000000000007F
:10117000000000000000000000000000000000006F
:10118000000000000000000000000000000000005F
:10119000000000000000000000000000000000004F
:1011A000000000000000000000000000000000003F
:1011B000000000000000000000000000000000002F
:1011C000000000000000000000000000000000001F
:1011D000000000000000000000000000000000000F
:1011E00000000000000000000000000000000000FF
:1011F00000000000000000000000000000000000EF
:1012000000000000000000000000000000000000DE
:1012100000000000000000000000000000000000CE
:1012200000000000000000000000000000000000BE
:1012300000000000000000000000000000000000AE
:10124000000000000000000000000000000000009E
:10125000000000000000000000000000000000008E
:10126000000000000000000000000000000000007E
:10127000000000000000000000000000000000006E
:10128000000000000000000000000000000000005E
:10129000000000000000000000000000000000004E
:1012A000000000000000000000000000000000003E
:1012B000000000000000000000000000000000002E
:1012C000000000000000000000000000000000001E
:1012D000000000000000000000000000000000000E
:1012E00000000000000000000000000000000000FE
:1012F00000000000000000000000000000000000EE
:1013000000000000000000000000000000000000DD
:1013100000000000000000000000000000000000CD
:1013200000000000000000000000000000000000BD
:1013300000000000000000000000000000000000AD
:10134000000000000000000000000000000000009D
:10135000000000000000000000000000000000008D
:10136000000000000000000000000000000000007D
:10137000000000000000000000000000000000006D
:10138000000000000000000000000000000000005D
:10139000000000000000000000000000000000004D
:1013A000000000000000000000000000000000003D
:1013B000000000000000000000000000000000002D
:1013C000000000000000000000000000000000001D
:1013D000000000000000000000000000000000000D
:1013E00000000000000000000000000000000000FD
:1013F00000000000000000000000000000000000ED
:1014000000000000000000000000000000000000DC
:1014100000000000000000000000000000000000CC
:1014200000000000000000000000000000000000BC
:1014300000000000000000000000000000000000AC
:10144000000000000000000000000000000000009C
:10145000000000000000000000000000000000008C
:10146000000000000000000000000000000000007C
:10147000000000000000000000000000000000006C
:10148000000000000000000000000000000000005C
:10149000000000000000000000000000000000004C
:1014A000000000000000000000000000000000003C
:1014B000000000000000000000000000000000002C
:1014C000000000000000000000000000000000001C
:1014D000000000000000000000000000000000000C
:1014E00000000000000000000000000000000000FC
:0C14F000000000000000000000000000F0
:1014FC0000000000000000000000000000000000E0
:10150C0000000000000000000000000000000000CF
:10151C0000000000000000000000000000000000BF
:10152C0000000000000000000000000000000000AF
:10153C00000000000000000000000000000000009F
:10154C00000000000000000000000000000000008F
:10155C00000000000000000000000000000000007F
:10156C00000000000000000000000000000000006F
:10157C00000000000000000000000000000000005F
:10158C00000000000000000000000000000000004F
:10159C00000000000000000000000000000000003F
:1015AC00000000000000000000000000000000002F
:1015BC00000000000000000000000000000000001F
:1015CC00000000000000000000000000000000000F
:1015DC0000000000000000000000000000000000FF
:1015EC0000000000000000000000000000000000EF
:1015FC0000000000000000000000000000000000DF
:10160C0000000000000000000000000000000000CE
:10161C0000000000000000000000000000000000BE
:10162C0000000000000000000000000000000000AE
:10163C00000000000000000000000000000000009E
:10164C00000000000000000000000000000000008E
:10165C00000000000000000000000000000000007E
:10166C00000000000000000000000000000000006E
:10167C00000000000000000000000000000000005E
:10168C00000000000000000000000000000000004E
:10169C00000000000000000000000000000000003E
:1016AC00000000000000000000000000000000002E
:1016BC00000000000000000000000000000000001E
:1016CC00000000000000000000000000000000000E
:1016DC0000000000000000000000000000000000FE
:1016EC0000000000000000000000000000000000EE
:1016FC0000000000000000000000000000000000DE
:10170C0000000000000000000000000000000000CD
:10171C0000000000000000000000000000000000BD
:10172C0000000000000000000000000000000000AD
:10173C00000000000000000000000000000000009D
:10174C00000000000000000000000000000000008D
:10175C00000000000000000000000000000000007D
:10176C00000000000000000000000000000000006D
:10177C00000000000000000000000000000000005D
:10178C00000000000000000000000000000000004D
:10179C00000000000000000000000000000000003D
:1017AC00000000000000000000000000000000002D
:1017BC00000000000000000000000000000000001D
:1017CC00000000000000000000000000000000000D
:1017DC0000000000000000000000000000000000FD
:1017EC0000000000000000000000000000000000ED
:1017FC0000000000000000000000000000000000DD
:10180C0000000000000000000000000000000000CC
:10181C0000000000000000000000000000000000BC
:10182C0000000000000000000000000000000000AC
:10183C00000000000000000000000000000000009C
:10184C00000000000000000000000000000000008C
:10185C00000000000000000000000000000000007C
:10186C00000000000000000000000000000000006C
:10187C00000000000000000000000000000000005C
:10188C00000000000000000000000000000000004C
:10189C00000000000000000000000000000000003C
:1018AC00000000000000000000000000000000002C
:1018BC00000000000000000000000000000000001C
:1018CC00000000000000000000000000000000000C
:1018DC0000000000000000000000000000000000FC
:1018EC0000000000000000000000000000000000EC
:1018FC0000000000000000000000000000000000DC
:10190C0000000000000000000000000000000000CB
:10191C0000000000000000000000000000000000BB
:10192C0000000000000000000000000000000000AB
:10193C00000000000000000000000000000000009B
:10194C00000000000000000000000000000000008B
:10195C00000000000000000000000000000000007B
:10196C00000000000000000000000000000000006B
:10197C00000000000000000000000000000000005B
:10198C00000000000000000000000000000000004B
:10199C00000000000000000000000000000000003B
:1019AC00000000000000000000000000000000002B
:1019BC00000000000000000000000000000000001B
:1019CC00000000000000000000000000000000000B
:1019DC0000000000000000000000000000000000FB
:1019EC0000000000000000000000000000000000EB
:1019FC0000000000000000000000000000000000DB
:101A0C0000000000000000000000000000000000CA
:101A1C0000000000000000000000000000000000BA
:101A2C0000000000000000000000000000000000AA
:101A3C00000000000000000000000000000000009A
:101A4C00000000000000000000000000000000008A
:101A5C00000000000000000000000000000000007A
:101A6C00000000000000000000000000000000006A
:101A7C00000000000000000000000000000000005A
:101A8C00000000000000000000000000000000004A
:101A9C00000000000000000000000000000000003A
:101AAC00000000000000000000000000000000002A
:101ABC00000000000000000000000000000000001A
:101ACC00000000000000000000000000000000000A
:101ADC0000000000000000000000000000000000FA
:101AEC0000000000000000000000000000000000EA
:101AFC0000000000000000000000000000000000DA
:101B0C0000000000000000000000000000000000C9
:101B1C0000000000000000000000000000000000B9
:101B2C0000000000000000000000000000000000A9
:101B3C000000000000000000000000000000000099
:101B4C000000000000000000000000000000000089
:101B5C000000000000000000000000000000000079
:101B6C000000000000000000000000000000000069
:101B7C000000000000000000000000000000000059
:101B8C000000000000000000000000000000000049
:101B9C000000000000000000000000000000000039
:101BAC000000000000000000000000000000000029
:101BBC000000000000000000000000000000000019
:101BCC000000000000000000000000000000000009
:101BDC0000000000000000000000000000000000F9
:101BEC0000000000000000000000000000000000E9
:101BFC0000000000000000000000000000000000D9
:101C0C0000000000000000000000000000000000C8
:101C1C0000000000000000000000000000000000B8
:101C2C0000000000000000000000000000000000A8
:101C3C000000000000000000000000000000000098
:101C4C000000000000000000000000000000000088
:101C5C000000000000000000000000000000000078
:101C6C000000000000000000000000000000000068
:101C7C000000000000000000000000000000000058
:101C8C000000000000000000000000000000000048
:101C9C000000000000000000000000000000000038
:101CAC000000000000000000000000000000000028
:101CBC000000000000000000000000000000000018
:101CCC000000000000000000000000000000000008
:101CDC0000000000000000000000000000000000F8
:101CEC0000000000000000000000000000000000E8
:101CFC0000000000000000000000000000000000D8
:101D0C0000000000000000000000000000000000C7
:101D1C0000000000000000000000000000000000B7
:101D2C0000000000000000000000000000000000A7
:101D3C000000000000000000000000000000000097
:101D4C000000000000000000000000000000000087
:101D5C000000000000000000000000000000000077
:101D6C000000000000000000000000000000000067
:101D7C000000000000000000000000000000000057
:101D8C000000000000000000000000000000000047
:101D9C000000000000000000000000000000000037
:101DAC000000000000000000000000000000000027
:101DBC000000000000000000000000000000000017
:101DCC000000000000000000000000000000000007
:101DDC0000000000000000000000000000000000F7
:101DEC0000000000000000000000000000000000E7
:101DFC0000000000000000000000000000000000D7
:101E0C0000000000000000000000000000000000C6
:101E1C0000000000000000000000000000000000B6
:101E2C0000000000000000000000000000000000A6
:101E3C000000000000000000000000000000000096
:101E4C000000000000000000000000000000000086
:101E5C000000000000000000000000000000000076
:101E6C000000000000000000000000000000000066
:101E7C000000000000000000000000000000000056
:101E8C000000000000000000000000000000000046
:101E9C000000000000000000000000000000000036
:101EAC000000000000000000000000000000000026
:101EBC000000000000000000000000000000000016
:101ECC000000000000000000000000000000000006
:101EDC0000000000000000000000000000000000F6
:101EEC0000000000000000000000000000000000E6
:101EFC0000000000000000000000000000000000D6
:101F0C0000000000000000000000000000000000C5
:101F1C0000000000000000000000000000000000B5
:101F2C0000000000000000000000000000000000A5
:101F3C000000000000000000000000000000000095
:101F4C000000000000000000000000000000000085
:101F5C000000000000000000000000000000000075
:101F6C000000000000000000000000000000000065
:101F7C000000000000000000000000000000000055
:101F8C000000000000000000000000000000000045
:101F9C000000000000000000000000000000000035
:101FAC000000000000000000000000000000000025
:101FBC000000000000000000000000000000000015
:101FCC000000000000000000000000000000000005
:101FDC0000000000000000000000000000000000F5
:101FEC0000000000000000000000000000000000E5
:101FFC0000000000000000000000000000000000D5
:10200C0000000000000000000000000000000000C4
:10201C0000000000000000000000000000000000B4
:10202C0000000000000000000000000000000000A4
:10203C000000000000000000000000000000000094
:10204C000000000000000000000000000000000084
:10205C000000000000000000000000000000000074
:10206C000000000000000000000000000000000064
:10207C000000000000000000000000000000000054
:10208C000000000000000000000000000000000044
:10209C000000000000000000000000000000000034
:1020AC000000000000000000000000000000000024
:1020BC000000000000000000000000000000000014
:1020CC000000000000000000000000000000000004
:1020DC0000000000000000000000000000000000F4
:1020EC0000000000000000000000000000000000E4
:1020FC0000000000000000000000000000000000D4
:10210C0000000000000000000000000000000000C3
:10211C0000000000000000000000000000000000B3
:10212C0000000000000000000000000000000000A3
:10213C000000000000000000000000000000000093
:10214C000000000000000000000000000000000083
:10215C000000000000000000000000000000000073
:10216C000000000000000000000000000000000063
:10217C000000000000000000000000000000000053
:10218C000000000000000000000000000000000043
:10219C000000000000000000000000000000000033
:1021AC000000000000000000000000000000000023
:1021BC000000000000000000000000000000000013
:1021CC000000000000000000000000000000000003
:1021DC0000000000000000000000000000000000F3
:1021EC0000000000000000000000000000000000E3
:1021FC0000000000000000000000000000000000D3
:10220C0000000000000000000000000000000000C2
:10221C0000000000000000000000000000000000B2
:10222C0000000000000000000000000000000000A2
:10223C000000000000000000000000000000000092
:10224C000000000000000000000000000000000082
:10225C000000000000000000000000000000000072
:10226C000000000000000000000000000000000062
:10227C000000000000000000000000000000000052
:10228C000000000000000000000000000000000042
:10229C000000000000000000000000000000000032
:1022AC000000000000000000000000000000000022
:1022BC000000000000000000000000000000000012
:1022CC000000000000000000000000000000000002
:1022DC0000000000000000000000000000000000F2
:1022EC0000000000000000000000000000000000E2
:1022FC0000000000000000000000000000000000D2
:10230C0000000000000000000000000000000000C1
:10231C0000000000000000000000000000000000B1
:10232C0000000000000000000000000000000000A1
:10233C000000000000000000000000000000000091
:10234C000000000000000000000000000000000081
:10235C000000000000000000000000000000000071
:10236C000000000000000000000000000000000061
:10237C000000000000000000000000000000000051
:10238C000000000000000000000000000000000041
:10239C000000000000000000000000000000000031
:1023AC000000000000000000000000000000000021
:1023BC000000000000000000000000000000000011
:1023CC000000000000000000000000000000000001
:1023DC0000000000000000000000000000000000F1
:1023EC0000000000000000000000000000000000E1
:1023FC0000000000000000000000000000000000D1
:10240C0000000000000000000000000000000000C0
:10241C0000000000000000000000000000000000B0
:10242C0000000000000000000000000000000000A0
:10243C000000000000000000000000000000000090
:10244C000000000000000000000000000000000080
:10245C000000000000000000000000000000000070
:10246C000000000000000000000000000000000060
:10247C000000000000000000000000000000000050
:10248C000000000000000000000000000000000040
:10249C000000000000000000000000000000000030
:1024AC000000000000000000000000000000000020
:1024BC000000000000000000000000000000000010
:1024CC000000000000000000000000000000000000
:1024DC0000000000000000000000000000000000F0
:1024EC0000000000000000000000000000000000E0
:1024FC0000000000000000000000000000000000D0
:10250C0000000000000000000000000000000000BF
:10251C0000000000000000000000000000000000AF
:10252C00000000000000000000000000000000009F
:10253C00000000000000000000000000000000008F
:10254C00000000000000000000000000000000007F
:10255C00000000000000000000000000000000006F
:10256C00000000000000000000000000000000005F
:10257C00000000000000000000000000000000004F
:10258C00000000000000000000000000000000003F
:10259C00000000000000000000000000000000002F
:1025AC00000000000000000000000000000000001F
:1025BC00000000000000000000000000000000000F
:1025CC0000000000000000000000000000000000FF
:1025DC0000000000000000000000000000000000EF
:1025EC0000000000000000000000000000000000DF
:1025FC0000000000000000000000000000000000CF
:10260C0000000000000000000000000000000000BE
:10261C0000000000000000000000000000000000AE
:10262C00000000000000000000000000000000009E
:10263C00000000000000000000000000000000008E
:10264C00000000000000000000000000000000007E
:10265C00000000000000000000000000000000006E
:10266C00000000000000000000000000000000005E
:10267C00000000000000000000000000000000004E
:10268C00000000000000000000000000000000003E
:10269C00000000000000000000000000000000002E
:1026AC00000000000000000000000000000000001E
:1026BC00000000000000000000000000000000000E
:1026CC0000000000000000000000000000000000FE
:1026DC0000000000000000000000000000000000EE
:1026EC0000000000000000000000000000000000DE
:1026FC0000000000000000000000000000000000CE
:10270C0000000000000000000000000000000000BD
:10271C0000000000000000000000000000000000AD
:10272C00000000000000000000000000000000009D
:10273C00000000000000000000000000000000008D
:10274C00000000000000000000000000000000007D
:10275C00000000000000000000000000000000006D
:10276C00000000000000000000000000000000005D
:10277C00000000000000000000000000000000004D
:10278C00000000000000000000000000000000003D
:10279C00000000000000000000000000000000002D
:1027AC00000000000000000000000000000000001D
:1027BC00000000000000000000000000000000000D
:1027CC0000000000000000000000000000000000FD
:1027DC0000000000000000000000000000000000ED
:1027EC0000000000000000000000000000000000DD
:1027FC0000000000000000000000000000000000CD
:10280C0000000000000000000000000000000000BC
:10281C0000000000000000000000000000000000AC
:10282C00000000000000000000000000000000009C
:10283C00000000000000000000000000000000008C
:10284C00000000000000000000000000000000007C
:10285C00000000000000000000000000000000006C
:10286C00000000000000000000000000000000005C
:10287C00000000000000000000000000000000004C
:10288C00000000000000000000000000000000003C
:10289C00000000000000000000000000000000002C
:1028AC00000000000000000000000000000000001C
:1028BC00000000000000000000000000000000000C
:1028CC0000000000000000000000000000000000FC
:1028DC0000000000000000000000000000000000EC
:1028EC0000000000000000000000000000000000DC
:1028FC0000000000000000000000000000000000CC
:10290C0000000000000000000000000000000000BB
:10291C0000000000000000000000000000000000AB
:10292C00000000000000000000000000000000009B
:10293C00000000000000000000000000000000008B
:10294C00000000000000000000000000000000007B
:10295C00000000000000000000000000000000006B
:10296C00000000000000000000000000000000005B
:10297C00000000000000000000000000000000004B
:10298C00000000000000000000000000000000003B
:10299C00000000000000000000000000000000002B
:1029AC00000000000000000000000000000000001B
:1029BC00000000000000000000000000000000000B
:1029CC0000000000000000000000000000000000FB
:1029DC0000000000000000000000000000000000EB
:1029EC0000000000000000000000000000000000DB
:1029FC0000000000000000000000000000000000CB
:102A0C0000000000000000000000000000000000BA
:102A1C0000000000000000000000000000000000AA
:102A2C00000000000000000000000000000000009A
:102A3C00000000000000000000000000000000008A
:102A4C00000000000000000000000000000000007A
:102A5C00000000000000000000000000000000006A
:102A6C00000000000000000000000000000000005A
:102A7C00000000000000000000000000000000004A
:102A8C00000000000000000000000000000000003A
:102A9C00000000000000000000000000000000002A
:102AAC00000000000000000000000000000000001A
:102ABC00000000000000000000000000000000000A
:102ACC0000000000000000000000000000000000FA
:102ADC0000000000000000000000000000000000EA
:102AEC0000000000000000000000000000000000DA
:102AFC0000000000000000000000000000000000CA
:102B0C0000000000000000000000000000000000B9
:102B1C0000000000000000000000000000000000A9
:102B2C000000000000000000000000000000000099
:102B3C000000000000000000000000000000000089
:102B4C000000000000000000000000000000000079
:102B5C000000000000000000000000000000000069
:102B6C000000000000000000000000000000000059
:102B7C000000000000000000000000000000000049
:102B8C000000000000000000000000000000000039
:102B9C000000000000000000000000000000000029
:102BAC000000000000000000000000000000000019
:102BBC000000000000000000000000000000000009
:102BCC0000000000000000000000000000000000F9
:102BDC0000000000000000000000000000000000E9
:102BEC0000000000000000000000000000000000D9
:102BFC0000000000000000000000000000000000C9
:102C0C0000000000000000000000000000000000B8
:102C1C0000000000000000000000000000000000A8
:102C2C000000000000000000000000000000000098
:102C3C000000000000000000000000000000000088
:102C4C000000000000000000000000000000000078
:102C5C000000000000000000000000000000000068
:102C6C000000000000000000000000000000000058
:102C7C000000000000000000000000000000000048
:102C8C000000000000000000000000000000000038
:102C9C000000000000000000000000000000000028
:102CAC000000000000000000000000000000000018
:102CBC000000000000000000000000000000000008
:102CCC0000000000000000000000000000000000F8
:102CDC0000000000000000000000000000000000E8
:102CEC0000000000000000000000000000000000D8
:102CFC0000000000000000000000000000000000C8
:102D0C0000000000000000000000000000000000B7
:102D1C0000000000000000000000000000000000A7
:102D2C000000000000000000000000000000000097
:102D3C000000000000000000000000000000000087
:102D4C000000000000000000000000000000000077
:102D5C000000000000000000000000000000000067
:102D6C000000000000000000000000000000000057
:102D7C000000000000000000000000000000000047
:102D8C000000000000000000000000000000000037
:102D9C000000000000000000000000000000000027
:102DAC000000000000000000000000000000000017
:102DBC000000000000000000000000000000000007
:102DCC0000000000000000000000000000000000F7
:102DDC0000000000000000000000000000000000E7
:102DEC0000000000000000000000000000000000D7
:102DFC0000000000000000000000000000000000C7
:102E0C0000000000000000000000000000000000B6
:102E1C0000000000000000000000000000000000A6
:102E2C000000000000000000000000000000000096
:102E3C000000000000000000000000000000000086
:102E4C000000000000000000000000000000000076
:102E5C000000000000000000000000000000000066
:102E6C000000000000000000000000000000000056
:102E7C000000000000000000000000000000000046
:102E8C000000000000000000000000000000000036
:102E9C000000000000000000000000000000000026
:102EAC000000000000000000000000000000000016
:102EBC000000000000000000000000000000000006
:102ECC0000000000000000000000000000000000F6
:102EDC0000000000000000000000000000000000E6
:102EEC0000000000000000000000000000000000D6
:102EFC0000000000000000000000000000000000C6
:102F0C0000000000000000000000000000000000B5
:102F1C0000000000000000000000000000000000A5
:102F2C000000000000000000000000000000000095
:102F3C000000000000000000000000000000000085
:102F4C000000000000000000000000000000000075
:102F5C000000000000000000000000000000000065
:102F6C000000000000000000000000000000000055
:102F7C000000000000000000000000000000000045
:102F8C000000000000000000000000000000000035
:102F9C000000000000000000000000000000000025
:102FAC000000000000000000000000000000000015
:102FBC000000000000000000000000000000000005
:102FCC0000000000000000000000000000000000F5
:102FDC0000000000000000000000000000000000E5
:102FEC0000000000000000000000000000000000D5
:102FFC0000000000000000000000000000000000C5
:10300C0000000000000000000000000000000000B4
:10301C0000000000000000000000000000000000A4
:10302C000000000000000000000000000000000094
:10303C000000000000000000000000000000000084
:10304C000000000000000000000000000000000074
:10305C000000000000000000000000000000000064
:10306C000000000000000000000000000000000054
:10307C000000000000000000000000000000000044
:10308C000000000000000000000000000000000034
:10309C000000000000000000000000000000000024
:1030AC000000000000000000000000000000000014
:1030BC000000000000000000000000000000000004
:1030CC0000000000000000000000000000000000F4
:1030DC0000000000000000000000000000000000E4
:1030EC0000000000000000000000000000000000D4
:1030FC0000000000000000000000000000000000C4
:10310C0000000000000000000000000000000000B3
:10311C0000000000000000000000000000000000A3
:10312C000000000000000000000000000000000093
:10313C000000000000000000000000000000000083
:10314C000000000000000000000000000000000073
:10315C000000000000000000000000000000000063
:10316C000000000000000000000000000000000053
:10317C000000000000000000000000000000000043
:10318C000000000000000000000000000000000033
:10319C000000000000000000000000000000000023
:1031AC000000000000000000000000000000000013
:1031BC000000000000000000000000000000000003
:1031CC0000000000000000000000000000000000F3
:1031DC0000000000000000000000000000000000E3
:1031EC0000000000000000000000000000000000D3
:1031FC0000000000000000000000000000000000C3
:10320C0000000000000000000000000000000000B2
:10321C0000000000000000000000000000000000A2
:10322C000000000000000000000000000000000092
:10323C000000000000000000000000000000000082
:10324C000000000000000000000000000000000072
:10325C000000000000000000000000000000000062
:10326C000000000000000000000000000000000052
:10327C000000000000000000000000000000000042
:10328C000000000000000000000000000000000032
:10329C000000000000000000000000000000000022
:1032AC000000000000000000000000000000000012
:1032BC000000000000000000000000000000000002
:1032CC0000000000000000000000000000000000F2
:1032DC0000000000000000000000000000000000E2
:1032EC0000000000000000000000000000000000D2
:1032FC0000000000000000000000000000000000C2
:10330C0000000000000000000000000000000000B1
:10331C0000000000000000000000000000000000A1
:10332C000000000000000000000000000000000091
:10333C000000000000000000000000000000000081
:10334C000000000000000000000000000000000071
:10335C000000000000000000000000000000000061
:10336C000000000000000000000000000000000051
:10337C000000000000000000000000000000000041
:10338C000000000000000000000000000000000031
:10339C000000000000000000000000000000000021
:1033AC000000000000000000000000000000000011
:1033BC000000000000000000000000000000000001
:1033CC0000000000000000000000000000000000F1
:1033DC0000000000000000000000000000000000E1
:1033EC0000000000000000000000000000000000D1
:1033FC0000000000000000000000000000000000C1
:10340C0000000000000000000000000000000000B0
:10341C0000000000000000000000000000000000A0
:10342C000000000000000000000000000000000090
:10343C000000000000000000000000000000000080
:10344C000000000000000000000000000000000070
:10345C000000000000000000000000000000000060
:10346C000000000000000000000000000000000050
:10347C000000000000000000000000000000000040
:10348C000000000000000000000000000000000030
:10349C000000000000000000000000000000000020
:1034AC000000000000000000000000000000000010
:1034BC000000000000000000000000000000000000
:1034CC0000000000000000000000000000000000F0
:1034DC0000000000000000000000000000000000E0
:1034EC0000000000000000000000000000000000D0
:1034FC0000000000000000000000000000000000C0
:10350C0000000000000000000000000000000000AF
:10351C00000000000000000000000000000000009F
:10352C00000000000000000000000000000000008F
:10353C00000000000000000000000000000000007F
:10354C00000000000000000000000000000000006F
:10355C00000000000000000000000000000000005F
:10356C00000000000000000000000000000000004F
:10357C00000000000000000000000000000000003F
:10358C00000000000000000000000000000000002F
:10359C00000000000000000000000000000000001F
:1035AC00000000000000000000000000000000000F
:1035BC0000000000000000000000000000000000FF
:1035CC0000000000000000000000000000000000EF
:1035DC0000000000000000000000000000000000DF
:1035EC0000000000000000000000000000000000CF
:1035FC0000000000000000000000000000000000BF
:10360C0000000000000000000000000000000000AE
:10361C00000000000000000000000000000000009E
:10362C00000000000000000000000000000000008E
:10363C00000000000000000000000000000000007E
:10364C00000000000000000000000000000000006E
:10365C00000000000000000000000000000000005E
:10366C00000000000000000000000000000000004E
:10367C00000000000000000000000000000000003E
:10368C00000000000000000000000000000000002E
:10369C00000000000000000000000000000000001E
:1036AC00000000000000000000000000000000000E
:1036BC0000000000000000000000000000000000FE
:1036CC0000000000000000000000000000000000EE
:1036DC0000000000000000000000000000000000DE
:1036EC0000000000000000000000000000000000CE
:1036FC0000000000000000000000000000000000BE
:10370C0000000000000000000000000000000000AD
:10371C00000000000000000000000000000000009D
:10372C00000000000000000000000000000000008D
:10373C00000000000000000000000000000000007D
:10374C00000000000000000000000000000000006D
:10375C00000000000000000000000000000000005D
:10376C00000000000000000000000000000000004D
:10377C00000000000000000000000000000000003D
:10378C00000000000000000000000000000000002D
:10379C00000000000000000000000000000000001D
:1037AC00000000000000000000000000000000000D
:1037BC0000000000000000000000000000000000FD
:1037CC0000000000000000000000000000000000ED
:1037DC0000000000000000000000000000000000DD
:1037EC0000000000000000000000000000000000CD
:1037FC0000000000000000000000000000000000BD
:10380C0000000000000000000000000000000000AC
:10381C00000000000000000000000000000000009C
:10382C00000000000000000000000000000000008C
:10383C00000000000000000000000000000000007C
:10384C00000000000000000000000000000000006C
:10385C00000000000000000000000000000000005C
:10386C00000000000000000000000000000000004C
:10387C00000000000000000000000000000000003C
:10388C00000000000000000000000000000000002C
:10389C00000000000000000000000000000000001C
:1038AC00000000000000000000000000000000000C
:1038BC0000000000000000000000000000000000FC
:1038CC0000000000000000000000000000000000EC
:1038DC0000000000000000000000000000000000DC
:1038EC0000000000000000000000000000000000CC
:1038FC0000000000000000000000000000000000BC
:10390C0000000000000000000000000000000000AB
:10391C00000000000000000000000000000000009B
:10392C00000000000000000000000000000000008B
:10393C00000000000000000000000000000000007B
:10394C00000000000000000000000000000000006B
:10395C00000000000000000000000000000000005B
:10396C00000000000000000000000000000000004B
:10397C00000000000000000000000000000000003B
:10398C00000000000000000000000000000000002B
:10399C00000000000000000000000000000000001B
:1039AC00000000000000000000000000000000000B
:1039BC0000000000000000000000000000000000FB
:1039CC0000000000000000000000000000000000EB
:1039DC0000000000000000000000000000000000DB
:1039EC0000000000000000000000000000000000CB
:1039FC0000000000000000000000000000000000BB
:103A0C0000000000000000000000000000000000AA
:103A1C00000000000000000000000000000000009A
:103A2C00000000000000000000000000000000008A
:103A3C00000000000000000000000000000000007A
:103A4C00000000000000000000000000000000006A
:103A5C00000000000000000000000000000000005A
:103A6C00000000000000000000000000000000004A
:103A7C00000000000000000000000000000000003A
:103A8C00000000000000000000000000000000002A
:103A9C00000000000000000000000000000000001A
:103AAC00000000000000000000000000000000000A
:103ABC0000000000000000000000000000000000FA
:103ACC0000000000000000000000000000000000EA
:103ADC0000000000000000000000000000000000DA
:103AEC0000000000000000000000000000000000CA
:103AFC0000000000000000000000000000000000BA
:0C3B0C00000000000000000000000000AD
:103B1800FFFFFFFFFFFFFFFFFFFFFFFFFFFFFFFFAD
:103B2800FFFFFFFFFFFFFFFFFFFFFFFFFFFFFFFF9D
:103B3800FFFFFFFFFFFFFFFFFFFFFFFFFFFFFFFF8D
:103B4800FFFFFFFFFFFFFFFFFFFFFFFFFFFFFFFF7D
:103B5800FFFFFFFFFFFFFFFFFFFFFFFFFFFFFFFF6D
:103B6800FFFFFFFFFFFFFFFFFFFFFFFFFFFFFFFF5D
:103B7800FFFFFFFFFFFFFFFFFFFFFFFFFFFFFFFF4D
:103B8800FFFFFFFFFFFFFFFFFFFFFFFFFFFFFFFF3D
:103B9800FFFFFFFFFFFFFFFFFFFFFFFFFFFFFFFF2D
:103BA800FFFFFFFFFFFFFFFFFFFFFFFFFFFFFFFF1D
:103BB800FFFFFFFFFFFFFFFFFFFFFFFFFFFFFFFF0D
:103BC800FFFFFFFFFFFFFFFFFFFFFFFFFFFFFFFFFD
:103BD800FFFFFFFFFFFFFFFFFFFFFFFFFFFFFFFFED
:103BE800FFFFFFFFFFFFFFFFFFFFFFFFFFFFFFFFDD
:103BF800FFFFFFFFFFFFFFFF0000000000000000C5
:103C080000000000000000000000000000000000AC
:103C1800000000000000000000000000000000009C
:103C2800000000000000000000000000000000008C
:103C3800000000000000000000000000000000007C
:103C4800000000000000000000000000000000006C
:103C5800000000000000000000000000000000005C
:103C6800000000000000000000000000000000004C
:103C7800000000000000000000000000000000003C
:103C8800000000000000000000000000000000002C
:103C9800000000000000000000000000000000001C
:103CA800000000000000000000000000000000000C
:103CB80000000000000000000000000000000000FC
:103CC80000000000000000000000000000000000EC
:103CD80000000000000000000000000000000000DC
:103CE80000000000000000000000000000000000CC
:103CF80000000000000000000000000000000000BC
:103D080000000000000000000000000000000000AB
:103D1800000000000000000000000000000000009B
:103D2800000000000000000000000000000000008B
:103D3800000000000000000000000000000000007B
:103D4800000000000000000000000000000000006B
:103D5800000000000000000000000000000000005B
:103D6800000000000000000000000000000000004B
:103D7800000000000000000000000000000000003B
:103D8800000000000000000000000000000000002B
:103D9800000000000000000000000000000000001B
:103DA800000000000000000000000000000000000B
:103DB80000000000000000000000000000000000FB
:103DC80000000000000000000000000000000000EB
:103DD80000000000000000000000000000000000DB
:103DE80000000000000000000000000000000000CB
:103DF80000000000000000000000000000000000BB
:103E080000000000000000000000000000000000AA
:103E1800000000000000000000000000000000009A
:103E2800000000000000000000000000000000008A
:103E3800000000000000000000000000000000007A
:103E4800000000000000000000000000000000006A
:103E5800000000000000000000000000000000005A
:103E6800000000000000000000000000000000004A
:103E7800000000000000000000000000000000003A
:103E8800000000000000000000000000000000002A
:103E9800000000000000000000000000000000001A
:103EA800000000000000000000000000000000000A
:103EB80000000000000000000000000000000000FA
:103EC80000000000000000000000000000000000EA
:103ED80000000000000000000000000000000000DA
:103EE80000000000000000000000000000000000CA
:103EF80000000000000000000000000000000000BA
:103F080000000000000000000000000000000000A9
:103F18000000000000000000000000000000000099
:103F28000000000000000000000000000000000089
:103F38000000000000000000000000000000000079
:103F48000000000000000000000000000000000069
:103F58000000000000000000000000000000000059
:103F68000000000000000000000000000000000049
:103F78000000000000000000000000000000000039
:103F88000000000000000000000000000000000029
:103F98000000000000000000000000000000000019
:103FA8000000000000000000000000000000000009
:103FB80000000000000000000000000000000000F9
:103FC80000000000000000000000000000000000E9
:103FD80000000000000000000000000000000000D9
:103FE80000000000000000000000000000000000C9
:103FF80000000000000000000000000000000000B9
:1040080000000000000000000000000000000000A8
:104018000000000000000000000000000000000098
:104028000000000000000000000000000000000088
:104038000000000000000000000000000000000078
:104048000000000000000000000000000000000068
:104058000000000000000000000000000000000058
:104068000000000000000000000000000000000048
:104078000000000000000000000000000000000038
:104088000000000000000000000000000000000028
:104098000000000000000000000000000000000018
:1040A8000000000000000000000000000000000008
:1040B80000000000000000000000000000000000F8
:1040C80000000000000000000000000000000000E8
:1040D80000000000000000000000000000000000D8
:1040E80000000000000000000000000000000000C8
:1040F80000000000000000000000000000000000B8
:1041080000000000000000000000000000000000A7
:104118000000000000000000000000000000000097
:104128000000000000000000000000000000000087
:104138000000000000000000000000000000000077
:104148000000000000000000000000000000000067
:104158000000000000000000000000000000000057
:104168000000000000000000000000000000000047
:104178000000000000000000000000000000000037
:104188000000000000000000000000000000000027
:104198000000000000000000000000000000000017
:1041A8000000000000000000000000000000000007
:1041B80000000000000000000000000000000000F7
:1041C80000000000000000000000000000000000E7
:1041D80000000000000000000000000000000000D7
:1041E80000000000000000000000000000000000C7
:1041F80000000000000000000000000000000000B7
:1042080000000000000000000000000000000000A6
:104218000000000000000000000000000000000096
:104228000000000000000000000000000000000086
:104238000000000000000000000000000000000076
:104248000000000000000000000000000000000066
:104258000000000000000000000000000000000056
:104268000000000000000000000000000000000046
:104278000000000000000000000000000000000036
:104288000000000000000000000000000000000026
:104298000000000000000000000000000000000016
:1042A8000000000000000000000000000000000006
:1042B80000000000000000000000000000000000F6
:1042C80000000000000000000000000000000000E6
:1042D80000000000000000000000000000000000D6
:1042E80000000000000000000000000000000000C6
:1042F80000000000000000000000000000000000B6
:1043080000000000000000000000000000000000A5
:104318000000000000000000000000000000000095
:104328000000000000000000000000000000000085
:104338000000000000000000000000000000000075
:104348000000000000000000000000000000000065
:104358000000000000000000000000000000000055
:104368000000000000000000000000000000000045
:104378000000000000000000000000000000000035
:104388000000000000000000000000000000000025
:104398000000000000000000000000000000000015
:1043A8000000000000000000000000000000000005
:1043B80000000000000000000000000000000000F5
:1043C80000000000000000000000000000000000E5
:1043D80000000000000000000000000000000000D5
:1043E80000000000000000000000000000000000C5
:1043F80000000000000000000000000000000000B5
:1044080000000000000000000000000000000000A4
:104418000000000000000000000000000000000094
:104428000000000000000000000000000000000084
:104438000000000000000000000000000000000074
:104448000000000000000000000000000000000064
:104458000000000000000000000000000000000054
:104468000000000000000000000000000000000044
:104478000000000000000000000000000000000034
:104488000000000000000000000000000000000024
:104498000000000000000000000000000000000014
:1044A8000000000000000000000000000000000004
:1044B80000000000000000000000000000000000F4
:1044C80000000000000000000000000000000000E4
:1044D80000000000000000000000000000000000D4
:1044E80000000000000000000000000000000000C4
:1044F80000000000000000000000000000000000B4
:1045080000000000000000000000000000000000A3
:104518000000000000000000000000000000000093
:104528000000000000000000000000000000000083
:104538000000000000000000000000000000000073
:104548000000000000000000000000000000000063
:104558000000000000000000000000000000000053
:104568000000000000000000000000000000000043
:104578000000000000000000000000000000000033
:104588000000000000000000000000000000000023
:104598000000000000000000000000000000000013
:1045A8000000000000000000000000000000000003
:1045B80000000000000000000000000000000000F3
:1045C80000000000000000000000000000000000E3
:1045D80000000000000000000000000000000000D3
:1045E80000000000000000000000000000000000C3
:1045F80000000000000000000000000000000000B3
:1046080000000000000000000000000000000000A2
:104618000000000000000000000000000000000092
:104628000000000000000000000000000000000082
:104638000000000000000000000000000000000072
:104648000000000000000000000000000000000062
:104658000000000000000000000000000000000052
:104668000000000000000000000000000000000042
:104678000000000000000000000000000000000032
:104688000000000000000000000000000000000022
:104698000000000000000000000000000000000012
:1046A8000000000000000000000000000000000002
:1046B80000000000000000000000000000000000F2
:1046C80000000000000000000000000000000000E2
:1046D80000000000000000000000000000000000D2
:1046E80000000000000000000000000000000000C2
:1046F80000000000000000000000000000000000B2
:1047080000000000000000000000000000000000A1
:104718000000000000000000000000000000000091
:104728000000000000000000000000000000000081
:104738000000000000000000000000000000000071
:104748000000000000000000000000000000000061
:104758000000000000000000000000000000000051
:104768000000000000000000000000000000000041
:104778000000000000000000000000000000000031
:104788000000000000000000000000000000000021
:104798000000000000000000000000000000000011
:1047A8000000000000000000000000000000000001
:1047B80000000000000000000000000000000000F1
:1047C80000000000000000000000000000000000E1
:1047D80000000000000000000000000000000000D1
:1047E80000000000000000000000000000000000C1
:0847F8000000000000000000B9
:040000056000100087
:00000001FF
